{
 "type": "FeatureCollection",
 "archillyLab": {
  "prompt": "LAB-01",
  "adaptador": "0.1.0",
  "motor": "symbios-tensor 0.4.1",
  "seed": 42,
  "hash": "f38776058cb5853b7864b670973c84003493e4bb20d0223658645a29b800e17b",
  "parametros": {
   "espacamentoPrincipal_m": 200,
   "espacamentoLocal_m": 80,
   "rampaMaxima_pct": 10,
   "faixaDominio_m": 8.4,
   "passoGrade_m": 2,
   "extrairQuadras": true
  },
  "origem": {
   "lat0": -25.500000000000004,
   "lon0": -48.799709547933325,
   "metrosPorGrauLat": 110780.37161176078,
   "metrosPorGrauLon": 100537.69089625638
  },
  "aviso": "geometria NÃO recortada pela gleba nem pelas restrições — isso é o LAB-02"
 },
 "features": [
  {
   "type": "Feature",
   "geometry": {
    "type": "Polygon",
    "coordinates": [
     [
      [
       -48.7956432,
       -25.5
      ],
      [
       -48.7960995,
       -25.5012274
      ],
      [
       -48.7962687,
       -25.5030573
      ],
      [
       -48.7987709,
       -25.5035187
      ],
      [
       -48.8006536,
       -25.5018711
      ],
      [
       -48.8030602,
       -25.5025075
      ],
      [
       -48.8045368,
       -25.5014276
      ],
      [
       -48.8054299,
       -25.5
      ],
      [
       -48.8047033,
       -25.49852
      ],
      [
       -48.8020103,
       -25.4983528
      ],
      [
       -48.8010094,
       -25.4971101
      ],
      [
       -48.7986805,
       -25.4962225
      ],
      [
       -48.7967221,
       -25.4973142
      ],
      [
       -48.7964114,
       -25.4988708
      ],
      [
       -48.7956432,
       -25.5
      ]
     ]
    ]
   },
   "properties": {
    "tipo": "gleba",
    "nome": "Gleba Sintética 50 ha (ondulado)",
    "area_m2": 500000.02,
    "areaDeclarada_m2": 500000,
    "procedencia": "SINTÉTICO — inventado pelo LAB-01, não vem de estudo nenhum do Geo. 50 ha, relevo ondulado com 45 m de desnível e curvas de 2 m. Existe para exercitar o campo tensorial no regime em que ele deveria brilhar: vias principais seguindo a curva de nível e locais descendo o gradiente."
   }
  },
  {
   "type": "Feature",
   "geometry": {
    "type": "LineString",
    "coordinates": [
     [
      -48.8004175,
      -25.497739
     ],
     [
      -48.8004001,
      -25.4977982
     ]
    ]
   },
   "properties": {
    "tipo": "via",
    "id": "via-0",
    "hierarquia": "local",
    "comprimento_m": 6.79,
    "rampaMedia_pct": 16.31,
    "rampaMaxima_pct": 16.31,
    "faixaDominio_m": 8.4,
    "cotaInicial_m": 712.51,
    "cotaFinal_m": 711.4,
    "saiDaGleba": false
   }
  },
  {
   "type": "Feature",
   "geometry": {
    "type": "LineString",
    "coordinates": [
     [
      -48.7962779,
      -25.4998744
     ],
     [
      -48.7962395,
      -25.4998341
     ],
     [
      -48.7963517,
      -25.4996177
     ],
     [
      -48.7963532,
      -25.4996149
     ],
     [
      -48.7963548,
      -25.499612
     ],
     [
      -48.7963564,
      -25.4996092
     ],
     [
      -48.7963581,
      -25.4996064
     ],
     [
      -48.7963598,
      -25.4996037
     ],
     [
      -48.7963616,
      -25.499601
     ],
     [
      -48.7964199,
      -25.4995137
     ],
     [
      -48.7964988,
      -25.4993986
     ],
     [
      -48.7965014,
      -25.4993948
     ],
     [
      -48.7965042,
      -25.4993911
     ],
     [
      -48.796507,
      -25.4993875
     ],
     [
      -48.79651,
      -25.4993839
     ],
     [
      -48.796513,
      -25.4993804
     ],
     [
      -48.7965162,
      -25.4993769
     ],
     [
      -48.7966563,
      -25.4992275
     ],
     [
      -48.7969415,
      -25.498924
     ],
     [
      -48.7970676,
      -25.4988118
     ],
     [
      -48.7970716,
      -25.4988083
     ],
     [
      -48.7970758,
      -25.4988048
     ],
     [
      -48.7970801,
      -25.4988015
     ],
     [
      -48.7970845,
      -25.4987983
     ],
     [
      -48.797089,
      -25.4987952
     ],
     [
      -48.7970936,
      -25.4987923
     ],
     [
      -48.7972165,
      -25.498715
     ],
     [
      -48.7973737,
      -25.4986402
     ],
     [
      -48.7973791,
      -25.4986377
     ],
     [
      -48.7973846,
      -25.4986353
     ],
     [
      -48.7973902,
      -25.4986331
     ],
     [
      -48.7973959,
      -25.4986311
     ],
     [
      -48.7974017,
      -25.4986292
     ],
     [
      -48.7974075,
      -25.4986275
     ],
     [
      -48.7976175,
      -25.4985687
     ],
     [
      -48.7977348,
      -25.498549
     ],
     [
      -48.797978,
      -25.4985261
     ],
     [
      -48.7983689,
      -25.4985327
     ],
     [
      -48.7986449,
      -25.4985648
     ],
     [
      -48.7987645,
      -25.4985892
     ],
     [
      -48.7991074,
      -25.4986702
     ],
     [
      -48.7993485,
      -25.49877
     ],
     [
      -48.7993515,
      -25.4987712
     ],
     [
      -48.7993545,
      -25.4987726
     ],
     [
      -48.7993574,
      -25.4987739
     ],
     [
      -48.7993604,
      -25.4987753
     ],
     [
      -48.7993633,
      -25.4987768
     ],
     [
      -48.7993661,
      -25.4987782
     ],
     [
      -48.7994971,
      -25.4988475
     ],
     [
      -48.7995322,
      -25.4988664
     ],
     [
      -48.7997311,
      -25.4989823
     ],
     [
      -48.7997941,
      -25.4989794
     ]
    ]
   },
   "properties": {
    "tipo": "via",
    "id": "via-1",
    "hierarquia": "principal",
    "comprimento_m": 439.41,
    "rampaMedia_pct": 0.66,
    "rampaMaxima_pct": 29.85,
    "faixaDominio_m": 8.4,
    "cotaInicial_m": 721.63,
    "cotaFinal_m": 718.75,
    "saiDaGleba": false
   }
  },
  {
   "type": "Feature",
   "geometry": {
    "type": "LineString",
    "coordinates": [
     [
      -48.7962115,
      -25.4980151
     ],
     [
      -48.7961794,
      -25.4979543
     ]
    ]
   },
   "properties": {
    "tipo": "via",
    "id": "via-2",
    "hierarquia": "local",
    "comprimento_m": 7.47,
    "rampaMedia_pct": 1.88,
    "rampaMaxima_pct": 1.88,
    "faixaDominio_m": 8.4,
    "cotaInicial_m": 720.5,
    "cotaFinal_m": 720.36,
    "saiDaGleba": true
   }
  },
  {
   "type": "Feature",
   "geometry": {
    "type": "LineString",
    "coordinates": [
     [
      -48.8042346,
      -25.5018068
     ],
     [
      -48.8046667,
      -25.5017468
     ],
     [
      -48.8047479,
      -25.5017391
     ],
     [
      -48.8047854,
      -25.5017352
     ],
     [
      -48.8055389,
      -25.5016622
     ],
     [
      -48.805616,
      -25.5016545
     ]
    ]
   },
   "properties": {
    "tipo": "via",
    "id": "via-3",
    "hierarquia": "principal",
    "comprimento_m": 139.94,
    "rampaMedia_pct": 0.06,
    "rampaMaxima_pct": 56.65,
    "faixaDominio_m": 8.4,
    "cotaInicial_m": 719.2,
    "cotaFinal_m": 719.29,
    "saiDaGleba": true
   }
  },
  {
   "type": "Feature",
   "geometry": {
    "type": "LineString",
    "coordinates": [
     [
      -48.8056138,
      -25.5004399
     ],
     [
      -48.805533,
      -25.5005527
     ],
     [
      -48.80553,
      -25.5005567
     ],
     [
      -48.805527,
      -25.5005606
     ],
     [
      -48.8055238,
      -25.5005644
     ],
     [
      -48.8055205,
      -25.5005682
     ],
     [
      -48.8055171,
      -25.5005719
     ],
     [
      -48.8055136,
      -25.5005755
     ],
     [
      -48.8053704,
      -25.5007188
     ],
     [
      -48.8052273,
      -25.5008164
     ],
     [
      -48.8052226,
      -25.5008195
     ],
     [
      -48.8052177,
      -25.5008225
     ],
     [
      -48.8052128,
      -25.5008254
     ],
     [
      -48.8052078,
      -25.5008281
     ],
     [
      -48.8052027,
      -25.5008307
     ],
     [
      -48.8051974,
      -25.5008332
     ],
     [
      -48.8051017,
      -25.5008771
     ],
     [
      -48.8050032,
      -25.5009199
     ],
     [
      -48.8049985,
      -25.5009219
     ],
     [
      -48.8049938,
      -25.5009237
     ],
     [
      -48.804989,
      -25.5009255
     ],
     [
      -48.8049842,
      -25.5009271
     ],
     [
      -48.8049794,
      -25.5009286
     ],
     [
      -48.8049745,
      -25.50093
     ],
     [
      -48.8048276,
      -25.5009701
     ],
     [
      -48.8048238,
      -25.5009711
     ],
     [
      -48.80482,
      -25.500972
     ],
     [
      -48.8048162,
      -25.5009729
     ],
     [
      -48.8048123,
      -25.5009737
     ],
     [
      -48.8048085,
      -25.5009744
     ],
     [
      -48.8048046,
      -25.5009751
     ],
     [
      -48.8046464,
      -25.5010002
     ],
     [
      -48.8045012,
      -25.5010218
     ],
     [
      -48.8044976,
      -25.5010223
     ],
     [
      -48.8044939,
      -25.5010228
     ],
     [
      -48.8044903,
      -25.5010231
     ],
     [
      -48.8044866,
      -25.5010235
     ],
     [
      -48.8044829,
      -25.5010237
     ],
     [
      -48.8044792,
      -25.5010239
     ],
     [
      -48.8043151,
      -25.5010316
     ],
     [
      -48.804309,
      -25.5010318
     ],
     [
      -48.8043029,
      -25.5010318
     ],
     [
      -48.8042968,
      -25.5010317
     ],
     [
      -48.8042907,
      -25.5010313
     ],
     [
      -48.8042846,
      -25.5010309
     ],
     [
      -48.8042785,
      -25.5010302
     ],
     [
      -48.8040166,
      -25.5009984
     ],
     [
      -48.8038672,
      -25.5009514
     ],
     [
      -48.8037728,
      -25.5009105
     ],
     [
      -48.8037666,
      -25.5009077
     ],
     [
      -48.8037606,
      -25.5009048
     ],
     [
      -48.8037547,
      -25.5009016
     ],
     [
      -48.8037489,
      -25.5008983
     ],
     [
      -48.8037433,
      -25.5008948
     ],
     [
      -48.8037377,
      -25.5008911
     ],
     [
      -48.8036016,
      -25.5007967
     ],
     [
      -48.8035309,
      -25.5007297
     ],
     [
      -48.8035271,
      -25.5007259
     ],
     [
      -48.8035234,
      -25.5007221
     ],
     [
      -48.8035198,
      -25.5007181
     ],
     [
      -48.8035163,
      -25.5007141
     ],
     [
      -48.8035129,
      -25.50071
     ],
     [
      -48.8035097,
      -25.5007058
     ],
     [
      -48.8034478,
      -25.5006225
     ],
     [
      -48.8034444,
      -25.5006178
     ],
     [
      -48.8034412,
      -25.500613
     ],
     [
      -48.8034382,
      -25.5006081
     ],
     [
      -48.8034353,
      -25.5006032
     ],
     [
      -48.8034326,
      -25.5005981
     ],
     [
      -48.80343,
      -25.500593
     ],
     [
      -48.8033538,
      -25.5004322
     ],
     [
      -48.8033261,
      -25.5003275
     ],
     [
      -48.8033046,
      -25.5001318
     ],
     [
      -48.8033041,
      -25.5001268
     ],
     [
      -48.8033038,
      -25.5001219
     ],
     [
      -48.8033036,
      -25.5001169
     ],
     [
      -48.8033036,
      -25.5001119
     ],
     [
      -48.8033037,
      -25.500107
     ],
     [
      -48.803304,
      -25.500102
     ],
     [
      -48.8033122,
      -25.4999892
     ],
     [
      -48.8033125,
      -25.4999851
     ],
     [
      -48.803313,
      -25.4999809
     ],
     [
      -48.8033136,
      -25.4999768
     ],
     [
      -48.8033142,
      -25.4999727
     ],
     [
      -48.803315,
      -25.4999686
     ],
     [
      -48.8033159,
      -25.4999646
     ],
     [
      -48.8033497,
      -25.4998156
     ],
     [
      -48.8033511,
      -25.4998099
     ],
     [
      -48.8033527,
      -25.4998043
     ],
     [
      -48.8033545,
      -25.4997987
     ],
     [
      -48.8033565,
      -25.4997932
     ],
     [
      -48.8033587,
      -25.4997877
     ],
     [
      -48.8033611,
      -25.4997823
     ],
     [
      -48.8033882,
      -25.4997236
     ],
     [
      -48.8035242,
      -25.499486
     ],
     [
      -48.8035273,
      -25.4994807
     ],
     [
      -48.8035306,
      -25.4994756
     ],
     [
      -48.8035341,
      -25.4994706
     ],
     [
      -48.8035377,
      -25.4994657
     ],
     [
      -48.8035415,
      -25.4994609
     ],
     [
      -48.8035455,
      -25.4994562
     ],
     [
      -48.8037071,
      -25.4992734
     ],
     [
      -48.8038468,
      -25.4991525
     ],
     [
      -48.8040152,
      -25.499048
     ],
     [
      -48.8041553,
      -25.4989803
     ],
     [
      -48.8042616,
      -25.4989379
     ],
     [
      -48.8042661,
      -25.4989362
     ],
     [
      -48.8042706,
      -25.4989345
     ],
     [
      -48.8042752,
      -25.498933
     ],
     [
      -48.8042798,
      -25.4989316
     ],
     [
      -48.8042845,
      -25.4989302
     ],
     [
      -48.8042892,
      -25.498929
     ],
     [
      -48.8045675,
      -25.49886
     ],
     [
      -48.8046484,
      -25.4988457
     ],
     [
      -48.8048068,
      -25.4988326
     ],
     [
      -48.8050347,
      -25.4988336
     ],
     [
      -48.8050393,
      -25.4988337
     ],
     [
      -48.8050438,
      -25.4988338
     ],
     [
      -48.8050484,
      -25.4988341
     ],
     [
      -48.8050529,
      -25.4988344
     ],
     [
      -48.8050574,
      -25.4988349
     ],
     [
      -48.805062,
      -25.4988354
     ],
     [
      -48.8053571,
      -25.4988738
     ],
     [
      -48.8056226,
      -25.4989575
     ]
    ]
   },
   "properties": {
    "tipo": "via",
    "id": "via-4",
    "hierarquia": "principal",
    "comprimento_m": 626.67,
    "rampaMedia_pct": 0.61,
    "rampaMaxima_pct": 10.01,
    "faixaDominio_m": 8.4,
    "cotaInicial_m": 723.4,
    "cotaFinal_m": 719.57,
    "saiDaGleba": true
   }
  },
  {
   "type": "Feature",
   "geometry": {
    "type": "LineString",
    "coordinates": [
     [
      -48.804108,
      -25.4992472
     ],
     [
      -48.8044019,
      -25.4991958
     ],
     [
      -48.8044057,
      -25.4991951
     ],
     [
      -48.8044096,
      -25.4991946
     ],
     [
      -48.8044135,
      -25.4991941
     ],
     [
      -48.8044174,
      -25.4991936
     ],
     [
      -48.8044213,
      -25.4991933
     ],
     [
      -48.8044252,
      -25.499193
     ],
     [
      -48.8046158,
      -25.4991805
     ],
     [
      -48.8046539,
      -25.4991782
     ],
     [
      -48.80485,
      -25.4991812
     ],
     [
      -48.8048543,
      -25.4991813
     ],
     [
      -48.8048586,
      -25.4991815
     ],
     [
      -48.8048629,
      -25.4991817
     ],
     [
      -48.8048671,
      -25.4991821
     ],
     [
      -48.8048714,
      -25.4991825
     ],
     [
      -48.8048756,
      -25.4991831
     ],
     [
      -48.8049977,
      -25.4991994
     ],
     [
      -48.8050023,
      -25.4992
     ],
     [
      -48.8050069,
      -25.4992008
     ],
     [
      -48.8050115,
      -25.4992017
     ],
     [
      -48.8050161,
      -25.4992026
     ],
     [
      -48.8050206,
      -25.4992037
     ],
     [
      -48.8050252,
      -25.4992049
     ],
     [
      -48.805126,
      -25.4992319
     ],
     [
      -48.8053116,
      -25.4993025
     ],
     [
      -48.8053175,
      -25.4993049
     ],
     [
      -48.8053234,
      -25.4993074
     ],
     [
      -48.8053292,
      -25.4993102
     ],
     [
      -48.8053349,
      -25.499313
     ],
     [
      -48.8053404,
      -25.4993161
     ],
     [
      -48.8053459,
      -25.4993193
     ],
     [
      -48.8054085,
      -25.4993577
     ],
     [
      -48.8054924,
      -25.4994135
     ],
     [
      -48.8054967,
      -25.4994164
     ],
     [
      -48.8055009,
      -25.4994194
     ],
     [
      -48.805505,
      -25.4994226
     ],
     [
      -48.805509,
      -25.4994258
     ],
     [
      -48.8055129,
      -25.4994291
     ],
     [
      -48.8055167,
      -25.4994325
     ],
     [
      -48.8056168,
      -25.499525
     ]
    ]
   },
   "properties": {
    "tipo": "via",
    "id": "via-5",
    "hierarquia": "principal",
    "comprimento_m": 163.42,
    "rampaMedia_pct": 0.47,
    "rampaMaxima_pct": 10,
    "faixaDominio_m": 8.4,
    "cotaInicial_m": 723.41,
    "cotaFinal_m": 722.64,
    "saiDaGleba": true
   }
  },
  {
   "type": "Feature",
   "geometry": {
    "type": "LineString",
    "coordinates": [
     [
      -48.79722,
      -25.4960512
     ],
     [
      -48.7973699,
      -25.4965001
     ],
     [
      -48.7973972,
      -25.4966016
     ],
     [
      -48.7975341,
      -25.4970662
     ],
     [
      -48.7975356,
      -25.497071
     ],
     [
      -48.7975372,
      -25.4970758
     ],
     [
      -48.797539,
      -25.4970805
     ],
     [
      -48.7975409,
      -25.4970851
     ],
     [
      -48.797543,
      -25.4970898
     ],
     [
      -48.7975452,
      -25.4970943
     ],
     [
      -48.7976101,
      -25.4972238
     ],
     [
      -48.7976445,
      -25.4972877
     ],
     [
      -48.7978232,
      -25.4974803
     ],
     [
      -48.7979498,
      -25.4975675
     ],
     [
      -48.7982363,
      -25.4976922
     ],
     [
      -48.7982747,
      -25.4977075
     ],
     [
      -48.7985406,
      -25.4977748
     ],
     [
      -48.7990025,
      -25.4978835
     ],
     [
      -48.7990416,
      -25.4978919
     ],
     [
      -48.7991725,
      -25.4979206
     ],
     [
      -48.7991775,
      -25.4979218
     ],
     [
      -48.7991825,
      -25.4979231
     ],
     [
      -48.7991875,
      -25.4979245
     ],
     [
      -48.7991924,
      -25.497926
     ],
     [
      -48.7991973,
      -25.4979276
     ],
     [
      -48.7992021,
      -25.4979294
     ],
     [
      -48.799378,
      -25.4979957
     ],
     [
      -48.7995183,
      -25.4980348
     ],
     [
      -48.7995236,
      -25.4980363
     ],
     [
      -48.7995288,
      -25.498038
     ],
     [
      -48.799534,
      -25.4980398
     ],
     [
      -48.7995392,
      -25.4980417
     ],
     [
      -48.7995442,
      -25.4980438
     ],
     [
      -48.7995492,
      -25.498046
     ],
     [
      -48.7997073,
      -25.4981181
     ],
     [
      -48.7997774,
      -25.4981579
     ],
     [
      -48.8000004,
      -25.4983349
     ],
     [
      -48.8000049,
      -25.4983385
     ],
     [
      -48.8000092,
      -25.4983422
     ],
     [
      -48.8000133,
      -25.4983461
     ],
     [
      -48.8000174,
      -25.49835
     ],
     [
      -48.8000213,
      -25.4983541
     ],
     [
      -48.8000251,
      -25.4983583
     ],
     [
      -48.8002121,
      -25.4985713
     ],
     [
      -48.8002366,
      -25.4985997
     ],
     [
      -48.8003017,
      -25.4986912
     ],
     [
      -48.8006356,
      -25.4991821
     ],
     [
      -48.8007129,
      -25.4993029
     ],
     [
      -48.8008135,
      -25.4994584
     ],
     [
      -48.8008149,
      -25.4994605
     ],
     [
      -48.8008163,
      -25.4994626
     ],
     [
      -48.8008178,
      -25.4994647
     ],
     [
      -48.8008192,
      -25.4994667
     ],
     [
      -48.8008208,
      -25.4994688
     ],
     [
      -48.8008223,
      -25.4994708
     ],
     [
      -48.8009652,
      -25.4996551
     ],
     [
      -48.8009689,
      -25.4996598
     ],
     [
      -48.8009728,
      -25.4996643
     ],
     [
      -48.8009768,
      -25.4996687
     ],
     [
      -48.800981,
      -25.4996729
     ],
     [
      -48.8009853,
      -25.4996771
     ],
     [
      -48.8009898,
      -25.4996811
     ],
     [
      -48.8010778,
      -25.4997583
     ],
     [
      -48.801082,
      -25.4997618
     ],
     [
      -48.8010863,
      -25.4997653
     ],
     [
      -48.8010907,
      -25.4997686
     ],
     [
      -48.8010952,
      -25.4997718
     ],
     [
      -48.8010998,
      -25.4997749
     ],
     [
      -48.8011045,
      -25.4997779
     ],
     [
      -48.8012206,
      -25.4998492
     ],
     [
      -48.801277,
      -25.499882
     ],
     [
      -48.8012826,
      -25.4998851
     ],
     [
      -48.8012882,
      -25.499888
     ],
     [
      -48.8012939,
      -25.4998908
     ],
     [
      -48.8012997,
      -25.4998934
     ],
     [
      -48.8013056,
      -25.4998958
     ],
     [
      -48.8013116,
      -25.499898
     ],
     [
      -48.8013905,
      -25.4999262
     ],
     [
      -48.8013982,
      -25.4999288
     ],
     [
      -48.8014061,
      -25.4999311
     ],
     [
      -48.801414,
      -25.4999331
     ],
     [
      -48.801422,
      -25.4999348
     ],
     [
      -48.8014302,
      -25.4999362
     ],
     [
      -48.8014383,
      -25.4999373
     ],
     [
      -48.8014813,
      -25.4999422
     ],
     [
      -48.8014923,
      -25.4999432
     ],
     [
      -48.8015034,
      -25.4999436
     ],
     [
      -48.8015144,
      -25.4999435
     ],
     [
      -48.8015254,
      -25.4999428
     ],
     [
      -48.8015363,
      -25.4999416
     ],
     [
      -48.8015472,
      -25.4999398
     ],
     [
      -48.8016294,
      -25.4999241
     ],
     [
      -48.8017451,
      -25.4998563
     ],
     [
      -48.8017507,
      -25.4998529
     ],
     [
      -48.8017561,
      -25.4998493
     ],
     [
      -48.8017614,
      -25.4998456
     ],
     [
      -48.8017666,
      -25.4998418
     ],
     [
      -48.8017716,
      -25.4998378
     ],
     [
      -48.8017764,
      -25.4998336
     ],
     [
      -48.8019041,
      -25.4997202
     ],
     [
      -48.8020055,
      -25.4996094
     ],
     [
      -48.8020767,
      -25.4995255
     ],
     [
      -48.8020785,
      -25.4995234
     ],
     [
      -48.8020802,
      -25.4995212
     ],
     [
      -48.8020819,
      -25.499519
     ],
     [
      -48.8020836,
      -25.4995168
     ],
     [
      -48.8020852,
      -25.4995146
     ],
     [
      -48.8020869,
      -25.4995123
     ],
     [
      -48.8023571,
      -25.4991267
     ],
     [
      -48.8024203,
      -25.4990366
     ],
     [
      -48.8025961,
      -25.4987536
     ],
     [
      -48.8027418,
      -25.4984998
     ],
     [
      -48.8028442,
      -25.4983014
     ],
     [
      -48.8028963,
      -25.4982038
     ],
     [
      -48.8028982,
      -25.4982002
     ],
     [
      -48.8029003,
      -25.4981967
     ],
     [
      -48.8029024,
      -25.4981932
     ],
     [
      -48.8029046,
      -25.4981897
     ],
     [
      -48.8029069,
      -25.4981863
     ],
     [
      -48.8029093,
      -25.498183
     ],
     [
      -48.8029489,
      -25.4981287
     ],
     [
      -48.8029527,
      -25.4981235
     ],
     [
      -48.8029568,
      -25.4981185
     ],
     [
      -48.802961,
      -25.4981137
     ],
     [
      -48.8029654,
      -25.498109
     ],
     [
      -48.80297,
      -25.4981044
     ],
     [
      -48.8029748,
      -25.4981
     ],
     [
      -48.8029854,
      -25.4980904
     ],
     [
      -48.8029932,
      -25.4980838
     ],
     [
      -48.8030013,
      -25.4980776
     ],
     [
      -48.8030097,
      -25.4980718
     ],
     [
      -48.8030184,
      -25.4980664
     ],
     [
      -48.8030275,
      -25.4980615
     ],
     [
      -48.8030369,
      -25.498057
     ],
     [
      -48.8030954,
      -25.4980306
     ],
     [
      -48.8031048,
      -25.4980266
     ],
     [
      -48.8031144,
      -25.4980231
     ],
     [
      -48.8031241,
      -25.49802
     ],
     [
      -48.803134,
      -25.4980175
     ],
     [
      -48.803144,
      -25.4980154
     ],
     [
      -48.8031543,
      -25.4980137
     ],
     [
      -48.8032434,
      -25.4980015
     ],
     [
      -48.803673,
      -25.4979423
     ],
     [
      -48.8040189,
      -25.4978536
     ],
     [
      -48.8041854,
      -25.4977914
     ],
     [
      -48.8041894,
      -25.4977898
     ],
     [
      -48.8041933,
      -25.4977882
     ],
     [
      -48.8041972,
      -25.4977865
     ],
     [
      -48.8042011,
      -25.4977847
     ],
     [
      -48.8042049,
      -25.4977829
     ],
     [
      -48.8042087,
      -25.497781
     ],
     [
      -48.8043042,
      -25.4977312
     ],
     [
      -48.8044147,
      -25.4976587
     ],
     [
      -48.8044194,
      -25.4976555
     ],
     [
      -48.8044239,
      -25.4976522
     ],
     [
      -48.8044283,
      -25.4976489
     ],
     [
      -48.8044327,
      -25.4976454
     ],
     [
      -48.8044369,
      -25.4976417
     ],
     [
      -48.804441,
      -25.497638
     ],
     [
      -48.8045182,
      -25.4975657
     ],
     [
      -48.8045221,
      -25.497562
     ],
     [
      -48.8045259,
      -25.4975581
     ],
     [
      -48.8045295,
      -25.4975541
     ],
     [
      -48.8045331,
      -25.4975501
     ],
     [
      -48.8045365,
      -25.4975459
     ],
     [
      -48.8045397,
      -25.4975417
     ],
     [
      -48.8046303,
      -25.497421
     ],
     [
      -48.8047083,
      -25.4973098
     ],
     [
      -48.8047117,
      -25.4973048
     ],
     [
      -48.8047149,
      -25.4972998
     ],
     [
      -48.8047179,
      -25.4972946
     ],
     [
      -48.8047207,
      -25.4972894
     ],
     [
      -48.8047234,
      -25.497284
     ],
     [
      -48.8047258,
      -25.4972786
     ],
     [
      -48.8048085,
      -25.497087
     ],
     [
      -48.8048107,
      -25.4970815
     ],
     [
      -48.8048128,
      -25.4970759
     ],
     [
      -48.8048147,
      -25.4970703
     ],
     [
      -48.8048163,
      -25.4970646
     ],
     [
      -48.8048178,
      -25.4970589
     ],
     [
      -48.804819,
      -25.4970531
     ],
     [
      -48.8048802,
      -25.4967434
     ],
     [
      -48.804936,
      -25.4963569
     ],
     [
      -48.8049362,
      -25.4963554
     ],
     [
      -48.8049364,
      -25.496354
     ],
     [
      -48.8049367,
      -25.4963525
     ],
     [
      -48.8049369,
      -25.4963511
     ],
     [
      -48.8049372,
      -25.4963497
     ],
     [
      -48.8049375,
      -25.4963482
     ],
     [
      -48.8049932,
      -25.4960683
     ]
    ]
   },
   "properties": {
    "tipo": "via",
    "id": "via-6",
    "hierarquia": "principal",
    "comprimento_m": 1257.22,
    "rampaMedia_pct": 0.17,
    "rampaMaxima_pct": 66.14,
    "faixaDominio_m": 8.4,
    "cotaInicial_m": 712.93,
    "cotaFinal_m": 710.76,
    "saiDaGleba": true
   }
  },
  {
   "type": "Feature",
   "geometry": {
    "type": "LineString",
    "coordinates": [
     [
      -48.7954671,
      -25.5016239
     ],
     [
      -48.7956628,
      -25.5015022
     ],
     [
      -48.7958005,
      -25.5013905
     ],
     [
      -48.7958059,
      -25.5013859
     ],
     [
      -48.7958111,
      -25.5013812
     ],
     [
      -48.7958162,
      -25.5013763
     ],
     [
      -48.795821,
      -25.5013712
     ],
     [
      -48.7958256,
      -25.5013659
     ],
     [
      -48.79583,
      -25.5013605
     ],
     [
      -48.7959282,
      -25.5012352
     ],
     [
      -48.7959318,
      -25.5012304
     ],
     [
      -48.7959353,
      -25.5012255
     ],
     [
      -48.7959385,
      -25.5012206
     ],
     [
      -48.7959416,
      -25.5012155
     ],
     [
      -48.7959445,
      -25.5012104
     ],
     [
      -48.7959472,
      -25.5012051
     ],
     [
      -48.7959634,
      -25.5011728
     ],
     [
      -48.7960402,
      -25.5009678
     ],
     [
      -48.7960646,
      -25.5009002
     ],
     [
      -48.7961614,
      -25.500256
     ],
     [
      -48.7961775,
      -25.5001869
     ],
     [
      -48.7962019,
      -25.500084
     ],
     [
      -48.7962027,
      -25.5000807
     ],
     [
      -48.7962036,
      -25.5000774
     ],
     [
      -48.7962045,
      -25.5000742
     ],
     [
      -48.7962055,
      -25.500071
     ],
     [
      -48.7962066,
      -25.5000678
     ],
     [
      -48.7962077,
      -25.5000646
     ],
     [
      -48.7962779,
      -25.4998744
     ]
    ]
   },
   "properties": {
    "tipo": "via",
    "id": "via-7",
    "hierarquia": "principal",
    "comprimento_m": 219.52,
    "rampaMedia_pct": 0.36,
    "rampaMaxima_pct": 14.59,
    "faixaDominio_m": 8.4,
    "cotaInicial_m": 722.42,
    "cotaFinal_m": 721.63,
    "saiDaGleba": true
   }
  },
  {
   "type": "Feature",
   "geometry": {
    "type": "LineString",
    "coordinates": [
     [
      -48.7962779,
      -25.4998744
     ],
     [
      -48.7962948,
      -25.4998417
     ],
     [
      -48.7963234,
      -25.4997887
     ],
     [
      -48.7963256,
      -25.4997848
     ],
     [
      -48.7963278,
      -25.499781
     ],
     [
      -48.7963301,
      -25.4997773
     ],
     [
      -48.7963326,
      -25.4997736
     ],
     [
      -48.7963351,
      -25.4997699
     ],
     [
      -48.7963378,
      -25.4997663
     ],
     [
      -48.796505,
      -25.4995439
     ],
     [
      -48.7965495,
      -25.499477
     ],
     [
      -48.7967106,
      -25.4992713
     ],
     [
      -48.7968115,
      -25.4991693
     ],
     [
      -48.7968153,
      -25.4991656
     ],
     [
      -48.7968192,
      -25.499162
     ],
     [
      -48.7968232,
      -25.4991584
     ],
     [
      -48.7968273,
      -25.499155
     ],
     [
      -48.7968315,
      -25.4991517
     ],
     [
      -48.7968358,
      -25.4991485
     ],
     [
      -48.7970314,
      -25.4990077
     ],
     [
      -48.797168,
      -25.4989297
     ],
     [
      -48.7973132,
      -25.4988708
     ],
     [
      -48.7975607,
      -25.4988032
     ],
     [
      -48.7975655,
      -25.4988019
     ],
     [
      -48.7975703,
      -25.4988008
     ],
     [
      -48.7975751,
      -25.4987998
     ],
     [
      -48.79758,
      -25.4987989
     ],
     [
      -48.7975849,
      -25.4987981
     ],
     [
      -48.7975898,
      -25.4987974
     ],
     [
      -48.7977805,
      -25.4987725
     ],
     [
      -48.7979349,
      -25.4987668
     ],
     [
      -48.7979746,
      -25.4987663
     ],
     [
      -48.798051,
      -25.4987664
     ],
     [
      -48.798055,
      -25.4987664
     ],
     [
      -48.7980591,
      -25.4987665
     ],
     [
      -48.7980632,
      -25.4987667
     ],
     [
      -48.7980672,
      -25.498767
     ],
     [
      -48.7980713,
      -25.4987673
     ],
     [
      -48.7980753,
      -25.4987678
     ],
     [
      -48.798353,
      -25.4987992
     ],
     [
      -48.7983563,
      -25.4987996
     ],
     [
      -48.7983596,
      -25.4988001
     ],
     [
      -48.7983629,
      -25.4988006
     ],
     [
      -48.7983662,
      -25.4988011
     ],
     [
      -48.7983694,
      -25.4988017
     ],
     [
      -48.7983727,
      -25.4988024
     ],
     [
      -48.7985668,
      -25.4988426
     ],
     [
      -48.7986769,
      -25.4988748
     ],
     [
      -48.7987517,
      -25.4988996
     ],
     [
      -48.7989924,
      -25.4990066
     ],
     [
      -48.7989966,
      -25.4990085
     ],
     [
      -48.7990008,
      -25.4990106
     ],
     [
      -48.7990049,
      -25.4990127
     ],
     [
      -48.7990089,
      -25.4990149
     ],
     [
      -48.7990129,
      -25.4990171
     ],
     [
      -48.7990169,
      -25.4990195
     ],
     [
      -48.7991515,
      -25.4991027
     ],
     [
      -48.799155,
      -25.4991049
     ],
     [
      -48.7991585,
      -25.4991072
     ],
     [
      -48.7991619,
      -25.4991096
     ],
     [
      -48.7991653,
      -25.4991121
     ],
     [
      -48.7991686,
      -25.4991146
     ],
     [
      -48.7991719,
      -25.4991172
     ],
     [
      -48.7992531,
      -25.4991828
     ],
     [
      -48.7993353,
      -25.4992512
     ],
     [
      -48.7993389,
      -25.4992543
     ],
     [
      -48.7993425,
      -25.4992575
     ],
     [
      -48.7993459,
      -25.4992607
     ],
     [
      -48.7993493,
      -25.4992641
     ],
     [
      -48.7993526,
      -25.4992675
     ],
     [
      -48.7993557,
      -25.4992709
     ],
     [
      -48.7994928,
      -25.4994251
     ],
     [
      -48.7995897,
      -25.4995656
     ],
     [
      -48.7995925,
      -25.4995698
     ],
     [
      -48.7995951,
      -25.499574
     ],
     [
      -48.7995977,
      -25.4995782
     ],
     [
      -48.7996001,
      -25.4995826
     ],
     [
      -48.7996023,
      -25.499587
     ],
     [
      -48.7996045,
      -25.4995914
     ],
     [
      -48.7996879,
      -25.4997714
     ],
     [
      -48.7997323,
      -25.4998694
     ],
     [
      -48.7997341,
      -25.4998734
     ],
     [
      -48.7997358,
      -25.4998775
     ],
     [
      -48.7997373,
      -25.4998817
     ],
     [
      -48.7997388,
      -25.4998859
     ],
     [
      -48.7997401,
      -25.4998901
     ],
     [
      -48.7997413,
      -25.4998943
     ],
     [
      -48.7997823,
      -25.5000431
     ],
     [
      -48.7997831,
      -25.5000461
     ],
     [
      -48.7997838,
      -25.5000492
     ],
     [
      -48.7997845,
      -25.5000522
     ],
     [
      -48.7997851,
      -25.5000553
     ],
     [
      -48.7997857,
      -25.5000584
     ],
     [
      -48.7997862,
      -25.5000615
     ],
     [
      -48.7998113,
      -25.5002223
     ],
     [
      -48.7998117,
      -25.5002251
     ],
     [
      -48.7998121,
      -25.500228
     ],
     [
      -48.7998124,
      -25.5002309
     ],
     [
      -48.7998127,
      -25.5002337
     ],
     [
      -48.7998129,
      -25.5002366
     ],
     [
      -48.7998131,
      -25.5002395
     ],
     [
      -48.7998198,
      -25.5003751
     ],
     [
      -48.7998179,
      -25.5004827
     ],
     [
      -48.7998125,
      -25.5005854
     ],
     [
      -48.7998123,
      -25.5005885
     ],
     [
      -48.799812,
      -25.5005915
     ],
     [
      -48.7998117,
      -25.5005946
     ],
     [
      -48.7998114,
      -25.5005976
     ],
     [
      -48.7998109,
      -25.5006006
     ],
     [
      -48.7998105,
      -25.5006036
     ],
     [
      -48.7997616,
      -25.5008978
     ],
     [
      -48.7997611,
      -25.5009008
     ],
     [
      -48.7997606,
      -25.5009036
     ],
     [
      -48.7997599,
      -25.5009065
     ],
     [
      -48.7997593,
      -25.5009094
     ],
     [
      -48.7997586,
      -25.5009123
     ],
     [
      -48.7997578,
      -25.5009151
     ],
     [
      -48.7997099,
      -25.5010875
     ],
     [
      -48.7996821,
      -25.5011863
     ],
     [
      -48.7996242,
      -25.5013919
     ],
     [
      -48.7996233,
      -25.5013954
     ],
     [
      -48.7996224,
      -25.5013988
     ],
     [
      -48.7996216,
      -25.5014023
     ],
     [
      -48.7996209,
      -25.5014058
     ],
     [
      -48.7996203,
      -25.5014093
     ],
     [
      -48.7996197,
      -25.5014129
     ],
     [
      -48.7995961,
      -25.5015743
     ],
     [
      -48.7995952,
      -25.5015814
     ],
     [
      -48.7995947,
      -25.5015884
     ],
     [
      -48.7995944,
      -25.5015955
     ],
     [
      -48.7995944,
      -25.5016025
     ],
     [
      -48.7995948,
      -25.5016096
     ],
     [
      -48.7995954,
      -25.5016167
     ],
     [
      -48.7996043,
      -25.5016948
     ],
     [
      -48.7996052,
      -25.5017015
     ],
     [
      -48.7996064,
      -25.5017081
     ],
     [
      -48.7996078,
      -25.5017147
     ],
     [
      -48.7996096,
      -25.5017212
     ],
     [
      -48.7996115,
      -25.5017276
     ],
     [
      -48.7996138,
      -25.501734
     ],
     [
      -48.7996192,
      -25.5017486
     ],
     [
      -48.7996219,
      -25.5017554
     ],
     [
      -48.7996248,
      -25.501762
     ],
     [
      -48.7996281,
      -25.5017685
     ],
     [
      -48.7996316,
      -25.5017749
     ],
     [
      -48.7996354,
      -25.5017811
     ],
     [
      -48.7996395,
      -25.5017873
     ],
     [
      -48.7996564,
      -25.5018115
     ],
     [
      -48.7996615,
      -25.5018185
     ],
     [
      -48.7996669,
      -25.5018252
     ],
     [
      -48.7996726,
      -25.5018316
     ],
     [
      -48.7996786,
      -25.5018378
     ],
     [
      -48.799685,
      -25.5018438
     ],
     [
      -48.7996917,
      -25.5018495
     ],
     [
      -48.7997161,
      -25.5018693
     ],
     [
      -48.799843,
      -25.5019254
     ],
     [
      -48.7998481,
      -25.5019276
     ],
     [
      -48.7998533,
      -25.5019296
     ],
     [
      -48.7998585,
      -25.5019315
     ],
     [
      -48.7998638,
      -25.5019333
     ],
     [
      -48.7998692,
      -25.5019349
     ],
     [
      -48.7998746,
      -25.5019364
     ],
     [
      -48.8001051,
      -25.5019972
     ],
     [
      -48.8001091,
      -25.5019983
     ],
     [
      -48.8001132,
      -25.5019992
     ],
     [
      -48.8001173,
      -25.5020001
     ],
     [
      -48.8001214,
      -25.5020009
     ],
     [
      -48.8001255,
      -25.5020016
     ],
     [
      -48.8001297,
      -25.5020022
     ],
     [
      -48.8004798,
      -25.5020521
     ],
     [
      -48.8005185,
      -25.5020575
     ],
     [
      -48.8012645,
      -25.5021676
     ],
     [
      -48.8015759,
      -25.5022269
     ],
     [
      -48.8018973,
      -25.5023159
     ],
     [
      -48.8019013,
      -25.5023171
     ],
     [
      -48.8019054,
      -25.5023183
     ],
     [
      -48.8019094,
      -25.5023197
     ],
     [
      -48.8019134,
      -25.5023211
     ],
     [
      -48.8019173,
      -25.5023226
     ],
     [
      -48.8019213,
      -25.5023241
     ],
     [
      -48.8020314,
      -25.5023694
     ],
     [
      -48.8022019,
      -25.5024441
     ],
     [
      -48.8022056,
      -25.5024458
     ],
     [
      -48.8022094,
      -25.5024476
     ],
     [
      -48.8022131,
      -25.5024495
     ],
     [
      -48.8022167,
      -25.5024514
     ],
     [
      -48.8022203,
      -25.5024534
     ],
     [
      -48.8022239,
      -25.5024554
     ],
     [
      -48.8023584,
      -25.5025349
     ],
     [
      -48.8023618,
      -25.502537
     ],
     [
      -48.8023651,
      -25.5025391
     ],
     [
      -48.8023684,
      -25.5025413
     ],
     [
      -48.8023716,
      -25.5025435
     ],
     [
      -48.8023748,
      -25.5025458
     ],
     [
      -48.802378,
      -25.5025482
     ],
     [
      -48.8024631,
      -25.5026133
     ],
     [
      -48.8025536,
      -25.5026838
     ],
     [
      -48.8026606,
      -25.5027889
     ],
     [
      -48.8029308,
      -25.5030553
     ],
     [
      -48.8030465,
      -25.5031815
     ],
     [
      -48.8030502,
      -25.5031857
     ],
     [
      -48.8030538,
      -25.50319
     ],
     [
      -48.8030572,
      -25.5031943
     ],
     [
      -48.8030605,
      -25.5031988
     ],
     [
      -48.8030636,
      -25.5032033
     ],
     [
      -48.8030666,
      -25.503208
     ],
     [
      -48.803156,
      -25.5033511
     ],
     [
      -48.803334,
      -25.5037132
     ]
    ]
   },
   "properties": {
    "tipo": "via",
    "id": "via-8",
    "hierarquia": "principal",
    "comprimento_m": 1126.3,
    "rampaMedia_pct": 0.51,
    "rampaMaxima_pct": 69.93,
    "faixaDominio_m": 8.4,
    "cotaInicial_m": 721.63,
    "cotaFinal_m": 727.37,
    "saiDaGleba": true
   }
  },
  {
   "type": "Feature",
   "geometry": {
    "type": "LineString",
    "coordinates": [
     [
      -48.7967954,
      -25.4960585
     ],
     [
      -48.7968484,
      -25.4962236
     ],
     [
      -48.7968493,
      -25.4962263
     ],
     [
      -48.7968501,
      -25.496229
     ],
     [
      -48.7968508,
      -25.4962317
     ],
     [
      -48.7968515,
      -25.4962345
     ],
     [
      -48.7968522,
      -25.4962372
     ],
     [
      -48.7968528,
      -25.49624
     ],
     [
      -48.7968846,
      -25.4963902
     ],
     [
      -48.7968854,
      -25.4963939
     ],
     [
      -48.7968861,
      -25.4963976
     ],
     [
      -48.7968866,
      -25.4964014
     ],
     [
      -48.7968871,
      -25.4964051
     ],
     [
      -48.7968875,
      -25.4964089
     ],
     [
      -48.7968878,
      -25.4964127
     ],
     [
      -48.796908,
      -25.4966966
     ],
     [
      -48.7968972,
      -25.4969006
     ],
     [
      -48.796897,
      -25.4969038
     ],
     [
      -48.7968968,
      -25.4969071
     ],
     [
      -48.7968964,
      -25.4969103
     ],
     [
      -48.7968961,
      -25.4969135
     ],
     [
      -48.7968956,
      -25.4969167
     ],
     [
      -48.7968951,
      -25.4969198
     ],
     [
      -48.7968679,
      -25.4970776
     ],
     [
      -48.7968674,
      -25.4970803
     ],
     [
      -48.7968669,
      -25.497083
     ],
     [
      -48.7968663,
      -25.4970857
     ],
     [
      -48.7968657,
      -25.4970884
     ],
     [
      -48.796865,
      -25.497091
     ],
     [
      -48.7968643,
      -25.4970937
     ],
     [
      -48.7967774,
      -25.4974074
     ],
     [
      -48.7967678,
      -25.497441
     ],
     [
      -48.796758,
      -25.497476
     ],
     [
      -48.7966991,
      -25.4976897
     ],
     [
      -48.7966971,
      -25.4976974
     ],
     [
      -48.7966956,
      -25.4977051
     ],
     [
      -48.7966944,
      -25.4977129
     ],
     [
      -48.7966936,
      -25.4977207
     ],
     [
      -48.7966932,
      -25.4977286
     ],
     [
      -48.7966931,
      -25.4977365
     ],
     [
      -48.7966949,
      -25.4978388
     ],
     [
      -48.7966953,
      -25.4978472
     ],
     [
      -48.7966961,
      -25.4978556
     ],
     [
      -48.7966973,
      -25.4978639
     ],
     [
      -48.796699,
      -25.4978722
     ],
     [
      -48.7967011,
      -25.4978804
     ],
     [
      -48.7967036,
      -25.4978886
     ],
     [
      -48.7967111,
      -25.4979109
     ],
     [
      -48.7967137,
      -25.4979181
     ],
     [
      -48.7967167,
      -25.4979252
     ],
     [
      -48.7967199,
      -25.4979322
     ],
     [
      -48.7967235,
      -25.4979391
     ],
     [
      -48.7967274,
      -25.4979458
     ],
     [
      -48.7967316,
      -25.4979523
     ],
     [
      -48.7967358,
      -25.4979585
     ],
     [
      -48.7967418,
      -25.4979668
     ],
     [
      -48.7967483,
      -25.4979748
     ],
     [
      -48.7967553,
      -25.4979824
     ],
     [
      -48.7967628,
      -25.4979896
     ],
     [
      -48.7967707,
      -25.4979963
     ],
     [
      -48.7967792,
      -25.4980027
     ],
     [
      -48.7968531,
      -25.4980554
     ],
     [
      -48.7970811,
      -25.4981228
     ],
     [
      -48.7973755,
      -25.4981859
     ],
     [
      -48.7973786,
      -25.4981866
     ],
     [
      -48.7973817,
      -25.4981872
     ],
     [
      -48.7973848,
      -25.4981877
     ],
     [
      -48.7973879,
      -25.4981882
     ],
     [
      -48.797391,
      -25.4981887
     ],
     [
      -48.7973942,
      -25.4981891
     ],
     [
      -48.7976324,
      -25.4982188
     ],
     [
      -48.7979818,
      -25.4982615
     ],
     [
      -48.7981395,
      -25.4982808
     ],
     [
      -48.7984153,
      -25.4983281
     ],
     [
      -48.7986714,
      -25.4983771
     ],
     [
      -48.7986749,
      -25.4983778
     ],
     [
      -48.7986783,
      -25.4983786
     ],
     [
      -48.7986817,
      -25.4983793
     ],
     [
      -48.798685,
      -25.4983802
     ],
     [
      -48.7986884,
      -25.4983811
     ],
     [
      -48.7986917,
      -25.498382
     ],
     [
      -48.7988365,
      -25.4984246
     ],
     [
      -48.7989498,
      -25.4984585
     ],
     [
      -48.7991676,
      -25.4985403
     ],
     [
      -48.7993948,
      -25.4986538
     ],
     [
      -48.7993987,
      -25.4986558
     ],
     [
      -48.7994025,
      -25.4986578
     ],
     [
      -48.7994062,
      -25.49866
     ],
     [
      -48.7994099,
      -25.4986622
     ],
     [
      -48.7994136,
      -25.4986644
     ],
     [
      -48.7994171,
      -25.4986668
     ],
     [
      -48.799477,
      -25.4987069
     ],
     [
      -48.799569,
      -25.4987755
     ],
     [
      -48.7997909,
      -25.4989807
     ],
     [
      -48.7998424,
      -25.4990369
     ],
     [
      -48.7999136,
      -25.4991155
     ],
     [
      -48.7999159,
      -25.4991181
     ],
     [
      -48.7999181,
      -25.4991207
     ],
     [
      -48.7999203,
      -25.4991234
     ],
     [
      -48.7999225,
      -25.4991261
     ],
     [
      -48.7999245,
      -25.4991288
     ],
     [
      -48.7999266,
      -25.4991316
     ],
     [
      -48.8000817,
      -25.4993478
     ],
     [
      -48.8000837,
      -25.4993507
     ],
     [
      -48.8000857,
      -25.4993536
     ],
     [
      -48.8000876,
      -25.4993565
     ],
     [
      -48.8000894,
      -25.4993595
     ],
     [
      -48.8000912,
      -25.4993625
     ],
     [
      -48.8000929,
      -25.4993655
     ],
     [
      -48.8002,
      -25.4995597
     ],
     [
      -48.800214,
      -25.4995867
     ],
     [
      -48.8003721,
      -25.4999817
     ],
     [
      -48.8003735,
      -25.4999852
     ],
     [
      -48.8003748,
      -25.4999888
     ],
     [
      -48.800376,
      -25.4999923
     ],
     [
      -48.8003771,
      -25.4999959
     ],
     [
      -48.8003781,
      -25.4999995
     ],
     [
      -48.8003791,
      -25.5000031
     ],
     [
      -48.8004482,
      -25.5002772
     ],
     [
      -48.8004833,
      -25.5004182
     ],
     [
      -48.8006281,
      -25.50098
     ],
     [
      -48.800731,
      -25.5011109
     ],
     [
      -48.8008077,
      -25.5011904
     ],
     [
      -48.8008982,
      -25.5012609
     ],
     [
      -48.801119,
      -25.5013782
     ],
     [
      -48.8011252,
      -25.5013814
     ],
     [
      -48.8011315,
      -25.5013843
     ],
     [
      -48.8011379,
      -25.501387
     ],
     [
      -48.8011444,
      -25.5013896
     ],
     [
      -48.801151,
      -25.5013919
     ],
     [
      -48.8011577,
      -25.501394
     ],
     [
      -48.8014032,
      -25.5014669
     ],
     [
      -48.8014403,
      -25.5014738
     ],
     [
      -48.8016697,
      -25.5015125
     ],
     [
      -48.8016751,
      -25.5015133
     ],
     [
      -48.8016805,
      -25.501514
     ],
     [
      -48.8016859,
      -25.5015146
     ],
     [
      -48.8016914,
      -25.501515
     ],
     [
      -48.8016968,
      -25.5015153
     ],
     [
      -48.8017023,
      -25.5015155
     ],
     [
      -48.8019273,
      -25.5015193
     ],
     [
      -48.8019335,
      -25.5015193
     ],
     [
      -48.8019396,
      -25.5015192
     ],
     [
      -48.8019458,
      -25.5015189
     ],
     [
      -48.8019519,
      -25.5015184
     ],
     [
      -48.801958,
      -25.5015177
     ],
     [
      -48.8019641,
      -25.5015168
     ],
     [
      -48.8021087,
      -25.5014948
     ],
     [
      -48.802187,
      -25.501482
     ],
     [
      -48.8022654,
      -25.5014693
     ],
     [
      -48.802323,
      -25.501459
     ],
     [
      -48.8023297,
      -25.5014577
     ],
     [
      -48.8023362,
      -25.5014562
     ],
     [
      -48.8023427,
      -25.5014546
     ],
     [
      -48.8023491,
      -25.5014527
     ],
     [
      -48.8023555,
      -25.5014506
     ],
     [
      -48.8023618,
      -25.5014483
     ],
     [
      -48.8024035,
      -25.5014324
     ],
     [
      -48.802413,
      -25.5014285
     ],
     [
      -48.8024223,
      -25.5014241
     ],
     [
      -48.8024313,
      -25.5014194
     ],
     [
      -48.80244,
      -25.5014142
     ],
     [
      -48.8024484,
      -25.5014086
     ],
     [
      -48.8024565,
      -25.5014025
     ],
     [
      -48.802486,
      -25.5013794
     ],
     [
      -48.8024956,
      -25.5013713
     ],
     [
      -48.8025046,
      -25.5013628
     ],
     [
      -48.8025129,
      -25.5013538
     ],
     [
      -48.8025205,
      -25.5013443
     ],
     [
      -48.8025274,
      -25.5013343
     ],
     [
      -48.8025336,
      -25.5013239
     ],
     [
      -48.8025651,
      -25.501267
     ],
     [
      -48.8025681,
      -25.5012613
     ],
     [
      -48.8025709,
      -25.5012556
     ],
     [
      -48.8025734,
      -25.5012498
     ],
     [
      -48.8025758,
      -25.5012439
     ],
     [
      -48.8025779,
      -25.5012379
     ],
     [
      -48.8025797,
      -25.5012319
     ],
     [
      -48.8026052,
      -25.501144
     ],
     [
      -48.8026064,
      -25.5011398
     ],
     [
      -48.8026075,
      -25.5011356
     ],
     [
      -48.8026084,
      -25.5011313
     ],
     [
      -48.8026092,
      -25.5011271
     ],
     [
      -48.8026099,
      -25.5011228
     ],
     [
      -48.8026105,
      -25.5011185
     ],
     [
      -48.8026271,
      -25.5009864
     ],
     [
      -48.8026881,
      -25.5004858
     ],
     [
      -48.802714,
      -25.5002721
     ],
     [
      -48.8027598,
      -25.5000215
     ],
     [
      -48.8028599,
      -25.4996968
     ],
     [
      -48.8028612,
      -25.4996927
     ],
     [
      -48.8028626,
      -25.4996887
     ],
     [
      -48.8028641,
      -25.4996848
     ],
     [
      -48.8028657,
      -25.4996808
     ],
     [
      -48.8028674,
      -25.4996769
     ],
     [
      -48.8028692,
      -25.4996731
     ],
     [
      -48.802917,
      -25.499574
     ],
     [
      -48.8029486,
      -25.4995098
     ],
     [
      -48.8030183,
      -25.4993803
     ],
     [
      -48.8031581,
      -25.4991748
     ],
     [
      -48.8031602,
      -25.4991717
     ],
     [
      -48.8031625,
      -25.4991686
     ],
     [
      -48.8031648,
      -25.4991656
     ],
     [
      -48.8031672,
      -25.4991626
     ],
     [
      -48.8031696,
      -25.4991596
     ],
     [
      -48.8031721,
      -25.4991567
     ],
     [
      -48.8033387,
      -25.4989683
     ],
     [
      -48.803396,
      -25.4989186
     ],
     [
      -48.8036027,
      -25.49875
     ],
     [
      -48.8038716,
      -25.4985974
     ],
     [
      -48.8039835,
      -25.4985571
     ],
     [
      -48.8043344,
      -25.4984307
     ],
     [
      -48.8043388,
      -25.4984292
     ],
     [
      -48.8043432,
      -25.4984278
     ],
     [
      -48.8043476,
      -25.4984264
     ],
     [
      -48.8043521,
      -25.4984252
     ],
     [
      -48.8043566,
      -25.4984241
     ],
     [
      -48.8043611,
      -25.498423
     ],
     [
      -48.8045068,
      -25.4983911
     ],
     [
      -48.8047333,
      -25.4983444
     ],
     [
      -48.8051619,
      -25.4982771
     ],
     [
      -48.8051648,
      -25.4982766
     ],
     [
      -48.8051678,
      -25.4982761
     ],
     [
      -48.8051707,
      -25.4982755
     ],
     [
      -48.8051736,
      -25.4982749
     ],
     [
      -48.8051765,
      -25.4982743
     ],
     [
      -48.8051794,
      -25.4982736
     ],
     [
      -48.8055183,
      -25.4981913
     ],
     [
      -48.8055551,
      -25.4981831
     ],
     [
      -48.8055935,
      -25.4981739
     ]
    ]
   },
   "properties": {
    "tipo": "via",
    "id": "via-9",
    "hierarquia": "principal",
    "comprimento_m": 1534.46,
    "rampaMedia_pct": 0.13,
    "rampaMaxima_pct": 49.7,
    "faixaDominio_m": 8.4,
    "cotaInicial_m": 717.89,
    "cotaFinal_m": 715.84,
    "saiDaGleba": true
   }
  },
  {
   "type": "Feature",
   "geometry": {
    "type": "LineString",
    "coordinates": [
     [
      -48.8050119,
      -25.4976256
     ],
     [
      -48.8049718,
      -25.4976836
     ],
     [
      -48.804833,
      -25.4977668
     ],
     [
      -48.8048265,
      -25.4977705
     ],
     [
      -48.8048199,
      -25.497774
     ],
     [
      -48.8048131,
      -25.4977772
     ],
     [
      -48.8048063,
      -25.4977802
     ],
     [
      -48.8047993,
      -25.497783
     ],
     [
      -48.8047921,
      -25.4977855
     ],
     [
      -48.8045837,
      -25.4978551
     ],
     [
      -48.804484,
      -25.4979111
     ],
     [
      -48.8042377,
      -25.4980006
     ],
     [
      -48.8042349,
      -25.4980016
     ],
     [
      -48.8042321,
      -25.4980025
     ],
     [
      -48.8042292,
      -25.4980035
     ],
     [
      -48.8042263,
      -25.4980044
     ],
     [
      -48.8042234,
      -25.4980052
     ],
     [
      -48.8042205,
      -25.498006
     ],
     [
      -48.8040719,
      -25.4980461
     ],
     [
      -48.8038157,
      -25.4981432
     ],
     [
      -48.8037475,
      -25.4981729
     ],
     [
      -48.803457,
      -25.498325
     ],
     [
      -48.8034523,
      -25.4983275
     ],
     [
      -48.8034478,
      -25.4983301
     ],
     [
      -48.8034433,
      -25.4983328
     ],
     [
      -48.8034389,
      -25.4983357
     ],
     [
      -48.8034346,
      -25.4983386
     ],
     [
      -48.8034304,
      -25.4983417
     ],
     [
      -48.8033432,
      -25.4984064
     ],
     [
      -48.8032318,
      -25.4984917
     ],
     [
      -48.8032285,
      -25.4984943
     ],
     [
      -48.8032252,
      -25.498497
     ],
     [
      -48.803222,
      -25.4984997
     ],
     [
      -48.8032188,
      -25.4985025
     ],
     [
      -48.8032158,
      -25.4985054
     ],
     [
      -48.8032128,
      -25.4985083
     ],
     [
      -48.8031143,
      -25.4986067
     ],
     [
      -48.8030349,
      -25.4986866
     ],
     [
      -48.8030085,
      -25.4987136
     ],
     [
      -48.8027802,
      -25.4989999
     ],
     [
      -48.802779,
      -25.4990014
     ],
     [
      -48.8027778,
      -25.4990029
     ],
     [
      -48.8027766,
      -25.4990045
     ],
     [
      -48.8027755,
      -25.499006
     ],
     [
      -48.8027743,
      -25.4990076
     ],
     [
      -48.8027732,
      -25.4990092
     ],
     [
      -48.8026482,
      -25.4991886
     ],
     [
      -48.8025841,
      -25.4992807
     ],
     [
      -48.8025205,
      -25.4993723
     ],
     [
      -48.8022463,
      -25.4998114
     ],
     [
      -48.8021674,
      -25.4999377
     ],
     [
      -48.8020438,
      -25.500123
     ],
     [
      -48.801983,
      -25.5002095
     ],
     [
      -48.8019804,
      -25.5002132
     ],
     [
      -48.8019776,
      -25.5002169
     ],
     [
      -48.8019747,
      -25.5002204
     ],
     [
      -48.8019718,
      -25.500224
     ],
     [
      -48.8019687,
      -25.5002274
     ],
     [
      -48.8019655,
      -25.5002308
     ],
     [
      -48.8018033,
      -25.5004004
     ],
     [
      -48.8017176,
      -25.5004612
     ]
    ]
   },
   "properties": {
    "tipo": "via",
    "id": "via-10",
    "hierarquia": "principal",
    "comprimento_m": 472.99,
    "rampaMedia_pct": 0.12,
    "rampaMaxima_pct": 10,
    "faixaDominio_m": 8.4,
    "cotaInicial_m": 712.49,
    "cotaFinal_m": 713.07,
    "saiDaGleba": true
   }
  },
  {
   "type": "Feature",
   "geometry": {
    "type": "LineString",
    "coordinates": [
     [
      -48.8032539,
      -25.4960692
     ],
     [
      -48.8032624,
      -25.4961399
     ],
     [
      -48.8032738,
      -25.4964049
     ],
     [
      -48.8032739,
      -25.4964095
     ],
     [
      -48.8032739,
      -25.4964141
     ],
     [
      -48.8032738,
      -25.4964186
     ],
     [
      -48.8032736,
      -25.4964232
     ],
     [
      -48.8032732,
      -25.4964277
     ],
     [
      -48.8032727,
      -25.4964323
     ],
     [
      -48.803258,
      -25.4965494
     ],
     [
      -48.8032575,
      -25.4965532
     ],
     [
      -48.8032569,
      -25.496557
     ],
     [
      -48.8032562,
      -25.4965608
     ],
     [
      -48.8032554,
      -25.4965646
     ],
     [
      -48.8032545,
      -25.4965684
     ],
     [
      -48.8032535,
      -25.4965721
     ],
     [
      -48.8032102,
      -25.4967322
     ],
     [
      -48.8032091,
      -25.4967359
     ],
     [
      -48.803208,
      -25.4967396
     ],
     [
      -48.8032068,
      -25.4967433
     ],
     [
      -48.8032054,
      -25.4967469
     ],
     [
      -48.8032041,
      -25.4967506
     ],
     [
      -48.8032026,
      -25.4967541
     ],
     [
      -48.8031627,
      -25.4968479
     ],
     [
      -48.8031334,
      -25.4969108
     ],
     [
      -48.8031313,
      -25.4969153
     ],
     [
      -48.803129,
      -25.4969197
     ],
     [
      -48.8031265,
      -25.4969241
     ],
     [
      -48.803124,
      -25.4969284
     ],
     [
      -48.8031213,
      -25.4969327
     ],
     [
      -48.8031185,
      -25.4969368
     ],
     [
      -48.8030067,
      -25.4970979
     ],
     [
      -48.8030045,
      -25.4971011
     ],
     [
      -48.8030021,
      -25.4971042
     ],
     [
      -48.8029997,
      -25.4971073
     ],
     [
      -48.8029972,
      -25.4971104
     ],
     [
      -48.8029947,
      -25.4971134
     ],
     [
      -48.802992,
      -25.4971163
     ],
     [
      -48.8029064,
      -25.4972108
     ],
     [
      -48.8029042,
      -25.4972132
     ],
     [
      -48.8029018,
      -25.4972156
     ],
     [
      -48.8028995,
      -25.497218
     ],
     [
      -48.8028971,
      -25.4972203
     ],
     [
      -48.8028947,
      -25.4972226
     ],
     [
      -48.8028922,
      -25.4972249
     ],
     [
      -48.8027775,
      -25.4973272
     ],
     [
      -48.8027746,
      -25.4973297
     ],
     [
      -48.8027717,
      -25.4973321
     ],
     [
      -48.8027687,
      -25.4973345
     ],
     [
      -48.8027656,
      -25.4973369
     ],
     [
      -48.8027626,
      -25.4973392
     ],
     [
      -48.8027594,
      -25.4973414
     ],
     [
      -48.8026705,
      -25.4974036
     ],
     [
      -48.8025188,
      -25.4975075
     ],
     [
      -48.8025155,
      -25.4975097
     ],
     [
      -48.8025121,
      -25.4975119
     ],
     [
      -48.8025087,
      -25.497514
     ],
     [
      -48.8025053,
      -25.497516
     ],
     [
      -48.8025017,
      -25.497518
     ],
     [
      -48.8024982,
      -25.4975199
     ],
     [
      -48.8022371,
      -25.4976562
     ],
     [
      -48.8021729,
      -25.4976958
     ],
     [
      -48.8021637,
      -25.4977012
     ],
     [
      -48.8021542,
      -25.497706
     ],
     [
      -48.8021445,
      -25.4977104
     ],
     [
      -48.8021345,
      -25.4977143
     ],
     [
      -48.8021243,
      -25.4977176
     ],
     [
      -48.8021138,
      -25.4977205
     ],
     [
      -48.8019853,
      -25.4977526
     ],
     [
      -48.8016502,
      -25.4978018
     ],
     [
      -48.8016462,
      -25.4978023
     ],
     [
      -48.8016423,
      -25.4978028
     ],
     [
      -48.8016383,
      -25.4978032
     ],
     [
      -48.8016343,
      -25.4978035
     ],
     [
      -48.8016303,
      -25.4978038
     ],
     [
      -48.8016263,
      -25.497804
     ],
     [
      -48.801394,
      -25.4978123
     ],
     [
      -48.8011957,
      -25.4978191
     ],
     [
      -48.8010388,
      -25.497824
     ],
     [
      -48.8010361,
      -25.4978241
     ],
     [
      -48.8010335,
      -25.4978241
     ],
     [
      -48.8010308,
      -25.4978241
     ],
     [
      -48.8010282,
      -25.4978241
     ],
     [
      -48.8010255,
      -25.497824
     ],
     [
      -48.8010229,
      -25.4978239
     ],
     [
      -48.8004001,
      -25.4977982
     ],
     [
      -48.8003132,
      -25.4977939
     ],
     [
      -48.8003059,
      -25.4977934
     ],
     [
      -48.8002987,
      -25.4977927
     ],
     [
      -48.8002915,
      -25.4977918
     ],
     [
      -48.8002843,
      -25.4977905
     ],
     [
      -48.8002772,
      -25.4977891
     ],
     [
      -48.8002701,
      -25.4977874
     ],
     [
      -48.8002629,
      -25.4977856
     ],
     [
      -48.8002536,
      -25.4977829
     ],
     [
      -48.8002445,
      -25.4977798
     ],
     [
      -48.8002356,
      -25.4977762
     ],
     [
      -48.800227,
      -25.4977722
     ],
     [
      -48.8002187,
      -25.4977677
     ],
     [
      -48.8002106,
      -25.4977627
     ],
     [
      -48.8001615,
      -25.4977307
     ],
     [
      -48.8001514,
      -25.4977236
     ],
     [
      -48.8001419,
      -25.497716
     ],
     [
      -48.8001329,
      -25.4977079
     ],
     [
      -48.8001246,
      -25.4976993
     ],
     [
      -48.8001168,
      -25.4976902
     ],
     [
      -48.8001096,
      -25.4976806
     ],
     [
      -48.8000558,
      -25.4976033
     ],
     [
      -48.8000517,
      -25.4975971
     ],
     [
      -48.8000478,
      -25.4975908
     ],
     [
      -48.8000443,
      -25.4975843
     ],
     [
      -48.800041,
      -25.4975778
     ],
     [
      -48.800038,
      -25.4975711
     ],
     [
      -48.8000354,
      -25.4975642
     ],
     [
      -48.8000043,
      -25.4974801
     ],
     [
      -48.8000029,
      -25.4974761
     ],
     [
      -48.8000016,
      -25.497472
     ],
     [
      -48.8000003,
      -25.4974679
     ],
     [
      -48.7999992,
      -25.4974638
     ],
     [
      -48.7999982,
      -25.4974597
     ],
     [
      -48.7999973,
      -25.4974555
     ],
     [
      -48.799964,
      -25.4972917
     ],
     [
      -48.79992,
      -25.4968649
     ],
     [
      -48.7999226,
      -25.4965759
     ],
     [
      -48.7999444,
      -25.4964027
     ],
     [
      -48.7999449,
      -25.4963993
     ],
     [
      -48.7999454,
      -25.4963959
     ],
     [
      -48.799946,
      -25.4963925
     ],
     [
      -48.7999467,
      -25.4963891
     ],
     [
      -48.7999475,
      -25.4963858
     ],
     [
      -48.7999483,
      -25.4963824
     ],
     [
      -48.8000257,
      -25.4960795
     ],
     [
      -48.8000347,
      -25.4960444
     ]
    ]
   },
   "properties": {
    "tipo": "via",
    "id": "via-11",
    "hierarquia": "principal",
    "comprimento_m": 626.47,
    "rampaMedia_pct": 0.15,
    "rampaMaxima_pct": 10.01,
    "faixaDominio_m": 8.4,
    "cotaInicial_m": 711.25,
    "cotaFinal_m": 710.3,
    "saiDaGleba": true
   }
  },
  {
   "type": "Feature",
   "geometry": {
    "type": "LineString",
    "coordinates": [
     [
      -48.8023906,
      -25.5030463
     ],
     [
      -48.802206,
      -25.5029332
     ],
     [
      -48.8019743,
      -25.5028376
     ],
     [
      -48.8019704,
      -25.5028361
     ],
     [
      -48.8019666,
      -25.5028346
     ],
     [
      -48.8019627,
      -25.5028332
     ],
     [
      -48.8019588,
      -25.5028319
     ],
     [
      -48.8019549,
      -25.5028307
     ],
     [
      -48.8019509,
      -25.5028295
     ],
     [
      -48.8018426,
      -25.502799
     ],
     [
      -48.8017695,
      -25.5027801
     ],
     [
      -48.8017652,
      -25.502779
     ],
     [
      -48.8017609,
      -25.5027781
     ],
     [
      -48.8017566,
      -25.5027772
     ],
     [
      -48.8017523,
      -25.5027764
     ],
     [
      -48.8017479,
      -25.5027757
     ],
     [
      -48.8017435,
      -25.502775
     ],
     [
      -48.8014548,
      -25.5027368
     ],
     [
      -48.8012136,
      -25.502735
     ],
     [
      -48.8010653,
      -25.5027458
     ],
     [
      -48.8010618,
      -25.5027461
     ],
     [
      -48.8010584,
      -25.5027464
     ],
     [
      -48.801055,
      -25.5027468
     ],
     [
      -48.8010517,
      -25.5027473
     ],
     [
      -48.8010483,
      -25.5027477
     ],
     [
      -48.8010449,
      -25.5027483
     ],
     [
      -48.8008777,
      -25.5027765
     ],
     [
      -48.8008747,
      -25.5027771
     ],
     [
      -48.8008717,
      -25.5027776
     ],
     [
      -48.8008688,
      -25.5027782
     ],
     [
      -48.8008658,
      -25.5027789
     ],
     [
      -48.8008629,
      -25.5027796
     ],
     [
      -48.80086,
      -25.5027803
     ],
     [
      -48.8006694,
      -25.5028291
     ],
     [
      -48.8005553,
      -25.5028631
     ],
     [
      -48.8003126,
      -25.5029554
     ],
     [
      -48.8003065,
      -25.5029578
     ],
     [
      -48.8003006,
      -25.5029604
     ],
     [
      -48.8002947,
      -25.5029632
     ],
     [
      -48.800289,
      -25.5029661
     ],
     [
      -48.8002833,
      -25.5029693
     ],
     [
      -48.8002778,
      -25.5029725
     ],
     [
      -48.8000684,
      -25.5031015
     ],
     [
      -48.7999824,
      -25.5031715
     ],
     [
      -48.7998281,
      -25.5033402
     ]
    ]
   },
   "properties": {
    "tipo": "via",
    "id": "via-12",
    "hierarquia": "principal",
    "comprimento_m": 285.54,
    "rampaMedia_pct": 0.03,
    "rampaMaxima_pct": 10.01,
    "faixaDominio_m": 8.4,
    "cotaInicial_m": 733.06,
    "cotaFinal_m": 732.96,
    "saiDaGleba": true
   }
  },
  {
   "type": "Feature",
   "geometry": {
    "type": "LineString",
    "coordinates": [
     [
      -48.800624,
      -25.5009815
     ],
     [
      -48.8006298,
      -25.5009998
     ],
     [
      -48.8006313,
      -25.5010036
     ],
     [
      -48.8006333,
      -25.5010071
     ],
     [
      -48.8006358,
      -25.5010102
     ],
     [
      -48.8006388,
      -25.5010129
     ],
     [
      -48.8006422,
      -25.5010153
     ],
     [
      -48.8006461,
      -25.5010173
     ],
     [
      -48.8006585,
      -25.5010227
     ]
    ]
   },
   "properties": {
    "tipo": "via",
    "id": "via-13",
    "hierarquia": "principal",
    "comprimento_m": 6.11,
    "rampaMedia_pct": 1.97,
    "rampaMaxima_pct": 8.1,
    "faixaDominio_m": 8.4,
    "cotaInicial_m": 719.76,
    "cotaFinal_m": 719.64,
    "saiDaGleba": false
   }
  },
  {
   "type": "Feature",
   "geometry": {
    "type": "LineString",
    "coordinates": [
     [
      -48.797445,
      -25.4967807
     ],
     [
      -48.7974792,
      -25.4968086
     ],
     [
      -48.79749,
      -25.4968181
     ],
     [
      -48.7974998,
      -25.4968284
     ],
     [
      -48.7975084,
      -25.4968393
     ],
     [
      -48.7975159,
      -25.4968508
     ],
     [
      -48.7975224,
      -25.496863
     ],
     [
      -48.7975277,
      -25.4968759
     ],
     [
      -48.7975984,
      -25.4970698
     ],
     [
      -48.7976002,
      -25.4970746
     ],
     [
      -48.7976022,
      -25.4970793
     ],
     [
      -48.7976043,
      -25.497084
     ],
     [
      -48.7976065,
      -25.4970886
     ],
     [
      -48.7976089,
      -25.4970932
     ],
     [
      -48.7976115,
      -25.4970977
     ],
     [
      -48.7976627,
      -25.4971853
     ],
     [
      -48.7977002,
      -25.4972479
     ],
     [
      -48.7978497,
      -25.4974129
     ],
     [
      -48.7978548,
      -25.4974183
     ],
     [
      -48.7978602,
      -25.4974236
     ],
     [
      -48.7978658,
      -25.4974287
     ],
     [
      -48.7978716,
      -25.4974335
     ],
     [
      -48.7978777,
      -25.4974382
     ],
     [
      -48.7978839,
      -25.4974426
     ],
     [
      -48.7980219,
      -25.4975365
     ],
     [
      -48.7980272,
      -25.49754
     ],
     [
      -48.7980325,
      -25.4975433
     ],
     [
      -48.798038,
      -25.4975464
     ],
     [
      -48.7980435,
      -25.4975494
     ],
     [
      -48.7980492,
      -25.4975522
     ],
     [
      -48.798055,
      -25.4975548
     ],
     [
      -48.7982526,
      -25.4976411
     ],
     [
      -48.7982899,
      -25.4976521
     ],
     [
      -48.7985559,
      -25.4977265
     ],
     [
      -48.7990175,
      -25.4978031
     ],
     [
      -48.7990646,
      -25.4978098
     ],
     [
      -48.799573,
      -25.497889
     ],
     [
      -48.7996628,
      -25.4979223
     ],
     [
      -48.7996695,
      -25.497925
     ],
     [
      -48.7996761,
      -25.4979278
     ],
     [
      -48.7996825,
      -25.4979309
     ],
     [
      -48.7996889,
      -25.4979341
     ],
     [
      -48.7996951,
      -25.4979376
     ],
     [
      -48.7997011,
      -25.4979413
     ],
     [
      -48.7997783,
      -25.4979901
     ],
     [
      -48.7998456,
      -25.4980331
     ],
     [
      -48.7999504,
      -25.4981298
     ],
     [
      -48.799954,
      -25.4981332
     ],
     [
      -48.7999576,
      -25.4981368
     ],
     [
      -48.799961,
      -25.4981404
     ],
     [
      -48.7999643,
      -25.4981441
     ],
     [
      -48.7999676,
      -25.4981479
     ],
     [
      -48.7999707,
      -25.4981517
     ],
     [
      -48.8002795,
      -25.4985458
     ],
     [
      -48.8003673,
      -25.4986667
     ],
     [
      -48.800432,
      -25.4987568
     ],
     [
      -48.8004335,
      -25.4987589
     ],
     [
      -48.800435,
      -25.4987611
     ],
     [
      -48.8004364,
      -25.4987632
     ],
     [
      -48.8004378,
      -25.4987654
     ],
     [
      -48.8004392,
      -25.4987676
     ],
     [
      -48.8004405,
      -25.4987699
     ],
     [
      -48.8006771,
      -25.4991689
     ],
     [
      -48.8006554,
      -25.4992134
     ]
    ]
   },
   "properties": {
    "tipo": "via",
    "id": "via-14",
    "hierarquia": "principal",
    "comprimento_m": 454.86,
    "rampaMedia_pct": 0.06,
    "rampaMaxima_pct": 10.01,
    "faixaDominio_m": 8.4,
    "cotaInicial_m": 713.1,
    "cotaFinal_m": 712.83,
    "saiDaGleba": true
   }
  },
  {
   "type": "Feature",
   "geometry": {
    "type": "LineString",
    "coordinates": [
     [
      -48.8023425,
      -25.4976054
     ],
     [
      -48.8023052,
      -25.4975969
     ],
     [
      -48.8022932,
      -25.4975945
     ],
     [
      -48.8022812,
      -25.4975927
     ],
     [
      -48.8022691,
      -25.4975917
     ],
     [
      -48.802257,
      -25.4975913
     ],
     [
      -48.8022449,
      -25.4975916
     ],
     [
      -48.8022326,
      -25.4975926
     ],
     [
      -48.8021923,
      -25.497597
     ],
     [
      -48.8019562,
      -25.4976325
     ],
     [
      -48.8016895,
      -25.4976493
     ],
     [
      -48.8016859,
      -25.4976495
     ],
     [
      -48.8016822,
      -25.4976497
     ],
     [
      -48.8016785,
      -25.4976497
     ],
     [
      -48.8016748,
      -25.4976497
     ],
     [
      -48.8016712,
      -25.4976497
     ],
     [
      -48.8016675,
      -25.4976496
     ],
     [
      -48.8014008,
      -25.4976395
     ],
     [
      -48.8012039,
      -25.4976137
     ],
     [
      -48.801062,
      -25.4975832
     ],
     [
      -48.8010578,
      -25.4975822
     ],
     [
      -48.8010535,
      -25.4975812
     ],
     [
      -48.8010493,
      -25.4975801
     ],
     [
      -48.8010451,
      -25.4975788
     ],
     [
      -48.8010409,
      -25.4975775
     ],
     [
      -48.8010368,
      -25.4975761
     ],
     [
      -48.8008872,
      -25.4975242
     ],
     [
      -48.8008822,
      -25.4975223
     ],
     [
      -48.8008772,
      -25.4975204
     ],
     [
      -48.8008722,
      -25.4975183
     ],
     [
      -48.8008674,
      -25.4975161
     ],
     [
      -48.8008626,
      -25.4975138
     ],
     [
      -48.8008578,
      -25.4975114
     ],
     [
      -48.800659,
      -25.4974057
     ],
     [
      -48.8005384,
      -25.4973294
     ],
     [
      -48.8005337,
      -25.4973264
     ],
     [
      -48.8005291,
      -25.4973232
     ],
     [
      -48.8005246,
      -25.4973199
     ],
     [
      -48.8005203,
      -25.4973165
     ],
     [
      -48.800516,
      -25.4973129
     ],
     [
      -48.8005118,
      -25.4973093
     ],
     [
      -48.8003591,
      -25.4971714
     ],
     [
      -48.8002982,
      -25.4970947
     ],
     [
      -48.8002954,
      -25.497091
     ],
     [
      -48.8002926,
      -25.4970873
     ],
     [
      -48.8002899,
      -25.4970834
     ],
     [
      -48.8002874,
      -25.4970795
     ],
     [
      -48.8002849,
      -25.4970756
     ],
     [
      -48.8002826,
      -25.4970715
     ],
     [
      -48.8002309,
      -25.49698
     ],
     [
      -48.8002287,
      -25.496976
     ],
     [
      -48.8002266,
      -25.496972
     ],
     [
      -48.8002247,
      -25.4969679
     ],
     [
      -48.8002228,
      -25.4969637
     ],
     [
      -48.8002211,
      -25.4969596
     ],
     [
      -48.8002194,
      -25.4969553
     ],
     [
      -48.8001802,
      -25.4968497
     ],
     [
      -48.8001603,
      -25.496792
     ],
     [
      -48.8001589,
      -25.4967875
     ],
     [
      -48.8001575,
      -25.4967831
     ],
     [
      -48.8001563,
      -25.4967786
     ],
     [
      -48.8001552,
      -25.496774
     ],
     [
      -48.8001543,
      -25.4967695
     ],
     [
      -48.8001535,
      -25.4967649
     ],
     [
      -48.8001272,
      -25.4966051
     ],
     [
      -48.8001247,
      -25.4964605
     ],
     [
      -48.8001247,
      -25.4964571
     ],
     [
      -48.8001248,
      -25.4964537
     ],
     [
      -48.8001249,
      -25.4964504
     ],
     [
      -48.8001251,
      -25.496447
     ],
     [
      -48.8001253,
      -25.4964436
     ],
     [
      -48.8001256,
      -25.4964403
     ],
     [
      -48.800145,
      -25.4962602
     ],
     [
      -48.8001454,
      -25.4962565
     ],
     [
      -48.8001459,
      -25.4962529
     ],
     [
      -48.8001465,
      -25.4962493
     ],
     [
      -48.8001472,
      -25.4962457
     ],
     [
      -48.8001479,
      -25.4962421
     ],
     [
      -48.8001488,
      -25.4962385
     ],
     [
      -48.8001732,
      -25.496139
     ],
     [
      -48.8001903,
      -25.4960694
     ]
    ]
   },
   "properties": {
    "tipo": "via",
    "id": "via-15",
    "hierarquia": "principal",
    "comprimento_m": 342.89,
    "rampaMedia_pct": 0.11,
    "rampaMaxima_pct": 10.01,
    "faixaDominio_m": 8.4,
    "cotaInicial_m": 712.18,
    "cotaFinal_m": 711.79,
    "saiDaGleba": true
   }
  },
  {
   "type": "Feature",
   "geometry": {
    "type": "LineString",
    "coordinates": [
     [
      -48.7996195,
      -25.5017579
     ],
     [
      -48.7995959,
      -25.5017796
     ],
     [
      -48.7995883,
      -25.501787
     ],
     [
      -48.7995812,
      -25.5017947
     ],
     [
      -48.7995747,
      -25.5018028
     ],
     [
      -48.7995686,
      -25.5018111
     ],
     [
      -48.799563,
      -25.5018198
     ],
     [
      -48.799558,
      -25.5018288
     ],
     [
      -48.7995255,
      -25.5018909
     ],
     [
      -48.7994389,
      -25.5020051
     ],
     [
      -48.7994323,
      -25.5020133
     ],
     [
      -48.7994252,
      -25.5020211
     ],
     [
      -48.7994177,
      -25.5020285
     ],
     [
      -48.7994097,
      -25.5020356
     ],
     [
      -48.7994013,
      -25.5020422
     ],
     [
      -48.7993924,
      -25.5020484
     ],
     [
      -48.7992837,
      -25.5021205
     ],
     [
      -48.7991224,
      -25.5022218
     ],
     [
      -48.7990052,
      -25.5023161
     ],
     [
      -48.7989973,
      -25.5023227
     ],
     [
      -48.7989899,
      -25.5023297
     ],
     [
      -48.7989829,
      -25.5023371
     ],
     [
      -48.7989764,
      -25.5023447
     ],
     [
      -48.7989703,
      -25.5023527
     ],
     [
      -48.7989647,
      -25.5023611
     ],
     [
      -48.7989162,
      -25.5024375
     ],
     [
      -48.7987017,
      -25.5028255
     ],
     [
      -48.7984317,
      -25.5033523
     ],
     [
      -48.7984289,
      -25.5033578
     ],
     [
      -48.7984264,
      -25.5033634
     ],
     [
      -48.7984242,
      -25.5033691
     ],
     [
      -48.7984221,
      -25.5033748
     ],
     [
      -48.7984202,
      -25.5033806
     ],
     [
      -48.7984186,
      -25.5033865
     ],
     [
      -48.7983923,
      -25.5034863
     ],
     [
      -48.7983891,
      -25.5037026
     ]
    ]
   },
   "properties": {
    "tipo": "via",
    "id": "via-16",
    "hierarquia": "principal",
    "comprimento_m": 256.8,
    "rampaMedia_pct": 0.63,
    "rampaMaxima_pct": 6.33,
    "faixaDominio_m": 8.4,
    "cotaInicial_m": 727.01,
    "cotaFinal_m": 728.63,
    "saiDaGleba": true
   }
  },
  {
   "type": "Feature",
   "geometry": {
    "type": "LineString",
    "coordinates": [
     [
      -48.7982723,
      -25.4991987
     ],
     [
      -48.798293,
      -25.4992191
     ],
     [
      -48.7983002,
      -25.4992255
     ],
     [
      -48.7983078,
      -25.499231
     ],
     [
      -48.798316,
      -25.4992356
     ],
     [
      -48.7983248,
      -25.4992394
     ],
     [
      -48.798334,
      -25.4992423
     ],
     [
      -48.7983438,
      -25.4992443
     ],
     [
      -48.7984162,
      -25.4992558
     ],
     [
      -48.7984206,
      -25.4992566
     ],
     [
      -48.7984251,
      -25.4992574
     ],
     [
      -48.7984294,
      -25.4992584
     ],
     [
      -48.7984338,
      -25.4992594
     ],
     [
      -48.7984382,
      -25.4992605
     ],
     [
      -48.7984425,
      -25.4992617
     ],
     [
      -48.79861,
      -25.4993103
     ],
     [
      -48.7986464,
      -25.4993256
     ],
     [
      -48.7987442,
      -25.499368
     ],
     [
      -48.798749,
      -25.4993701
     ],
     [
      -48.7987537,
      -25.4993724
     ],
     [
      -48.7987584,
      -25.4993748
     ],
     [
      -48.7987629,
      -25.4993773
     ],
     [
      -48.7987674,
      -25.4993799
     ],
     [
      -48.7987719,
      -25.4993826
     ],
     [
      -48.7989042,
      -25.499466
     ],
     [
      -48.7989085,
      -25.4994688
     ],
     [
      -48.7989127,
      -25.4994717
     ],
     [
      -48.7989168,
      -25.4994747
     ],
     [
      -48.7989208,
      -25.4994777
     ],
     [
      -48.7989247,
      -25.4994809
     ],
     [
      -48.7989285,
      -25.4994842
     ],
     [
      -48.7990211,
      -25.4995649
     ],
     [
      -48.7990246,
      -25.499568
     ],
     [
      -48.799028,
      -25.4995712
     ],
     [
      -48.7990313,
      -25.4995745
     ],
     [
      -48.7990346,
      -25.4995779
     ],
     [
      -48.7990377,
      -25.4995813
     ],
     [
      -48.7990408,
      -25.4995848
     ],
     [
      -48.7991287,
      -25.4996884
     ],
     [
      -48.7992037,
      -25.4998161
     ],
     [
      -48.7992738,
      -25.4999952
     ],
     [
      -48.7992761,
      -25.5000013
     ],
     [
      -48.7992781,
      -25.5000075
     ],
     [
      -48.7992799,
      -25.5000137
     ],
     [
      -48.7992814,
      -25.50002
     ],
     [
      -48.7992827,
      -25.5000263
     ],
     [
      -48.7992837,
      -25.5000327
     ],
     [
      -48.7993027,
      -25.5001671
     ],
     [
      -48.7993034,
      -25.5001732
     ],
     [
      -48.7993039,
      -25.5001794
     ],
     [
      -48.7993042,
      -25.5001855
     ],
     [
      -48.7993043,
      -25.5001917
     ],
     [
      -48.7993041,
      -25.5001978
     ],
     [
      -48.7993037,
      -25.500204
     ],
     [
      -48.7992908,
      -25.5003539
     ],
     [
      -48.7992902,
      -25.5003598
     ],
     [
      -48.7992894,
      -25.5003656
     ],
     [
      -48.7992884,
      -25.5003714
     ],
     [
      -48.7992871,
      -25.5003772
     ],
     [
      -48.7992857,
      -25.500383
     ],
     [
      -48.799284,
      -25.5003887
     ],
     [
      -48.7992553,
      -25.5004813
     ],
     [
      -48.7992439,
      -25.5005166
     ],
     [
      -48.7991459,
      -25.5006876
     ],
     [
      -48.799142,
      -25.500694
     ],
     [
      -48.7991379,
      -25.5007002
     ],
     [
      -48.7991336,
      -25.5007062
     ],
     [
      -48.799129,
      -25.5007121
     ],
     [
      -48.7991241,
      -25.5007178
     ],
     [
      -48.7991189,
      -25.5007234
     ],
     [
      -48.7990467,
      -25.5007981
     ],
     [
      -48.7990426,
      -25.5008022
     ],
     [
      -48.7990383,
      -25.5008062
     ],
     [
      -48.7990339,
      -25.5008101
     ],
     [
      -48.7990294,
      -25.5008139
     ],
     [
      -48.7990247,
      -25.5008175
     ],
     [
      -48.7990199,
      -25.5008211
     ],
     [
      -48.7989668,
      -25.5008589
     ],
     [
      -48.7989069,
      -25.5008973
     ],
     [
      -48.7989016,
      -25.5009005
     ],
     [
      -48.7988963,
      -25.5009036
     ],
     [
      -48.7988909,
      -25.5009065
     ],
     [
      -48.7988854,
      -25.5009093
     ],
     [
      -48.7988798,
      -25.5009119
     ],
     [
      -48.7988741,
      -25.5009143
     ],
     [
      -48.7986883,
      -25.5009905
     ],
     [
      -48.7986109,
      -25.501014
     ],
     [
      -48.7984784,
      -25.501053
     ],
     [
      -48.7984722,
      -25.5010547
     ],
     [
      -48.7984659,
      -25.5010563
     ],
     [
      -48.7984596,
      -25.5010576
     ],
     [
      -48.7984532,
      -25.5010588
     ],
     [
      -48.7984468,
      -25.5010598
     ],
     [
      -48.7984403,
      -25.5010606
     ],
     [
      -48.7982851,
      -25.5010772
     ],
     [
      -48.7982777,
      -25.5010778
     ],
     [
      -48.7982702,
      -25.5010782
     ],
     [
      -48.7982628,
      -25.5010784
     ],
     [
      -48.7982554,
      -25.5010783
     ],
     [
      -48.7982479,
      -25.5010779
     ],
     [
      -48.7982405,
      -25.5010773
     ],
     [
      -48.7980884,
      -25.5010624
     ],
     [
      -48.7980809,
      -25.5010616
     ],
     [
      -48.7980734,
      -25.5010604
     ],
     [
      -48.798066,
      -25.501059
     ],
     [
      -48.7980587,
      -25.5010574
     ],
     [
      -48.7980514,
      -25.5010555
     ],
     [
      -48.7980442,
      -25.5010534
     ],
     [
      -48.7979099,
      -25.5010108
     ],
     [
      -48.7977961,
      -25.5009527
     ],
     [
      -48.7977899,
      -25.5009494
     ],
     [
      -48.7977839,
      -25.500946
     ],
     [
      -48.797778,
      -25.5009423
     ],
     [
      -48.7977723,
      -25.5009385
     ],
     [
      -48.7977667,
      -25.5009344
     ],
     [
      -48.7977613,
      -25.5009302
     ],
     [
      -48.7976292,
      -25.5008235
     ],
     [
      -48.7975383,
      -25.5007118
     ],
     [
      -48.7975348,
      -25.5007073
     ],
     [
      -48.7975314,
      -25.5007028
     ],
     [
      -48.7975282,
      -25.5006981
     ],
     [
      -48.7975251,
      -25.5006934
     ],
     [
      -48.7975222,
      -25.5006886
     ],
     [
      -48.7975195,
      -25.5006837
     ],
     [
      -48.7974545,
      -25.5005625
     ],
     [
      -48.7974524,
      -25.5005586
     ],
     [
      -48.7974505,
      -25.5005547
     ],
     [
      -48.7974487,
      -25.5005508
     ],
     [
      -48.797447,
      -25.5005468
     ],
     [
      -48.7974454,
      -25.5005428
     ],
     [
      -48.7974439,
      -25.5005387
     ],
     [
      -48.7974212,
      -25.5004746
     ],
     [
      -48.7973902,
      -25.5003373
     ],
     [
      -48.7973754,
      -25.5002083
     ],
     [
      -48.7973749,
      -25.5002035
     ],
     [
      -48.7973746,
      -25.5001986
     ],
     [
      -48.7973744,
      -25.5001937
     ],
     [
      -48.7973743,
      -25.5001889
     ],
     [
      -48.7973744,
      -25.500184
     ],
     [
      -48.7973747,
      -25.5001791
     ],
     [
      -48.7973834,
      -25.5000439
     ],
     [
      -48.7973838,
      -25.5000391
     ],
     [
      -48.7973843,
      -25.5000343
     ],
     [
      -48.797385,
      -25.5000295
     ],
     [
      -48.7973858,
      -25.5000248
     ],
     [
      -48.7973867,
      -25.5000201
     ],
     [
      -48.7973878,
      -25.5000153
     ],
     [
      -48.7974225,
      -25.4998736
     ],
     [
      -48.7974616,
      -25.4997764
     ],
     [
      -48.7975105,
      -25.499682
     ],
     [
      -48.7975134,
      -25.4996765
     ],
     [
      -48.7975166,
      -25.4996712
     ],
     [
      -48.7975199,
      -25.4996659
     ],
     [
      -48.7975234,
      -25.4996608
     ],
     [
      -48.7975272,
      -25.4996557
     ],
     [
      -48.7975311,
      -25.4996508
     ],
     [
      -48.7976545,
      -25.4995005
     ],
     [
      -48.7978083,
      -25.4993771
     ],
     [
      -48.7978136,
      -25.4993729
     ],
     [
      -48.7978191,
      -25.4993689
     ],
     [
      -48.7978248,
      -25.4993651
     ],
     [
      -48.7978306,
      -25.4993615
     ],
     [
      -48.7978365,
      -25.4993581
     ],
     [
      -48.7978426,
      -25.4993549
     ],
     [
      -48.7979377,
      -25.4993063
     ],
     [
      -48.7980079,
      -25.4992719
     ],
     [
      -48.7980805,
      -25.4992445
     ],
     [
      -48.7982723,
      -25.4991987
     ]
    ]
   },
   "properties": {
    "tipo": "via",
    "id": "via-17",
    "hierarquia": "principal",
    "comprimento_m": 626.84,
    "rampaMedia_pct": 0,
    "rampaMaxima_pct": 10,
    "faixaDominio_m": 8.4,
    "cotaInicial_m": 729.37,
    "cotaFinal_m": 729.37,
    "saiDaGleba": false
   }
  },
  {
   "type": "Feature",
   "geometry": {
    "type": "LineString",
    "coordinates": [
     [
      -48.7982723,
      -25.4991987
     ],
     [
      -48.7984701,
      -25.4991866
     ],
     [
      -48.7985572,
      -25.4991888
     ],
     [
      -48.7985647,
      -25.4991891
     ],
     [
      -48.7985722,
      -25.4991897
     ],
     [
      -48.7985796,
      -25.4991905
     ],
     [
      -48.798587,
      -25.4991916
     ],
     [
      -48.7985944,
      -25.4991929
     ],
     [
      -48.7986017,
      -25.4991945
     ],
     [
      -48.7986511,
      -25.4992062
     ],
     [
      -48.7988695,
      -25.4992684
     ],
     [
      -48.7988738,
      -25.4992697
     ],
     [
      -48.798878,
      -25.499271
     ],
     [
      -48.7988822,
      -25.4992724
     ],
     [
      -48.7988863,
      -25.4992739
     ],
     [
      -48.7988904,
      -25.4992755
     ],
     [
      -48.7988945,
      -25.4992772
     ],
     [
      -48.7990945,
      -25.4993625
     ],
     [
      -48.7992182,
      -25.4994349
     ],
     [
      -48.7992215,
      -25.4994368
     ],
     [
      -48.7992248,
      -25.4994389
     ],
     [
      -48.799228,
      -25.499441
     ],
     [
      -48.7992311,
      -25.4994431
     ],
     [
      -48.7992343,
      -25.4994453
     ],
     [
      -48.7992373,
      -25.4994476
     ],
     [
      -48.799348,
      -25.4995309
     ],
     [
      -48.7994881,
      -25.4996622
     ],
     [
      -48.7996114,
      -25.4998031
     ],
     [
      -48.7996702,
      -25.4998866
     ],
     [
      -48.7996774,
      -25.4998959
     ],
     [
      -48.7996853,
      -25.4999044
     ],
     [
      -48.7996939,
      -25.4999122
     ],
     [
      -48.7997033,
      -25.4999193
     ],
     [
      -48.7997134,
      -25.4999256
     ],
     [
      -48.7997243,
      -25.4999311
     ],
     [
      -48.799758,
      -25.4999466
     ]
    ]
   },
   "properties": {
    "tipo": "via",
    "id": "via-18",
    "hierarquia": "principal",
    "comprimento_m": 180.31,
    "rampaMedia_pct": 1.53,
    "rampaMaxima_pct": 10.01,
    "faixaDominio_m": 8.4,
    "cotaInicial_m": 729.37,
    "cotaFinal_m": 726.61,
    "saiDaGleba": false
   }
  },
  {
   "type": "Feature",
   "geometry": {
    "type": "LineString",
    "coordinates": [
     [
      -48.7986508,
      -25.4992072
     ],
     [
      -48.7985894,
      -25.4991887
     ]
    ]
   },
   "properties": {
    "tipo": "via",
    "id": "via-19",
    "hierarquia": "principal",
    "comprimento_m": 6.51,
    "rampaMedia_pct": 1.14,
    "rampaMaxima_pct": 1.14,
    "faixaDominio_m": 8.4,
    "cotaInicial_m": 728.96,
    "cotaFinal_m": 728.89,
    "saiDaGleba": false
   }
  },
  {
   "type": "Feature",
   "geometry": {
    "type": "LineString",
    "coordinates": [
     [
      -48.7999746,
      -25.496254
     ],
     [
      -48.7999399,
      -25.4962726
     ],
     [
      -48.7999355,
      -25.4962751
     ],
     [
      -48.7999314,
      -25.4962779
     ],
     [
      -48.7999275,
      -25.496281
     ],
     [
      -48.7999239,
      -25.4962842
     ],
     [
      -48.7999206,
      -25.4962878
     ],
     [
      -48.7999175,
      -25.4962916
     ],
     [
      -48.7999175,
      -25.4962916
     ],
     [
      -48.7999147,
      -25.4962956
     ],
     [
      -48.7999122,
      -25.4962997
     ],
     [
      -48.79991,
      -25.4963039
     ],
     [
      -48.7999081,
      -25.4963083
     ],
     [
      -48.7999066,
      -25.4963127
     ],
     [
      -48.7999053,
      -25.4963173
     ],
     [
      -48.7998484,
      -25.4965653
     ],
     [
      -48.7998071,
      -25.4968479
     ],
     [
      -48.7997772,
      -25.4970563
     ],
     [
      -48.7997765,
      -25.4970611
     ],
     [
      -48.7997756,
      -25.4970659
     ],
     [
      -48.7997745,
      -25.4970706
     ],
     [
      -48.7997734,
      -25.4970753
     ],
     [
      -48.7997721,
      -25.49708
     ],
     [
      -48.7997706,
      -25.4970846
     ],
     [
      -48.7997388,
      -25.4971815
     ],
     [
      -48.7997369,
      -25.4971869
     ],
     [
      -48.7997348,
      -25.4971923
     ],
     [
      -48.7997326,
      -25.4971976
     ],
     [
      -48.7997301,
      -25.4972028
     ],
     [
      -48.7997275,
      -25.497208
     ],
     [
      -48.7997247,
      -25.4972131
     ],
     [
      -48.7996936,
      -25.4972675
     ],
     [
      -48.7995902,
      -25.4973745
     ],
     [
      -48.7994458,
      -25.4974385
     ],
     [
      -48.7992709,
      -25.4974676
     ],
     [
      -48.7992652,
      -25.4974685
     ],
     [
      -48.7992595,
      -25.4974692
     ],
     [
      -48.7992537,
      -25.4974697
     ],
     [
      -48.7992479,
      -25.4974702
     ],
     [
      -48.7992421,
      -25.4974704
     ],
     [
      -48.7992363,
      -25.4974705
     ],
     [
      -48.7990551,
      -25.4974716
     ],
     [
      -48.7986641,
      -25.4974095
     ],
     [
      -48.7984372,
      -25.4973444
     ],
     [
      -48.7982394,
      -25.4972538
     ],
     [
      -48.7982327,
      -25.4972506
     ],
     [
      -48.7982261,
      -25.4972471
     ],
     [
      -48.7982197,
      -25.4972435
     ],
     [
      -48.7982134,
      -25.4972396
     ],
     [
      -48.7982073,
      -25.4972354
     ],
     [
      -48.7982013,
      -25.4972311
     ],
     [
      -48.7980622,
      -25.4971254
     ],
     [
      -48.7980572,
      -25.4971214
     ],
     [
      -48.7980523,
      -25.4971174
     ],
     [
      -48.7980476,
      -25.4971132
     ],
     [
      -48.7980431,
      -25.4971088
     ],
     [
      -48.7980387,
      -25.4971043
     ],
     [
      -48.7980345,
      -25.4970997
     ],
     [
      -48.79799,
      -25.4970492
     ],
     [
      -48.7979264,
      -25.4969758
     ],
     [
      -48.7979229,
      -25.4969718
     ],
     [
      -48.7979197,
      -25.4969676
     ],
     [
      -48.7979165,
      -25.4969634
     ],
     [
      -48.7979135,
      -25.4969591
     ],
     [
      -48.7979106,
      -25.4969547
     ],
     [
      -48.7979078,
      -25.4969503
     ],
     [
      -48.7978162,
      -25.4967971
     ],
     [
      -48.797814,
      -25.4967933
     ],
     [
      -48.797812,
      -25.4967895
     ],
     [
      -48.79781,
      -25.4967856
     ],
     [
      -48.7978081,
      -25.4967817
     ],
     [
      -48.7978063,
      -25.4967778
     ],
     [
      -48.7978046,
      -25.4967738
     ],
     [
      -48.7977092,
      -25.4965408
     ],
     [
      -48.7976557,
      -25.4964083
     ],
     [
      -48.797518,
      -25.4960662
     ]
    ]
   },
   "properties": {
    "tipo": "via",
    "id": "via-20",
    "hierarquia": "principal",
    "comprimento_m": 429.18,
    "rampaMedia_pct": 0.22,
    "rampaMaxima_pct": 10,
    "faixaDominio_m": 8.4,
    "cotaInicial_m": 710.44,
    "cotaFinal_m": 709.49,
    "saiDaGleba": true
   }
  },
  {
   "type": "Feature",
   "geometry": {
    "type": "LineString",
    "coordinates": [
     [
      -48.7954557,
      -25.5026561
     ],
     [
      -48.7957191,
      -25.5026218
     ],
     [
      -48.7957231,
      -25.5026213
     ],
     [
      -48.7957272,
      -25.5026209
     ],
     [
      -48.7957312,
      -25.5026206
     ],
     [
      -48.7957353,
      -25.5026203
     ],
     [
      -48.7957393,
      -25.5026201
     ],
     [
      -48.7957434,
      -25.50262
     ],
     [
      -48.7959273,
      -25.5026168
     ],
     [
      -48.7960486,
      -25.5026277
     ],
     [
      -48.7961237,
      -25.5026361
     ],
     [
      -48.7961282,
      -25.5026366
     ],
     [
      -48.7961327,
      -25.5026372
     ],
     [
      -48.7961371,
      -25.502638
     ],
     [
      -48.7961415,
      -25.5026388
     ],
     [
      -48.7961459,
      -25.5026397
     ],
     [
      -48.7961503,
      -25.5026407
     ],
     [
      -48.7963481,
      -25.5026881
     ],
     [
      -48.7963532,
      -25.5026894
     ],
     [
      -48.7963582,
      -25.5026908
     ],
     [
      -48.7963631,
      -25.5026923
     ],
     [
      -48.796368,
      -25.5026939
     ],
     [
      -48.7963729,
      -25.5026956
     ],
     [
      -48.7963777,
      -25.5026975
     ],
     [
      -48.7965285,
      -25.502758
     ],
     [
      -48.7965324,
      -25.5027595
     ],
     [
      -48.7965362,
      -25.5027612
     ],
     [
      -48.79654,
      -25.502763
     ],
     [
      -48.7965437,
      -25.5027648
     ],
     [
      -48.7965474,
      -25.5027666
     ],
     [
      -48.7965511,
      -25.5027686
     ],
     [
      -48.7966739,
      -25.502836
     ],
     [
      -48.7969194,
      -25.5029914
     ],
     [
      -48.7969232,
      -25.5029939
     ],
     [
      -48.7969269,
      -25.5029964
     ],
     [
      -48.7969306,
      -25.502999
     ],
     [
      -48.7969342,
      -25.5030017
     ],
     [
      -48.7969377,
      -25.5030045
     ],
     [
      -48.7969412,
      -25.5030074
     ],
     [
      -48.7971207,
      -25.5031591
     ]
    ]
   },
   "properties": {
    "tipo": "via",
    "id": "via-21",
    "hierarquia": "principal",
    "comprimento_m": 185.15,
    "rampaMedia_pct": 0.36,
    "rampaMaxima_pct": 14.83,
    "faixaDominio_m": 8.4,
    "cotaInicial_m": 731.69,
    "cotaFinal_m": 732.37,
    "saiDaGleba": true
   }
  },
  {
   "type": "Feature",
   "geometry": {
    "type": "LineString",
    "coordinates": [
     [
      -48.7966025,
      -25.5014742
     ],
     [
      -48.7966227,
      -25.5014323
     ],
     [
      -48.7966277,
      -25.501421
     ],
     [
      -48.7966317,
      -25.5014096
     ],
     [
      -48.796635,
      -25.501398
     ],
     [
      -48.7966373,
      -25.5013862
     ],
     [
      -48.7966388,
      -25.5013743
     ],
     [
      -48.7966394,
      -25.5013622
     ],
     [
      -48.7966441,
      -25.5010264
     ],
     [
      -48.7966425,
      -25.5009568
     ],
     [
      -48.7966344,
      -25.5005959
     ],
     [
      -48.7966278,
      -25.5003074
     ],
     [
      -48.7966347,
      -25.5001993
     ],
     [
      -48.7966531,
      -25.5000293
     ],
     [
      -48.7966535,
      -25.5000261
     ],
     [
      -48.7966539,
      -25.5000229
     ],
     [
      -48.7966544,
      -25.5000197
     ],
     [
      -48.796655,
      -25.5000166
     ],
     [
      -48.7966556,
      -25.5000134
     ],
     [
      -48.7966563,
      -25.5000103
     ],
     [
      -48.7966974,
      -25.4998304
     ],
     [
      -48.7966982,
      -25.4998268
     ],
     [
      -48.7966992,
      -25.4998231
     ],
     [
      -48.7967003,
      -25.4998195
     ],
     [
      -48.7967014,
      -25.4998158
     ],
     [
      -48.7967026,
      -25.4998122
     ],
     [
      -48.7967039,
      -25.4998087
     ],
     [
      -48.7967684,
      -25.4996375
     ],
     [
      -48.7967819,
      -25.4996029
     ],
     [
      -48.7968653,
      -25.4994406
     ],
     [
      -48.7969534,
      -25.4992963
     ],
     [
      -48.7969562,
      -25.4992919
     ],
     [
      -48.7969591,
      -25.4992875
     ],
     [
      -48.7969622,
      -25.4992832
     ],
     [
      -48.7969654,
      -25.499279
     ],
     [
      -48.7969687,
      -25.4992749
     ],
     [
      -48.7969722,
      -25.4992709
     ],
     [
      -48.7971106,
      -25.4991142
     ],
     [
      -48.7972309,
      -25.4990199
     ],
     [
      -48.7973341,
      -25.4989395
     ],
     [
      -48.7973438,
      -25.4989311
     ],
     [
      -48.7973524,
      -25.4989221
     ],
     [
      -48.79736,
      -25.4989125
     ],
     [
      -48.7973664,
      -25.4989023
     ],
     [
      -48.7973718,
      -25.4988914
     ],
     [
      -48.797376,
      -25.4988799
     ],
     [
      -48.7973871,
      -25.4988444
     ]
    ]
   },
   "properties": {
    "tipo": "via",
    "id": "via-22",
    "hierarquia": "principal",
    "comprimento_m": 315.38,
    "rampaMedia_pct": 0.62,
    "rampaMaxima_pct": 10.01,
    "faixaDominio_m": 8.4,
    "cotaInicial_m": 725.12,
    "cotaFinal_m": 723.15,
    "saiDaGleba": false
   }
  },
  {
   "type": "Feature",
   "geometry": {
    "type": "LineString",
    "coordinates": [
     [
      -48.7968966,
      -25.4969129
     ],
     [
      -48.7968676,
      -25.496939
     ],
     [
      -48.7968584,
      -25.4969479
     ],
     [
      -48.7968503,
      -25.4969574
     ],
     [
      -48.7968432,
      -25.4969674
     ],
     [
      -48.7968371,
      -25.496978
     ],
     [
      -48.796832,
      -25.4969891
     ],
     [
      -48.796828,
      -25.4970008
     ],
     [
      -48.7967921,
      -25.4971221
     ],
     [
      -48.7967906,
      -25.4971268
     ],
     [
      -48.796789,
      -25.4971314
     ],
     [
      -48.7967873,
      -25.497136
     ],
     [
      -48.7967854,
      -25.4971406
     ],
     [
      -48.7967834,
      -25.4971451
     ],
     [
      -48.7967813,
      -25.4971495
     ],
     [
      -48.7966614,
      -25.4973906
     ],
     [
      -48.7964667,
      -25.4976889
     ],
     [
      -48.7964647,
      -25.4976918
     ],
     [
      -48.7964626,
      -25.4976948
     ],
     [
      -48.7964605,
      -25.4976977
     ],
     [
      -48.7964583,
      -25.4977006
     ],
     [
      -48.7964561,
      -25.4977034
     ],
     [
      -48.7964538,
      -25.4977062
     ],
     [
      -48.7963787,
      -25.4977957
     ],
     [
      -48.7963759,
      -25.4977989
     ],
     [
      -48.7963731,
      -25.497802
     ],
     [
      -48.7963702,
      -25.4978051
     ],
     [
      -48.7963672,
      -25.4978081
     ],
     [
      -48.7963641,
      -25.4978111
     ],
     [
      -48.796361,
      -25.497814
     ],
     [
      -48.7962875,
      -25.4978806
     ],
     [
      -48.7962837,
      -25.497884
     ],
     [
      -48.7962798,
      -25.4978872
     ],
     [
      -48.7962759,
      -25.4978903
     ],
     [
      -48.7962718,
      -25.4978934
     ],
     [
      -48.7962677,
      -25.4978963
     ],
     [
      -48.7962634,
      -25.4978992
     ],
     [
      -48.7961794,
      -25.4979543
     ],
     [
      -48.7960117,
      -25.4980301
     ],
     [
      -48.7960036,
      -25.4980336
     ],
     [
      -48.7959953,
      -25.4980367
     ],
     [
      -48.7959869,
      -25.4980395
     ],
     [
      -48.7959783,
      -25.4980419
     ],
     [
      -48.7959697,
      -25.498044
     ],
     [
      -48.7959608,
      -25.4980457
     ],
     [
      -48.7958539,
      -25.4980645
     ],
     [
      -48.7958512,
      -25.498065
     ],
     [
      -48.7958485,
      -25.4980654
     ],
     [
      -48.7958457,
      -25.4980658
     ],
     [
      -48.7958429,
      -25.4980661
     ],
     [
      -48.7958402,
      -25.4980665
     ],
     [
      -48.7958374,
      -25.4980668
     ],
     [
      -48.7954531,
      -25.4981042
     ]
    ]
   },
   "properties": {
    "tipo": "via",
    "id": "via-23",
    "hierarquia": "principal",
    "comprimento_m": 214.23,
    "rampaMedia_pct": 0.33,
    "rampaMaxima_pct": 10.01,
    "faixaDominio_m": 8.4,
    "cotaInicial_m": 718.87,
    "cotaFinal_m": 719.57,
    "saiDaGleba": true
   }
  },
  {
   "type": "Feature",
   "geometry": {
    "type": "LineString",
    "coordinates": [
     [
      -48.8039609,
      -25.4993406
     ],
     [
      -48.8041212,
      -25.4992753
     ],
     [
      -48.8041829,
      -25.4992323
     ]
    ]
   },
   "properties": {
    "tipo": "via",
    "id": "via-24",
    "hierarquia": "principal",
    "comprimento_m": 25.48,
    "rampaMedia_pct": 0.22,
    "rampaMaxima_pct": 2.48,
    "faixaDominio_m": 8.4,
    "cotaInicial_m": 723.57,
    "cotaFinal_m": 723.52,
    "saiDaGleba": false
   }
  },
  {
   "type": "Feature",
   "geometry": {
    "type": "LineString",
    "coordinates": [
     [
      -48.801175,
      -25.4967235
     ],
     [
      -48.8011531,
      -25.4966991
     ],
     [
      -48.8011462,
      -25.4966908
     ],
     [
      -48.8011399,
      -25.4966822
     ],
     [
      -48.8011343,
      -25.4966732
     ],
     [
      -48.8011294,
      -25.4966639
     ],
     [
      -48.8011252,
      -25.4966543
     ],
     [
      -48.8011216,
      -25.4966444
     ],
     [
      -48.8011012,
      -25.4965801
     ],
     [
      -48.8010975,
      -25.4964918
     ],
     [
      -48.8010973,
      -25.4964834
     ],
     [
      -48.8010976,
      -25.496475
     ],
     [
      -48.8010983,
      -25.4964667
     ],
     [
      -48.8010995,
      -25.4964583
     ],
     [
      -48.8011011,
      -25.4964501
     ],
     [
      -48.8011031,
      -25.4964419
     ],
     [
      -48.801123,
      -25.4963682
     ],
     [
      -48.8011766,
      -25.4962605
     ],
     [
      -48.8011807,
      -25.4962529
     ],
     [
      -48.801185,
      -25.4962455
     ],
     [
      -48.8011898,
      -25.4962383
     ],
     [
      -48.8011949,
      -25.4962313
     ],
     [
      -48.8012004,
      -25.4962246
     ],
     [
      -48.8012062,
      -25.496218
     ],
     [
      -48.801315,
      -25.4961016
     ],
     [
      -48.8013687,
      -25.4960459
     ]
    ]
   },
   "properties": {
    "tipo": "via",
    "id": "via-25",
    "hierarquia": "principal",
    "comprimento_m": 85.34,
    "rampaMedia_pct": 0.98,
    "rampaMaxima_pct": 6.45,
    "faixaDominio_m": 8.4,
    "cotaInicial_m": 718.73,
    "cotaFinal_m": 719.56,
    "saiDaGleba": true
   }
  },
  {
   "type": "Feature",
   "geometry": {
    "type": "LineString",
    "coordinates": [
     [
      -48.8023282,
      -25.499109
     ],
     [
      -48.8023421,
      -25.4990647
     ],
     [
      -48.802344,
      -25.4990592
     ],
     [
      -48.802346,
      -25.4990538
     ],
     [
      -48.8023482,
      -25.4990485
     ],
     [
      -48.8023506,
      -25.4990432
     ],
     [
      -48.8023531,
      -25.499038
     ],
     [
      -48.8023559,
      -25.4990329
     ],
     [
      -48.802523,
      -25.498733
     ],
     [
      -48.8026746,
      -25.4984664
     ]
    ]
   },
   "properties": {
    "tipo": "via",
    "id": "via-26",
    "hierarquia": "principal",
    "comprimento_m": 79.36,
    "rampaMedia_pct": 0.26,
    "rampaMaxima_pct": 6.91,
    "faixaDominio_m": 8.4,
    "cotaInicial_m": 710.58,
    "cotaFinal_m": 710.38,
    "saiDaGleba": false
   }
  },
  {
   "type": "Feature",
   "geometry": {
    "type": "LineString",
    "coordinates": [
     [
      -48.7965896,
      -25.5029563
     ],
     [
      -48.7966821,
      -25.5030313
     ],
     [
      -48.7966882,
      -25.5030365
     ],
     [
      -48.796694,
      -25.5030418
     ],
     [
      -48.7966996,
      -25.5030474
     ],
     [
      -48.7967049,
      -25.5030531
     ],
     [
      -48.7967099,
      -25.5030591
     ],
     [
      -48.7967147,
      -25.5030653
     ],
     [
      -48.7968744,
      -25.5032809
     ],
     [
      -48.7969496,
      -25.5034015
     ],
     [
      -48.7969519,
      -25.5034052
     ],
     [
      -48.796954,
      -25.5034089
     ],
     [
      -48.7969561,
      -25.5034126
     ],
     [
      -48.796958,
      -25.5034165
     ],
     [
      -48.7969598,
      -25.5034203
     ],
     [
      -48.7969616,
      -25.5034242
     ],
     [
      -48.7970484,
      -25.5036239
     ]
    ]
   },
   "properties": {
    "tipo": "via",
    "id": "via-27",
    "hierarquia": "principal",
    "comprimento_m": 88.18,
    "rampaMedia_pct": 0.02,
    "rampaMaxima_pct": 10,
    "faixaDominio_m": 8.4,
    "cotaInicial_m": 734.19,
    "cotaFinal_m": 734.18,
    "saiDaGleba": true
   }
  },
  {
   "type": "Feature",
   "geometry": {
    "type": "LineString",
    "coordinates": [
     [
      -48.7958461,
      -25.5017371
     ],
     [
      -48.796118,
      -25.5016191
     ],
     [
      -48.7961284,
      -25.5016142
     ],
     [
      -48.7961385,
      -25.5016088
     ],
     [
      -48.7961481,
      -25.5016029
     ],
     [
      -48.7961574,
      -25.5015965
     ],
     [
      -48.7961662,
      -25.5015896
     ],
     [
      -48.7961746,
      -25.5015822
     ],
     [
      -48.7962142,
      -25.5015453
     ],
     [
      -48.7962191,
      -25.5015406
     ],
     [
      -48.7962238,
      -25.5015357
     ],
     [
      -48.7962283,
      -25.5015306
     ],
     [
      -48.7962326,
      -25.5015254
     ],
     [
      -48.7962367,
      -25.5015201
     ],
     [
      -48.7962406,
      -25.5015146
     ],
     [
      -48.7963526,
      -25.501351
     ],
     [
      -48.7964413,
      -25.5012
     ],
     [
      -48.7964457,
      -25.5011919
     ],
     [
      -48.7964497,
      -25.5011837
     ],
     [
      -48.7964532,
      -25.5011754
     ],
     [
      -48.7964563,
      -25.5011669
     ],
     [
      -48.7964589,
      -25.5011583
     ],
     [
      -48.796461,
      -25.5011495
     ],
     [
      -48.7964867,
      -25.5010298
     ]
    ]
   },
   "properties": {
    "tipo": "via",
    "id": "via-28",
    "hierarquia": "principal",
    "comprimento_m": 107.13,
    "rampaMedia_pct": 0.04,
    "rampaMaxima_pct": 8.34,
    "faixaDominio_m": 8.4,
    "cotaInicial_m": 724.12,
    "cotaFinal_m": 724.08,
    "saiDaGleba": true
   }
  },
  {
   "type": "Feature",
   "geometry": {
    "type": "LineString",
    "coordinates": [
     [
      -48.8021292,
      -25.5020895
     ],
     [
      -48.8021807,
      -25.5020973
     ],
     [
      -48.8021884,
      -25.5020986
     ],
     [
      -48.8021959,
      -25.5021002
     ],
     [
      -48.8022034,
      -25.502102
     ],
     [
      -48.8022108,
      -25.5021041
     ],
     [
      -48.8022181,
      -25.5021065
     ],
     [
      -48.8022254,
      -25.5021091
     ],
     [
      -48.8023223,
      -25.5021463
     ],
     [
      -48.8023261,
      -25.5021478
     ],
     [
      -48.8023299,
      -25.5021494
     ],
     [
      -48.8023336,
      -25.502151
     ],
     [
      -48.8023374,
      -25.5021528
     ],
     [
      -48.802341,
      -25.5021546
     ],
     [
      -48.8023447,
      -25.5021564
     ],
     [
      -48.8025527,
      -25.502266
     ],
     [
      -48.8025583,
      -25.502269
     ],
     [
      -48.8025637,
      -25.5022722
     ],
     [
      -48.802569,
      -25.5022755
     ],
     [
      -48.8025741,
      -25.502279
     ],
     [
      -48.8025792,
      -25.5022826
     ],
     [
      -48.8025841,
      -25.5022864
     ],
     [
      -48.8027107,
      -25.5023872
     ],
     [
      -48.8027143,
      -25.5023901
     ],
     [
      -48.8027177,
      -25.502393
     ],
     [
      -48.8027211,
      -25.5023961
     ],
     [
      -48.8027243,
      -25.5023991
     ],
     [
      -48.8027275,
      -25.5024023
     ],
     [
      -48.8027307,
      -25.5024055
     ],
     [
      -48.8027808,
      -25.5024587
     ],
     [
      -48.8028912,
      -25.5025819
     ]
    ]
   },
   "properties": {
    "tipo": "via",
    "id": "via-29",
    "hierarquia": "principal",
    "comprimento_m": 96.23,
    "rampaMedia_pct": 1.24,
    "rampaMaxima_pct": 10.01,
    "faixaDominio_m": 8.4,
    "cotaInicial_m": 723.9,
    "cotaFinal_m": 725.09,
    "saiDaGleba": true
   }
  },
  {
   "type": "Feature",
   "geometry": {
    "type": "LineString",
    "coordinates": [
     [
      -48.796417,
      -25.5036965
     ],
     [
      -48.7963873,
      -25.5035218
     ]
    ]
   },
   "properties": {
    "tipo": "via",
    "id": "via-30",
    "hierarquia": "principal",
    "comprimento_m": 19.59,
    "rampaMedia_pct": 0.87,
    "rampaMaxima_pct": 0.87,
    "faixaDominio_m": 8.4,
    "cotaInicial_m": 737.74,
    "cotaFinal_m": 737.92,
    "saiDaGleba": true
   }
  },
  {
   "type": "Feature",
   "geometry": {
    "type": "LineString",
    "coordinates": [
     [
      -48.8046084,
      -25.5018286
     ],
     [
      -48.8046178,
      -25.5022609
     ],
     [
      -48.8046178,
      -25.5022635
     ],
     [
      -48.8046177,
      -25.502266
     ],
     [
      -48.8046176,
      -25.5022686
     ],
     [
      -48.8046174,
      -25.5022711
     ],
     [
      -48.8046171,
      -25.5022736
     ],
     [
      -48.8046167,
      -25.5022762
     ],
     [
      -48.8045963,
      -25.502399
     ],
     [
      -48.8045957,
      -25.5024022
     ],
     [
      -48.804595,
      -25.5024053
     ],
     [
      -48.8045941,
      -25.5024085
     ],
     [
      -48.8045932,
      -25.5024116
     ],
     [
      -48.8045921,
      -25.5024146
     ],
     [
      -48.8045909,
      -25.5024177
     ],
     [
      -48.8045324,
      -25.5025568
     ],
     [
      -48.8045306,
      -25.5025615
     ],
     [
      -48.8045291,
      -25.5025662
     ],
     [
      -48.8045279,
      -25.502571
     ],
     [
      -48.804527,
      -25.5025758
     ],
     [
      -48.8045263,
      -25.5025807
     ],
     [
      -48.804526,
      -25.5025856
     ],
     [
      -48.8045247,
      -25.502618
     ],
     [
      -48.8045246,
      -25.502623
     ],
     [
      -48.8045248,
      -25.5026279
     ],
     [
      -48.8045254,
      -25.5026327
     ],
     [
      -48.8045262,
      -25.5026375
     ],
     [
      -48.8045273,
      -25.5026423
     ],
     [
      -48.8045287,
      -25.5026471
     ],
     [
      -48.8045476,
      -25.5027047
     ],
     [
      -48.8045489,
      -25.5027083
     ],
     [
      -48.8045503,
      -25.5027119
     ],
     [
      -48.8045519,
      -25.5027154
     ],
     [
      -48.8045537,
      -25.5027188
     ],
     [
      -48.8045556,
      -25.5027222
     ],
     [
      -48.8045577,
      -25.5027255
     ],
     [
      -48.8046322,
      -25.502838
     ],
     [
      -48.804733,
      -25.5029865
     ],
     [
      -48.8047353,
      -25.5029897
     ],
     [
      -48.8047377,
      -25.5029928
     ],
     [
      -48.8047403,
      -25.5029958
     ],
     [
      -48.804743,
      -25.5029987
     ],
     [
      -48.8047458,
      -25.5030015
     ],
     [
      -48.8047488,
      -25.5030042
     ],
     [
      -48.8049626,
      -25.5031909
     ],
     [
      -48.8049642,
      -25.5031923
     ],
     [
      -48.8049658,
      -25.5031936
     ],
     [
      -48.8049675,
      -25.5031949
     ],
     [
      -48.8049692,
      -25.5031962
     ],
     [
      -48.8049709,
      -25.5031974
     ],
     [
      -48.8049726,
      -25.5031986
     ],
     [
      -48.8052201,
      -25.503364
     ],
     [
      -48.8052216,
      -25.503365
     ],
     [
      -48.8052231,
      -25.5033659
     ],
     [
      -48.8052246,
      -25.5033668
     ],
     [
      -48.8052261,
      -25.5033677
     ],
     [
      -48.8052277,
      -25.5033686
     ],
     [
      -48.8052292,
      -25.5033694
     ],
     [
      -48.8054244,
      -25.5034721
     ],
     [
      -48.8054255,
      -25.5034727
     ],
     [
      -48.8054267,
      -25.5034733
     ],
     [
      -48.8054279,
      -25.5034738
     ],
     [
      -48.805429,
      -25.5034744
     ],
     [
      -48.8054302,
      -25.5034749
     ],
     [
      -48.8054314,
      -25.5034755
     ],
     [
      -48.8056073,
      -25.5035516
     ]
    ]
   },
   "properties": {
    "tipo": "via",
    "id": "via-31",
    "hierarquia": "local",
    "comprimento_m": 243.9,
    "rampaMedia_pct": 2.11,
    "rampaMaxima_pct": 10.02,
    "faixaDominio_m": 8.4,
    "cotaInicial_m": 718.94,
    "cotaFinal_m": 724.09,
    "saiDaGleba": true
   }
  },
  {
   "type": "Feature",
   "geometry": {
    "type": "LineString",
    "coordinates": [
     [
      -48.8047854,
      -25.5017352
     ],
     [
      -48.8047617,
      -25.501679
     ],
     [
      -48.8047604,
      -25.501676
     ],
     [
      -48.8047593,
      -25.5016729
     ],
     [
      -48.8047584,
      -25.5016698
     ],
     [
      -48.8047575,
      -25.5016666
     ],
     [
      -48.8047568,
      -25.5016634
     ],
     [
      -48.8047562,
      -25.5016602
     ],
     [
      -48.8046464,
      -25.5010002
     ],
     [
      -48.8045615,
      -25.5005842
     ],
     [
      -48.8045612,
      -25.5005825
     ],
     [
      -48.8045609,
      -25.5005809
     ],
     [
      -48.8045607,
      -25.5005792
     ],
     [
      -48.8045604,
      -25.5005775
     ],
     [
      -48.8045603,
      -25.5005759
     ],
     [
      -48.8045601,
      -25.5005742
     ],
     [
      -48.8045381,
      -25.5002949
     ],
     [
      -48.804538,
      -25.5002937
     ],
     [
      -48.8045379,
      -25.5002924
     ],
     [
      -48.8045378,
      -25.5002911
     ],
     [
      -48.8045376,
      -25.5002899
     ],
     [
      -48.8045374,
      -25.5002886
     ],
     [
      -48.8045372,
      -25.5002874
     ],
     [
      -48.8045084,
      -25.5001208
     ],
     [
      -48.8045078,
      -25.5001178
     ],
     [
      -48.8045071,
      -25.5001148
     ],
     [
      -48.8045063,
      -25.5001119
     ],
     [
      -48.8045054,
      -25.5001089
     ],
     [
      -48.8045044,
      -25.500106
     ],
     [
      -48.8045033,
      -25.5001031
     ],
     [
      -48.804286,
      -25.4995769
     ],
     [
      -48.8042854,
      -25.4995754
     ],
     [
      -48.8042848,
      -25.499574
     ],
     [
      -48.8042841,
      -25.4995725
     ],
     [
      -48.8042834,
      -25.4995711
     ],
     [
      -48.8042827,
      -25.4995697
     ],
     [
      -48.8042819,
      -25.4995683
     ],
     [
      -48.8041212,
      -25.4992753
     ],
     [
      -48.804108,
      -25.4992472
     ],
     [
      -48.8040152,
      -25.499048
     ]
    ]
   },
   "properties": {
    "tipo": "via",
    "id": "via-32",
    "hierarquia": "local",
    "comprimento_m": 310.21,
    "rampaMedia_pct": 0.12,
    "rampaMaxima_pct": 10.03,
    "faixaDominio_m": 8.4,
    "cotaInicial_m": 721.49,
    "cotaFinal_m": 721.12,
    "saiDaGleba": true
   }
  },
  {
   "type": "Feature",
   "geometry": {
    "type": "LineString",
    "coordinates": [
     [
      -48.8044961,
      -25.500077
     ],
     [
      -48.8045306,
      -25.500053
     ],
     [
      -48.8045368,
      -25.5000482
     ],
     [
      -48.8045425,
      -25.500043
     ],
     [
      -48.8045475,
      -25.5000375
     ],
     [
      -48.8045519,
      -25.5000315
     ],
     [
      -48.8045557,
      -25.5000251
     ],
     [
      -48.8045588,
      -25.5000183
     ],
     [
      -48.8045639,
      -25.5000058
     ],
     [
      -48.804565,
      -25.5000029
     ],
     [
      -48.804566,
      -25.5
     ],
     [
      -48.8045669,
      -25.4999971
     ],
     [
      -48.8045677,
      -25.4999942
     ],
     [
      -48.8045684,
      -25.4999912
     ],
     [
      -48.804569,
      -25.4999883
     ],
     [
      -48.8046568,
      -25.4994767
     ],
     [
      -48.8046572,
      -25.4994742
     ],
     [
      -48.8046575,
      -25.4994717
     ],
     [
      -48.8046578,
      -25.4994692
     ],
     [
      -48.8046579,
      -25.4994667
     ],
     [
      -48.804658,
      -25.4994642
     ],
     [
      -48.804658,
      -25.4994617
     ],
     [
      -48.8046539,
      -25.4991782
     ],
     [
      -48.8046484,
      -25.4988457
     ]
    ]
   },
   "properties": {
    "tipo": "via",
    "id": "via-33",
    "hierarquia": "local",
    "comprimento_m": 139.97,
    "rampaMedia_pct": 4.91,
    "rampaMaxima_pct": 10.01,
    "faixaDominio_m": 8.4,
    "cotaInicial_m": 727.36,
    "cotaFinal_m": 720.48,
    "saiDaGleba": false
   }
  },
  {
   "type": "Feature",
   "geometry": {
    "type": "LineString",
    "coordinates": [
     [
      -48.8056054,
      -25.4978239
     ],
     [
      -48.8054559,
      -25.4977974
     ],
     [
      -48.8054538,
      -25.497797
     ],
     [
      -48.8054516,
      -25.4977966
     ],
     [
      -48.8054495,
      -25.4977961
     ],
     [
      -48.8054473,
      -25.4977955
     ],
     [
      -48.8054452,
      -25.4977949
     ],
     [
      -48.8054431,
      -25.4977943
     ],
     [
      -48.8052716,
      -25.4977416
     ],
     [
      -48.8052695,
      -25.497741
     ],
     [
      -48.8052675,
      -25.4977402
     ],
     [
      -48.8052654,
      -25.4977395
     ],
     [
      -48.8052634,
      -25.4977387
     ],
     [
      -48.8052614,
      -25.4977379
     ],
     [
      -48.8052593,
      -25.497737
     ],
     [
      -48.8050119,
      -25.4976256
     ],
     [
      -48.8048729,
      -25.4975624
     ],
     [
      -48.8048713,
      -25.4975617
     ],
     [
      -48.8048697,
      -25.4975609
     ],
     [
      -48.8048681,
      -25.4975601
     ],
     [
      -48.8048666,
      -25.4975593
     ],
     [
      -48.804865,
      -25.4975584
     ],
     [
      -48.8048635,
      -25.4975576
     ],
     [
      -48.8046303,
      -25.497421
     ],
     [
      -48.8044142,
      -25.4972807
     ],
     [
      -48.8044128,
      -25.4972798
     ],
     [
      -48.8044115,
      -25.4972789
     ],
     [
      -48.8044102,
      -25.497278
     ],
     [
      -48.8044089,
      -25.497277
     ],
     [
      -48.8044077,
      -25.4972761
     ],
     [
      -48.8044064,
      -25.4972751
     ],
     [
      -48.8042642,
      -25.4971618
     ],
     [
      -48.8042631,
      -25.4971608
     ],
     [
      -48.804262,
      -25.4971599
     ],
     [
      -48.8042609,
      -25.497159
     ],
     [
      -48.8042598,
      -25.497158
     ],
     [
      -48.8042588,
      -25.4971571
     ],
     [
      -48.8042577,
      -25.4971561
     ],
     [
      -48.8041096,
      -25.4970144
     ],
     [
      -48.8041062,
      -25.497011
     ],
     [
      -48.804103,
      -25.4970075
     ],
     [
      -48.8041,
      -25.4970038
     ],
     [
      -48.8040973,
      -25.497
     ],
     [
      -48.8040947,
      -25.4969961
     ],
     [
      -48.8040924,
      -25.496992
     ],
     [
      -48.8040723,
      -25.4969547
     ],
     [
      -48.8040692,
      -25.4969485
     ],
     [
      -48.8040667,
      -25.4969422
     ],
     [
      -48.8040647,
      -25.4969358
     ],
     [
      -48.8040633,
      -25.4969292
     ],
     [
      -48.8040624,
      -25.4969225
     ],
     [
      -48.8040621,
      -25.4969157
     ],
     [
      -48.8040617,
      -25.4968697
     ],
     [
      -48.8040618,
      -25.4968644
     ],
     [
      -48.8040623,
      -25.4968591
     ],
     [
      -48.8040631,
      -25.4968538
     ],
     [
      -48.8040643,
      -25.4968486
     ],
     [
      -48.8040658,
      -25.4968435
     ],
     [
      -48.8040676,
      -25.4968384
     ],
     [
      -48.804161,
      -25.4966033
     ],
     [
      -48.8041626,
      -25.4965989
     ],
     [
      -48.8041639,
      -25.4965945
     ],
     [
      -48.804165,
      -25.4965901
     ],
     [
      -48.8041659,
      -25.4965855
     ],
     [
      -48.8041665,
      -25.496581
     ],
     [
      -48.8041668,
      -25.4965764
     ],
     [
      -48.8041902,
      -25.4960546
     ]
    ]
   },
   "properties": {
    "tipo": "via",
    "id": "via-34",
    "hierarquia": "local",
    "comprimento_m": 287.2,
    "rampaMedia_pct": 2.38,
    "rampaMaxima_pct": 10.02,
    "faixaDominio_m": 8.4,
    "cotaInicial_m": 715.4,
    "cotaFinal_m": 708.55,
    "saiDaGleba": true
   }
  },
  {
   "type": "Feature",
   "geometry": {
    "type": "LineString",
    "coordinates": [
     [
      -48.8016479,
      -25.5036969
     ],
     [
      -48.8020056,
      -25.5034178
     ],
     [
      -48.802007,
      -25.5034168
     ],
     [
      -48.8020083,
      -25.5034157
     ],
     [
      -48.8020096,
      -25.5034146
     ],
     [
      -48.8020108,
      -25.5034135
     ],
     [
      -48.8020121,
      -25.5034123
     ],
     [
      -48.8020133,
      -25.5034112
     ],
     [
      -48.8023906,
      -25.5030463
     ],
     [
      -48.8026606,
      -25.5027889
     ],
     [
      -48.8028912,
      -25.5025819
     ],
     [
      -48.8034259,
      -25.5021214
     ],
     [
      -48.8034282,
      -25.5021195
     ],
     [
      -48.8034306,
      -25.5021176
     ],
     [
      -48.8034331,
      -25.5021158
     ],
     [
      -48.8034356,
      -25.5021141
     ],
     [
      -48.8034381,
      -25.5021125
     ],
     [
      -48.8034408,
      -25.5021109
     ],
     [
      -48.8035215,
      -25.502064
     ],
     [
      -48.8035248,
      -25.5020622
     ],
     [
      -48.8035282,
      -25.5020604
     ],
     [
      -48.8035316,
      -25.5020589
     ],
     [
      -48.8035351,
      -25.5020574
     ],
     [
      -48.8035387,
      -25.502056
     ],
     [
      -48.8035424,
      -25.5020548
     ],
     [
      -48.8036894,
      -25.5020083
     ],
     [
      -48.8036941,
      -25.5020069
     ],
     [
      -48.8036989,
      -25.5020058
     ],
     [
      -48.8037037,
      -25.5020048
     ],
     [
      -48.8037085,
      -25.5020041
     ],
     [
      -48.8037134,
      -25.5020036
     ],
     [
      -48.8037183,
      -25.5020033
     ],
     [
      -48.8037598,
      -25.5020018
     ],
     [
      -48.8037646,
      -25.5020018
     ],
     [
      -48.8037695,
      -25.5020019
     ],
     [
      -48.8037744,
      -25.5020023
     ],
     [
      -48.8037792,
      -25.5020029
     ],
     [
      -48.803784,
      -25.5020037
     ],
     [
      -48.8037887,
      -25.5020047
     ],
     [
      -48.8038906,
      -25.5020288
     ]
    ]
   },
   "properties": {
    "tipo": "via",
    "id": "via-35",
    "hierarquia": "local",
    "comprimento_m": 300.21,
    "rampaMedia_pct": 8.23,
    "rampaMaxima_pct": 15.22,
    "faixaDominio_m": 8.4,
    "cotaInicial_m": 743.41,
    "cotaFinal_m": 718.7,
    "saiDaGleba": true
   }
  },
  {
   "type": "Feature",
   "geometry": {
    "type": "LineString",
    "coordinates": [
     [
      -48.8036016,
      -25.5007967
     ],
     [
      -48.8035517,
      -25.5008425
     ],
     [
      -48.8035481,
      -25.5008457
     ],
     [
      -48.8035443,
      -25.5008487
     ],
     [
      -48.8035404,
      -25.5008515
     ],
     [
      -48.8035363,
      -25.5008541
     ],
     [
      -48.8035321,
      -25.5008565
     ],
     [
      -48.8035277,
      -25.5008588
     ],
     [
      -48.8033589,
      -25.5009402
     ],
     [
      -48.803356,
      -25.5009416
     ],
     [
      -48.803353,
      -25.5009428
     ],
     [
      -48.80335,
      -25.500944
     ],
     [
      -48.803347,
      -25.5009451
     ],
     [
      -48.8033439,
      -25.5009461
     ],
     [
      -48.8033408,
      -25.500947
     ],
     [
      -48.8032006,
      -25.5009852
     ],
     [
      -48.8031974,
      -25.500986
     ],
     [
      -48.8031943,
      -25.5009867
     ],
     [
      -48.8031912,
      -25.5009873
     ],
     [
      -48.803188,
      -25.5009879
     ],
     [
      -48.8031848,
      -25.5009883
     ],
     [
      -48.8031816,
      -25.5009886
     ],
     [
      -48.8029924,
      -25.5010053
     ],
     [
      -48.8029905,
      -25.5010055
     ],
     [
      -48.8029887,
      -25.5010056
     ],
     [
      -48.8029868,
      -25.5010057
     ],
     [
      -48.802985,
      -25.5010057
     ],
     [
      -48.8029831,
      -25.5010057
     ],
     [
      -48.8029813,
      -25.5010057
     ],
     [
      -48.8027966,
      -25.5010032
     ],
     [
      -48.802795,
      -25.5010032
     ],
     [
      -48.8027934,
      -25.5010031
     ],
     [
      -48.8027918,
      -25.5010031
     ],
     [
      -48.8027902,
      -25.501003
     ],
     [
      -48.8027886,
      -25.5010028
     ],
     [
      -48.802787,
      -25.5010027
     ],
     [
      -48.8026271,
      -25.5009864
     ],
     [
      -48.8022516,
      -25.5009199
     ],
     [
      -48.8022491,
      -25.5009194
     ],
     [
      -48.8022466,
      -25.5009189
     ],
     [
      -48.8022441,
      -25.5009183
     ],
     [
      -48.8022417,
      -25.5009177
     ],
     [
      -48.8022392,
      -25.500917
     ],
     [
      -48.8022368,
      -25.5009162
     ],
     [
      -48.8021409,
      -25.5008847
     ],
     [
      -48.802138,
      -25.5008837
     ],
     [
      -48.8021351,
      -25.5008826
     ],
     [
      -48.8021323,
      -25.5008815
     ],
     [
      -48.8021295,
      -25.5008802
     ],
     [
      -48.8021267,
      -25.5008789
     ],
     [
      -48.802124,
      -25.5008775
     ],
     [
      -48.8020418,
      -25.5008333
     ],
     [
      -48.8020394,
      -25.500832
     ],
     [
      -48.802037,
      -25.5008306
     ],
     [
      -48.8020346,
      -25.5008291
     ],
     [
      -48.8020323,
      -25.5008276
     ],
     [
      -48.8020301,
      -25.500826
     ],
     [
      -48.8020279,
      -25.5008243
     ],
     [
      -48.8019434,
      -25.5007589
     ],
     [
      -48.8019415,
      -25.5007574
     ],
     [
      -48.8019396,
      -25.5007558
     ],
     [
      -48.8019378,
      -25.5007542
     ],
     [
      -48.801936,
      -25.5007526
     ],
     [
      -48.8019342,
      -25.5007509
     ],
     [
      -48.8019325,
      -25.5007491
     ],
     [
      -48.8018187,
      -25.5006291
     ],
     [
      -48.8018164,
      -25.5006265
     ],
     [
      -48.8018141,
      -25.5006238
     ],
     [
      -48.801812,
      -25.5006211
     ],
     [
      -48.80181,
      -25.5006183
     ],
     [
      -48.8018081,
      -25.5006155
     ],
     [
      -48.8018063,
      -25.5006126
     ],
     [
      -48.8017176,
      -25.5004612
     ],
     [
      -48.8016779,
      -25.5003291
     ],
     [
      -48.8016769,
      -25.5003256
     ],
     [
      -48.8016761,
      -25.5003221
     ],
     [
      -48.8016754,
      -25.5003186
     ],
     [
      -48.8016749,
      -25.500315
     ],
     [
      -48.8016746,
      -25.5003115
     ],
     [
      -48.8016744,
      -25.5003079
     ],
     [
      -48.8016656,
      -25.5000205
     ],
     [
      -48.8016653,
      -25.5000151
     ],
     [
      -48.8016646,
      -25.5000098
     ],
     [
      -48.8016636,
      -25.5000045
     ],
     [
      -48.8016622,
      -25.4999993
     ],
     [
      -48.8016605,
      -25.4999942
     ],
     [
      -48.8016584,
      -25.4999891
     ],
     [
      -48.8016294,
      -25.4999241
     ]
    ]
   },
   "properties": {
    "tipo": "via",
    "id": "via-36",
    "hierarquia": "local",
    "comprimento_m": 279.64,
    "rampaMedia_pct": 4.42,
    "rampaMaxima_pct": 10.03,
    "faixaDominio_m": 8.4,
    "cotaInicial_m": 723.57,
    "cotaFinal_m": 711.19,
    "saiDaGleba": false
   }
  },
  {
   "type": "Feature",
   "geometry": {
    "type": "LineString",
    "coordinates": [
     [
      -48.8030183,
      -25.4993803
     ],
     [
      -48.8026482,
      -25.4991886
     ],
     [
      -48.8024898,
      -25.4990936
     ],
     [
      -48.8024875,
      -25.4990922
     ],
     [
      -48.8024853,
      -25.4990907
     ],
     [
      -48.8024831,
      -25.4990892
     ],
     [
      -48.802481,
      -25.4990877
     ],
     [
      -48.8024789,
      -25.499086
     ],
     [
      -48.8024769,
      -25.4990844
     ],
     [
      -48.8024203,
      -25.4990366
     ]
    ]
   },
   "properties": {
    "tipo": "via",
    "id": "via-37",
    "hierarquia": "local",
    "comprimento_m": 71.36,
    "rampaMedia_pct": 7.96,
    "rampaMaxima_pct": 10.02,
    "faixaDominio_m": 8.4,
    "cotaInicial_m": 716.95,
    "cotaFinal_m": 711.27,
    "saiDaGleba": false
   }
  },
  {
   "type": "Feature",
   "geometry": {
    "type": "LineString",
    "coordinates": [
     [
      -48.8040952,
      -25.4970013
     ],
     [
      -48.8040659,
      -25.4970539
     ],
     [
      -48.8040645,
      -25.4970563
     ],
     [
      -48.8040631,
      -25.4970587
     ],
     [
      -48.8040615,
      -25.497061
     ],
     [
      -48.8040599,
      -25.4970632
     ],
     [
      -48.8040582,
      -25.4970655
     ],
     [
      -48.8040565,
      -25.4970676
     ],
     [
      -48.803905,
      -25.4972496
     ],
     [
      -48.8039033,
      -25.4972516
     ],
     [
      -48.8039015,
      -25.4972535
     ],
     [
      -48.8038997,
      -25.4972554
     ],
     [
      -48.8038978,
      -25.4972573
     ],
     [
      -48.8038958,
      -25.4972591
     ],
     [
      -48.8038938,
      -25.4972609
     ],
     [
      -48.8037554,
      -25.4973791
     ],
     [
      -48.8037543,
      -25.4973801
     ],
     [
      -48.8037532,
      -25.497381
     ],
     [
      -48.8037521,
      -25.497382
     ],
     [
      -48.803751,
      -25.4973831
     ],
     [
      -48.80375,
      -25.4973841
     ],
     [
      -48.803749,
      -25.4973851
     ],
     [
      -48.8035463,
      -25.4975936
     ],
     [
      -48.8035451,
      -25.4975948
     ],
     [
      -48.8035438,
      -25.4975961
     ],
     [
      -48.8035425,
      -25.4975973
     ],
     [
      -48.8035412,
      -25.4975985
     ],
     [
      -48.8035398,
      -25.4975997
     ],
     [
      -48.8035385,
      -25.4976008
     ],
     [
      -48.8034247,
      -25.4976942
     ],
     [
      -48.8034232,
      -25.4976954
     ],
     [
      -48.8034217,
      -25.4976966
     ],
     [
      -48.8034201,
      -25.4976978
     ],
     [
      -48.8034185,
      -25.4976989
     ],
     [
      -48.8034168,
      -25.4977
     ],
     [
      -48.8034152,
      -25.4977011
     ],
     [
      -48.8033414,
      -25.4977481
     ],
     [
      -48.8033381,
      -25.4977502
     ],
     [
      -48.8033346,
      -25.4977521
     ],
     [
      -48.8033311,
      -25.4977539
     ],
     [
      -48.8033275,
      -25.4977556
     ],
     [
      -48.8033239,
      -25.4977571
     ],
     [
      -48.8033201,
      -25.4977585
     ],
     [
      -48.8032781,
      -25.4977732
     ],
     [
      -48.8032733,
      -25.4977748
     ],
     [
      -48.8032684,
      -25.4977761
     ],
     [
      -48.8032635,
      -25.4977772
     ],
     [
      -48.8032584,
      -25.4977781
     ],
     [
      -48.8032534,
      -25.4977787
     ],
     [
      -48.8032483,
      -25.4977791
     ],
     [
      -48.803193,
      -25.4977821
     ],
     [
      -48.8031882,
      -25.4977823
     ],
     [
      -48.8031835,
      -25.4977822
     ],
     [
      -48.8031788,
      -25.497782
     ],
     [
      -48.8031741,
      -25.4977815
     ],
     [
      -48.8031694,
      -25.4977809
     ],
     [
      -48.8031647,
      -25.49778
     ],
     [
      -48.8031152,
      -25.4977697
     ],
     [
      -48.8031114,
      -25.4977688
     ],
     [
      -48.8031078,
      -25.4977679
     ],
     [
      -48.8031042,
      -25.4977668
     ],
     [
      -48.8031006,
      -25.4977656
     ],
     [
      -48.8030971,
      -25.4977642
     ],
     [
      -48.8030936,
      -25.4977627
     ],
     [
      -48.8029624,
      -25.4977044
     ],
     [
      -48.8029589,
      -25.4977028
     ],
     [
      -48.8029556,
      -25.497701
     ],
     [
      -48.8029523,
      -25.4976992
     ],
     [
      -48.8029491,
      -25.4976972
     ],
     [
      -48.8029459,
      -25.4976952
     ],
     [
      -48.8029429,
      -25.497693
     ],
     [
      -48.8028136,
      -25.4975963
     ],
     [
      -48.8028098,
      -25.4975932
     ],
     [
      -48.8028061,
      -25.4975901
     ],
     [
      -48.8028026,
      -25.4975867
     ],
     [
      -48.8027994,
      -25.4975832
     ],
     [
      -48.8027963,
      -25.4975795
     ],
     [
      -48.8027934,
      -25.4975757
     ],
     [
      -48.8026705,
      -25.4974036
     ],
     [
      -48.8025273,
      -25.4972352
     ],
     [
      -48.8025267,
      -25.4972345
     ],
     [
      -48.8025261,
      -25.4972338
     ],
     [
      -48.8025255,
      -25.4972331
     ],
     [
      -48.8025249,
      -25.4972324
     ],
     [
      -48.8025243,
      -25.4972317
     ],
     [
      -48.8025236,
      -25.4972311
     ],
     [
      -48.801827,
      -25.4965043
     ],
     [
      -48.8018257,
      -25.496503
     ],
     [
      -48.8018244,
      -25.4965017
     ],
     [
      -48.801823,
      -25.4965005
     ],
     [
      -48.8018217,
      -25.4964992
     ],
     [
      -48.8018203,
      -25.496498
     ],
     [
      -48.8018189,
      -25.4964968
     ],
     [
      -48.8016782,
      -25.4963805
     ],
     [
      -48.801677,
      -25.4963796
     ],
     [
      -48.8016758,
      -25.4963786
     ],
     [
      -48.8016746,
      -25.4963777
     ],
     [
      -48.8016734,
      -25.4963768
     ],
     [
      -48.8016721,
      -25.4963759
     ],
     [
      -48.8016709,
      -25.496375
     ],
     [
      -48.8014581,
      -25.4962303
     ],
     [
      -48.8014562,
      -25.496229
     ],
     [
      -48.8014544,
      -25.4962277
     ],
     [
      -48.8014526,
      -25.4962263
     ],
     [
      -48.8014508,
      -25.4962249
     ],
     [
      -48.8014491,
      -25.4962234
     ],
     [
      -48.8014474,
      -25.4962219
     ],
     [
      -48.801315,
      -25.4961016
     ],
     [
      -48.8012559,
      -25.4960478
     ]
    ]
   },
   "properties": {
    "tipo": "via",
    "id": "via-38",
    "hierarquia": "local",
    "comprimento_m": 406.01,
    "rampaMedia_pct": 2.49,
    "rampaMaxima_pct": 15.5,
    "faixaDominio_m": 8.4,
    "cotaInicial_m": 709.08,
    "cotaFinal_m": 719.19,
    "saiDaGleba": true
   }
  },
  {
   "type": "Feature",
   "geometry": {
    "type": "LineString",
    "coordinates": [
     [
      -48.7962591,
      -25.5037147
     ],
     [
      -48.796417,
      -25.5036965
     ],
     [
      -48.7970484,
      -25.5036239
     ],
     [
      -48.798033,
      -25.503543
     ],
     [
      -48.7980343,
      -25.5035429
     ],
     [
      -48.7980357,
      -25.5035428
     ],
     [
      -48.7980371,
      -25.5035426
     ],
     [
      -48.7980384,
      -25.5035425
     ],
     [
      -48.7980398,
      -25.5035423
     ],
     [
      -48.7980411,
      -25.5035421
     ],
     [
      -48.7983923,
      -25.5034863
     ],
     [
      -48.7984286,
      -25.5034826
     ],
     [
      -48.7984325,
      -25.5034823
     ],
     [
      -48.7984364,
      -25.5034821
     ],
     [
      -48.7984403,
      -25.503482
     ],
     [
      -48.7984441,
      -25.5034821
     ],
     [
      -48.798448,
      -25.5034823
     ],
     [
      -48.7984519,
      -25.5034827
     ],
     [
      -48.798659,
      -25.5035062
     ],
     [
      -48.7986616,
      -25.5035065
     ],
     [
      -48.7986642,
      -25.5035069
     ],
     [
      -48.7986668,
      -25.5035074
     ],
     [
      -48.7986693,
      -25.5035079
     ],
     [
      -48.7986719,
      -25.5035084
     ],
     [
      -48.7986744,
      -25.5035091
     ],
     [
      -48.7991201,
      -25.5036262
     ],
     [
      -48.7991217,
      -25.5036266
     ],
     [
      -48.7991232,
      -25.503627
     ],
     [
      -48.7991248,
      -25.5036274
     ],
     [
      -48.7991264,
      -25.5036277
     ],
     [
      -48.7991279,
      -25.503628
     ],
     [
      -48.7991295,
      -25.5036283
     ],
     [
      -48.7995448,
      -25.5036987
     ],
     [
      -48.7995519,
      -25.5036997
     ],
     [
      -48.799559,
      -25.5037002
     ],
     [
      -48.799566,
      -25.5037002
     ],
     [
      -48.7995731,
      -25.5036998
     ],
     [
      -48.7995801,
      -25.5036989
     ],
     [
      -48.7995871,
      -25.5036976
     ],
     [
      -48.7995985,
      -25.503695
     ],
     [
      -48.799604,
      -25.5036935
     ],
     [
      -48.7996091,
      -25.5036917
     ],
     [
      -48.7996141,
      -25.5036895
     ],
     [
      -48.7996187,
      -25.5036868
     ],
     [
      -48.7996232,
      -25.5036838
     ],
     [
      -48.7996274,
      -25.5036804
     ],
     [
      -48.7996274,
      -25.5036804
     ],
     [
      -48.7996313,
      -25.5036767
     ],
     [
      -48.7996349,
      -25.5036728
     ],
     [
      -48.7996382,
      -25.5036687
     ],
     [
      -48.7996412,
      -25.5036644
     ],
     [
      -48.7996438,
      -25.5036599
     ],
     [
      -48.7996462,
      -25.5036552
     ],
     [
      -48.7997171,
      -25.5034994
     ],
     [
      -48.7997183,
      -25.5034969
     ],
     [
      -48.7997195,
      -25.5034944
     ],
     [
      -48.7997209,
      -25.503492
     ],
     [
      -48.7997223,
      -25.5034896
     ],
     [
      -48.7997238,
      -25.5034872
     ],
     [
      -48.7997254,
      -25.5034849
     ],
     [
      -48.7998281,
      -25.5033402
     ],
     [
      -48.7997736,
      -25.5033025
     ],
     [
      -48.7997707,
      -25.5033005
     ],
     [
      -48.7997677,
      -25.5032987
     ],
     [
      -48.7997646,
      -25.5032969
     ],
     [
      -48.7997615,
      -25.5032953
     ],
     [
      -48.7997583,
      -25.5032937
     ],
     [
      -48.799755,
      -25.5032923
     ],
     [
      -48.7993793,
      -25.5031346
     ],
     [
      -48.7993783,
      -25.5031341
     ],
     [
      -48.7993773,
      -25.5031337
     ],
     [
      -48.7993763,
      -25.5031332
     ],
     [
      -48.7993753,
      -25.5031328
     ],
     [
      -48.7993743,
      -25.5031323
     ],
     [
      -48.7993733,
      -25.5031318
     ],
     [
      -48.799064,
      -25.5029783
     ],
     [
      -48.799063,
      -25.5029779
     ],
     [
      -48.7990621,
      -25.5029774
     ],
     [
      -48.7990611,
      -25.502977
     ],
     [
      -48.7990601,
      -25.5029765
     ],
     [
      -48.7990591,
      -25.5029761
     ],
     [
      -48.7990581,
      -25.5029757
     ],
     [
      -48.7987017,
      -25.5028255
     ],
     [
      -48.7984951,
      -25.5027387
     ],
     [
      -48.7984923,
      -25.5027375
     ],
     [
      -48.7984894,
      -25.5027364
     ],
     [
      -48.7984864,
      -25.5027354
     ],
     [
      -48.7984834,
      -25.5027345
     ],
     [
      -48.7984804,
      -25.5027337
     ],
     [
      -48.7984774,
      -25.502733
     ],
     [
      -48.7984184,
      -25.5027197
     ],
     [
      -48.7984144,
      -25.5027189
     ],
     [
      -48.7984104,
      -25.5027182
     ],
     [
      -48.7984064,
      -25.5027177
     ],
     [
      -48.7984024,
      -25.5027173
     ],
     [
      -48.7983984,
      -25.5027171
     ],
     [
      -48.7983943,
      -25.502717
     ],
     [
      -48.7982939,
      -25.5027171
     ],
     [
      -48.7982907,
      -25.5027172
     ],
     [
      -48.7982876,
      -25.5027173
     ],
     [
      -48.7982844,
      -25.5027176
     ],
     [
      -48.7982813,
      -25.5027179
     ],
     [
      -48.7982782,
      -25.5027183
     ],
     [
      -48.798275,
      -25.5027188
     ],
     [
      -48.7981008,
      -25.5027496
     ],
     [
      -48.7980988,
      -25.5027499
     ],
     [
      -48.7980967,
      -25.5027504
     ],
     [
      -48.7980946,
      -25.5027509
     ],
     [
      -48.7980926,
      -25.5027514
     ],
     [
      -48.7980905,
      -25.5027519
     ],
     [
      -48.7980885,
      -25.5027525
     ],
     [
      -48.7977939,
      -25.5028414
     ],
     [
      -48.7977913,
      -25.5028421
     ],
     [
      -48.7977888,
      -25.502843
     ],
     [
      -48.7977864,
      -25.5028439
     ],
     [
      -48.797784,
      -25.5028449
     ],
     [
      -48.7977816,
      -25.5028459
     ],
     [
      -48.7977792,
      -25.502847
     ],
     [
      -48.7971207,
      -25.5031591
     ],
     [
      -48.7968744,
      -25.5032809
     ],
     [
      -48.7963873,
      -25.5035218
     ],
     [
      -48.7960453,
      -25.5037061
     ]
    ]
   },
   "properties": {
    "tipo": "via",
    "id": "via-39",
    "hierarquia": "local",
    "comprimento_m": 809.43,
    "rampaMedia_pct": 0.02,
    "rampaMaxima_pct": 10.04,
    "faixaDominio_m": 8.4,
    "cotaInicial_m": 737.43,
    "cotaFinal_m": 737.28,
    "saiDaGleba": true
   }
  },
  {
   "type": "Feature",
   "geometry": {
    "type": "LineString",
    "coordinates": [
     [
      -48.8011233,
      -25.5037053
     ],
     [
      -48.8009333,
      -25.5034375
     ],
     [
      -48.8009315,
      -25.503435
     ],
     [
      -48.8009298,
      -25.5034324
     ],
     [
      -48.8009283,
      -25.5034297
     ],
     [
      -48.8009268,
      -25.503427
     ],
     [
      -48.8009255,
      -25.5034243
     ],
     [
      -48.8009242,
      -25.5034215
     ],
     [
      -48.8006694,
      -25.5028291
     ],
     [
      -48.8005605,
      -25.5024135
     ],
     [
      -48.80056,
      -25.5024116
     ],
     [
      -48.8005596,
      -25.5024097
     ],
     [
      -48.8005592,
      -25.5024078
     ],
     [
      -48.8005589,
      -25.5024059
     ],
     [
      -48.8005586,
      -25.502404
     ],
     [
      -48.8005584,
      -25.5024021
     ],
     [
      -48.8005185,
      -25.5020575
     ]
    ]
   },
   "properties": {
    "tipo": "via",
    "id": "via-40",
    "hierarquia": "local",
    "comprimento_m": 194.72,
    "rampaMedia_pct": 7.84,
    "rampaMaxima_pct": 11,
    "faixaDominio_m": 8.4,
    "cotaInicial_m": 743.9,
    "cotaFinal_m": 728.64,
    "saiDaGleba": true
   }
  },
  {
   "type": "Feature",
   "geometry": {
    "type": "LineString",
    "coordinates": [
     [
      -48.7997099,
      -25.5010875
     ],
     [
      -48.7999531,
      -25.5010897
     ],
     [
      -48.7999551,
      -25.5010897
     ],
     [
      -48.7999572,
      -25.5010897
     ],
     [
      -48.7999592,
      -25.5010896
     ],
     [
      -48.7999613,
      -25.5010895
     ],
     [
      -48.7999633,
      -25.5010893
     ],
     [
      -48.7999653,
      -25.5010892
     ],
     [
      -48.800188,
      -25.5010662
     ],
     [
      -48.8001896,
      -25.501066
     ],
     [
      -48.8001913,
      -25.5010658
     ],
     [
      -48.8001929,
      -25.5010656
     ],
     [
      -48.8001946,
      -25.5010653
     ],
     [
      -48.8001962,
      -25.501065
     ],
     [
      -48.8001979,
      -25.5010647
     ],
     [
      -48.8006281,
      -25.50098
     ],
     [
      -48.8009563,
      -25.5008849
     ],
     [
      -48.800959,
      -25.500884
     ],
     [
      -48.8009617,
      -25.5008831
     ],
     [
      -48.8009644,
      -25.5008822
     ],
     [
      -48.8009671,
      -25.5008811
     ],
     [
      -48.8009697,
      -25.50088
     ],
     [
      -48.8009723,
      -25.5008788
     ],
     [
      -48.8012408,
      -25.5007507
     ],
     [
      -48.8012431,
      -25.5007496
     ],
     [
      -48.8012455,
      -25.5007483
     ],
     [
      -48.8012478,
      -25.5007471
     ],
     [
      -48.80125,
      -25.5007457
     ],
     [
      -48.8012523,
      -25.5007443
     ],
     [
      -48.8012544,
      -25.5007429
     ],
     [
      -48.8013952,
      -25.5006463
     ],
     [
      -48.8013974,
      -25.5006447
     ],
     [
      -48.8013996,
      -25.5006431
     ],
     [
      -48.8014017,
      -25.5006415
     ],
     [
      -48.8014038,
      -25.5006397
     ],
     [
      -48.8014058,
      -25.500638
     ],
     [
      -48.8014077,
      -25.5006361
     ],
     [
      -48.8014702,
      -25.5005758
     ],
     [
      -48.8014727,
      -25.5005733
     ],
     [
      -48.8014751,
      -25.5005708
     ],
     [
      -48.8014773,
      -25.5005682
     ],
     [
      -48.8014794,
      -25.5005655
     ],
     [
      -48.8014815,
      -25.5005627
     ],
     [
      -48.8014834,
      -25.5005599
     ],
     [
      -48.8016037,
      -25.5003753
     ],
     [
      -48.8016079,
      -25.5003693
     ],
     [
      -48.8016125,
      -25.5003637
     ],
     [
      -48.8016176,
      -25.5003585
     ],
     [
      -48.8016231,
      -25.5003537
     ],
     [
      -48.8016291,
      -25.5003493
     ],
     [
      -48.8016355,
      -25.5003453
     ],
     [
      -48.8016745,
      -25.5003225
     ]
    ]
   },
   "properties": {
    "tipo": "via",
    "id": "via-41",
    "hierarquia": "local",
    "comprimento_m": 225.88,
    "rampaMedia_pct": 6.59,
    "rampaMaxima_pct": 10.02,
    "faixaDominio_m": 8.4,
    "cotaInicial_m": 727.5,
    "cotaFinal_m": 712.61,
    "saiDaGleba": false
   }
  },
  {
   "type": "Feature",
   "geometry": {
    "type": "LineString",
    "coordinates": [
     [
      -48.8006356,
      -25.4991821
     ],
     [
      -48.8006771,
      -25.4991689
     ],
     [
      -48.8009679,
      -25.4990597
     ],
     [
      -48.8009703,
      -25.4990587
     ],
     [
      -48.8009726,
      -25.4990578
     ],
     [
      -48.8009749,
      -25.4990567
     ],
     [
      -48.8009772,
      -25.4990556
     ],
     [
      -48.8009795,
      -25.4990545
     ],
     [
      -48.8009817,
      -25.4990533
     ],
     [
      -48.8013455,
      -25.4988518
     ],
     [
      -48.8013471,
      -25.4988509
     ],
     [
      -48.8013487,
      -25.4988501
     ],
     [
      -48.8013503,
      -25.4988493
     ],
     [
      -48.8013519,
      -25.4988485
     ],
     [
      -48.8013536,
      -25.4988478
     ],
     [
      -48.8013552,
      -25.498847
     ],
     [
      -48.801671,
      -25.4987131
     ],
     [
      -48.8016744,
      -25.4987117
     ],
     [
      -48.8016778,
      -25.4987105
     ],
     [
      -48.8016812,
      -25.4987094
     ],
     [
      -48.8016847,
      -25.4987084
     ],
     [
      -48.8016883,
      -25.4987075
     ],
     [
      -48.8016919,
      -25.4987067
     ],
     [
      -48.8019376,
      -25.4986579
     ],
     [
      -48.8019402,
      -25.4986574
     ],
     [
      -48.8019429,
      -25.498657
     ],
     [
      -48.8019456,
      -25.4986567
     ],
     [
      -48.8019483,
      -25.4986564
     ],
     [
      -48.801951,
      -25.4986561
     ],
     [
      -48.8019537,
      -25.498656
     ],
     [
      -48.8021299,
      -25.4986478
     ],
     [
      -48.8021334,
      -25.4986477
     ],
     [
      -48.8021368,
      -25.4986477
     ],
     [
      -48.8021403,
      -25.4986478
     ],
     [
      -48.8021437,
      -25.498648
     ],
     [
      -48.8021472,
      -25.4986484
     ],
     [
      -48.8021506,
      -25.4986488
     ],
     [
      -48.8022934,
      -25.4986694
     ],
     [
      -48.8022957,
      -25.4986697
     ],
     [
      -48.802298,
      -25.4986701
     ],
     [
      -48.8023003,
      -25.4986706
     ],
     [
      -48.8023026,
      -25.4986711
     ],
     [
      -48.8023049,
      -25.4986717
     ],
     [
      -48.8023072,
      -25.4986723
     ],
     [
      -48.802523,
      -25.498733
     ],
     [
      -48.8025961,
      -25.4987536
     ]
    ]
   },
   "properties": {
    "tipo": "via",
    "id": "via-42",
    "hierarquia": "local",
    "comprimento_m": 211.96,
    "rampaMedia_pct": 0.97,
    "rampaMaxima_pct": 10.02,
    "faixaDominio_m": 8.4,
    "cotaInicial_m": 712.84,
    "cotaFinal_m": 710.8,
    "saiDaGleba": false
   }
  },
  {
   "type": "Feature",
   "geometry": {
    "type": "LineString",
    "coordinates": [
     [
      -48.8015774,
      -25.4963157
     ],
     [
      -48.8015693,
      -25.4963448
     ],
     [
      -48.8015676,
      -25.49635
     ],
     [
      -48.8015657,
      -25.4963551
     ],
     [
      -48.8015634,
      -25.49636
     ],
     [
      -48.8015608,
      -25.4963648
     ],
     [
      -48.8015579,
      -25.4963695
     ],
     [
      -48.8015546,
      -25.496374
     ],
     [
      -48.8015481,
      -25.4963827
     ],
     [
      -48.8015453,
      -25.4963861
     ],
     [
      -48.8015424,
      -25.4963894
     ],
     [
      -48.8015393,
      -25.4963926
     ],
     [
      -48.8015361,
      -25.4963956
     ],
     [
      -48.8015327,
      -25.4963985
     ],
     [
      -48.8015292,
      -25.4964012
     ],
     [
      -48.8013584,
      -25.496528
     ],
     [
      -48.801356,
      -25.4965298
     ],
     [
      -48.8013537,
      -25.4965317
     ],
     [
      -48.8013515,
      -25.4965336
     ],
     [
      -48.8013493,
      -25.4965356
     ],
     [
      -48.8013472,
      -25.4965377
     ],
     [
      -48.8013452,
      -25.4965398
     ],
     [
      -48.801175,
      -25.4967235
     ],
     [
      -48.800659,
      -25.4974057
     ],
     [
      -48.8004175,
      -25.497739
     ]
    ]
   },
   "properties": {
    "tipo": "via",
    "id": "via-43",
    "hierarquia": "local",
    "comprimento_m": 197.37,
    "rampaMedia_pct": 3.51,
    "rampaMaxima_pct": 10.02,
    "faixaDominio_m": 8.4,
    "cotaInicial_m": 719.43,
    "cotaFinal_m": 712.51,
    "saiDaGleba": true
   }
  },
  {
   "type": "Feature",
   "geometry": {
    "type": "LineString",
    "coordinates": [
     [
      -48.8004175,
      -25.497739
     ],
     [
      -48.8004001,
      -25.4977982
     ]
    ]
   },
   "properties": {
    "tipo": "via",
    "id": "via-44",
    "hierarquia": "local",
    "comprimento_m": 6.79,
    "rampaMedia_pct": 16.31,
    "rampaMaxima_pct": 16.31,
    "faixaDominio_m": 8.4,
    "cotaInicial_m": 712.51,
    "cotaFinal_m": 711.4,
    "saiDaGleba": false
   }
  },
  {
   "type": "Feature",
   "geometry": {
    "type": "LineString",
    "coordinates": [
     [
      -48.8004001,
      -25.4977982
     ],
     [
      -48.8003981,
      -25.4979729
     ],
     [
      -48.8003981,
      -25.4979774
     ],
     [
      -48.8003984,
      -25.4979818
     ],
     [
      -48.800399,
      -25.4979862
     ],
     [
      -48.8003998,
      -25.4979906
     ],
     [
      -48.8004008,
      -25.4979949
     ],
     [
      -48.8004021,
      -25.4979992
     ],
     [
      -48.8004121,
      -25.4980304
     ],
     [
      -48.8004141,
      -25.4980358
     ],
     [
      -48.8004164,
      -25.4980411
     ],
     [
      -48.800419,
      -25.4980462
     ],
     [
      -48.800422,
      -25.4980511
     ],
     [
      -48.8004253,
      -25.4980558
     ],
     [
      -48.800429,
      -25.4980604
     ],
     [
      -48.8004537,
      -25.4980893
     ],
     [
      -48.8004578,
      -25.4980938
     ],
     [
      -48.8004621,
      -25.498098
     ],
     [
      -48.8004667,
      -25.4981019
     ],
     [
      -48.8004716,
      -25.4981055
     ],
     [
      -48.8004767,
      -25.4981088
     ],
     [
      -48.8004821,
      -25.4981119
     ],
     [
      -48.8005971,
      -25.4981729
     ],
     [
      -48.8005995,
      -25.4981742
     ],
     [
      -48.800602,
      -25.4981754
     ],
     [
      -48.8006045,
      -25.4981765
     ],
     [
      -48.8006071,
      -25.4981776
     ],
     [
      -48.8006096,
      -25.4981786
     ],
     [
      -48.8006123,
      -25.4981795
     ],
     [
      -48.8008983,
      -25.4982772
     ],
     [
      -48.8009014,
      -25.4982783
     ],
     [
      -48.8009045,
      -25.4982795
     ],
     [
      -48.8009075,
      -25.4982808
     ],
     [
      -48.8009105,
      -25.4982822
     ],
     [
      -48.8009135,
      -25.4982837
     ],
     [
      -48.8009163,
      -25.4982853
     ],
     [
      -48.8009608,
      -25.4983108
     ],
     [
      -48.8009639,
      -25.4983127
     ],
     [
      -48.800967,
      -25.4983146
     ],
     [
      -48.8009699,
      -25.4983167
     ],
     [
      -48.8009728,
      -25.4983189
     ],
     [
      -48.8009756,
      -25.4983211
     ],
     [
      -48.8009782,
      -25.4983235
     ],
     [
      -48.8011045,
      -25.4984388
     ],
     [
      -48.8011066,
      -25.4984407
     ],
     [
      -48.8011088,
      -25.4984425
     ],
     [
      -48.801111,
      -25.4984442
     ],
     [
      -48.8011133,
      -25.4984459
     ],
     [
      -48.8011157,
      -25.4984476
     ],
     [
      -48.8011181,
      -25.4984491
     ],
     [
      -48.8012309,
      -25.4985207
     ],
     [
      -48.8012357,
      -25.4985236
     ],
     [
      -48.8012408,
      -25.4985262
     ],
     [
      -48.8012459,
      -25.4985286
     ],
     [
      -48.8012513,
      -25.4985307
     ],
     [
      -48.8012567,
      -25.4985324
     ],
     [
      -48.8012623,
      -25.4985339
     ],
     [
      -48.8012632,
      -25.4985342
     ],
     [
      -48.8012692,
      -25.4985354
     ],
     [
      -48.8012752,
      -25.4985362
     ],
     [
      -48.8012812,
      -25.4985365
     ],
     [
      -48.8012872,
      -25.4985364
     ],
     [
      -48.8012932,
      -25.4985358
     ],
     [
      -48.8012992,
      -25.4985348
     ],
     [
      -48.8013312,
      -25.4985284
     ]
    ]
   },
   "properties": {
    "tipo": "via",
    "id": "via-45",
    "hierarquia": "local",
    "comprimento_m": 137.08,
    "rampaMedia_pct": 1.96,
    "rampaMaxima_pct": 10.01,
    "faixaDominio_m": 8.4,
    "cotaInicial_m": 711.4,
    "cotaFinal_m": 708.72,
    "saiDaGleba": false
   }
  },
  {
   "type": "Feature",
   "geometry": {
    "type": "LineString",
    "coordinates": [
     [
      -48.7980805,
      -25.4992445
     ],
     [
      -48.7981612,
      -25.4997021
     ],
     [
      -48.798162,
      -25.4997058
     ],
     [
      -48.7981629,
      -25.4997095
     ],
     [
      -48.798164,
      -25.4997131
     ],
     [
      -48.7981652,
      -25.4997167
     ],
     [
      -48.7981666,
      -25.4997202
     ],
     [
      -48.7981682,
      -25.4997237
     ],
     [
      -48.7982881,
      -25.4999745
     ],
     [
      -48.7982886,
      -25.4999756
     ],
     [
      -48.7982891,
      -25.4999767
     ],
     [
      -48.7982896,
      -25.4999777
     ],
     [
      -48.7982901,
      -25.4999788
     ],
     [
      -48.7982905,
      -25.4999799
     ],
     [
      -48.7982909,
      -25.499981
     ],
     [
      -48.7984011,
      -25.5002717
     ],
     [
      -48.7984019,
      -25.5002738
     ],
     [
      -48.7984026,
      -25.500276
     ],
     [
      -48.7984033,
      -25.5002782
     ],
     [
      -48.7984039,
      -25.5002804
     ],
     [
      -48.7984045,
      -25.5002826
     ],
     [
      -48.7984049,
      -25.5002848
     ],
     [
      -48.7984396,
      -25.5004573
     ],
     [
      -48.79844,
      -25.500459
     ],
     [
      -48.7984404,
      -25.5004607
     ],
     [
      -48.7984408,
      -25.5004624
     ],
     [
      -48.7984413,
      -25.5004642
     ],
     [
      -48.7984418,
      -25.5004659
     ],
     [
      -48.7984424,
      -25.5004676
     ],
     [
      -48.7985089,
      -25.5006643
     ],
     [
      -48.7985095,
      -25.500666
     ],
     [
      -48.7985102,
      -25.5006677
     ],
     [
      -48.7985108,
      -25.5006694
     ],
     [
      -48.7985116,
      -25.5006711
     ],
     [
      -48.7985123,
      -25.5006728
     ],
     [
      -48.7985131,
      -25.5006744
     ],
     [
      -48.7985886,
      -25.5008288
     ],
     [
      -48.7985892,
      -25.5008301
     ],
     [
      -48.7985899,
      -25.5008314
     ],
     [
      -48.7985906,
      -25.5008326
     ],
     [
      -48.7985913,
      -25.5008339
     ],
     [
      -48.798592,
      -25.5008352
     ],
     [
      -48.7985928,
      -25.5008364
     ],
     [
      -48.7986883,
      -25.5009905
     ],
     [
      -48.7988853,
      -25.5014199
     ],
     [
      -48.798886,
      -25.5014214
     ],
     [
      -48.7988868,
      -25.5014229
     ],
     [
      -48.7988876,
      -25.5014244
     ],
     [
      -48.7988884,
      -25.5014259
     ],
     [
      -48.7988892,
      -25.5014274
     ],
     [
      -48.7988901,
      -25.5014288
     ],
     [
      -48.7990962,
      -25.5017674
     ],
     [
      -48.7990969,
      -25.5017685
     ],
     [
      -48.7990976,
      -25.5017697
     ],
     [
      -48.7990982,
      -25.5017708
     ],
     [
      -48.7990989,
      -25.501772
     ],
     [
      -48.7990995,
      -25.5017732
     ],
     [
      -48.7991001,
      -25.5017744
     ],
     [
      -48.7992248,
      -25.5020293
     ],
     [
      -48.7992256,
      -25.5020309
     ],
     [
      -48.7992265,
      -25.5020325
     ],
     [
      -48.7992273,
      -25.5020341
     ],
     [
      -48.7992283,
      -25.5020357
     ],
     [
      -48.7992292,
      -25.5020372
     ],
     [
      -48.7992302,
      -25.5020388
     ],
     [
      -48.7992837,
      -25.5021205
     ]
    ]
   },
   "properties": {
    "tipo": "via",
    "id": "via-46",
    "hierarquia": "local",
    "comprimento_m": 343.25,
    "rampaMedia_pct": 0.67,
    "rampaMaxima_pct": 10.03,
    "faixaDominio_m": 8.4,
    "cotaInicial_m": 729.7,
    "cotaFinal_m": 727.41,
    "saiDaGleba": false
   }
  },
  {
   "type": "Feature",
   "geometry": {
    "type": "LineString",
    "coordinates": [
     [
      -48.79861,
      -25.4993103
     ],
     [
      -48.7986511,
      -25.4992062
     ],
     [
      -48.7987158,
      -25.4989754
     ],
     [
      -48.7987165,
      -25.4989729
     ],
     [
      -48.7987173,
      -25.4989704
     ],
     [
      -48.7987182,
      -25.4989679
     ],
     [
      -48.7987192,
      -25.4989655
     ],
     [
      -48.7987203,
      -25.498963
     ],
     [
      -48.7987214,
      -25.4989606
     ],
     [
      -48.7987517,
      -25.4988996
     ]
    ]
   },
   "properties": {
    "tipo": "via",
    "id": "via-47",
    "hierarquia": "local",
    "comprimento_m": 47.77,
    "rampaMedia_pct": 8.25,
    "rampaMaxima_pct": 11.69,
    "faixaDominio_m": 8.4,
    "cotaInicial_m": 730.38,
    "cotaFinal_m": 726.44,
    "saiDaGleba": false
   }
  },
  {
   "type": "Feature",
   "geometry": {
    "type": "LineString",
    "coordinates": [
     [
      -48.7985559,
      -25.4977265
     ],
     [
      -48.7985909,
      -25.4976575
     ],
     [
      -48.7985921,
      -25.497655
     ],
     [
      -48.7985932,
      -25.4976526
     ],
     [
      -48.7985942,
      -25.4976502
     ],
     [
      -48.7985951,
      -25.4976477
     ],
     [
      -48.798596,
      -25.4976452
     ],
     [
      -48.7985968,
      -25.4976426
     ],
     [
      -48.7986641,
      -25.4974095
     ],
     [
      -48.7987336,
      -25.4972077
     ],
     [
      -48.7987342,
      -25.497206
     ],
     [
      -48.7987347,
      -25.4972043
     ],
     [
      -48.7987352,
      -25.4972026
     ],
     [
      -48.7987356,
      -25.4972009
     ],
     [
      -48.798736,
      -25.4971991
     ],
     [
      -48.7987364,
      -25.4971974
     ],
     [
      -48.7987929,
      -25.4969244
     ],
     [
      -48.7987935,
      -25.4969215
     ],
     [
      -48.7987939,
      -25.4969186
     ],
     [
      -48.7987942,
      -25.4969158
     ],
     [
      -48.7987945,
      -25.4969129
     ],
     [
      -48.7987946,
      -25.49691
     ],
     [
      -48.7987946,
      -25.4969071
     ],
     [
      -48.7987923,
      -25.4966006
     ],
     [
      -48.7987922,
      -25.4965989
     ],
     [
      -48.7987922,
      -25.4965971
     ],
     [
      -48.7987921,
      -25.4965954
     ],
     [
      -48.7987919,
      -25.4965936
     ],
     [
      -48.7987917,
      -25.4965919
     ],
     [
      -48.7987915,
      -25.4965901
     ],
     [
      -48.7987188,
      -25.4960598
     ]
    ]
   },
   "properties": {
    "tipo": "via",
    "id": "via-48",
    "hierarquia": "local",
    "comprimento_m": 188.48,
    "rampaMedia_pct": 4.72,
    "rampaMaxima_pct": 10.03,
    "faixaDominio_m": 8.4,
    "cotaInicial_m": 711.27,
    "cotaFinal_m": 702.36,
    "saiDaGleba": true
   }
  },
  {
   "type": "Feature",
   "geometry": {
    "type": "LineString",
    "coordinates": [
     [
      -48.7954525,
      -25.501202
     ],
     [
      -48.7955709,
      -25.5014101
     ],
     [
      -48.7955732,
      -25.5014139
     ],
     [
      -48.7955757,
      -25.5014177
     ],
     [
      -48.7955784,
      -25.5014213
     ],
     [
      -48.7955813,
      -25.5014247
     ],
     [
      -48.7955844,
      -25.5014281
     ],
     [
      -48.7955876,
      -25.5014313
     ],
     [
      -48.7956628,
      -25.5015022
     ],
     [
      -48.7957799,
      -25.5016313
     ],
     [
      -48.7957818,
      -25.5016335
     ],
     [
      -48.7957837,
      -25.5016357
     ],
     [
      -48.7957855,
      -25.501638
     ],
     [
      -48.7957871,
      -25.5016403
     ],
     [
      -48.7957887,
      -25.5016427
     ],
     [
      -48.7957903,
      -25.5016451
     ],
     [
      -48.7958461,
      -25.5017371
     ],
     [
      -48.7958642,
      -25.5017997
     ],
     [
      -48.7958658,
      -25.5018066
     ],
     [
      -48.7958669,
      -25.5018135
     ],
     [
      -48.7958674,
      -25.5018204
     ],
     [
      -48.7958673,
      -25.5018273
     ],
     [
      -48.7958666,
      -25.5018342
     ],
     [
      -48.7958653,
      -25.5018411
     ],
     [
      -48.7958508,
      -25.5019035
     ],
     [
      -48.7958497,
      -25.5019092
     ],
     [
      -48.795849,
      -25.5019149
     ],
     [
      -48.7958487,
      -25.5019206
     ],
     [
      -48.7958488,
      -25.5019262
     ],
     [
      -48.7958493,
      -25.5019319
     ],
     [
      -48.7958502,
      -25.5019376
     ],
     [
      -48.7958838,
      -25.502112
     ],
     [
      -48.7958841,
      -25.5021134
     ],
     [
      -48.7958843,
      -25.5021149
     ],
     [
      -48.7958845,
      -25.5021163
     ],
     [
      -48.7958847,
      -25.5021177
     ],
     [
      -48.7958849,
      -25.5021192
     ],
     [
      -48.795885,
      -25.5021206
     ],
     [
      -48.7959273,
      -25.5026168
     ],
     [
      -48.7959449,
      -25.5030487
     ],
     [
      -48.7959449,
      -25.5030494
     ],
     [
      -48.795945,
      -25.5030501
     ],
     [
      -48.795945,
      -25.5030508
     ],
     [
      -48.795945,
      -25.5030515
     ],
     [
      -48.795945,
      -25.5030522
     ],
     [
      -48.795945,
      -25.5030529
     ],
     [
      -48.7959412,
      -25.5034019
     ],
     [
      -48.7959411,
      -25.503404
     ],
     [
      -48.795941,
      -25.5034061
     ],
     [
      -48.7959409,
      -25.5034082
     ],
     [
      -48.7959407,
      -25.5034103
     ],
     [
      -48.7959404,
      -25.5034124
     ],
     [
      -48.7959401,
      -25.5034145
     ],
     [
      -48.7959055,
      -25.5036229
     ],
     [
      -48.7959046,
      -25.5036296
     ],
     [
      -48.7959044,
      -25.5036362
     ],
     [
      -48.7959046,
      -25.5036428
     ],
     [
      -48.7959054,
      -25.5036494
     ],
     [
      -48.7959067,
      -25.5036559
     ],
     [
      -48.7959086,
      -25.5036624
     ],
     [
      -48.7959171,
      -25.503688
     ],
     [
      -48.7959187,
      -25.5036915
     ],
     [
      -48.7959207,
      -25.5036941
     ],
     [
      -48.7959232,
      -25.5036959
     ],
     [
      -48.7959263,
      -25.5036969
     ],
     [
      -48.7959298,
      -25.503697
     ],
     [
      -48.7959338,
      -25.5036963
     ],
     [
      -48.7959338,
      -25.5036963
     ],
     [
      -48.795938,
      -25.503695
     ],
     [
      -48.795942,
      -25.5036935
     ],
     [
      -48.7959458,
      -25.5036916
     ],
     [
      -48.7959494,
      -25.5036895
     ],
     [
      -48.7959528,
      -25.503687
     ],
     [
      -48.795956,
      -25.5036843
     ],
     [
      -48.7963048,
      -25.5033586
     ],
     [
      -48.7963071,
      -25.5033564
     ],
     [
      -48.7963094,
      -25.5033541
     ],
     [
      -48.7963115,
      -25.5033517
     ],
     [
      -48.7963136,
      -25.5033493
     ],
     [
      -48.7963155,
      -25.5033468
     ],
     [
      -48.7963174,
      -25.5033442
     ],
     [
      -48.7965896,
      -25.5029563
     ],
     [
      -48.7966739,
      -25.502836
     ],
     [
      -48.7968394,
      -25.5025993
     ],
     [
      -48.7968409,
      -25.5025972
     ],
     [
      -48.7968423,
      -25.502595
     ],
     [
      -48.7968436,
      -25.5025927
     ],
     [
      -48.7968449,
      -25.5025905
     ],
     [
      -48.7968461,
      -25.5025882
     ],
     [
      -48.7968472,
      -25.5025858
     ],
     [
      -48.7968848,
      -25.5025043
     ],
     [
      -48.7968863,
      -25.502501
     ],
     [
      -48.7968875,
      -25.5024978
     ],
     [
      -48.7968887,
      -25.5024944
     ],
     [
      -48.7968897,
      -25.5024911
     ],
     [
      -48.7968905,
      -25.5024877
     ],
     [
      -48.7968912,
      -25.5024843
     ],
     [
      -48.7969543,
      -25.5021406
     ],
     [
      -48.7969545,
      -25.5021392
     ],
     [
      -48.7969548,
      -25.5021379
     ],
     [
      -48.7969549,
      -25.5021365
     ],
     [
      -48.7969551,
      -25.5021351
     ],
     [
      -48.7969553,
      -25.5021338
     ],
     [
      -48.7969554,
      -25.5021324
     ],
     [
      -48.7969665,
      -25.5019966
     ],
     [
      -48.7969666,
      -25.501994
     ],
     [
      -48.7969667,
      -25.5019913
     ],
     [
      -48.7969667,
      -25.5019887
     ],
     [
      -48.7969667,
      -25.5019861
     ],
     [
      -48.7969665,
      -25.5019834
     ],
     [
      -48.7969662,
      -25.5019808
     ],
     [
      -48.7969526,
      -25.5018585
     ],
     [
      -48.7969521,
      -25.501855
     ],
     [
      -48.7969515,
      -25.5018515
     ],
     [
      -48.7969507,
      -25.5018481
     ],
     [
      -48.7969498,
      -25.5018447
     ],
     [
      -48.7969488,
      -25.5018413
     ],
     [
      -48.7969476,
      -25.501838
     ],
     [
      -48.7969128,
      -25.5017468
     ],
     [
      -48.796911,
      -25.5017426
     ],
     [
      -48.7969091,
      -25.5017386
     ],
     [
      -48.7969069,
      -25.5017346
     ],
     [
      -48.7969046,
      -25.5017307
     ],
     [
      -48.796902,
      -25.5017269
     ],
     [
      -48.7968992,
      -25.5017232
     ],
     [
      -48.7968697,
      -25.5016865
     ],
     [
      -48.7968678,
      -25.5016842
     ],
     [
      -48.7968659,
      -25.501682
     ],
     [
      -48.7968638,
      -25.5016798
     ],
     [
      -48.7968617,
      -25.5016777
     ],
     [
      -48.7968595,
      -25.5016757
     ],
     [
      -48.7968572,
      -25.5016737
     ],
     [
      -48.7966746,
      -25.5015191
     ],
     [
      -48.7966726,
      -25.5015174
     ],
     [
      -48.7966705,
      -25.5015158
     ],
     [
      -48.7966684,
      -25.5015142
     ],
     [
      -48.7966662,
      -25.5015127
     ],
     [
      -48.796664,
      -25.5015112
     ],
     [
      -48.7966617,
      -25.5015098
     ],
     [
      -48.7966025,
      -25.5014742
     ],
     [
      -48.7963526,
      -25.501351
     ],
     [
      -48.7959634,
      -25.5011728
     ]
    ]
   },
   "properties": {
    "tipo": "via",
    "id": "via-49",
    "hierarquia": "local",
    "comprimento_m": 657.22,
    "rampaMedia_pct": 0.16,
    "rampaMaxima_pct": 11.57,
    "faixaDominio_m": 8.4,
    "cotaInicial_m": 720.79,
    "cotaFinal_m": 721.87,
    "saiDaGleba": true
   }
  },
  {
   "type": "Feature",
   "geometry": {
    "type": "LineString",
    "coordinates": [
     [
      -48.7976292,
      -25.5008235
     ],
     [
      -48.7975013,
      -25.5008814
     ],
     [
      -48.7974997,
      -25.5008821
     ],
     [
      -48.7974981,
      -25.5008828
     ],
     [
      -48.7974964,
      -25.5008835
     ],
     [
      -48.7974948,
      -25.5008841
     ],
     [
      -48.7974931,
      -25.5008847
     ],
     [
      -48.7974915,
      -25.5008853
     ],
     [
      -48.7972767,
      -25.5009576
     ],
     [
      -48.7972744,
      -25.5009584
     ],
     [
      -48.7972721,
      -25.5009591
     ],
     [
      -48.7972697,
      -25.5009597
     ],
     [
      -48.7972673,
      -25.5009603
     ],
     [
      -48.797265,
      -25.5009608
     ],
     [
      -48.7972625,
      -25.5009613
     ],
     [
      -48.7969724,
      -25.5010166
     ],
     [
      -48.7969695,
      -25.5010172
     ],
     [
      -48.7969666,
      -25.5010176
     ],
     [
      -48.7969637,
      -25.5010179
     ],
     [
      -48.7969607,
      -25.5010182
     ],
     [
      -48.7969577,
      -25.5010184
     ],
     [
      -48.7969548,
      -25.5010185
     ],
     [
      -48.7966441,
      -25.5010264
     ],
     [
      -48.7964867,
      -25.5010298
     ],
     [
      -48.7960402,
      -25.5009678
     ]
    ]
   },
   "properties": {
    "tipo": "via",
    "id": "via-50",
    "hierarquia": "local",
    "comprimento_m": 164.04,
    "rampaMedia_pct": 6.63,
    "rampaMaxima_pct": 10.04,
    "faixaDominio_m": 8.4,
    "cotaInicial_m": 732.49,
    "cotaFinal_m": 721.62,
    "saiDaGleba": false
   }
  },
  {
   "type": "Feature",
   "geometry": {
    "type": "LineString",
    "coordinates": [
     [
      -48.7954527,
      -25.4985294
     ],
     [
      -48.7955191,
      -25.4986461
     ],
     [
      -48.7955213,
      -25.4986498
     ],
     [
      -48.7955237,
      -25.4986534
     ],
     [
      -48.7955263,
      -25.4986568
     ],
     [
      -48.7955291,
      -25.4986602
     ],
     [
      -48.795532,
      -25.4986634
     ],
     [
      -48.7955351,
      -25.4986666
     ],
     [
      -48.795591,
      -25.4987204
     ],
     [
      -48.7955963,
      -25.4987252
     ],
     [
      -48.795602,
      -25.4987295
     ],
     [
      -48.7956079,
      -25.4987335
     ],
     [
      -48.7956142,
      -25.498737
     ],
     [
      -48.7956208,
      -25.4987401
     ],
     [
      -48.7956276,
      -25.4987427
     ],
     [
      -48.7960457,
      -25.4988889
     ],
     [
      -48.796047,
      -25.4988894
     ],
     [
      -48.7960483,
      -25.4988899
     ],
     [
      -48.7960496,
      -25.4988904
     ],
     [
      -48.7960509,
      -25.4988909
     ],
     [
      -48.7960522,
      -25.4988914
     ],
     [
      -48.7960534,
      -25.498892
     ],
     [
      -48.7963922,
      -25.4990414
     ],
     [
      -48.7963954,
      -25.4990429
     ],
     [
      -48.7963985,
      -25.4990444
     ],
     [
      -48.7964016,
      -25.4990461
     ],
     [
      -48.7964045,
      -25.4990479
     ],
     [
      -48.7964074,
      -25.4990497
     ],
     [
      -48.7964103,
      -25.4990517
     ],
     [
      -48.7966563,
      -25.4992275
     ],
     [
      -48.7967106,
      -25.4992713
     ]
    ]
   },
   "properties": {
    "tipo": "via",
    "id": "via-51",
    "hierarquia": "local",
    "comprimento_m": 154.7,
    "rampaMedia_pct": 2.73,
    "rampaMaxima_pct": 10.02,
    "faixaDominio_m": 8.4,
    "cotaInicial_m": 718.19,
    "cotaFinal_m": 722.42,
    "saiDaGleba": true
   }
  },
  {
   "type": "Feature",
   "geometry": {
    "type": "LineString",
    "coordinates": [
     [
      -48.7954576,
      -25.4965176
     ],
     [
      -48.7955531,
      -25.4966292
     ],
     [
      -48.7955549,
      -25.4966313
     ],
     [
      -48.7955567,
      -25.4966333
     ],
     [
      -48.7955586,
      -25.4966352
     ],
     [
      -48.7955606,
      -25.4966371
     ],
     [
      -48.7955626,
      -25.4966389
     ],
     [
      -48.7955647,
      -25.4966407
     ],
     [
      -48.7959912,
      -25.4969923
     ],
     [
      -48.7959926,
      -25.4969935
     ],
     [
      -48.7959941,
      -25.4969946
     ],
     [
      -48.7959956,
      -25.4969958
     ],
     [
      -48.7959972,
      -25.4969969
     ],
     [
      -48.7959987,
      -25.4969979
     ],
     [
      -48.7960003,
      -25.496999
     ],
     [
      -48.7961882,
      -25.4971206
     ],
     [
      -48.796189,
      -25.4971211
     ],
     [
      -48.7961898,
      -25.4971216
     ],
     [
      -48.7961906,
      -25.4971221
     ],
     [
      -48.7961914,
      -25.4971226
     ],
     [
      -48.7961923,
      -25.4971231
     ],
     [
      -48.7961931,
      -25.4971236
     ],
     [
      -48.7966614,
      -25.4973906
     ],
     [
      -48.7967678,
      -25.497441
     ]
    ]
   },
   "properties": {
    "tipo": "via",
    "id": "via-52",
    "hierarquia": "local",
    "comprimento_m": 167.96,
    "rampaMedia_pct": 5,
    "rampaMaxima_pct": 10.04,
    "faixaDominio_m": 8.4,
    "cotaInicial_m": 727.49,
    "cotaFinal_m": 719.08,
    "saiDaGleba": true
   }
  },
  {
   "type": "Feature",
   "geometry": {
    "type": "LineString",
    "coordinates": [
     [
      -48.8029308,
      -25.5030553
     ],
     [
      -48.8030884,
      -25.5029519
     ],
     [
      -48.80309,
      -25.5029509
     ],
     [
      -48.8030915,
      -25.50295
     ],
     [
      -48.8030931,
      -25.502949
     ],
     [
      -48.8030947,
      -25.5029481
     ],
     [
      -48.8030964,
      -25.5029472
     ],
     [
      -48.803098,
      -25.5029464
     ],
     [
      -48.8032624,
      -25.5028627
     ],
     [
      -48.8032638,
      -25.502862
     ],
     [
      -48.8032651,
      -25.5028613
     ],
     [
      -48.8032665,
      -25.5028607
     ],
     [
      -48.8032679,
      -25.5028601
     ],
     [
      -48.8032692,
      -25.5028595
     ],
     [
      -48.8032706,
      -25.5028589
     ],
     [
      -48.8037718,
      -25.5026566
     ],
     [
      -48.8037725,
      -25.5026563
     ],
     [
      -48.8037733,
      -25.502656
     ],
     [
      -48.8037741,
      -25.5026557
     ],
     [
      -48.8037748,
      -25.5026554
     ],
     [
      -48.8037756,
      -25.5026551
     ],
     [
      -48.8037764,
      -25.5026548
     ],
     [
      -48.804002,
      -25.5025757
     ],
     [
      -48.8042513,
      -25.5024885
     ],
     [
      -48.8042531,
      -25.5024879
     ],
     [
      -48.804255,
      -25.5024873
     ],
     [
      -48.8042569,
      -25.5024867
     ],
     [
      -48.8042588,
      -25.5024862
     ],
     [
      -48.8042607,
      -25.5024857
     ],
     [
      -48.8042626,
      -25.5024852
     ],
     [
      -48.8045953,
      -25.5024087
     ]
    ]
   },
   "properties": {
    "tipo": "via",
    "id": "via-53",
    "hierarquia": "local",
    "comprimento_m": 183.1,
    "rampaMedia_pct": 5.17,
    "rampaMaxima_pct": 10.96,
    "faixaDominio_m": 8.4,
    "cotaInicial_m": 728.12,
    "cotaFinal_m": 718.67,
    "saiDaGleba": true
   }
  },
  {
   "type": "Feature",
   "geometry": {
    "type": "LineString",
    "coordinates": [
     [
      -48.8040166,
      -25.5009984
     ],
     [
      -48.8039643,
      -25.5011957
     ],
     [
      -48.8039638,
      -25.5011977
     ],
     [
      -48.8039633,
      -25.5011998
     ],
     [
      -48.8039629,
      -25.5012018
     ],
     [
      -48.8039625,
      -25.5012039
     ],
     [
      -48.8039622,
      -25.5012059
     ],
     [
      -48.803962,
      -25.501208
     ],
     [
      -48.8039285,
      -25.5015165
     ],
     [
      -48.8039283,
      -25.5015186
     ],
     [
      -48.8039282,
      -25.5015207
     ],
     [
      -48.8039281,
      -25.5015228
     ],
     [
      -48.8039281,
      -25.501525
     ],
     [
      -48.8039281,
      -25.5015271
     ],
     [
      -48.8039282,
      -25.5015292
     ],
     [
      -48.8039361,
      -25.5016974
     ],
     [
      -48.8039363,
      -25.5017
     ],
     [
      -48.8039365,
      -25.5017026
     ],
     [
      -48.8039369,
      -25.5017052
     ],
     [
      -48.8039373,
      -25.5017078
     ],
     [
      -48.8039378,
      -25.5017104
     ],
     [
      -48.8039384,
      -25.501713
     ],
     [
      -48.8039877,
      -25.5019157
     ],
     [
      -48.8040437,
      -25.5020753
     ],
     [
      -48.804045,
      -25.5020788
     ],
     [
      -48.8040464,
      -25.5020823
     ],
     [
      -48.804048,
      -25.5020856
     ],
     [
      -48.8040498,
      -25.5020889
     ],
     [
      -48.8040517,
      -25.5020922
     ],
     [
      -48.8040538,
      -25.5020954
     ],
     [
      -48.8041249,
      -25.5022
     ],
     [
      -48.8041264,
      -25.5022021
     ],
     [
      -48.804128,
      -25.5022042
     ],
     [
      -48.8041296,
      -25.5022063
     ],
     [
      -48.8041313,
      -25.5022083
     ],
     [
      -48.8041331,
      -25.5022103
     ],
     [
      -48.8041349,
      -25.5022122
     ],
     [
      -48.8042563,
      -25.5023372
     ],
     [
      -48.8042584,
      -25.5023394
     ],
     [
      -48.8042606,
      -25.5023414
     ],
     [
      -48.8042629,
      -25.5023434
     ],
     [
      -48.8042652,
      -25.5023453
     ],
     [
      -48.8042676,
      -25.5023472
     ],
     [
      -48.8042701,
      -25.502349
     ],
     [
      -48.8044099,
      -25.5024471
     ]
    ]
   },
   "properties": {
    "tipo": "via",
    "id": "via-54",
    "hierarquia": "local",
    "comprimento_m": 177.46,
    "rampaMedia_pct": 3.08,
    "rampaMaxima_pct": 10.02,
    "faixaDominio_m": 8.4,
    "cotaInicial_m": 724.12,
    "cotaFinal_m": 718.66,
    "saiDaGleba": true
   }
  },
  {
   "type": "Feature",
   "geometry": {
    "type": "LineString",
    "coordinates": [
     [
      -48.8047597,
      -25.5016815
     ],
     [
      -48.8047479,
      -25.5017391
     ],
     [
      -48.8047669,
      -25.50184
     ]
    ]
   },
   "properties": {
    "tipo": "via",
    "id": "via-55",
    "hierarquia": "local",
    "comprimento_m": 17.82,
    "rampaMedia_pct": 4.37,
    "rampaMaxima_pct": 4.41,
    "faixaDominio_m": 8.4,
    "cotaInicial_m": 719.61,
    "cotaFinal_m": 718.84,
    "saiDaGleba": true
   }
  },
  {
   "type": "Feature",
   "geometry": {
    "type": "LineString",
    "coordinates": [
     [
      -48.8051017,
      -25.5008771
     ],
     [
      -48.8053027,
      -25.5011332
     ],
     [
      -48.8053036,
      -25.5011343
     ],
     [
      -48.8053044,
      -25.5011354
     ],
     [
      -48.8053052,
      -25.5011366
     ],
     [
      -48.805306,
      -25.5011377
     ],
     [
      -48.8053068,
      -25.5011389
     ],
     [
      -48.8053076,
      -25.50114
     ],
     [
      -48.8054428,
      -25.5013499
     ],
     [
      -48.8054438,
      -25.5013515
     ],
     [
      -48.8054448,
      -25.5013531
     ],
     [
      -48.8054457,
      -25.5013548
     ],
     [
      -48.8054466,
      -25.5013564
     ],
     [
      -48.8054475,
      -25.5013581
     ],
     [
      -48.8054483,
      -25.5013598
     ],
     [
      -48.805505,
      -25.5014795
     ],
     [
      -48.8055066,
      -25.5014831
     ],
     [
      -48.805508,
      -25.5014867
     ],
     [
      -48.8055092,
      -25.5014903
     ],
     [
      -48.8055103,
      -25.501494
     ],
     [
      -48.8055112,
      -25.5014978
     ],
     [
      -48.8055119,
      -25.5015016
     ],
     [
      -48.8055389,
      -25.5016622
     ],
     [
      -48.805535,
      -25.5018612
     ],
     [
      -48.8055348,
      -25.5018661
     ],
     [
      -48.8055342,
      -25.501871
     ],
     [
      -48.8055334,
      -25.5018759
     ],
     [
      -48.8055323,
      -25.5018807
     ],
     [
      -48.8055309,
      -25.5018854
     ],
     [
      -48.8055291,
      -25.5018901
     ],
     [
      -48.8054956,
      -25.5019746
     ],
     [
      -48.8054931,
      -25.5019805
     ],
     [
      -48.8054901,
      -25.501986
     ],
     [
      -48.8054868,
      -25.5019914
     ],
     [
      -48.805483,
      -25.5019965
     ],
     [
      -48.8054788,
      -25.5020014
     ],
     [
      -48.8054743,
      -25.5020061
     ],
     [
      -48.8054525,
      -25.5020271
     ],
     [
      -48.8054497,
      -25.5020296
     ],
     [
      -48.8054468,
      -25.502032
     ],
     [
      -48.8054439,
      -25.5020344
     ],
     [
      -48.8054408,
      -25.5020366
     ],
     [
      -48.8054376,
      -25.5020387
     ],
     [
      -48.8054344,
      -25.5020407
     ],
     [
      -48.8053826,
      -25.5020712
     ],
     [
      -48.8053802,
      -25.5020726
     ],
     [
      -48.8053777,
      -25.5020739
     ],
     [
      -48.8053752,
      -25.5020752
     ],
     [
      -48.8053727,
      -25.5020763
     ],
     [
      -48.8053701,
      -25.5020775
     ],
     [
      -48.8053675,
      -25.5020785
     ],
     [
      -48.805245,
      -25.502126
     ],
     [
      -48.8052418,
      -25.5021272
     ],
     [
      -48.8052384,
      -25.5021283
     ],
     [
      -48.8052351,
      -25.5021293
     ],
     [
      -48.8052317,
      -25.5021302
     ],
     [
      -48.8052283,
      -25.502131
     ],
     [
      -48.8052248,
      -25.5021317
     ],
     [
      -48.8051374,
      -25.502147
     ]
    ]
   },
   "properties": {
    "tipo": "via",
    "id": "via-56",
    "hierarquia": "local",
    "comprimento_m": 176.24,
    "rampaMedia_pct": 3.46,
    "rampaMaxima_pct": 10.03,
    "faixaDominio_m": 8.4,
    "cotaInicial_m": 724.28,
    "cotaFinal_m": 718.18,
    "saiDaGleba": true
   }
  },
  {
   "type": "Feature",
   "geometry": {
    "type": "LineString",
    "coordinates": [
     [
      -48.804566,
      -25.5024758
     ],
     [
      -48.804664,
      -25.5024397
     ],
     [
      -48.8046688,
      -25.5024378
     ],
     [
      -48.8046735,
      -25.5024357
     ],
     [
      -48.804678,
      -25.5024333
     ],
     [
      -48.8046824,
      -25.5024308
     ],
     [
      -48.8046866,
      -25.502428
     ],
     [
      -48.8046907,
      -25.5024251
     ],
     [
      -48.804849,
      -25.5023039
     ],
     [
      -48.8048552,
      -25.5022995
     ],
     [
      -48.8048617,
      -25.5022956
     ],
     [
      -48.8048685,
      -25.5022922
     ],
     [
      -48.8048755,
      -25.5022893
     ],
     [
      -48.8048829,
      -25.5022869
     ],
     [
      -48.8048905,
      -25.502285
     ],
     [
      -48.8049172,
      -25.5022793
     ],
     [
      -48.8049225,
      -25.5022783
     ],
     [
      -48.8049278,
      -25.5022776
     ],
     [
      -48.8049332,
      -25.5022772
     ],
     [
      -48.8049386,
      -25.502277
     ],
     [
      -48.8049439,
      -25.502277
     ],
     [
      -48.8049494,
      -25.5022774
     ],
     [
      -48.8051146,
      -25.5022918
     ],
     [
      -48.8051898,
      -25.5022991
     ],
     [
      -48.8051929,
      -25.5022994
     ],
     [
      -48.805196,
      -25.5022999
     ],
     [
      -48.805199,
      -25.5023004
     ],
     [
      -48.805202,
      -25.502301
     ],
     [
      -48.805205,
      -25.5023017
     ],
     [
      -48.805208,
      -25.5023024
     ],
     [
      -48.8054161,
      -25.5023595
     ],
     [
      -48.8054177,
      -25.5023599
     ],
     [
      -48.8054194,
      -25.5023604
     ],
     [
      -48.805421,
      -25.5023609
     ],
     [
      -48.8054226,
      -25.5023615
     ],
     [
      -48.8054242,
      -25.5023621
     ],
     [
      -48.8054258,
      -25.5023626
     ],
     [
      -48.8056076,
      -25.5024319
     ]
    ]
   },
   "properties": {
    "tipo": "via",
    "id": "via-57",
    "hierarquia": "local",
    "comprimento_m": 114.2,
    "rampaMedia_pct": 1.43,
    "rampaMaxima_pct": 10.02,
    "faixaDominio_m": 8.4,
    "cotaInicial_m": 718.71,
    "cotaFinal_m": 720.35,
    "saiDaGleba": true
   }
  },
  {
   "type": "Feature",
   "geometry": {
    "type": "LineString",
    "coordinates": [
     [
      -48.8046667,
      -25.5017468
     ],
     [
      -48.8046882,
      -25.5018341
     ],
     [
      -48.8047292,
      -25.5022792
     ],
     [
      -48.8047296,
      -25.5022828
     ],
     [
      -48.8047302,
      -25.5022864
     ],
     [
      -48.8047309,
      -25.50229
     ],
     [
      -48.8047318,
      -25.5022936
     ],
     [
      -48.8047329,
      -25.5022971
     ],
     [
      -48.8047341,
      -25.5023006
     ],
     [
      -48.8047614,
      -25.5023737
     ]
    ]
   },
   "properties": {
    "tipo": "via",
    "id": "via-58",
    "hierarquia": "local",
    "comprimento_m": 70.37,
    "rampaMedia_pct": 0.96,
    "rampaMaxima_pct": 10.01,
    "faixaDominio_m": 8.4,
    "cotaInicial_m": 719.33,
    "cotaFinal_m": 718.66,
    "saiDaGleba": true
   }
  },
  {
   "type": "Feature",
   "geometry": {
    "type": "LineString",
    "coordinates": [
     [
      -48.8045163,
      -25.5001468
     ],
     [
      -48.8044594,
      -25.5001851
     ],
     [
      -48.8044552,
      -25.5001881
     ],
     [
      -48.8044511,
      -25.5001913
     ],
     [
      -48.8044473,
      -25.5001948
     ],
     [
      -48.8044436,
      -25.5001983
     ],
     [
      -48.8044402,
      -25.5002021
     ],
     [
      -48.804437,
      -25.5002061
     ],
     [
      -48.8038672,
      -25.5009514
     ],
     [
      -48.8037204,
      -25.5011651
     ],
     [
      -48.8037194,
      -25.5011665
     ],
     [
      -48.8037185,
      -25.5011679
     ],
     [
      -48.8037176,
      -25.5011694
     ],
     [
      -48.8037168,
      -25.5011708
     ],
     [
      -48.803716,
      -25.5011723
     ],
     [
      -48.8037152,
      -25.5011737
     ],
     [
      -48.8035296,
      -25.5015238
     ],
     [
      -48.803529,
      -25.5015249
     ],
     [
      -48.8035284,
      -25.5015259
     ],
     [
      -48.8035279,
      -25.5015269
     ],
     [
      -48.8035273,
      -25.5015279
     ],
     [
      -48.8035266,
      -25.5015289
     ],
     [
      -48.803526,
      -25.5015299
     ],
     [
      -48.803314,
      -25.5018623
     ],
     [
      -48.8033127,
      -25.5018643
     ],
     [
      -48.8033113,
      -25.5018663
     ],
     [
      -48.8033098,
      -25.5018683
     ],
     [
      -48.8033083,
      -25.5018703
     ],
     [
      -48.8033067,
      -25.5018722
     ],
     [
      -48.8033051,
      -25.501874
     ],
     [
      -48.8027808,
      -25.5024587
     ],
     [
      -48.8026207,
      -25.5026368
     ],
     [
      -48.8026177,
      -25.5026399
     ],
     [
      -48.8026147,
      -25.5026429
     ],
     [
      -48.8026115,
      -25.5026457
     ],
     [
      -48.8026081,
      -25.5026484
     ],
     [
      -48.8026046,
      -25.502651
     ],
     [
      -48.802601,
      -25.5026534
     ],
     [
      -48.8025536,
      -25.5026838
     ]
    ]
   },
   "properties": {
    "tipo": "via",
    "id": "via-59",
    "hierarquia": "local",
    "comprimento_m": 345.3,
    "rampaMedia_pct": 0.28,
    "rampaMaxima_pct": 10.02,
    "faixaDominio_m": 8.4,
    "cotaInicial_m": 727.37,
    "cotaFinal_m": 726.42,
    "saiDaGleba": true
   }
  },
  {
   "type": "Feature",
   "geometry": {
    "type": "LineString",
    "coordinates": [
     [
      -48.8044538,
      -25.5001834
     ],
     [
      -48.8043942,
      -25.5001881
     ],
     [
      -48.8043881,
      -25.5001888
     ],
     [
      -48.8043821,
      -25.5001897
     ],
     [
      -48.8043762,
      -25.5001911
     ],
     [
      -48.8043704,
      -25.5001927
     ],
     [
      -48.8043647,
      -25.5001947
     ],
     [
      -48.8043591,
      -25.500197
     ],
     [
      -48.8041766,
      -25.5002783
     ],
     [
      -48.8041739,
      -25.5002795
     ],
     [
      -48.8041711,
      -25.5002806
     ],
     [
      -48.8041683,
      -25.5002816
     ],
     [
      -48.8041655,
      -25.5002825
     ],
     [
      -48.8041626,
      -25.5002834
     ],
     [
      -48.8041597,
      -25.5002842
     ],
     [
      -48.8039546,
      -25.5003365
     ],
     [
      -48.8039516,
      -25.5003372
     ],
     [
      -48.8039484,
      -25.5003379
     ],
     [
      -48.8039453,
      -25.5003384
     ],
     [
      -48.8039422,
      -25.5003389
     ],
     [
      -48.803939,
      -25.5003393
     ],
     [
      -48.8039358,
      -25.5003395
     ],
     [
      -48.8037479,
      -25.5003534
     ],
     [
      -48.8037456,
      -25.5003536
     ],
     [
      -48.8037434,
      -25.5003539
     ],
     [
      -48.8037411,
      -25.5003542
     ],
     [
      -48.8037389,
      -25.5003545
     ],
     [
      -48.8037366,
      -25.5003549
     ],
     [
      -48.8037344,
      -25.5003553
     ],
     [
      -48.8033538,
      -25.5004322
     ],
     [
      -48.8030015,
      -25.5004849
     ],
     [
      -48.8029999,
      -25.5004851
     ],
     [
      -48.8029983,
      -25.5004854
     ],
     [
      -48.8029966,
      -25.5004855
     ],
     [
      -48.802995,
      -25.5004857
     ],
     [
      -48.8029934,
      -25.5004858
     ],
     [
      -48.8029918,
      -25.5004859
     ],
     [
      -48.8028131,
      -25.5004966
     ],
     [
      -48.8028102,
      -25.5004968
     ],
     [
      -48.8028073,
      -25.5004968
     ],
     [
      -48.8028045,
      -25.5004968
     ],
     [
      -48.8028016,
      -25.5004967
     ],
     [
      -48.8027988,
      -25.5004965
     ],
     [
      -48.8027959,
      -25.5004963
     ],
     [
      -48.8026881,
      -25.5004858
     ]
    ]
   },
   "properties": {
    "tipo": "via",
    "id": "via-60",
    "hierarquia": "local",
    "comprimento_m": 182.35,
    "rampaMedia_pct": 4.94,
    "rampaMaxima_pct": 10.03,
    "faixaDominio_m": 8.4,
    "cotaInicial_m": 727.41,
    "cotaFinal_m": 718.4,
    "saiDaGleba": false
   }
  },
  {
   "type": "Feature",
   "geometry": {
    "type": "LineString",
    "coordinates": [
     [
      -48.8056181,
      -25.5008343
     ],
     [
      -48.8054873,
      -25.500764
     ],
     [
      -48.8054853,
      -25.5007629
     ],
     [
      -48.8054833,
      -25.5007619
     ],
     [
      -48.8054812,
      -25.500761
     ],
     [
      -48.8054791,
      -25.50076
     ],
     [
      -48.805477,
      -25.5007592
     ],
     [
      -48.8054749,
      -25.5007583
     ],
     [
      -48.8053704,
      -25.5007188
     ],
     [
      -48.8052673,
      -25.5006792
     ],
     [
      -48.8052645,
      -25.5006781
     ],
     [
      -48.8052618,
      -25.5006769
     ],
     [
      -48.8052591,
      -25.5006756
     ],
     [
      -48.8052564,
      -25.5006743
     ],
     [
      -48.8052538,
      -25.5006729
     ],
     [
      -48.8052512,
      -25.5006714
     ],
     [
      -48.8050972,
      -25.5005791
     ],
     [
      -48.8050956,
      -25.5005781
     ],
     [
      -48.8050941,
      -25.5005771
     ],
     [
      -48.8050926,
      -25.5005761
     ],
     [
      -48.8050911,
      -25.5005751
     ],
     [
      -48.8050896,
      -25.500574
     ],
     [
      -48.8050882,
      -25.500573
     ],
     [
      -48.8049138,
      -25.5004405
     ],
     [
      -48.8049131,
      -25.5004399
     ],
     [
      -48.8049123,
      -25.5004394
     ],
     [
      -48.8049116,
      -25.5004388
     ],
     [
      -48.8049109,
      -25.5004382
     ],
     [
      -48.8049102,
      -25.5004376
     ],
     [
      -48.8049095,
      -25.500437
     ],
     [
      -48.8045661,
      -25.5001437
     ],
     [
      -48.8045623,
      -25.5001407
     ],
     [
      -48.8045584,
      -25.5001378
     ],
     [
      -48.8045544,
      -25.5001351
     ],
     [
      -48.8045502,
      -25.5001327
     ],
     [
      -48.8045458,
      -25.5001304
     ],
     [
      -48.8045413,
      -25.5001283
     ],
     [
      -48.8045133,
      -25.5001159
     ],
     [
      -48.8045096,
      -25.5001144
     ],
     [
      -48.804506,
      -25.500113
     ],
     [
      -48.8045023,
      -25.5001118
     ],
     [
      -48.8044985,
      -25.5001107
     ],
     [
      -48.8044947,
      -25.5001097
     ],
     [
      -48.8044908,
      -25.5001089
     ],
     [
      -48.8043805,
      -25.5000873
     ],
     [
      -48.8043778,
      -25.5000868
     ],
     [
      -48.8043752,
      -25.5000862
     ],
     [
      -48.8043726,
      -25.5000855
     ],
     [
      -48.8043701,
      -25.5000848
     ],
     [
      -48.8043675,
      -25.5000839
     ],
     [
      -48.804365,
      -25.5000831
     ],
     [
      -48.8035712,
      -25.4997997
     ],
     [
      -48.8035703,
      -25.4997994
     ],
     [
      -48.8035694,
      -25.4997991
     ],
     [
      -48.8035686,
      -25.4997988
     ],
     [
      -48.8035677,
      -25.4997984
     ],
     [
      -48.8035669,
      -25.4997981
     ],
     [
      -48.803566,
      -25.4997977
     ],
     [
      -48.8033882,
      -25.4997236
     ],
     [
      -48.8030182,
      -25.4995614
     ],
     [
      -48.8030141,
      -25.4995595
     ],
     [
      -48.8030101,
      -25.4995574
     ],
     [
      -48.8030062,
      -25.4995552
     ],
     [
      -48.8030025,
      -25.4995528
     ],
     [
      -48.8029988,
      -25.4995502
     ],
     [
      -48.8029953,
      -25.4995475
     ],
     [
      -48.8029486,
      -25.4995098
     ]
    ]
   },
   "properties": {
    "tipo": "via",
    "id": "via-61",
    "hierarquia": "local",
    "comprimento_m": 309.6,
    "rampaMedia_pct": 0.91,
    "rampaMaxima_pct": 15.97,
    "faixaDominio_m": 8.4,
    "cotaInicial_m": 721.93,
    "cotaFinal_m": 719.11,
    "saiDaGleba": true
   }
  },
  {
   "type": "Feature",
   "geometry": {
    "type": "LineString",
    "coordinates": [
     [
      -48.8043706,
      -25.4997728
     ],
     [
      -48.8043349,
      -25.499765
     ],
     [
      -48.8043239,
      -25.499762
     ],
     [
      -48.8043136,
      -25.499758
     ],
     [
      -48.804304,
      -25.4997531
     ],
     [
      -48.8042951,
      -25.4997471
     ],
     [
      -48.804287,
      -25.4997402
     ],
     [
      -48.8042795,
      -25.4997323
     ],
     [
      -48.8042184,
      -25.4996604
     ],
     [
      -48.8042171,
      -25.4996588
     ],
     [
      -48.8042157,
      -25.4996574
     ],
     [
      -48.8042144,
      -25.4996559
     ],
     [
      -48.804213,
      -25.4996545
     ],
     [
      -48.8042115,
      -25.4996531
     ],
     [
      -48.80421,
      -25.4996517
     ],
     [
      -48.8040893,
      -25.4995418
     ],
     [
      -48.8040862,
      -25.4995388
     ],
     [
      -48.8040832,
      -25.4995357
     ],
     [
      -48.8040804,
      -25.4995325
     ],
     [
      -48.8040778,
      -25.4995292
     ],
     [
      -48.8040753,
      -25.4995257
     ],
     [
      -48.804073,
      -25.4995222
     ],
     [
      -48.8039609,
      -25.4993406
     ],
     [
      -48.8038468,
      -25.4991525
     ],
     [
      -48.8036027,
      -25.49875
     ]
    ]
   },
   "properties": {
    "tipo": "via",
    "id": "via-62",
    "hierarquia": "local",
    "comprimento_m": 139.47,
    "rampaMedia_pct": 8.26,
    "rampaMaxima_pct": 10.01,
    "faixaDominio_m": 8.4,
    "cotaInicial_m": 727.78,
    "cotaFinal_m": 716.26,
    "saiDaGleba": false
   }
  },
  {
   "type": "Feature",
   "geometry": {
    "type": "LineString",
    "coordinates": [
     [
      -48.8045068,
      -25.4983911
     ],
     [
      -48.8045675,
      -25.49886
     ],
     [
      -48.8046158,
      -25.4991805
     ]
    ]
   },
   "properties": {
    "tipo": "via",
    "id": "via-63",
    "hierarquia": "local",
    "comprimento_m": 88.14,
    "rampaMedia_pct": 9.08,
    "rampaMaxima_pct": 9.15,
    "faixaDominio_m": 8.4,
    "cotaInicial_m": 715.78,
    "cotaFinal_m": 723.78,
    "saiDaGleba": true
   }
  },
  {
   "type": "Feature",
   "geometry": {
    "type": "LineString",
    "coordinates": [
     [
      -48.805126,
      -25.4992319
     ],
     [
      -48.8052625,
      -25.4989975
     ],
     [
      -48.8052635,
      -25.4989959
     ],
     [
      -48.8052645,
      -25.4989942
     ],
     [
      -48.8052656,
      -25.4989926
     ],
     [
      -48.8052667,
      -25.498991
     ],
     [
      -48.8052678,
      -25.4989895
     ],
     [
      -48.805269,
      -25.4989879
     ],
     [
      -48.8053571,
      -25.4988738
     ],
     [
      -48.8054225,
      -25.4987884
     ],
     [
      -48.8054242,
      -25.4987862
     ],
     [
      -48.8054257,
      -25.498784
     ],
     [
      -48.8054272,
      -25.4987817
     ],
     [
      -48.8054286,
      -25.4987794
     ],
     [
      -48.8054299,
      -25.4987771
     ],
     [
      -48.8054312,
      -25.4987747
     ],
     [
      -48.8055081,
      -25.4986237
     ],
     [
      -48.8055096,
      -25.4986206
     ],
     [
      -48.805511,
      -25.4986174
     ],
     [
      -48.8055123,
      -25.4986142
     ],
     [
      -48.8055134,
      -25.4986109
     ],
     [
      -48.8055143,
      -25.4986076
     ],
     [
      -48.8055152,
      -25.4986042
     ],
     [
      -48.8055652,
      -25.4983863
     ],
     [
      -48.805566,
      -25.4983823
     ],
     [
      -48.8055666,
      -25.4983784
     ],
     [
      -48.805567,
      -25.4983744
     ],
     [
      -48.8055672,
      -25.4983704
     ],
     [
      -48.8055672,
      -25.4983664
     ],
     [
      -48.8055671,
      -25.4983624
     ],
     [
      -48.8055551,
      -25.4981831
     ]
    ]
   },
   "properties": {
    "tipo": "via",
    "id": "via-64",
    "hierarquia": "local",
    "comprimento_m": 127.25,
    "rampaMedia_pct": 5.94,
    "rampaMaxima_pct": 13.94,
    "faixaDominio_m": 8.4,
    "cotaInicial_m": 723.36,
    "cotaFinal_m": 715.81,
    "saiDaGleba": true
   }
  },
  {
   "type": "Feature",
   "geometry": {
    "type": "LineString",
    "coordinates": [
     [
      -48.8045568,
      -25.5000365
     ],
     [
      -48.8045855,
      -25.5000407
     ],
     [
      -48.8045948,
      -25.5000415
     ],
     [
      -48.8046039,
      -25.5000412
     ],
     [
      -48.8046126,
      -25.5000398
     ],
     [
      -48.8046211,
      -25.5000372
     ],
     [
      -48.8046291,
      -25.5000335
     ],
     [
      -48.8046369,
      -25.5000286
     ],
     [
      -48.8046611,
      -25.5000113
     ],
     [
      -48.8046628,
      -25.5000101
     ],
     [
      -48.8046644,
      -25.5000089
     ],
     [
      -48.8046659,
      -25.5000076
     ],
     [
      -48.8046675,
      -25.5000063
     ],
     [
      -48.804669,
      -25.500005
     ],
     [
      -48.8046705,
      -25.5000036
     ],
     [
      -48.8050833,
      -25.4996225
     ],
     [
      -48.805084,
      -25.4996219
     ],
     [
      -48.8050848,
      -25.4996212
     ],
     [
      -48.8050855,
      -25.4996205
     ],
     [
      -48.8050863,
      -25.4996199
     ],
     [
      -48.805087,
      -25.4996192
     ],
     [
      -48.8050878,
      -25.4996186
     ],
     [
      -48.8054085,
      -25.4993577
     ],
     [
      -48.8056065,
      -25.4991742
     ]
    ]
   },
   "properties": {
    "tipo": "via",
    "id": "via-65",
    "hierarquia": "local",
    "comprimento_m": 144.37,
    "rampaMedia_pct": 4.49,
    "rampaMaxima_pct": 10.01,
    "faixaDominio_m": 8.4,
    "cotaInicial_m": 727.39,
    "cotaFinal_m": 720.9,
    "saiDaGleba": true
   }
  },
  {
   "type": "Feature",
   "geometry": {
    "type": "LineString",
    "coordinates": [
     [
      -48.805597,
      -25.4967683
     ],
     [
      -48.8050869,
      -25.4967645
     ],
     [
      -48.8050852,
      -25.4967645
     ],
     [
      -48.8050834,
      -25.4967644
     ],
     [
      -48.8050817,
      -25.4967643
     ],
     [
      -48.8050799,
      -25.4967642
     ],
     [
      -48.8050782,
      -25.4967641
     ],
     [
      -48.8050764,
      -25.4967639
     ],
     [
      -48.8048802,
      -25.4967434
     ],
     [
      -48.8045642,
      -25.4967204
     ],
     [
      -48.8045606,
      -25.4967201
     ],
     [
      -48.8045571,
      -25.4967197
     ],
     [
      -48.8045536,
      -25.4967191
     ],
     [
      -48.8045501,
      -25.4967185
     ],
     [
      -48.8045467,
      -25.4967177
     ],
     [
      -48.8045433,
      -25.4967168
     ],
     [
      -48.8043873,
      -25.4966738
     ],
     [
      -48.8043834,
      -25.4966727
     ],
     [
      -48.8043796,
      -25.4966714
     ],
     [
      -48.8043758,
      -25.4966699
     ],
     [
      -48.8043721,
      -25.4966683
     ],
     [
      -48.8043684,
      -25.4966666
     ],
     [
      -48.8043649,
      -25.4966648
     ],
     [
      -48.8041723,
      -25.4965594
     ]
    ]
   },
   "properties": {
    "tipo": "via",
    "id": "via-66",
    "hierarquia": "local",
    "comprimento_m": 147.69,
    "rampaMedia_pct": 5.67,
    "rampaMaxima_pct": 18.62,
    "faixaDominio_m": 8.4,
    "cotaInicial_m": 716.88,
    "cotaFinal_m": 708.5,
    "saiDaGleba": true
   }
  },
  {
   "type": "Feature",
   "geometry": {
    "type": "LineString",
    "coordinates": [
     [
      -48.8038429,
      -25.4973096
     ],
     [
      -48.8038793,
      -25.4973636
     ],
     [
      -48.8038818,
      -25.4973676
     ],
     [
      -48.8038841,
      -25.4973716
     ],
     [
      -48.8038861,
      -25.4973758
     ],
     [
      -48.8038879,
      -25.49738
     ],
     [
      -48.8038895,
      -25.4973843
     ],
     [
      -48.8038909,
      -25.4973888
     ],
     [
      -48.8040189,
      -25.4978536
     ],
     [
      -48.8040719,
      -25.4980461
     ]
    ]
   },
   "properties": {
    "tipo": "via",
    "id": "via-67",
    "hierarquia": "local",
    "comprimento_m": 85.1,
    "rampaMedia_pct": 1.65,
    "rampaMaxima_pct": 10.01,
    "faixaDominio_m": 8.4,
    "cotaInicial_m": 710.67,
    "cotaFinal_m": 712.07,
    "saiDaGleba": true
   }
  },
  {
   "type": "Feature",
   "geometry": {
    "type": "LineString",
    "coordinates": [
     [
      -48.8033432,
      -25.4984064
     ],
     [
      -48.8032615,
      -25.4982047
     ],
     [
      -48.8032599,
      -25.4982006
     ],
     [
      -48.8032586,
      -25.4981964
     ],
     [
      -48.8032575,
      -25.4981921
     ],
     [
      -48.8032566,
      -25.4981879
     ],
     [
      -48.803256,
      -25.4981835
     ],
     [
      -48.8032556,
      -25.4981792
     ],
     [
      -48.8032434,
      -25.4980015
     ],
     [
      -48.8032534,
      -25.4977818
     ]
    ]
   },
   "properties": {
    "tipo": "via",
    "id": "via-68",
    "hierarquia": "local",
    "comprimento_m": 70.79,
    "rampaMedia_pct": 2.79,
    "rampaMaxima_pct": 10,
    "faixaDominio_m": 8.4,
    "cotaInicial_m": 712.58,
    "cotaFinal_m": 710.6,
    "saiDaGleba": true
   }
  },
  {
   "type": "Feature",
   "geometry": {
    "type": "LineString",
    "coordinates": [
     [
      -48.8030349,
      -25.4986866
     ],
     [
      -48.8029265,
      -25.4985962
     ],
     [
      -48.8029236,
      -25.4985938
     ],
     [
      -48.8029206,
      -25.4985916
     ],
     [
      -48.8029175,
      -25.4985895
     ],
     [
      -48.8029143,
      -25.4985874
     ],
     [
      -48.802911,
      -25.4985855
     ],
     [
      -48.8029076,
      -25.4985838
     ],
     [
      -48.8027418,
      -25.4984998
     ],
     [
      -48.8026746,
      -25.4984664
     ],
     [
      -48.8024546,
      -25.4983887
     ],
     [
      -48.8024524,
      -25.498388
     ],
     [
      -48.8024501,
      -25.4983873
     ],
     [
      -48.8024479,
      -25.4983866
     ],
     [
      -48.8024456,
      -25.498386
     ],
     [
      -48.8024433,
      -25.4983854
     ],
     [
      -48.8024409,
      -25.4983849
     ],
     [
      -48.8022809,
      -25.4983514
     ],
     [
      -48.8022756,
      -25.4983505
     ],
     [
      -48.8022702,
      -25.4983497
     ],
     [
      -48.8022648,
      -25.4983493
     ],
     [
      -48.8022594,
      -25.4983491
     ],
     [
      -48.802254,
      -25.4983492
     ],
     [
      -48.8022486,
      -25.4983496
     ],
     [
      -48.8022091,
      -25.4983532
     ],
     [
      -48.802202,
      -25.4983541
     ],
     [
      -48.8021952,
      -25.4983554
     ],
     [
      -48.8021885,
      -25.4983571
     ],
     [
      -48.8021819,
      -25.4983593
     ],
     [
      -48.8021755,
      -25.4983619
     ],
     [
      -48.8021692,
      -25.4983649
     ],
     [
      -48.8020842,
      -25.4984096
     ],
     [
      -48.8020803,
      -25.4984117
     ],
     [
      -48.8020766,
      -25.498414
     ],
     [
      -48.802073,
      -25.4984164
     ],
     [
      -48.8020695,
      -25.498419
     ],
     [
      -48.8020661,
      -25.4984217
     ],
     [
      -48.8020629,
      -25.4984245
     ],
     [
      -48.8019194,
      -25.4985576
     ],
     [
      -48.8019175,
      -25.4985593
     ],
     [
      -48.8019156,
      -25.4985609
     ],
     [
      -48.8019136,
      -25.4985625
     ],
     [
      -48.8019116,
      -25.498564
     ],
     [
      -48.8019096,
      -25.4985655
     ],
     [
      -48.8019075,
      -25.498567
     ],
     [
      -48.8018438,
      -25.4986098
     ],
     [
      -48.8018375,
      -25.4986144
     ],
     [
      -48.8018318,
      -25.4986193
     ],
     [
      -48.8018265,
      -25.4986245
     ],
     [
      -48.8018218,
      -25.4986302
     ],
     [
      -48.8018175,
      -25.4986362
     ],
     [
      -48.8018137,
      -25.4986426
     ],
     [
      -48.80179,
      -25.4986864
     ]
    ]
   },
   "properties": {
    "tipo": "via",
    "id": "via-69",
    "hierarquia": "local",
    "comprimento_m": 150.09,
    "rampaMedia_pct": 3,
    "rampaMaxima_pct": 10.01,
    "faixaDominio_m": 8.4,
    "cotaInicial_m": 712.78,
    "cotaFinal_m": 708.27,
    "saiDaGleba": true
   }
  },
  {
   "type": "Feature",
   "geometry": {
    "type": "LineString",
    "coordinates": [
     [
      -48.8025841,
      -25.4992807
     ],
     [
      -48.8023571,
      -25.4991267
     ],
     [
      -48.8023282,
      -25.499109
     ],
     [
      -48.8020676,
      -25.498949
     ],
     [
      -48.8020666,
      -25.4989484
     ],
     [
      -48.8020656,
      -25.4989478
     ],
     [
      -48.8020645,
      -25.4989472
     ],
     [
      -48.8020635,
      -25.4989466
     ],
     [
      -48.8020624,
      -25.498946
     ],
     [
      -48.8020614,
      -25.4989455
     ],
     [
      -48.8017477,
      -25.4987823
     ],
     [
      -48.8017427,
      -25.4987794
     ],
     [
      -48.8017378,
      -25.4987764
     ],
     [
      -48.8017332,
      -25.4987731
     ],
     [
      -48.8017288,
      -25.4987695
     ],
     [
      -48.8017246,
      -25.4987657
     ],
     [
      -48.8017207,
      -25.4987616
     ],
     [
      -48.8016737,
      -25.4987103
     ]
    ]
   },
   "properties": {
    "tipo": "via",
    "id": "via-70",
    "hierarquia": "local",
    "comprimento_m": 111.69,
    "rampaMedia_pct": 4.34,
    "rampaMaxima_pct": 10.02,
    "faixaDominio_m": 8.4,
    "cotaInicial_m": 712.92,
    "cotaFinal_m": 708.07,
    "saiDaGleba": false
   }
  },
  {
   "type": "Feature",
   "geometry": {
    "type": "LineString",
    "coordinates": [
     [
      -48.8021674,
      -25.4999377
     ],
     [
      -48.8020496,
      -25.499856
     ],
     [
      -48.8020476,
      -25.4998546
     ],
     [
      -48.8020457,
      -25.4998531
     ],
     [
      -48.8020438,
      -25.4998516
     ],
     [
      -48.8020419,
      -25.4998501
     ],
     [
      -48.8020401,
      -25.4998485
     ],
     [
      -48.8020383,
      -25.4998469
     ],
     [
      -48.8019041,
      -25.4997202
     ],
     [
      -48.8017547,
      -25.4995574
     ],
     [
      -48.8017529,
      -25.4995554
     ],
     [
      -48.8017512,
      -25.4995534
     ],
     [
      -48.8017495,
      -25.4995513
     ],
     [
      -48.8017479,
      -25.4995492
     ],
     [
      -48.8017464,
      -25.499547
     ],
     [
      -48.801745,
      -25.4995448
     ],
     [
      -48.8016767,
      -25.4994376
     ],
     [
      -48.8016754,
      -25.4994355
     ],
     [
      -48.8016741,
      -25.4994333
     ],
     [
      -48.8016729,
      -25.4994312
     ],
     [
      -48.8016718,
      -25.4994289
     ],
     [
      -48.8016708,
      -25.4994267
     ],
     [
      -48.8016698,
      -25.4994244
     ],
     [
      -48.8016192,
      -25.4993036
     ],
     [
      -48.8016183,
      -25.4993012
     ],
     [
      -48.8016174,
      -25.4992987
     ],
     [
      -48.8016166,
      -25.4992963
     ],
     [
      -48.8016159,
      -25.4992938
     ],
     [
      -48.8016152,
      -25.4992913
     ],
     [
      -48.8016146,
      -25.4992888
     ],
     [
      -48.8016021,
      -25.4992308
     ],
     [
      -48.8016016,
      -25.4992282
     ],
     [
      -48.8016012,
      -25.4992255
     ],
     [
      -48.8016008,
      -25.4992229
     ],
     [
      -48.8016006,
      -25.4992203
     ],
     [
      -48.8016004,
      -25.4992177
     ],
     [
      -48.8016003,
      -25.499215
     ],
     [
      -48.8015986,
      -25.4991238
     ],
     [
      -48.8015985,
      -25.4991223
     ],
     [
      -48.8015986,
      -25.4991207
     ],
     [
      -48.8015986,
      -25.4991192
     ],
     [
      -48.8015987,
      -25.4991176
     ],
     [
      -48.8015988,
      -25.4991161
     ],
     [
      -48.8015989,
      -25.4991145
     ],
     [
      -48.8016259,
      -25.4988307
     ],
     [
      -48.8016262,
      -25.4988244
     ],
     [
      -48.8016261,
      -25.4988183
     ],
     [
      -48.8016256,
      -25.4988122
     ],
     [
      -48.8016245,
      -25.4988061
     ],
     [
      -48.801623,
      -25.4988001
     ],
     [
      -48.8016211,
      -25.4987942
     ],
     [
      -48.8016005,
      -25.4987387
     ]
    ]
   },
   "properties": {
    "tipo": "via",
    "id": "via-71",
    "hierarquia": "local",
    "comprimento_m": 154.02,
    "rampaMedia_pct": 3.05,
    "rampaMaxima_pct": 10.02,
    "faixaDominio_m": 8.4,
    "cotaInicial_m": 712.83,
    "cotaFinal_m": 708.14,
    "saiDaGleba": false
   }
  },
  {
   "type": "Feature",
   "geometry": {
    "type": "LineString",
    "coordinates": [
     [
      -48.8016159,
      -25.4992965
     ],
     [
      -48.8015721,
      -25.4993243
     ],
     [
      -48.8015654,
      -25.499329
     ],
     [
      -48.8015592,
      -25.4993341
     ],
     [
      -48.8015535,
      -25.4993396
     ],
     [
      -48.8015484,
      -25.4993455
     ],
     [
      -48.8015438,
      -25.4993519
     ],
     [
      -48.8015398,
      -25.4993587
     ],
     [
      -48.8014417,
      -25.499541
     ],
     [
      -48.8014405,
      -25.4995431
     ],
     [
      -48.8014393,
      -25.4995452
     ],
     [
      -48.801438,
      -25.4995473
     ],
     [
      -48.8014366,
      -25.4995493
     ],
     [
      -48.8014352,
      -25.4995513
     ],
     [
      -48.8014337,
      -25.4995533
     ],
     [
      -48.801263,
      -25.4997741
     ],
     [
      -48.8012616,
      -25.499776
     ],
     [
      -48.8012602,
      -25.4997779
     ],
     [
      -48.8012589,
      -25.4997798
     ],
     [
      -48.8012577,
      -25.4997818
     ],
     [
      -48.8012565,
      -25.4997838
     ],
     [
      -48.8012553,
      -25.4997858
     ],
     [
      -48.8012206,
      -25.4998492
     ],
     [
      -48.801172,
      -25.4999365
     ],
     [
      -48.8011696,
      -25.4999405
     ],
     [
      -48.8011669,
      -25.4999445
     ],
     [
      -48.8011641,
      -25.4999483
     ],
     [
      -48.801161,
      -25.499952
     ],
     [
      -48.8011578,
      -25.4999555
     ],
     [
      -48.8011543,
      -25.4999589
     ],
     [
      -48.801038,
      -25.5000667
     ],
     [
      -48.801034,
      -25.5000702
     ],
     [
      -48.8010299,
      -25.5000734
     ],
     [
      -48.8010255,
      -25.5000765
     ],
     [
      -48.801021,
      -25.5000793
     ],
     [
      -48.8010163,
      -25.5000819
     ],
     [
      -48.8010114,
      -25.5000843
     ],
     [
      -48.8008229,
      -25.5001696
     ],
     [
      -48.8008205,
      -25.5001707
     ],
     [
      -48.8008181,
      -25.5001717
     ],
     [
      -48.8008156,
      -25.5001726
     ],
     [
      -48.8008132,
      -25.5001735
     ],
     [
      -48.8008107,
      -25.5001743
     ],
     [
      -48.8008082,
      -25.500175
     ],
     [
      -48.8004482,
      -25.5002772
     ],
     [
      -48.8002216,
      -25.5003212
     ],
     [
      -48.8002205,
      -25.5003214
     ],
     [
      -48.8002195,
      -25.5003216
     ],
     [
      -48.8002184,
      -25.5003218
     ],
     [
      -48.8002174,
      -25.5003219
     ],
     [
      -48.8002163,
      -25.5003221
     ],
     [
      -48.8002153,
      -25.5003223
     ],
     [
      -48.7998198,
      -25.5003751
     ]
    ]
   },
   "properties": {
    "tipo": "via",
    "id": "via-72",
    "hierarquia": "local",
    "comprimento_m": 232.5,
    "rampaMedia_pct": 6.78,
    "rampaMaxima_pct": 13.44,
    "faixaDominio_m": 8.4,
    "cotaInicial_m": 709.26,
    "cotaFinal_m": 725.02,
    "saiDaGleba": false
   }
  },
  {
   "type": "Feature",
   "geometry": {
    "type": "LineString",
    "coordinates": [
     [
      -48.8014914,
      -25.4987826
     ],
     [
      -48.8014631,
      -25.4988313
     ],
     [
      -48.8014585,
      -25.4988385
     ],
     [
      -48.8014533,
      -25.4988452
     ],
     [
      -48.8014475,
      -25.4988513
     ],
     [
      -48.801441,
      -25.4988569
     ],
     [
      -48.801434,
      -25.498862
     ],
     [
      -48.8014264,
      -25.4988666
     ],
     [
      -48.8011383,
      -25.4990237
     ],
     [
      -48.8011362,
      -25.4990249
     ],
     [
      -48.8011341,
      -25.4990261
     ],
     [
      -48.8011321,
      -25.4990274
     ],
     [
      -48.8011301,
      -25.4990287
     ],
     [
      -48.8011282,
      -25.49903
     ],
     [
      -48.8011262,
      -25.4990314
     ],
     [
      -48.8010096,
      -25.4991188
     ],
     [
      -48.8010084,
      -25.4991197
     ],
     [
      -48.8010072,
      -25.4991205
     ],
     [
      -48.801006,
      -25.4991214
     ],
     [
      -48.8010048,
      -25.4991222
     ],
     [
      -48.8010035,
      -25.499123
     ],
     [
      -48.8010023,
      -25.4991238
     ],
     [
      -48.8007129,
      -25.4993029
     ],
     [
      -48.8006149,
      -25.4993631
     ],
     [
      -48.8006133,
      -25.499364
     ],
     [
      -48.8006117,
      -25.499365
     ],
     [
      -48.8006101,
      -25.4993659
     ],
     [
      -48.8006084,
      -25.4993668
     ],
     [
      -48.8006068,
      -25.4993676
     ],
     [
      -48.8006051,
      -25.4993684
     ],
     [
      -48.8002,
      -25.4995597
     ],
     [
      -48.7996879,
      -25.4997714
     ],
     [
      -48.7996114,
      -25.4998031
     ]
    ]
   },
   "properties": {
    "tipo": "via",
    "id": "via-73",
    "hierarquia": "local",
    "comprimento_m": 222.15,
    "rampaMedia_pct": 8.69,
    "rampaMaxima_pct": 32.59,
    "faixaDominio_m": 8.4,
    "cotaInicial_m": 708.2,
    "cotaFinal_m": 727.51,
    "saiDaGleba": false
   }
  },
  {
   "type": "Feature",
   "geometry": {
    "type": "LineString",
    "coordinates": [
     [
      -48.7998424,
      -25.4990369
     ],
     [
      -48.8001692,
      -25.4987765
     ],
     [
      -48.8001705,
      -25.4987755
     ],
     [
      -48.8001719,
      -25.4987745
     ],
     [
      -48.8001732,
      -25.4987735
     ],
     [
      -48.8001746,
      -25.4987725
     ],
     [
      -48.8001761,
      -25.4987715
     ],
     [
      -48.8001775,
      -25.4987706
     ],
     [
      -48.8003017,
      -25.4986912
     ],
     [
      -48.8003673,
      -25.4986667
     ]
    ]
   },
   "properties": {
    "tipo": "via",
    "id": "via-74",
    "hierarquia": "local",
    "comprimento_m": 67.18,
    "rampaMedia_pct": 9.8,
    "rampaMaxima_pct": 24.09,
    "faixaDominio_m": 8.4,
    "cotaInicial_m": 718.85,
    "cotaFinal_m": 712.27,
    "saiDaGleba": false
   }
  },
  {
   "type": "Feature",
   "geometry": {
    "type": "LineString",
    "coordinates": [
     [
      -48.799477,
      -25.4987069
     ],
     [
      -48.7997774,
      -25.4981579
     ],
     [
      -48.7998456,
      -25.4980331
     ]
    ]
   },
   "properties": {
    "tipo": "via",
    "id": "via-75",
    "hierarquia": "local",
    "comprimento_m": 83.34,
    "rampaMedia_pct": 7.23,
    "rampaMaxima_pct": 8.84,
    "faixaDominio_m": 8.4,
    "cotaInicial_m": 718.41,
    "cotaFinal_m": 712.38,
    "saiDaGleba": false
   }
  },
  {
   "type": "Feature",
   "geometry": {
    "type": "LineString",
    "coordinates": [
     [
      -48.7989498,
      -25.4984585
     ],
     [
      -48.7990181,
      -25.4981439
     ],
     [
      -48.7990185,
      -25.4981422
     ],
     [
      -48.7990188,
      -25.4981406
     ],
     [
      -48.799019,
      -25.4981389
     ],
     [
      -48.7990193,
      -25.4981372
     ],
     [
      -48.7990195,
      -25.4981355
     ],
     [
      -48.7990197,
      -25.4981338
     ],
     [
      -48.7990416,
      -25.4978919
     ],
     [
      -48.7990646,
      -25.4978098
     ]
    ]
   },
   "properties": {
    "tipo": "via",
    "id": "via-76",
    "hierarquia": "local",
    "comprimento_m": 72.92,
    "rampaMedia_pct": 9.54,
    "rampaMaxima_pct": 15.57,
    "faixaDominio_m": 8.4,
    "cotaInicial_m": 718.11,
    "cotaFinal_m": 711.16,
    "saiDaGleba": false
   }
  },
  {
   "type": "Feature",
   "geometry": {
    "type": "LineString",
    "coordinates": [
     [
      -48.7981395,
      -25.4982808
     ],
     [
      -48.7981418,
      -25.4982012
     ],
     [
      -48.7981419,
      -25.4981979
     ],
     [
      -48.7981422,
      -25.4981946
     ],
     [
      -48.7981426,
      -25.4981914
     ],
     [
      -48.7981432,
      -25.4981882
     ],
     [
      -48.7981439,
      -25.4981849
     ],
     [
      -48.7981447,
      -25.4981817
     ],
     [
      -48.7982747,
      -25.4977075
     ],
     [
      -48.7982899,
      -25.4976521
     ]
    ]
   },
   "properties": {
    "tipo": "via",
    "id": "via-77",
    "hierarquia": "local",
    "comprimento_m": 71.47,
    "rampaMedia_pct": 8.83,
    "rampaMaxima_pct": 10.01,
    "faixaDominio_m": 8.4,
    "cotaInicial_m": 717.7,
    "cotaFinal_m": 711.38,
    "saiDaGleba": false
   }
  },
  {
   "type": "Feature",
   "geometry": {
    "type": "LineString",
    "coordinates": [
     [
      -48.796758,
      -25.497476
     ],
     [
      -48.7969909,
      -25.4974743
     ],
     [
      -48.7969936,
      -25.4974743
     ],
     [
      -48.7969963,
      -25.4974741
     ],
     [
      -48.796999,
      -25.497474
     ],
     [
      -48.7970017,
      -25.4974737
     ],
     [
      -48.7970044,
      -25.4974734
     ],
     [
      -48.7970071,
      -25.497473
     ],
     [
      -48.7971524,
      -25.4974501
     ],
     [
      -48.7971544,
      -25.4974498
     ],
     [
      -48.7971563,
      -25.4974494
     ],
     [
      -48.7971583,
      -25.497449
     ],
     [
      -48.7971602,
      -25.4974486
     ],
     [
      -48.7971622,
      -25.4974481
     ],
     [
      -48.7971641,
      -25.4974476
     ],
     [
      -48.7973455,
      -25.4973979
     ],
     [
      -48.797347,
      -25.4973975
     ],
     [
      -48.7973485,
      -25.4973971
     ],
     [
      -48.79735,
      -25.4973966
     ],
     [
      -48.7973514,
      -25.4973961
     ],
     [
      -48.7973529,
      -25.4973956
     ],
     [
      -48.7973544,
      -25.4973951
     ],
     [
      -48.7976445,
      -25.4972877
     ],
     [
      -48.7977002,
      -25.4972479
     ]
    ]
   },
   "properties": {
    "tipo": "via",
    "id": "via-78",
    "hierarquia": "local",
    "comprimento_m": 99.71,
    "rampaMedia_pct": 6.96,
    "rampaMaxima_pct": 10.04,
    "faixaDominio_m": 8.4,
    "cotaInicial_m": 719.07,
    "cotaFinal_m": 712.13,
    "saiDaGleba": false
   }
  },
  {
   "type": "Feature",
   "geometry": {
    "type": "LineString",
    "coordinates": [
     [
      -48.7954776,
      -25.4965488
     ],
     [
      -48.7955331,
      -25.496544
     ],
     [
      -48.7955417,
      -25.4965436
     ],
     [
      -48.7955502,
      -25.4965439
     ],
     [
      -48.7955586,
      -25.4965448
     ],
     [
      -48.7955668,
      -25.4965463
     ],
     [
      -48.795575,
      -25.4965486
     ],
     [
      -48.795583,
      -25.4965515
     ],
     [
      -48.7956897,
      -25.4965947
     ],
     [
      -48.7956918,
      -25.4965956
     ],
     [
      -48.795694,
      -25.4965964
     ],
     [
      -48.7956962,
      -25.4965971
     ],
     [
      -48.7956984,
      -25.4965978
     ],
     [
      -48.7957007,
      -25.4965985
     ],
     [
      -48.7957029,
      -25.4965991
     ],
     [
      -48.796023,
      -25.496682
     ],
     [
      -48.7960254,
      -25.4966826
     ],
     [
      -48.7960279,
      -25.4966831
     ],
     [
      -48.7960303,
      -25.4966836
     ],
     [
      -48.7960328,
      -25.4966841
     ],
     [
      -48.7960353,
      -25.4966844
     ],
     [
      -48.7960378,
      -25.4966847
     ],
     [
      -48.796225,
      -25.4967063
     ],
     [
      -48.7962267,
      -25.4967065
     ],
     [
      -48.7962285,
      -25.4967067
     ],
     [
      -48.7962302,
      -25.4967068
     ],
     [
      -48.796232,
      -25.4967069
     ],
     [
      -48.7962338,
      -25.496707
     ],
     [
      -48.7962355,
      -25.496707
     ],
     [
      -48.7965499,
      -25.4967128
     ],
     [
      -48.796551,
      -25.4967128
     ],
     [
      -48.7965522,
      -25.4967128
     ],
     [
      -48.7965534,
      -25.4967128
     ],
     [
      -48.7965545,
      -25.4967127
     ],
     [
      -48.7965557,
      -25.4967127
     ],
     [
      -48.7965569,
      -25.4967127
     ],
     [
      -48.796908,
      -25.4966966
     ],
     [
      -48.7973972,
      -25.4966016
     ],
     [
      -48.7977092,
      -25.4965408
     ]
    ]
   },
   "properties": {
    "tipo": "via",
    "id": "via-79",
    "hierarquia": "local",
    "comprimento_m": 228.97,
    "rampaMedia_pct": 7.7,
    "rampaMaxima_pct": 12.95,
    "faixaDominio_m": 8.4,
    "cotaInicial_m": 727.55,
    "cotaFinal_m": 709.91,
    "saiDaGleba": true
   }
  },
  {
   "type": "Feature",
   "geometry": {
    "type": "LineString",
    "coordinates": [
     [
      -48.8022908,
      -25.5037133
     ],
     [
      -48.803156,
      -25.5033511
     ],
     [
      -48.8036441,
      -25.5031106
     ],
     [
      -48.803645,
      -25.5031102
     ],
     [
      -48.8036459,
      -25.5031098
     ],
     [
      -48.8036468,
      -25.5031093
     ],
     [
      -48.8036477,
      -25.5031089
     ],
     [
      -48.8036486,
      -25.5031085
     ],
     [
      -48.8036495,
      -25.5031081
     ],
     [
      -48.8038962,
      -25.5030037
     ],
     [
      -48.8038977,
      -25.5030031
     ],
     [
      -48.8038991,
      -25.5030025
     ],
     [
      -48.8039005,
      -25.5030018
     ],
     [
      -48.8039018,
      -25.5030012
     ],
     [
      -48.8039032,
      -25.5030005
     ],
     [
      -48.8039046,
      -25.5029998
     ],
     [
      -48.8042235,
      -25.5028298
     ]
    ]
   },
   "properties": {
    "tipo": "via",
    "id": "via-80",
    "hierarquia": "local",
    "comprimento_m": 217.73,
    "rampaMedia_pct": 9.58,
    "rampaMaxima_pct": 12.08,
    "faixaDominio_m": 8.4,
    "cotaInicial_m": 739.19,
    "cotaFinal_m": 718.32,
    "saiDaGleba": true
   }
  },
  {
   "type": "Feature",
   "geometry": {
    "type": "LineString",
    "coordinates": [
     [
      -48.8018426,
      -25.502799
     ],
     [
      -48.8018833,
      -25.502738
     ],
     [
      -48.801885,
      -25.5027354
     ],
     [
      -48.8018866,
      -25.5027328
     ],
     [
      -48.8018881,
      -25.5027301
     ],
     [
      -48.8018895,
      -25.5027273
     ],
     [
      -48.8018907,
      -25.5027245
     ],
     [
      -48.8018919,
      -25.5027217
     ],
     [
      -48.8020314,
      -25.5023694
     ],
     [
      -48.8021292,
      -25.5020895
     ],
     [
      -48.8022424,
      -25.5016398
     ],
     [
      -48.8022428,
      -25.5016382
     ],
     [
      -48.8022431,
      -25.5016366
     ],
     [
      -48.8022435,
      -25.5016351
     ],
     [
      -48.8022437,
      -25.5016335
     ],
     [
      -48.802244,
      -25.5016319
     ],
     [
      -48.8022442,
      -25.5016304
     ],
     [
      -48.8022654,
      -25.5014693
     ],
     [
      -48.802187,
      -25.501482
     ],
     [
      -48.8021087,
      -25.5014948
     ]
    ]
   },
   "properties": {
    "tipo": "via",
    "id": "via-81",
    "hierarquia": "local",
    "comprimento_m": 170.04,
    "rampaMedia_pct": 9.2,
    "rampaMaxima_pct": 17.49,
    "faixaDominio_m": 8.4,
    "cotaInicial_m": 733.69,
    "cotaFinal_m": 718.06,
    "saiDaGleba": true
   }
  },
  {
   "type": "Feature",
   "geometry": {
    "type": "LineString",
    "coordinates": [
     [
      -48.8012136,
      -25.502735
     ],
     [
      -48.8012042,
      -25.5026726
     ],
     [
      -48.8012038,
      -25.5026694
     ],
     [
      -48.8012035,
      -25.5026662
     ],
     [
      -48.8012033,
      -25.502663
     ],
     [
      -48.8012033,
      -25.5026599
     ],
     [
      -48.8012034,
      -25.5026567
     ],
     [
      -48.8012036,
      -25.5026535
     ],
     [
      -48.8012141,
      -25.502527
     ],
     [
      -48.8012142,
      -25.5025263
     ],
     [
      -48.8012143,
      -25.5025255
     ],
     [
      -48.8012144,
      -25.5025247
     ],
     [
      -48.8012145,
      -25.502524
     ],
     [
      -48.8012146,
      -25.5025232
     ],
     [
      -48.8012147,
      -25.5025224
     ],
     [
      -48.8012645,
      -25.5021676
     ],
     [
      -48.801336,
      -25.5018112
     ],
     [
      -48.8013362,
      -25.5018103
     ],
     [
      -48.8013364,
      -25.5018093
     ],
     [
      -48.8013366,
      -25.5018083
     ],
     [
      -48.8013369,
      -25.5018074
     ],
     [
      -48.8013371,
      -25.5018064
     ],
     [
      -48.8013374,
      -25.5018055
     ],
     [
      -48.8014106,
      -25.5015406
     ],
     [
      -48.8014112,
      -25.5015384
     ],
     [
      -48.8014119,
      -25.5015362
     ],
     [
      -48.8014127,
      -25.501534
     ],
     [
      -48.8014135,
      -25.5015319
     ],
     [
      -48.8014144,
      -25.5015297
     ],
     [
      -48.8014154,
      -25.5015276
     ],
     [
      -48.8014403,
      -25.5014738
     ]
    ]
   },
   "properties": {
    "tipo": "via",
    "id": "via-82",
    "hierarquia": "local",
    "comprimento_m": 142.3,
    "rampaMedia_pct": 9.79,
    "rampaMaxima_pct": 14.55,
    "faixaDominio_m": 8.4,
    "cotaInicial_m": 734.54,
    "cotaFinal_m": 720.6,
    "saiDaGleba": true
   }
  },
  {
   "type": "Feature",
   "geometry": {
    "type": "LineString",
    "coordinates": [
     [
      -48.8005553,
      -25.5028631
     ],
     [
      -48.8004795,
      -25.5026716
     ],
     [
      -48.8004787,
      -25.5026694
     ],
     [
      -48.8004779,
      -25.5026673
     ],
     [
      -48.8004772,
      -25.5026651
     ],
     [
      -48.8004766,
      -25.5026628
     ],
     [
      -48.800476,
      -25.5026606
     ],
     [
      -48.8004755,
      -25.5026584
     ],
     [
      -48.8004476,
      -25.5025286
     ],
     [
      -48.8004471,
      -25.5025262
     ],
     [
      -48.8004467,
      -25.5025237
     ],
     [
      -48.8004464,
      -25.5025212
     ],
     [
      -48.8004461,
      -25.5025188
     ],
     [
      -48.8004459,
      -25.5025163
     ],
     [
      -48.8004458,
      -25.5025138
     ],
     [
      -48.8004398,
      -25.5023128
     ],
     [
      -48.8004397,
      -25.5023102
     ],
     [
      -48.8004398,
      -25.5023076
     ],
     [
      -48.8004399,
      -25.5023051
     ],
     [
      -48.8004401,
      -25.5023025
     ],
     [
      -48.8004404,
      -25.5022999
     ],
     [
      -48.8004407,
      -25.5022974
     ],
     [
      -48.8004798,
      -25.5020521
     ],
     [
      -48.800528,
      -25.5018516
     ],
     [
      -48.8005285,
      -25.5018497
     ],
     [
      -48.800529,
      -25.5018479
     ],
     [
      -48.8005295,
      -25.501846
     ],
     [
      -48.8005302,
      -25.5018442
     ],
     [
      -48.8005308,
      -25.5018423
     ],
     [
      -48.8005315,
      -25.5018405
     ],
     [
      -48.8005946,
      -25.5016803
     ],
     [
      -48.8005954,
      -25.5016783
     ],
     [
      -48.8005963,
      -25.5016763
     ],
     [
      -48.8005972,
      -25.5016743
     ],
     [
      -48.8005982,
      -25.5016724
     ],
     [
      -48.8005993,
      -25.5016704
     ],
     [
      -48.8006003,
      -25.5016685
     ],
     [
      -48.8006507,
      -25.501582
     ],
     [
      -48.8006517,
      -25.5015804
     ],
     [
      -48.8006528,
      -25.5015787
     ],
     [
      -48.8006538,
      -25.5015771
     ],
     [
      -48.8006549,
      -25.5015755
     ],
     [
      -48.8006561,
      -25.5015739
     ],
     [
      -48.8006573,
      -25.5015724
     ],
     [
      -48.8008982,
      -25.5012609
     ]
    ]
   },
   "properties": {
    "tipo": "via",
    "id": "via-83",
    "hierarquia": "local",
    "comprimento_m": 190.35,
    "rampaMedia_pct": 8.29,
    "rampaMaxima_pct": 11.61,
    "faixaDominio_m": 8.4,
    "cotaInicial_m": 734.96,
    "cotaFinal_m": 719.18,
    "saiDaGleba": true
   }
  },
  {
   "type": "Feature",
   "geometry": {
    "type": "LineString",
    "coordinates": [
     [
      -48.7995255,
      -25.5018909
     ],
     [
      -48.7997161,
      -25.5018693
     ],
     [
      -48.8000649,
      -25.5017188
     ],
     [
      -48.8000679,
      -25.5017174
     ],
     [
      -48.8000709,
      -25.501716
     ],
     [
      -48.8000738,
      -25.5017144
     ],
     [
      -48.8000767,
      -25.5017128
     ],
     [
      -48.8000795,
      -25.5017111
     ],
     [
      -48.8000822,
      -25.5017093
     ],
     [
      -48.8007484,
      -25.5012515
     ],
     [
      -48.8007514,
      -25.5012494
     ],
     [
      -48.8007543,
      -25.5012471
     ],
     [
      -48.8007572,
      -25.5012448
     ],
     [
      -48.8007599,
      -25.5012423
     ],
     [
      -48.8007625,
      -25.5012398
     ],
     [
      -48.800765,
      -25.5012371
     ],
     [
      -48.8008077,
      -25.5011904
     ]
    ]
   },
   "properties": {
    "tipo": "via",
    "id": "via-84",
    "hierarquia": "local",
    "comprimento_m": 153.23,
    "rampaMedia_pct": 4.02,
    "rampaMaxima_pct": 10.01,
    "faixaDominio_m": 8.4,
    "cotaInicial_m": 727.17,
    "cotaFinal_m": 721,
    "saiDaGleba": false
   }
  },
  {
   "type": "Feature",
   "geometry": {
    "type": "LineString",
    "coordinates": [
     [
      -48.7989668,
      -25.5008589
     ],
     [
      -48.7990001,
      -25.5008922
     ],
     [
      -48.7990028,
      -25.5008948
     ],
     [
      -48.7990057,
      -25.5008974
     ],
     [
      -48.7990086,
      -25.5008998
     ],
     [
      -48.7990117,
      -25.5009021
     ],
     [
      -48.7990149,
      -25.5009043
     ],
     [
      -48.7990181,
      -25.5009064
     ],
     [
      -48.7991297,
      -25.5009748
     ],
     [
      -48.7991311,
      -25.5009756
     ],
     [
      -48.7991324,
      -25.5009764
     ],
     [
      -48.7991337,
      -25.5009771
     ],
     [
      -48.7991351,
      -25.5009778
     ],
     [
      -48.7991365,
      -25.5009786
     ],
     [
      -48.7991378,
      -25.5009793
     ],
     [
      -48.7993402,
      -25.5010792
     ],
     [
      -48.7993417,
      -25.50108
     ],
     [
      -48.7993431,
      -25.5010806
     ],
     [
      -48.7993446,
      -25.5010813
     ],
     [
      -48.7993461,
      -25.5010819
     ],
     [
      -48.7993476,
      -25.5010826
     ],
     [
      -48.7993492,
      -25.5010832
     ],
     [
      -48.7994869,
      -25.5011358
     ],
     [
      -48.7994888,
      -25.5011365
     ],
     [
      -48.7994907,
      -25.5011372
     ],
     [
      -48.7994927,
      -25.5011378
     ],
     [
      -48.7994946,
      -25.5011384
     ],
     [
      -48.7994966,
      -25.501139
     ],
     [
      -48.7994986,
      -25.5011395
     ],
     [
      -48.7996821,
      -25.5011863
     ],
     [
      -48.799869,
      -25.501233
     ],
     [
      -48.7998723,
      -25.5012338
     ],
     [
      -48.7998756,
      -25.5012344
     ],
     [
      -48.7998789,
      -25.501235
     ],
     [
      -48.7998822,
      -25.5012354
     ],
     [
      -48.7998856,
      -25.5012358
     ],
     [
      -48.799889,
      -25.501236
     ],
     [
      -48.8001854,
      -25.5012535
     ],
     [
      -48.8001889,
      -25.5012537
     ],
     [
      -48.8001923,
      -25.5012537
     ],
     [
      -48.8001957,
      -25.5012536
     ],
     [
      -48.8001992,
      -25.5012535
     ],
     [
      -48.8002026,
      -25.5012532
     ],
     [
      -48.800206,
      -25.5012528
     ],
     [
      -48.8004251,
      -25.5012242
     ],
     [
      -48.8004281,
      -25.5012238
     ],
     [
      -48.8004311,
      -25.5012233
     ],
     [
      -48.8004341,
      -25.5012227
     ],
     [
      -48.800437,
      -25.501222
     ],
     [
      -48.80044,
      -25.5012212
     ],
     [
      -48.8004429,
      -25.5012204
     ],
     [
      -48.8006393,
      -25.50116
     ],
     [
      -48.800643,
      -25.5011588
     ],
     [
      -48.8006465,
      -25.5011575
     ],
     [
      -48.80065,
      -25.5011561
     ],
     [
      -48.8006535,
      -25.5011545
     ],
     [
      -48.8006568,
      -25.5011528
     ],
     [
      -48.8006601,
      -25.501151
     ],
     [
      -48.800731,
      -25.5011109
     ],
     [
      -48.801083,
      -25.5009041
     ],
     [
      -48.8010865,
      -25.500902
     ],
     [
      -48.8010898,
      -25.5008997
     ],
     [
      -48.8010931,
      -25.5008974
     ],
     [
      -48.8010962,
      -25.5008949
     ],
     [
      -48.8010992,
      -25.5008923
     ],
     [
      -48.8011021,
      -25.5008895
     ],
     [
      -48.8011353,
      -25.5008569
     ],
     [
      -48.801139,
      -25.500853
     ],
     [
      -48.8011425,
      -25.5008489
     ],
     [
      -48.8011457,
      -25.5008447
     ],
     [
      -48.8011486,
      -25.5008404
     ],
     [
      -48.8011512,
      -25.5008359
     ],
     [
      -48.8011536,
      -25.5008312
     ],
     [
      -48.8011761,
      -25.5007835
     ]
    ]
   },
   "properties": {
    "tipo": "via",
    "id": "via-85",
    "hierarquia": "local",
    "comprimento_m": 249.36,
    "rampaMedia_pct": 6.83,
    "rampaMaxima_pct": 13.71,
    "faixaDominio_m": 8.4,
    "cotaInicial_m": 733.39,
    "cotaFinal_m": 716.35,
    "saiDaGleba": false
   }
  },
  {
   "type": "Feature",
   "geometry": {
    "type": "LineString",
    "coordinates": [
     [
      -48.7992553,
      -25.5004813
     ],
     [
      -48.7995376,
      -25.5004921
     ],
     [
      -48.799539,
      -25.5004922
     ],
     [
      -48.7995403,
      -25.5004922
     ],
     [
      -48.7995416,
      -25.5004922
     ],
     [
      -48.7995429,
      -25.5004922
     ],
     [
      -48.7995443,
      -25.5004922
     ],
     [
      -48.7995456,
      -25.5004921
     ],
     [
      -48.7998179,
      -25.5004827
     ],
     [
      -48.8002477,
      -25.5004446
     ],
     [
      -48.8002493,
      -25.5004445
     ],
     [
      -48.8002508,
      -25.5004443
     ],
     [
      -48.8002524,
      -25.5004441
     ],
     [
      -48.800254,
      -25.5004439
     ],
     [
      -48.8002555,
      -25.5004437
     ],
     [
      -48.8002571,
      -25.5004434
     ],
     [
      -48.8003971,
      -25.5004186
     ],
     [
      -48.8004006,
      -25.500418
     ],
     [
      -48.8004041,
      -25.5004176
     ],
     [
      -48.8004076,
      -25.5004172
     ],
     [
      -48.8004111,
      -25.500417
     ],
     [
      -48.8004147,
      -25.5004169
     ],
     [
      -48.8004182,
      -25.5004169
     ],
     [
      -48.8004833,
      -25.5004182
     ]
    ]
   },
   "properties": {
    "tipo": "via",
    "id": "via-86",
    "hierarquia": "local",
    "comprimento_m": 124,
    "rampaMedia_pct": 8.29,
    "rampaMaxima_pct": 15.26,
    "faixaDominio_m": 8.4,
    "cotaInicial_m": 732.69,
    "cotaFinal_m": 722.41,
    "saiDaGleba": false
   }
  },
  {
   "type": "Feature",
   "geometry": {
    "type": "LineString",
    "coordinates": [
     [
      -48.7990945,
      -25.4993625
     ],
     [
      -48.7992531,
      -25.4991828
     ],
     [
      -48.7995322,
      -25.4988664
     ]
    ]
   },
   "properties": {
    "tipo": "via",
    "id": "via-87",
    "hierarquia": "local",
    "comprimento_m": 70.4,
    "rampaMedia_pct": 10.88,
    "rampaMaxima_pct": 12.44,
    "faixaDominio_m": 8.4,
    "cotaInicial_m": 728.56,
    "cotaFinal_m": 720.9,
    "saiDaGleba": false
   }
  },
  {
   "type": "Feature",
   "geometry": {
    "type": "LineString",
    "coordinates": [
     [
      -48.7984701,
      -25.4991866
     ],
     [
      -48.7985668,
      -25.4988426
     ],
     [
      -48.7986449,
      -25.4985648
     ]
    ]
   },
   "properties": {
    "tipo": "via",
    "id": "via-88",
    "hierarquia": "local",
    "comprimento_m": 71.09,
    "rampaMedia_pct": 11.08,
    "rampaMaxima_pct": 11.96,
    "faixaDominio_m": 8.4,
    "cotaInicial_m": 729.1,
    "cotaFinal_m": 721.23,
    "saiDaGleba": false
   }
  },
  {
   "type": "Feature",
   "geometry": {
    "type": "LineString",
    "coordinates": [
     [
      -48.7979377,
      -25.4993063
     ],
     [
      -48.797908,
      -25.4992704
     ],
     [
      -48.7979047,
      -25.4992662
     ],
     [
      -48.7979017,
      -25.4992618
     ],
     [
      -48.7978989,
      -25.4992572
     ],
     [
      -48.7978965,
      -25.4992525
     ],
     [
      -48.7978943,
      -25.4992477
     ],
     [
      -48.7978925,
      -25.4992428
     ],
     [
      -48.797855,
      -25.4991324
     ],
     [
      -48.7978544,
      -25.4991308
     ],
     [
      -48.7978539,
      -25.4991291
     ],
     [
      -48.7978535,
      -25.4991274
     ],
     [
      -48.797853,
      -25.4991257
     ],
     [
      -48.7978526,
      -25.499124
     ],
     [
      -48.7978523,
      -25.4991223
     ],
     [
      -48.7977805,
      -25.4987725
     ],
     [
      -48.7977348,
      -25.498549
     ]
    ]
   },
   "properties": {
    "tipo": "via",
    "id": "via-89",
    "hierarquia": "local",
    "comprimento_m": 86.98,
    "rampaMedia_pct": 10.54,
    "rampaMaxima_pct": 12.09,
    "faixaDominio_m": 8.4,
    "cotaInicial_m": 730.14,
    "cotaFinal_m": 720.97,
    "saiDaGleba": false
   }
  },
  {
   "type": "Feature",
   "geometry": {
    "type": "LineString",
    "coordinates": [
     [
      -48.7969415,
      -25.498924
     ],
     [
      -48.7970314,
      -25.4990077
     ],
     [
      -48.7971106,
      -25.4991142
     ]
    ]
   },
   "properties": {
    "tipo": "via",
    "id": "via-90",
    "hierarquia": "local",
    "comprimento_m": 27.18,
    "rampaMedia_pct": 7.44,
    "rampaMaxima_pct": 9,
    "faixaDominio_m": 8.4,
    "cotaInicial_m": 722.09,
    "cotaFinal_m": 724.11,
    "saiDaGleba": false
   }
  },
  {
   "type": "Feature",
   "geometry": {
    "type": "LineString",
    "coordinates": [
     [
      -48.7967684,
      -25.4996375
     ],
     [
      -48.796505,
      -25.4995439
     ],
     [
      -48.7964199,
      -25.4995137
     ]
    ]
   },
   "properties": {
    "tipo": "via",
    "id": "via-91",
    "hierarquia": "local",
    "comprimento_m": 37.62,
    "rampaMedia_pct": 8.25,
    "rampaMaxima_pct": 8.58,
    "faixaDominio_m": 8.4,
    "cotaInicial_m": 724.62,
    "cotaFinal_m": 721.51,
    "saiDaGleba": false
   }
  },
  {
   "type": "Feature",
   "geometry": {
    "type": "LineString",
    "coordinates": [
     [
      -48.7966347,
      -25.5001993
     ],
     [
      -48.7964574,
      -25.500183
     ],
     [
      -48.7964554,
      -25.5001828
     ],
     [
      -48.7964534,
      -25.5001827
     ],
     [
      -48.7964515,
      -25.5001826
     ],
     [
      -48.7964495,
      -25.5001826
     ],
     [
      -48.7964475,
      -25.5001825
     ],
     [
      -48.7964456,
      -25.5001826
     ],
     [
      -48.7961775,
      -25.5001869
     ],
     [
      -48.7960218,
      -25.5001583
     ],
     [
      -48.7960203,
      -25.500158
     ],
     [
      -48.7960189,
      -25.5001577
     ],
     [
      -48.7960174,
      -25.5001574
     ],
     [
      -48.796016,
      -25.5001571
     ],
     [
      -48.7960146,
      -25.5001567
     ],
     [
      -48.7960132,
      -25.5001564
     ],
     [
      -48.795645,
      -25.5000571
     ],
     [
      -48.7956432,
      -25.5000566
     ],
     [
      -48.7956414,
      -25.5000561
     ],
     [
      -48.7956397,
      -25.5000555
     ],
     [
      -48.7956379,
      -25.5000549
     ],
     [
      -48.7956362,
      -25.5000543
     ],
     [
      -48.7956344,
      -25.5000536
     ],
     [
      -48.7955411,
      -25.5000176
     ],
     [
      -48.795538,
      -25.5000164
     ],
     [
      -48.7955349,
      -25.500015
     ],
     [
      -48.7955318,
      -25.5000135
     ],
     [
      -48.7955289,
      -25.500012
     ],
     [
      -48.7955259,
      -25.5000103
     ],
     [
      -48.7955231,
      -25.5000086
     ],
     [
      -48.7954638,
      -25.499971
     ]
    ]
   },
   "properties": {
    "tipo": "via",
    "id": "via-92",
    "hierarquia": "local",
    "comprimento_m": 122.22,
    "rampaMedia_pct": 4.69,
    "rampaMaxima_pct": 10.02,
    "faixaDominio_m": 8.4,
    "cotaInicial_m": 724.98,
    "cotaFinal_m": 719.25,
    "saiDaGleba": true
   }
  },
  {
   "type": "Feature",
   "geometry": {
    "type": "LineString",
    "coordinates": [
     [
      -48.7966425,
      -25.5009568
     ],
     [
      -48.7964625,
      -25.5009504
     ],
     [
      -48.7964608,
      -25.5009504
     ],
     [
      -48.7964591,
      -25.5009503
     ],
     [
      -48.7964575,
      -25.5009501
     ],
     [
      -48.7964558,
      -25.50095
     ],
     [
      -48.7964542,
      -25.5009498
     ],
     [
      -48.7964525,
      -25.5009496
     ],
     [
      -48.7960646,
      -25.5009002
     ],
     [
      -48.7959129,
      -25.5008804
     ],
     [
      -48.7959105,
      -25.50088
     ],
     [
      -48.7959082,
      -25.5008796
     ],
     [
      -48.7959059,
      -25.5008792
     ],
     [
      -48.7959035,
      -25.5008787
     ],
     [
      -48.7959012,
      -25.5008782
     ],
     [
      -48.7958989,
      -25.5008776
     ],
     [
      -48.7956919,
      -25.5008222
     ],
     [
      -48.7956894,
      -25.5008215
     ],
     [
      -48.795687,
      -25.5008207
     ],
     [
      -48.7956846,
      -25.5008199
     ],
     [
      -48.7956822,
      -25.5008191
     ],
     [
      -48.7956798,
      -25.5008182
     ],
     [
      -48.7956775,
      -25.5008172
     ],
     [
      -48.7954644,
      -25.5007256
     ]
    ]
   },
   "properties": {
    "tipo": "via",
    "id": "via-93",
    "hierarquia": "local",
    "comprimento_m": 122.31,
    "rampaMedia_pct": 3.8,
    "rampaMaxima_pct": 10.02,
    "faixaDominio_m": 8.4,
    "cotaInicial_m": 725.09,
    "cotaFinal_m": 720.44,
    "saiDaGleba": true
   }
  },
  {
   "type": "Feature",
   "geometry": {
    "type": "LineString",
    "coordinates": [
     [
      -48.7958769,
      -25.5018417
     ],
     [
      -48.7959836,
      -25.5021824
     ],
     [
      -48.7959843,
      -25.5021846
     ],
     [
      -48.7959849,
      -25.5021867
     ],
     [
      -48.7959854,
      -25.5021889
     ],
     [
      -48.7959858,
      -25.5021911
     ],
     [
      -48.7959862,
      -25.5021933
     ],
     [
      -48.7959866,
      -25.5021955
     ],
     [
      -48.7960486,
      -25.5026277
     ]
    ]
   },
   "properties": {
    "tipo": "via",
    "id": "via-94",
    "hierarquia": "local",
    "comprimento_m": 89.01,
    "rampaMedia_pct": 7.28,
    "rampaMaxima_pct": 10.01,
    "faixaDominio_m": 8.4,
    "cotaInicial_m": 724.75,
    "cotaFinal_m": 731.23,
    "saiDaGleba": true
   }
  },
  {
   "type": "Feature",
   "geometry": {
    "type": "LineString",
    "coordinates": [
     [
      -48.8033261,
      -25.5003275
     ],
     [
      -48.8030304,
      -25.5003188
     ],
     [
      -48.8030282,
      -25.5003187
     ],
     [
      -48.803026,
      -25.5003186
     ],
     [
      -48.8030238,
      -25.5003184
     ],
     [
      -48.8030217,
      -25.5003182
     ],
     [
      -48.8030195,
      -25.5003179
     ],
     [
      -48.8030174,
      -25.5003176
     ],
     [
      -48.802714,
      -25.5002721
     ],
     [
      -48.8023265,
      -25.5002017
     ],
     [
      -48.8023248,
      -25.5002014
     ],
     [
      -48.8023232,
      -25.500201
     ],
     [
      -48.8023215,
      -25.5002007
     ],
     [
      -48.8023199,
      -25.5002003
     ],
     [
      -48.8023183,
      -25.5001999
     ],
     [
      -48.8023167,
      -25.5001994
     ],
     [
      -48.8020438,
      -25.500123
     ]
    ]
   },
   "properties": {
    "tipo": "via",
    "id": "via-95",
    "hierarquia": "local",
    "comprimento_m": 131.44,
    "rampaMedia_pct": 7.4,
    "rampaMaxima_pct": 12.74,
    "faixaDominio_m": 8.4,
    "cotaInicial_m": 722.83,
    "cotaFinal_m": 713.1,
    "saiDaGleba": false
   }
  },
  {
   "type": "Feature",
   "geometry": {
    "type": "LineString",
    "coordinates": [
     [
      -48.803313,
      -25.4996943
     ],
     [
      -48.8032904,
      -25.4997102
     ],
     [
      -48.803286,
      -25.4997129
     ],
     [
      -48.8032815,
      -25.4997151
     ],
     [
      -48.8032768,
      -25.4997167
     ],
     [
      -48.8032719,
      -25.4997179
     ],
     [
      -48.8032669,
      -25.4997185
     ],
     [
      -48.8032616,
      -25.4997186
     ],
     [
      -48.8032616,
      -25.4997186
     ],
     [
      -48.8032563,
      -25.4997182
     ],
     [
      -48.8032511,
      -25.4997175
     ],
     [
      -48.803246,
      -25.4997165
     ],
     [
      -48.8032409,
      -25.4997152
     ],
     [
      -48.803236,
      -25.4997136
     ],
     [
      -48.8032311,
      -25.4997116
     ],
     [
      -48.802917,
      -25.499574
     ],
     [
      -48.8026707,
      -25.4994604
     ],
     [
      -48.8026691,
      -25.4994597
     ],
     [
      -48.8026675,
      -25.4994589
     ],
     [
      -48.802666,
      -25.4994581
     ],
     [
      -48.8026644,
      -25.4994573
     ],
     [
      -48.8026629,
      -25.4994565
     ],
     [
      -48.8026614,
      -25.4994556
     ],
     [
      -48.8025205,
      -25.4993723
     ]
    ]
   },
   "properties": {
    "tipo": "via",
    "id": "via-96",
    "hierarquia": "local",
    "comprimento_m": 89.99,
    "rampaMedia_pct": 8.08,
    "rampaMaxima_pct": 10.08,
    "faixaDominio_m": 8.4,
    "cotaInicial_m": 721.31,
    "cotaFinal_m": 714.04,
    "saiDaGleba": false
   }
  },
  {
   "type": "Feature",
   "geometry": {
    "type": "LineString",
    "coordinates": [
     [
      -48.8037071,
      -25.4992734
     ],
     [
      -48.8033387,
      -25.4989683
     ],
     [
      -48.8030085,
      -25.4987136
     ]
    ]
   },
   "properties": {
    "tipo": "via",
    "id": "via-97",
    "hierarquia": "local",
    "comprimento_m": 93.72,
    "rampaMedia_pct": 9.37,
    "rampaMaxima_pct": 10.02,
    "faixaDominio_m": 8.4,
    "cotaInicial_m": 721.57,
    "cotaFinal_m": 712.79,
    "saiDaGleba": false
   }
  },
  {
   "type": "Feature",
   "geometry": {
    "type": "LineString",
    "coordinates": [
     [
      -48.8041553,
      -25.4989803
     ],
     [
      -48.8041244,
      -25.4989299
     ],
     [
      -48.804123,
      -25.4989275
     ],
     [
      -48.8041216,
      -25.4989251
     ],
     [
      -48.8041204,
      -25.4989226
     ],
     [
      -48.8041192,
      -25.4989201
     ],
     [
      -48.8041181,
      -25.4989176
     ],
     [
      -48.8041171,
      -25.498915
     ],
     [
      -48.8039835,
      -25.4985571
     ],
     [
      -48.8039174,
      -25.4983503
     ],
     [
      -48.8039167,
      -25.4983482
     ],
     [
      -48.803916,
      -25.4983462
     ],
     [
      -48.8039152,
      -25.4983442
     ],
     [
      -48.8039144,
      -25.4983422
     ],
     [
      -48.8039135,
      -25.4983403
     ],
     [
      -48.8039126,
      -25.4983383
     ],
     [
      -48.8038157,
      -25.4981432
     ]
    ]
   },
   "properties": {
    "tipo": "via",
    "id": "via-98",
    "hierarquia": "local",
    "comprimento_m": 99.04,
    "rampaMedia_pct": 8.41,
    "rampaMaxima_pct": 10.33,
    "faixaDominio_m": 8.4,
    "cotaInicial_m": 720.95,
    "cotaFinal_m": 712.63,
    "saiDaGleba": true
   }
  },
  {
   "type": "Feature",
   "geometry": {
    "type": "LineString",
    "coordinates": [
     [
      -48.8045837,
      -25.4978551
     ],
     [
      -48.804687,
      -25.4981265
     ],
     [
      -48.8046877,
      -25.4981286
     ],
     [
      -48.8046884,
      -25.4981307
     ],
     [
      -48.8046891,
      -25.4981328
     ],
     [
      -48.8046897,
      -25.4981349
     ],
     [
      -48.8046902,
      -25.4981371
     ],
     [
      -48.8046907,
      -25.4981392
     ],
     [
      -48.8047333,
      -25.4983444
     ],
     [
      -48.8048068,
      -25.4988326
     ]
    ]
   },
   "properties": {
    "tipo": "via",
    "id": "via-99",
    "hierarquia": "local",
    "comprimento_m": 110.98,
    "rampaMedia_pct": 7.43,
    "rampaMaxima_pct": 10.01,
    "faixaDominio_m": 8.4,
    "cotaInicial_m": 712.12,
    "cotaFinal_m": 720.37,
    "saiDaGleba": true
   }
  },
  {
   "type": "Feature",
   "geometry": {
    "type": "LineString",
    "coordinates": [
     [
      -48.8055652,
      -25.4982304
     ],
     [
      -48.8055183,
      -25.4981913
     ],
     [
      -48.8054161,
      -25.4980067
     ],
     [
      -48.8054148,
      -25.4980044
     ],
     [
      -48.8054135,
      -25.4980022
     ],
     [
      -48.805412,
      -25.498
     ],
     [
      -48.8054105,
      -25.4979979
     ],
     [
      -48.805409,
      -25.4979957
     ],
     [
      -48.8054073,
      -25.4979937
     ],
     [
      -48.8053082,
      -25.4978717
     ],
     [
      -48.8053048,
      -25.4978677
     ],
     [
      -48.8053011,
      -25.4978638
     ],
     [
      -48.8052972,
      -25.4978603
     ],
     [
      -48.8052931,
      -25.4978569
     ],
     [
      -48.8052888,
      -25.4978537
     ],
     [
      -48.8052843,
      -25.4978507
     ],
     [
      -48.8050565,
      -25.4977094
     ],
     [
      -48.8050517,
      -25.4977067
     ],
     [
      -48.8050469,
      -25.4977042
     ],
     [
      -48.8050419,
      -25.4977019
     ],
     [
      -48.8050367,
      -25.4977
     ],
     [
      -48.8050315,
      -25.4976982
     ],
     [
      -48.8050261,
      -25.4976968
     ],
     [
      -48.8049718,
      -25.4976836
     ]
    ]
   },
   "properties": {
    "tipo": "via",
    "id": "via-100",
    "hierarquia": "local",
    "comprimento_m": 87.89,
    "rampaMedia_pct": 4.06,
    "rampaMaxima_pct": 10.02,
    "faixaDominio_m": 8.4,
    "cotaInicial_m": 716.04,
    "cotaFinal_m": 712.47,
    "saiDaGleba": true
   }
  },
  {
   "type": "Feature",
   "geometry": {
    "type": "LineString",
    "coordinates": [
     [
      -48.8014137,
      -25.5015291
     ],
     [
      -48.8014032,
      -25.5014669
     ],
     [
      -48.8014581,
      -25.5012251
     ],
     [
      -48.8014584,
      -25.5012239
     ],
     [
      -48.8014586,
      -25.5012228
     ],
     [
      -48.8014589,
      -25.5012216
     ],
     [
      -48.8014593,
      -25.5012205
     ],
     [
      -48.8014596,
      -25.5012194
     ],
     [
      -48.8014599,
      -25.5012182
     ],
     [
      -48.8016675,
      -25.5005657
     ],
     [
      -48.8016686,
      -25.5005627
     ],
     [
      -48.8016697,
      -25.5005597
     ],
     [
      -48.801671,
      -25.5005567
     ],
     [
      -48.8016723,
      -25.5005538
     ],
     [
      -48.8016738,
      -25.500551
     ],
     [
      -48.8016754,
      -25.5005481
     ],
     [
      -48.8016797,
      -25.5005408
     ],
     [
      -48.801683,
      -25.5005356
     ],
     [
      -48.8016866,
      -25.5005308
     ],
     [
      -48.8016905,
      -25.5005261
     ],
     [
      -48.8016947,
      -25.5005217
     ],
     [
      -48.8016993,
      -25.5005176
     ],
     [
      -48.8017042,
      -25.5005137
     ],
     [
      -48.8017283,
      -25.5004957
     ]
    ]
   },
   "properties": {
    "tipo": "via",
    "id": "via-101",
    "hierarquia": "local",
    "comprimento_m": 120.42,
    "rampaMedia_pct": 4.61,
    "rampaMaxima_pct": 10.02,
    "faixaDominio_m": 8.4,
    "cotaInicial_m": 719.21,
    "cotaFinal_m": 713.66,
    "saiDaGleba": false
   }
  },
  {
   "type": "Feature",
   "geometry": {
    "type": "LineString",
    "coordinates": [
     [
      -48.8007299,
      -25.5011094
     ],
     [
      -48.8006544,
      -25.5011557
     ]
    ]
   },
   "properties": {
    "tipo": "via",
    "id": "via-102",
    "hierarquia": "local",
    "comprimento_m": 9.17,
    "rampaMedia_pct": 8.16,
    "rampaMaxima_pct": 8.16,
    "faixaDominio_m": 8.4,
    "cotaInicial_m": 719.45,
    "cotaFinal_m": 720.2,
    "saiDaGleba": false
   }
  },
  {
   "type": "Feature",
   "geometry": {
    "type": "LineString",
    "coordinates": [
     [
      -48.803396,
      -25.4989186
     ],
     [
      -48.8033364,
      -25.4988604
     ],
     [
      -48.8033345,
      -25.4988586
     ],
     [
      -48.8033327,
      -25.4988567
     ],
     [
      -48.803331,
      -25.4988547
     ],
     [
      -48.8033293,
      -25.4988527
     ],
     [
      -48.8033277,
      -25.4988507
     ],
     [
      -48.8033262,
      -25.4988486
     ],
     [
      -48.8032284,
      -25.4987139
     ],
     [
      -48.8032265,
      -25.4987115
     ],
     [
      -48.8032246,
      -25.4987091
     ],
     [
      -48.8032226,
      -25.4987068
     ],
     [
      -48.8032205,
      -25.4987045
     ],
     [
      -48.8032183,
      -25.4987023
     ],
     [
      -48.8032161,
      -25.4987001
     ],
     [
      -48.8031143,
      -25.4986067
     ],
     [
      -48.8030616,
      -25.4985568
     ],
     [
      -48.8030589,
      -25.4985541
     ],
     [
      -48.8030563,
      -25.4985513
     ],
     [
      -48.8030538,
      -25.4985485
     ],
     [
      -48.8030515,
      -25.4985455
     ],
     [
      -48.8030492,
      -25.4985425
     ],
     [
      -48.8030472,
      -25.4985393
     ],
     [
      -48.8029499,
      -25.4983862
     ],
     [
      -48.8029467,
      -25.4983813
     ],
     [
      -48.8029431,
      -25.4983768
     ],
     [
      -48.8029392,
      -25.4983724
     ],
     [
      -48.8029351,
      -25.4983683
     ],
     [
      -48.8029306,
      -25.4983644
     ],
     [
      -48.8029259,
      -25.4983607
     ],
     [
      -48.8028442,
      -25.4983014
     ]
    ]
   },
   "properties": {
    "tipo": "via",
    "id": "via-103",
    "hierarquia": "local",
    "comprimento_m": 88.77,
    "rampaMedia_pct": 6.51,
    "rampaMaxima_pct": 11.46,
    "faixaDominio_m": 8.4,
    "cotaInicial_m": 716.53,
    "cotaFinal_m": 710.75,
    "saiDaGleba": true
   }
  },
  {
   "type": "Feature",
   "geometry": {
    "type": "LineString",
    "coordinates": [
     [
      -48.8038716,
      -25.4985974
     ],
     [
      -48.8038585,
      -25.4985199
     ],
     [
      -48.8038581,
      -25.4985179
     ],
     [
      -48.8038577,
      -25.4985159
     ],
     [
      -48.8038573,
      -25.498514
     ],
     [
      -48.8038568,
      -25.498512
     ],
     [
      -48.8038562,
      -25.4985101
     ],
     [
      -48.8038556,
      -25.4985082
     ],
     [
      -48.8037475,
      -25.4981729
     ],
     [
      -48.803673,
      -25.4979423
     ]
    ]
   },
   "properties": {
    "tipo": "via",
    "id": "via-104",
    "hierarquia": "local",
    "comprimento_m": 75.34,
    "rampaMedia_pct": 6.68,
    "rampaMaxima_pct": 10.02,
    "faixaDominio_m": 8.4,
    "cotaInicial_m": 716.09,
    "cotaFinal_m": 711.05,
    "saiDaGleba": true
   }
  },
  {
   "type": "Feature",
   "geometry": {
    "type": "LineString",
    "coordinates": [
     [
      -48.8046616,
      -25.4980635
     ],
     [
      -48.8046292,
      -25.498054
     ],
     [
      -48.8046199,
      -25.4980508
     ],
     [
      -48.8046112,
      -25.4980469
     ],
     [
      -48.804603,
      -25.4980422
     ],
     [
      -48.8045953,
      -25.4980368
     ],
     [
      -48.8045882,
      -25.4980307
     ],
     [
      -48.8045817,
      -25.4980239
     ],
     [
      -48.804484,
      -25.4979111
     ],
     [
      -48.8043042,
      -25.4977312
     ]
    ]
   },
   "properties": {
    "tipo": "via",
    "id": "via-105",
    "hierarquia": "local",
    "comprimento_m": 52.13,
    "rampaMedia_pct": 5.14,
    "rampaMaxima_pct": 10,
    "faixaDominio_m": 8.4,
    "cotaInicial_m": 713.46,
    "cotaFinal_m": 710.78,
    "saiDaGleba": true
   }
  },
  {
   "type": "Feature",
   "geometry": {
    "type": "LineString",
    "coordinates": [
     [
      -48.8027598,
      -25.5000215
     ],
     [
      -48.8026784,
      -25.5000096
     ],
     [
      -48.8026751,
      -25.5000091
     ],
     [
      -48.8026718,
      -25.5000084
     ],
     [
      -48.8026685,
      -25.5000077
     ],
     [
      -48.8026652,
      -25.5000069
     ],
     [
      -48.802662,
      -25.5000059
     ],
     [
      -48.8026588,
      -25.5000049
     ],
     [
      -48.802566,
      -25.4999727
     ],
     [
      -48.8025637,
      -25.4999719
     ],
     [
      -48.8025615,
      -25.4999711
     ],
     [
      -48.8025593,
      -25.4999702
     ],
     [
      -48.8025571,
      -25.4999692
     ],
     [
      -48.8025549,
      -25.4999682
     ],
     [
      -48.8025528,
      -25.4999671
     ],
     [
      -48.8022463,
      -25.4998114
     ],
     [
      -48.8021531,
      -25.499756
     ],
     [
      -48.8021494,
      -25.4997538
     ],
     [
      -48.8021459,
      -25.4997513
     ],
     [
      -48.8021424,
      -25.4997488
     ],
     [
      -48.8021392,
      -25.4997461
     ],
     [
      -48.802136,
      -25.4997432
     ],
     [
      -48.802133,
      -25.4997403
     ],
     [
      -48.8020055,
      -25.4996094
     ]
    ]
   },
   "properties": {
    "tipo": "via",
    "id": "via-106",
    "hierarquia": "local",
    "comprimento_m": 90.32,
    "rampaMedia_pct": 7.17,
    "rampaMaxima_pct": 10.01,
    "faixaDominio_m": 8.4,
    "cotaInicial_m": 717.41,
    "cotaFinal_m": 710.93,
    "saiDaGleba": false
   }
  },
  {
   "type": "Feature",
   "geometry": {
    "type": "LineString",
    "coordinates": [
     [
      -48.8022831,
      -25.5009254
     ],
     [
      -48.8022458,
      -25.5008755
     ],
     [
      -48.8022431,
      -25.5008721
     ],
     [
      -48.8022402,
      -25.5008688
     ],
     [
      -48.8022372,
      -25.5008656
     ],
     [
      -48.8022341,
      -25.5008626
     ],
     [
      -48.8022307,
      -25.5008597
     ],
     [
      -48.8022272,
      -25.5008569
     ],
     [
      -48.8021246,
      -25.5007791
     ],
     [
      -48.802123,
      -25.5007779
     ],
     [
      -48.8021215,
      -25.5007767
     ],
     [
      -48.80212,
      -25.5007754
     ],
     [
      -48.8021185,
      -25.5007742
     ],
     [
      -48.8021171,
      -25.5007728
     ],
     [
      -48.8021157,
      -25.5007715
     ],
     [
      -48.8020161,
      -25.5006748
     ],
     [
      -48.8020145,
      -25.5006732
     ],
     [
      -48.802013,
      -25.5006716
     ],
     [
      -48.8020115,
      -25.50067
     ],
     [
      -48.8020101,
      -25.5006683
     ],
     [
      -48.8020087,
      -25.5006666
     ],
     [
      -48.8020073,
      -25.5006649
     ],
     [
      -48.8018033,
      -25.5004004
     ],
     [
      -48.8017549,
      -25.5003393
     ],
     [
      -48.8017505,
      -25.5003341
     ],
     [
      -48.8017456,
      -25.5003292
     ],
     [
      -48.8017404,
      -25.5003247
     ],
     [
      -48.8017349,
      -25.5003205
     ],
     [
      -48.801729,
      -25.5003167
     ],
     [
      -48.8017227,
      -25.5003133
     ],
     [
      -48.8016702,
      -25.5002866
     ]
    ]
   },
   "properties": {
    "tipo": "via",
    "id": "via-107",
    "hierarquia": "local",
    "comprimento_m": 94.74,
    "rampaMedia_pct": 3.64,
    "rampaMaxima_pct": 10.02,
    "faixaDominio_m": 8.4,
    "cotaInicial_m": 715.94,
    "cotaFinal_m": 712.5,
    "saiDaGleba": false
   }
  },
  {
   "type": "Feature",
   "geometry": {
    "type": "LineString",
    "coordinates": [
     [
      -48.8019562,
      -25.4976325
     ],
     [
      -48.8019853,
      -25.4977526
     ],
     [
      -48.8020217,
      -25.4980738
     ],
     [
      -48.8020218,
      -25.498075
     ],
     [
      -48.8020219,
      -25.4980762
     ],
     [
      -48.802022,
      -25.4980774
     ],
     [
      -48.8020221,
      -25.4980786
     ],
     [
      -48.8020222,
      -25.4980797
     ],
     [
      -48.8020222,
      -25.4980809
     ],
     [
      -48.8020254,
      -25.498206
     ],
     [
      -48.8020254,
      -25.4982087
     ],
     [
      -48.8020253,
      -25.4982114
     ],
     [
      -48.8020252,
      -25.498214
     ],
     [
      -48.802025,
      -25.4982167
     ],
     [
      -48.8020246,
      -25.4982193
     ],
     [
      -48.8020242,
      -25.498222
     ],
     [
      -48.8019991,
      -25.498369
     ],
     [
      -48.8019981,
      -25.4983763
     ],
     [
      -48.8019979,
      -25.4983836
     ],
     [
      -48.8019983,
      -25.4983909
     ],
     [
      -48.8019993,
      -25.4983981
     ],
     [
      -48.802001,
      -25.4984053
     ],
     [
      -48.8020034,
      -25.4984124
     ],
     [
      -48.8020218,
      -25.4984606
     ]
    ]
   },
   "properties": {
    "tipo": "via",
    "id": "via-108",
    "hierarquia": "local",
    "comprimento_m": 92.83,
    "rampaMedia_pct": 3.96,
    "rampaMaxima_pct": 10.06,
    "faixaDominio_m": 8.4,
    "cotaInicial_m": 712.61,
    "cotaFinal_m": 708.94,
    "saiDaGleba": true
   }
  },
  {
   "type": "Feature",
   "geometry": {
    "type": "LineString",
    "coordinates": [
     [
      -48.8012039,
      -25.4976137
     ],
     [
      -48.8011935,
      -25.4976744
     ],
     [
      -48.8011931,
      -25.4976771
     ],
     [
      -48.8011928,
      -25.4976797
     ],
     [
      -48.8011926,
      -25.4976824
     ],
     [
      -48.8011924,
      -25.497685
     ],
     [
      -48.8011924,
      -25.4976877
     ],
     [
      -48.8011924,
      -25.4976904
     ],
     [
      -48.8011957,
      -25.4978191
     ],
     [
      -48.8012018,
      -25.4980353
     ],
     [
      -48.8012018,
      -25.498037
     ],
     [
      -48.8012019,
      -25.4980386
     ],
     [
      -48.8012021,
      -25.4980403
     ],
     [
      -48.8012022,
      -25.498042
     ],
     [
      -48.8012024,
      -25.4980436
     ],
     [
      -48.8012027,
      -25.4980453
     ],
     [
      -48.8012335,
      -25.4982493
     ],
     [
      -48.8012337,
      -25.4982507
     ],
     [
      -48.801234,
      -25.4982521
     ],
     [
      -48.8012342,
      -25.4982535
     ],
     [
      -48.8012345,
      -25.4982549
     ],
     [
      -48.8012349,
      -25.4982563
     ],
     [
      -48.8012352,
      -25.4982576
     ],
     [
      -48.8012694,
      -25.49839
     ],
     [
      -48.80127,
      -25.4983924
     ],
     [
      -48.8012707,
      -25.4983948
     ],
     [
      -48.8012715,
      -25.4983971
     ],
     [
      -48.8012724,
      -25.4983994
     ],
     [
      -48.8012733,
      -25.4984017
     ],
     [
      -48.8012743,
      -25.498404
     ],
     [
      -48.8013312,
      -25.4985284
     ]
    ]
   },
   "properties": {
    "tipo": "via",
    "id": "via-109",
    "hierarquia": "local",
    "comprimento_m": 103.27,
    "rampaMedia_pct": 4.11,
    "rampaMaxima_pct": 10.01,
    "faixaDominio_m": 8.4,
    "cotaInicial_m": 712.96,
    "cotaFinal_m": 708.72,
    "saiDaGleba": false
   }
  },
  {
   "type": "Feature",
   "geometry": {
    "type": "LineString",
    "coordinates": [
     [
      -48.8013312,
      -25.4985284
     ],
     [
      -48.8013709,
      -25.4985869
     ],
     [
      -48.8013733,
      -25.4985904
     ],
     [
      -48.801376,
      -25.4985937
     ],
     [
      -48.8013788,
      -25.498597
     ],
     [
      -48.8013818,
      -25.4986001
     ],
     [
      -48.8013849,
      -25.4986031
     ],
     [
      -48.8013882,
      -25.498606
     ],
     [
      -48.8015639,
      -25.4987528
     ]
    ]
   },
   "properties": {
    "tipo": "via",
    "id": "via-110",
    "hierarquia": "local",
    "comprimento_m": 34.37,
    "rampaMedia_pct": 1.94,
    "rampaMaxima_pct": 10.01,
    "faixaDominio_m": 8.4,
    "cotaInicial_m": 708.72,
    "cotaFinal_m": 708.05,
    "saiDaGleba": false
   }
  },
  {
   "type": "Feature",
   "geometry": {
    "type": "LineString",
    "coordinates": [
     [
      -48.8003591,
      -25.4971714
     ],
     [
      -48.8003126,
      -25.4972048
     ],
     [
      -48.8003091,
      -25.4972072
     ],
     [
      -48.8003055,
      -25.4972095
     ],
     [
      -48.8003019,
      -25.4972116
     ],
     [
      -48.8002981,
      -25.4972135
     ],
     [
      -48.8002942,
      -25.4972153
     ],
     [
      -48.8002902,
      -25.497217
     ],
     [
      -48.8001762,
      -25.4972615
     ],
     [
      -48.8001721,
      -25.497263
     ],
     [
      -48.8001679,
      -25.4972643
     ],
     [
      -48.8001637,
      -25.4972655
     ],
     [
      -48.8001594,
      -25.4972664
     ],
     [
      -48.8001551,
      -25.4972673
     ],
     [
      -48.8001507,
      -25.4972679
     ],
     [
      -48.799964,
      -25.4972917
     ],
     [
      -48.7998053,
      -25.4973024
     ],
     [
      -48.7997967,
      -25.4973027
     ],
     [
      -48.7997881,
      -25.4973023
     ],
     [
      -48.7997797,
      -25.4973012
     ],
     [
      -48.7997715,
      -25.4972995
     ],
     [
      -48.7997634,
      -25.4972971
     ],
     [
      -48.7997554,
      -25.497294
     ],
     [
      -48.7996936,
      -25.4972675
     ]
    ]
   },
   "properties": {
    "tipo": "via",
    "id": "via-111",
    "hierarquia": "local",
    "comprimento_m": 70.72,
    "rampaMedia_pct": 4.88,
    "rampaMaxima_pct": 10.01,
    "faixaDominio_m": 8.4,
    "cotaInicial_m": 713.07,
    "cotaFinal_m": 709.62,
    "saiDaGleba": false
   }
  },
  {
   "type": "Feature",
   "geometry": {
    "type": "LineString",
    "coordinates": [
     [
      -48.8001272,
      -25.4966051
     ],
     [
      -48.7999226,
      -25.4965759
     ],
     [
      -48.7998484,
      -25.4965653
     ]
    ]
   },
   "properties": {
    "tipo": "via",
    "id": "via-112",
    "hierarquia": "local",
    "comprimento_m": 28.37,
    "rampaMedia_pct": 8.45,
    "rampaMaxima_pct": 8.74,
    "faixaDominio_m": 8.4,
    "cotaInicial_m": 712.38,
    "cotaFinal_m": 709.99,
    "saiDaGleba": true
   }
  },
  {
   "type": "Feature",
   "geometry": {
    "type": "LineString",
    "coordinates": [
     [
      -48.8017348,
      -25.496425
     ],
     [
      -48.8018088,
      -25.4964282
     ],
     [
      -48.8018151,
      -25.4964287
     ],
     [
      -48.8018212,
      -25.4964294
     ],
     [
      -48.8018273,
      -25.4964306
     ],
     [
      -48.8018332,
      -25.4964321
     ],
     [
      -48.8018391,
      -25.4964339
     ],
     [
      -48.8018449,
      -25.496436
     ],
     [
      -48.8020594,
      -25.4965235
     ],
     [
      -48.8020614,
      -25.4965243
     ],
     [
      -48.8020635,
      -25.4965251
     ],
     [
      -48.8020656,
      -25.4965258
     ],
     [
      -48.8020677,
      -25.4965265
     ],
     [
      -48.8020698,
      -25.4965272
     ],
     [
      -48.802072,
      -25.4965278
     ],
     [
      -48.8022558,
      -25.496577
     ],
     [
      -48.8022571,
      -25.4965773
     ],
     [
      -48.8022584,
      -25.4965777
     ],
     [
      -48.8022597,
      -25.4965781
     ],
     [
      -48.802261,
      -25.4965785
     ],
     [
      -48.8022623,
      -25.4965789
     ],
     [
      -48.8022636,
      -25.4965794
     ],
     [
      -48.8026239,
      -25.4967061
     ],
     [
      -48.8026252,
      -25.4967065
     ],
     [
      -48.8026266,
      -25.496707
     ],
     [
      -48.802628,
      -25.4967074
     ],
     [
      -48.8026294,
      -25.4967078
     ],
     [
      -48.8026308,
      -25.4967082
     ],
     [
      -48.8026322,
      -25.4967086
     ],
     [
      -48.8031627,
      -25.4968479
     ],
     [
      -48.8034271,
      -25.4969312
     ],
     [
      -48.8034301,
      -25.4969321
     ],
     [
      -48.8034331,
      -25.4969329
     ],
     [
      -48.8034361,
      -25.4969336
     ],
     [
      -48.8034392,
      -25.4969342
     ],
     [
      -48.8034423,
      -25.4969348
     ],
     [
      -48.8034454,
      -25.4969352
     ],
     [
      -48.8038433,
      -25.4969875
     ],
     [
      -48.8038472,
      -25.4969879
     ],
     [
      -48.8038511,
      -25.4969882
     ],
     [
      -48.8038551,
      -25.4969884
     ],
     [
      -48.803859,
      -25.4969884
     ],
     [
      -48.8038629,
      -25.4969883
     ],
     [
      -48.8038668,
      -25.496988
     ],
     [
      -48.8040745,
      -25.4969705
     ]
    ]
   },
   "properties": {
    "tipo": "via",
    "id": "via-113",
    "hierarquia": "local",
    "comprimento_m": 245.34,
    "rampaMedia_pct": 4.32,
    "rampaMaxima_pct": 10.02,
    "faixaDominio_m": 8.4,
    "cotaInicial_m": 719.65,
    "cotaFinal_m": 709.06,
    "saiDaGleba": true
   }
  },
  {
   "type": "Feature",
   "geometry": {
    "type": "LineString",
    "coordinates": [
     [
      -48.8016439,
      -25.4963548
     ],
     [
      -48.80169,
      -25.4963351
     ],
     [
      -48.8016961,
      -25.4963327
     ],
     [
      -48.8017022,
      -25.4963307
     ],
     [
      -48.8017085,
      -25.4963291
     ],
     [
      -48.8017148,
      -25.4963279
     ],
     [
      -48.8017213,
      -25.496327
     ],
     [
      -48.8017279,
      -25.4963266
     ],
     [
      -48.8019659,
      -25.4963168
     ],
     [
      -48.801967,
      -25.4963167
     ],
     [
      -48.801968,
      -25.4963167
     ],
     [
      -48.801969,
      -25.4963166
     ],
     [
      -48.80197,
      -25.4963165
     ],
     [
      -48.8019711,
      -25.4963164
     ],
     [
      -48.8019721,
      -25.4963164
     ],
     [
      -48.8024005,
      -25.4962745
     ],
     [
      -48.8024015,
      -25.4962744
     ],
     [
      -48.8024025,
      -25.4962743
     ],
     [
      -48.8024036,
      -25.4962742
     ],
     [
      -48.8024046,
      -25.496274
     ],
     [
      -48.8024057,
      -25.4962739
     ],
     [
      -48.8024067,
      -25.4962737
     ],
     [
      -48.8032624,
      -25.4961399
     ],
     [
      -48.8036905,
      -25.4960474
     ]
    ]
   },
   "properties": {
    "tipo": "via",
    "id": "via-114",
    "hierarquia": "local",
    "comprimento_m": 209.15,
    "rampaMedia_pct": 5.11,
    "rampaMaxima_pct": 10.03,
    "faixaDominio_m": 8.4,
    "cotaInicial_m": 719.48,
    "cotaFinal_m": 708.8,
    "saiDaGleba": true
   }
  },
  {
   "type": "Feature",
   "geometry": {
    "type": "LineString",
    "coordinates": [
     [
      -48.8013068,
      -25.5036984
     ],
     [
      -48.8013166,
      -25.5034147
     ],
     [
      -48.8013167,
      -25.5034134
     ],
     [
      -48.8013167,
      -25.5034122
     ],
     [
      -48.8013168,
      -25.503411
     ],
     [
      -48.8013169,
      -25.5034097
     ],
     [
      -48.8013171,
      -25.5034085
     ],
     [
      -48.8013172,
      -25.5034073
     ],
     [
      -48.8013391,
      -25.503233
     ],
     [
      -48.8013392,
      -25.5032321
     ],
     [
      -48.8013393,
      -25.5032313
     ],
     [
      -48.8013395,
      -25.5032304
     ],
     [
      -48.8013396,
      -25.5032296
     ],
     [
      -48.8013398,
      -25.5032287
     ],
     [
      -48.8013399,
      -25.5032279
     ],
     [
      -48.8013859,
      -25.5029849
     ],
     [
      -48.8013861,
      -25.5029837
     ],
     [
      -48.8013864,
      -25.5029826
     ],
     [
      -48.8013866,
      -25.5029814
     ],
     [
      -48.8013869,
      -25.5029803
     ],
     [
      -48.8013872,
      -25.5029791
     ],
     [
      -48.8013875,
      -25.502978
     ],
     [
      -48.8014548,
      -25.5027368
     ],
     [
      -48.8015759,
      -25.5022269
     ]
    ]
   },
   "properties": {
    "tipo": "via",
    "id": "via-115",
    "hierarquia": "local",
    "comprimento_m": 165.7,
    "rampaMedia_pct": 9.19,
    "rampaMaxima_pct": 15.64,
    "faixaDominio_m": 8.4,
    "cotaInicial_m": 743.78,
    "cotaFinal_m": 728.55,
    "saiDaGleba": true
   }
  },
  {
   "type": "Feature",
   "geometry": {
    "type": "LineString",
    "coordinates": [
     [
      -48.8015672,
      -25.5037128
     ],
     [
      -48.8019583,
      -25.5032636
     ],
     [
      -48.8019591,
      -25.5032628
     ],
     [
      -48.8019598,
      -25.5032619
     ],
     [
      -48.8019605,
      -25.5032611
     ],
     [
      -48.8019612,
      -25.5032602
     ],
     [
      -48.8019619,
      -25.5032593
     ],
     [
      -48.8019626,
      -25.5032584
     ],
     [
      -48.802206,
      -25.5029332
     ],
     [
      -48.8024631,
      -25.5026133
     ]
    ]
   },
   "properties": {
    "tipo": "via",
    "id": "via-116",
    "hierarquia": "local",
    "comprimento_m": 151.56,
    "rampaMedia_pct": 9.84,
    "rampaMaxima_pct": 18.29,
    "faixaDominio_m": 8.4,
    "cotaInicial_m": 743.83,
    "cotaFinal_m": 728.91,
    "saiDaGleba": true
   }
  },
  {
   "type": "Feature",
   "geometry": {
    "type": "LineString",
    "coordinates": [
     [
      -48.8007806,
      -25.5037059
     ],
     [
      -48.7999824,
      -25.5031715
     ],
     [
      -48.7996529,
      -25.502966
     ],
     [
      -48.7996515,
      -25.5029651
     ],
     [
      -48.7996502,
      -25.5029643
     ],
     [
      -48.7996489,
      -25.5029633
     ],
     [
      -48.7996476,
      -25.5029624
     ],
     [
      -48.7996463,
      -25.5029615
     ],
     [
      -48.799645,
      -25.5029605
     ],
     [
      -48.7995684,
      -25.5029017
     ],
     [
      -48.7995661,
      -25.5028999
     ],
     [
      -48.7995639,
      -25.502898
     ],
     [
      -48.7995617,
      -25.5028961
     ],
     [
      -48.7995597,
      -25.5028941
     ],
     [
      -48.7995576,
      -25.5028921
     ],
     [
      -48.7995557,
      -25.50289
     ],
     [
      -48.7994655,
      -25.50279
     ],
     [
      -48.7994639,
      -25.5027883
     ],
     [
      -48.7994622,
      -25.5027866
     ],
     [
      -48.7994606,
      -25.502785
     ],
     [
      -48.7994588,
      -25.5027834
     ],
     [
      -48.7994571,
      -25.5027818
     ],
     [
      -48.7994553,
      -25.5027803
     ],
     [
      -48.7993489,
      -25.5026929
     ],
     [
      -48.7993469,
      -25.5026913
     ],
     [
      -48.7993448,
      -25.5026897
     ],
     [
      -48.7993427,
      -25.5026882
     ],
     [
      -48.7993406,
      -25.5026867
     ],
     [
      -48.7993384,
      -25.5026853
     ],
     [
      -48.7993362,
      -25.502684
     ],
     [
      -48.7989162,
      -25.5024375
     ]
    ]
   },
   "properties": {
    "tipo": "via",
    "id": "via-117",
    "hierarquia": "local",
    "comprimento_m": 234.97,
    "rampaMedia_pct": 5.94,
    "rampaMaxima_pct": 10.03,
    "faixaDominio_m": 8.4,
    "cotaInicial_m": 742.67,
    "cotaFinal_m": 728.71,
    "saiDaGleba": true
   }
  },
  {
   "type": "Feature",
   "geometry": {
    "type": "LineString",
    "coordinates": [
     [
      -48.8004482,
      -25.5002773
     ],
     [
      -48.8005127,
      -25.5002525
     ]
    ]
   },
   "properties": {
    "tipo": "via",
    "id": "via-118",
    "hierarquia": "local",
    "comprimento_m": 7.04,
    "rampaMedia_pct": 10,
    "rampaMaxima_pct": 10,
    "faixaDominio_m": 8.4,
    "cotaInicial_m": 719.64,
    "cotaFinal_m": 718.94,
    "saiDaGleba": false
   }
  },
  {
   "type": "Feature",
   "geometry": {
    "type": "LineString",
    "coordinates": [
     [
      -48.8001261,
      -25.4995824
     ],
     [
      -48.8001614,
      -25.4995933
     ],
     [
      -48.8001673,
      -25.4995948
     ],
     [
      -48.8001731,
      -25.4995957
     ],
     [
      -48.800179,
      -25.4995959
     ],
     [
      -48.8001849,
      -25.4995955
     ],
     [
      -48.8001907,
      -25.4995944
     ],
     [
      -48.8001966,
      -25.4995928
     ],
     [
      -48.800214,
      -25.4995867
     ],
     [
      -48.8002621,
      -25.499534
     ]
    ]
   },
   "properties": {
    "tipo": "via",
    "id": "via-119",
    "hierarquia": "local",
    "comprimento_m": 16.82,
    "rampaMedia_pct": 10.72,
    "rampaMaxima_pct": 23.84,
    "faixaDominio_m": 8.4,
    "cotaInicial_m": 720.29,
    "cotaFinal_m": 718.49,
    "saiDaGleba": false
   }
  },
  {
   "type": "Feature",
   "geometry": {
    "type": "LineString",
    "coordinates": [
     [
      -48.7997311,
      -25.4989823
     ],
     [
      -48.7997498,
      -25.4989911
     ],
     [
      -48.7997546,
      -25.4989929
     ],
     [
      -48.7997593,
      -25.4989939
     ],
     [
      -48.799764,
      -25.4989941
     ],
     [
      -48.7997686,
      -25.4989933
     ],
     [
      -48.7997731,
      -25.4989917
     ],
     [
      -48.7997776,
      -25.4989893
     ],
     [
      -48.7997909,
      -25.4989807
     ],
     [
      -48.8001771,
      -25.4986364
     ],
     [
      -48.8001796,
      -25.4986342
     ],
     [
      -48.8001822,
      -25.4986321
     ],
     [
      -48.8001849,
      -25.4986301
     ],
     [
      -48.8001877,
      -25.4986281
     ],
     [
      -48.8001906,
      -25.4986263
     ],
     [
      -48.8001935,
      -25.4986245
     ],
     [
      -48.8002366,
      -25.4985997
     ]
    ]
   },
   "properties": {
    "tipo": "via",
    "id": "via-120",
    "hierarquia": "local",
    "comprimento_m": 68.39,
    "rampaMedia_pct": 5.68,
    "rampaMaxima_pct": 12.28,
    "faixaDominio_m": 8.4,
    "cotaInicial_m": 719.29,
    "cotaFinal_m": 715.41,
    "saiDaGleba": false
   }
  },
  {
   "type": "Feature",
   "geometry": {
    "type": "LineString",
    "coordinates": [
     [
      -48.799378,
      -25.4979957
     ],
     [
      -48.7993722,
      -25.4980622
     ],
     [
      -48.7993718,
      -25.4980658
     ],
     [
      -48.7993713,
      -25.4980695
     ],
     [
      -48.7993705,
      -25.4980731
     ],
     [
      -48.7993696,
      -25.4980767
     ],
     [
      -48.7993686,
      -25.4980802
     ],
     [
      -48.7993674,
      -25.4980838
     ],
     [
      -48.7993241,
      -25.4982011
     ],
     [
      -48.7993237,
      -25.4982022
     ],
     [
      -48.7993233,
      -25.4982032
     ],
     [
      -48.7993229,
      -25.4982042
     ],
     [
      -48.7993224,
      -25.4982053
     ],
     [
      -48.799322,
      -25.4982063
     ],
     [
      -48.7993215,
      -25.4982074
     ],
     [
      -48.7991676,
      -25.4985403
     ],
     [
      -48.7991074,
      -25.4986702
     ]
    ]
   },
   "properties": {
    "tipo": "via",
    "id": "via-121",
    "hierarquia": "local",
    "comprimento_m": 79.9,
    "rampaMedia_pct": 7.77,
    "rampaMaxima_pct": 10.03,
    "faixaDominio_m": 8.4,
    "cotaInicial_m": 713.76,
    "cotaFinal_m": 719.97,
    "saiDaGleba": false
   }
  },
  {
   "type": "Feature",
   "geometry": {
    "type": "LineString",
    "coordinates": [
     [
      -48.7983689,
      -25.4985327
     ],
     [
      -48.7984153,
      -25.4983281
     ],
     [
      -48.7985406,
      -25.4977748
     ]
    ]
   },
   "properties": {
    "tipo": "via",
    "id": "via-122",
    "hierarquia": "local",
    "comprimento_m": 85.71,
    "rampaMedia_pct": 10.31,
    "rampaMaxima_pct": 11.96,
    "faixaDominio_m": 8.4,
    "cotaInicial_m": 720.51,
    "cotaFinal_m": 711.68,
    "saiDaGleba": false
   }
  },
  {
   "type": "Feature",
   "geometry": {
    "type": "LineString",
    "coordinates": [
     [
      -48.7976175,
      -25.4985687
     ],
     [
      -48.7976061,
      -25.4985085
     ],
     [
      -48.7976055,
      -25.4985046
     ],
     [
      -48.797605,
      -25.4985006
     ],
     [
      -48.7976047,
      -25.4984967
     ],
     [
      -48.7976047,
      -25.4984928
     ],
     [
      -48.7976048,
      -25.4984888
     ],
     [
      -48.7976051,
      -25.4984849
     ],
     [
      -48.7976324,
      -25.4982188
     ],
     [
      -48.7976736,
      -25.4980132
     ],
     [
      -48.7976742,
      -25.4980104
     ],
     [
      -48.7976749,
      -25.4980076
     ],
     [
      -48.7976757,
      -25.4980049
     ],
     [
      -48.7976766,
      -25.4980022
     ],
     [
      -48.7976776,
      -25.4979995
     ],
     [
      -48.7976787,
      -25.4979968
     ],
     [
      -48.7977554,
      -25.4978169
     ],
     [
      -48.7977566,
      -25.4978142
     ],
     [
      -48.7977579,
      -25.4978115
     ],
     [
      -48.7977593,
      -25.4978089
     ],
     [
      -48.7977608,
      -25.4978063
     ],
     [
      -48.7977624,
      -25.4978037
     ],
     [
      -48.7977641,
      -25.4978012
     ],
     [
      -48.7978803,
      -25.4976346
     ],
     [
      -48.7978823,
      -25.4976319
     ],
     [
      -48.7978843,
      -25.4976293
     ],
     [
      -48.7978864,
      -25.4976268
     ],
     [
      -48.7978886,
      -25.4976243
     ],
     [
      -48.797891,
      -25.4976219
     ],
     [
      -48.7978934,
      -25.4976196
     ],
     [
      -48.7979498,
      -25.4975675
     ]
    ]
   },
   "properties": {
    "tipo": "via",
    "id": "via-123",
    "hierarquia": "local",
    "comprimento_m": 119.42,
    "rampaMedia_pct": 7.27,
    "rampaMaxima_pct": 10.02,
    "faixaDominio_m": 8.4,
    "cotaInicial_m": 721.04,
    "cotaFinal_m": 712.36,
    "saiDaGleba": false
   }
  },
  {
   "type": "Feature",
   "geometry": {
    "type": "LineString",
    "coordinates": [
     [
      -48.7956137,
      -25.4966794
     ],
     [
      -48.7956065,
      -25.4967261
     ],
     [
      -48.7956056,
      -25.4967348
     ],
     [
      -48.7956056,
      -25.4967435
     ],
     [
      -48.7956065,
      -25.496752
     ],
     [
      -48.7956084,
      -25.4967604
     ],
     [
      -48.7956111,
      -25.4967687
     ],
     [
      -48.7956148,
      -25.4967769
     ],
     [
      -48.7956907,
      -25.4969243
     ],
     [
      -48.7956918,
      -25.4969265
     ],
     [
      -48.7956928,
      -25.4969287
     ],
     [
      -48.7956937,
      -25.4969309
     ],
     [
      -48.7956946,
      -25.4969331
     ],
     [
      -48.7956954,
      -25.4969354
     ],
     [
      -48.7956962,
      -25.4969377
     ],
     [
      -48.7957475,
      -25.4971009
     ],
     [
      -48.7957482,
      -25.4971031
     ],
     [
      -48.795749,
      -25.4971053
     ],
     [
      -48.7957498,
      -25.4971075
     ],
     [
      -48.7957508,
      -25.4971096
     ],
     [
      -48.7957517,
      -25.4971118
     ],
     [
      -48.7957528,
      -25.4971139
     ],
     [
      -48.7961794,
      -25.4979543
     ]
    ]
   },
   "properties": {
    "tipo": "via",
    "id": "via-124",
    "hierarquia": "local",
    "comprimento_m": 153.45,
    "rampaMedia_pct": 4.94,
    "rampaMaxima_pct": 10.01,
    "faixaDominio_m": 8.4,
    "cotaInicial_m": 727.94,
    "cotaFinal_m": 720.36,
    "saiDaGleba": true
   }
  },
  {
   "type": "Feature",
   "geometry": {
    "type": "LineString",
    "coordinates": [
     [
      -48.7961794,
      -25.4979543
     ],
     [
      -48.7962115,
      -25.4980151
     ]
    ]
   },
   "properties": {
    "tipo": "via",
    "id": "via-125",
    "hierarquia": "local",
    "comprimento_m": 7.47,
    "rampaMedia_pct": 1.88,
    "rampaMaxima_pct": 1.88,
    "faixaDominio_m": 8.4,
    "cotaInicial_m": 720.36,
    "cotaFinal_m": 720.5,
    "saiDaGleba": true
   }
  },
  {
   "type": "Feature",
   "geometry": {
    "type": "LineString",
    "coordinates": [
     [
      -48.7962115,
      -25.4980151
     ],
     [
      -48.7962906,
      -25.4980947
     ],
     [
      -48.7962948,
      -25.4980987
     ],
     [
      -48.7962993,
      -25.4981025
     ],
     [
      -48.796304,
      -25.498106
     ],
     [
      -48.796309,
      -25.4981092
     ],
     [
      -48.7963142,
      -25.4981122
     ],
     [
      -48.7963196,
      -25.4981148
     ],
     [
      -48.7963481,
      -25.4981279
     ],
     [
      -48.7963526,
      -25.4981298
     ],
     [
      -48.7963572,
      -25.4981316
     ],
     [
      -48.7963618,
      -25.4981331
     ],
     [
      -48.7963666,
      -25.4981344
     ],
     [
      -48.7963714,
      -25.4981355
     ],
     [
      -48.7963763,
      -25.4981363
     ],
     [
      -48.7964619,
      -25.4981495
     ],
     [
      -48.7964657,
      -25.49815
     ],
     [
      -48.7964694,
      -25.4981504
     ],
     [
      -48.7964732,
      -25.4981506
     ],
     [
      -48.7964769,
      -25.4981507
     ],
     [
      -48.7964807,
      -25.4981507
     ],
     [
      -48.7964845,
      -25.4981506
     ],
     [
      -48.7965824,
      -25.4981452
     ],
     [
      -48.7965856,
      -25.498145
     ],
     [
      -48.7965887,
      -25.4981447
     ],
     [
      -48.7965919,
      -25.4981443
     ],
     [
      -48.796595,
      -25.4981438
     ],
     [
      -48.7965981,
      -25.4981432
     ],
     [
      -48.7966012,
      -25.4981425
     ],
     [
      -48.796694,
      -25.4981208
     ],
     [
      -48.796697,
      -25.4981201
     ],
     [
      -48.7966998,
      -25.4981193
     ],
     [
      -48.7967027,
      -25.4981184
     ],
     [
      -48.7967055,
      -25.4981174
     ],
     [
      -48.7967083,
      -25.4981164
     ],
     [
      -48.7967111,
      -25.4981153
     ],
     [
      -48.7968531,
      -25.4980554
     ],
     [
      -48.7970504,
      -25.4979423
     ],
     [
      -48.7970515,
      -25.4979417
     ],
     [
      -48.7970526,
      -25.4979411
     ],
     [
      -48.7970537,
      -25.4979405
     ],
     [
      -48.7970547,
      -25.49794
     ],
     [
      -48.7970558,
      -25.4979394
     ],
     [
      -48.7970569,
      -25.4979389
     ],
     [
      -48.7975049,
      -25.4977233
     ],
     [
      -48.7975068,
      -25.4977224
     ],
     [
      -48.7975086,
      -25.4977214
     ],
     [
      -48.7975105,
      -25.4977204
     ],
     [
      -48.7975123,
      -25.4977194
     ],
     [
      -48.797514,
      -25.4977183
     ],
     [
      -48.7975158,
      -25.4977172
     ],
     [
      -48.7976348,
      -25.4976407
     ],
     [
      -48.7976367,
      -25.4976394
     ],
     [
      -48.7976386,
      -25.4976381
     ],
     [
      -48.7976404,
      -25.4976368
     ],
     [
      -48.7976422,
      -25.4976354
     ],
     [
      -48.7976439,
      -25.497634
     ],
     [
      -48.7976456,
      -25.4976326
     ],
     [
      -48.7978232,
      -25.4974803
     ]
    ]
   },
   "properties": {
    "tipo": "via",
    "id": "via-126",
    "hierarquia": "local",
    "comprimento_m": 188.88,
    "rampaMedia_pct": 4.35,
    "rampaMaxima_pct": 10.04,
    "faixaDominio_m": 8.4,
    "cotaInicial_m": 720.5,
    "cotaFinal_m": 712.28,
    "saiDaGleba": true
   }
  },
  {
   "type": "Feature",
   "geometry": {
    "type": "LineString",
    "coordinates": [
     [
      -48.796695,
      -25.4974097
     ],
     [
      -48.7967774,
      -25.4974074
     ],
     [
      -48.7968189,
      -25.4974213
     ],
     [
      -48.7968284,
      -25.4974249
     ],
     [
      -48.7968371,
      -25.4974294
     ],
     [
      -48.7968452,
      -25.4974346
     ],
     [
      -48.7968526,
      -25.4974405
     ],
     [
      -48.7968593,
      -25.4974472
     ],
     [
      -48.7968654,
      -25.4974547
     ],
     [
      -48.7968826,
      -25.4974784
     ]
    ]
   },
   "properties": {
    "tipo": "via",
    "id": "via-127",
    "hierarquia": "local",
    "comprimento_m": 21.94,
    "rampaMedia_pct": 6.14,
    "rampaMaxima_pct": 10,
    "faixaDominio_m": 8.4,
    "cotaInicial_m": 719.63,
    "cotaFinal_m": 718.28,
    "saiDaGleba": true
   }
  },
  {
   "type": "Feature",
   "geometry": {
    "type": "LineString",
    "coordinates": [
     [
      -48.7969081,
      -25.4966969
     ],
     [
      -48.7969708,
      -25.4966828
     ]
    ]
   },
   "properties": {
    "tipo": "via",
    "id": "via-128",
    "hierarquia": "local",
    "comprimento_m": 6.5,
    "rampaMedia_pct": 10,
    "rampaMaxima_pct": 10,
    "faixaDominio_m": 8.4,
    "cotaInicial_m": 718.72,
    "cotaFinal_m": 718.07,
    "saiDaGleba": true
   }
  },
  {
   "type": "Feature",
   "geometry": {
    "type": "LineString",
    "coordinates": [
     [
      -48.8002121,
      -25.4985713
     ],
     [
      -48.8002795,
      -25.4985458
     ],
     [
      -48.8004756,
      -25.4984322
     ],
     [
      -48.8004775,
      -25.4984311
     ],
     [
      -48.8004795,
      -25.4984301
     ],
     [
      -48.8004815,
      -25.4984291
     ],
     [
      -48.8004836,
      -25.4984281
     ],
     [
      -48.8004856,
      -25.4984271
     ],
     [
      -48.8004877,
      -25.4984263
     ],
     [
      -48.8005814,
      -25.4983873
     ],
     [
      -48.800584,
      -25.4983862
     ],
     [
      -48.8005867,
      -25.4983852
     ],
     [
      -48.8005895,
      -25.4983843
     ],
     [
      -48.8005922,
      -25.4983835
     ],
     [
      -48.800595,
      -25.4983827
     ],
     [
      -48.8005979,
      -25.498382
     ],
     [
      -48.8007341,
      -25.49835
     ],
     [
      -48.800738,
      -25.4983491
     ],
     [
      -48.800742,
      -25.4983484
     ],
     [
      -48.8007459,
      -25.4983479
     ],
     [
      -48.8007499,
      -25.4983475
     ],
     [
      -48.8007539,
      -25.4983472
     ],
     [
      -48.8007579,
      -25.4983471
     ],
     [
      -48.8008723,
      -25.4983459
     ],
     [
      -48.8008797,
      -25.4983456
     ],
     [
      -48.800887,
      -25.4983448
     ],
     [
      -48.8008941,
      -25.4983435
     ],
     [
      -48.8009012,
      -25.4983417
     ],
     [
      -48.800908,
      -25.4983395
     ],
     [
      -48.8009148,
      -25.4983368
     ],
     [
      -48.8009676,
      -25.4983133
     ]
    ]
   },
   "properties": {
    "tipo": "via",
    "id": "via-129",
    "hierarquia": "local",
    "comprimento_m": 82.65,
    "rampaMedia_pct": 2.78,
    "rampaMaxima_pct": 10.02,
    "faixaDominio_m": 8.4,
    "cotaInicial_m": 712.77,
    "cotaFinal_m": 710.47,
    "saiDaGleba": false
   }
  },
  {
   "type": "Feature",
   "geometry": {
    "type": "LineString",
    "coordinates": [
     [
      -48.7995902,
      -25.4973745
     ],
     [
      -48.799668,
      -25.4974276
     ],
     [
      -48.7996702,
      -25.4974291
     ],
     [
      -48.7996723,
      -25.4974307
     ],
     [
      -48.7996743,
      -25.4974323
     ],
     [
      -48.7996763,
      -25.4974339
     ],
     [
      -48.7996783,
      -25.4974356
     ],
     [
      -48.7996802,
      -25.4974374
     ],
     [
      -48.7997524,
      -25.497506
     ],
     [
      -48.7997545,
      -25.4975081
     ],
     [
      -48.7997566,
      -25.4975103
     ],
     [
      -48.7997586,
      -25.4975125
     ],
     [
      -48.7997605,
      -25.4975147
     ],
     [
      -48.7997623,
      -25.497517
     ],
     [
      -48.799764,
      -25.4975194
     ],
     [
      -48.7997928,
      -25.4975597
     ],
     [
      -48.7997952,
      -25.4975633
     ],
     [
      -48.7997974,
      -25.497567
     ],
     [
      -48.7997995,
      -25.4975707
     ],
     [
      -48.7998013,
      -25.4975746
     ],
     [
      -48.799803,
      -25.4975785
     ],
     [
      -48.7998044,
      -25.4975825
     ],
     [
      -48.7998276,
      -25.4976517
     ],
     [
      -48.7998287,
      -25.4976553
     ],
     [
      -48.7998296,
      -25.497659
     ],
     [
      -48.7998304,
      -25.4976627
     ],
     [
      -48.799831,
      -25.4976664
     ],
     [
      -48.7998315,
      -25.4976701
     ],
     [
      -48.7998317,
      -25.4976739
     ],
     [
      -48.7998369,
      -25.4977778
     ],
     [
      -48.799837,
      -25.497781
     ],
     [
      -48.799837,
      -25.4977843
     ],
     [
      -48.7998368,
      -25.4977875
     ],
     [
      -48.7998365,
      -25.4977907
     ],
     [
      -48.7998361,
      -25.497794
     ],
     [
      -48.7998356,
      -25.4977972
     ],
     [
      -48.7998197,
      -25.4978806
     ],
     [
      -48.7998192,
      -25.4978831
     ],
     [
      -48.7998186,
      -25.4978856
     ],
     [
      -48.7998179,
      -25.4978881
     ],
     [
      -48.7998172,
      -25.4978906
     ],
     [
      -48.7998163,
      -25.497893
     ],
     [
      -48.7998154,
      -25.4978955
     ],
     [
      -48.7997783,
      -25.4979901
     ],
     [
      -48.7997547,
      -25.4980481
     ],
     [
      -48.7997533,
      -25.4980513
     ],
     [
      -48.7997518,
      -25.4980544
     ],
     [
      -48.7997502,
      -25.4980574
     ],
     [
      -48.7997485,
      -25.4980604
     ],
     [
      -48.7997466,
      -25.4980633
     ],
     [
      -48.7997447,
      -25.4980662
     ],
     [
      -48.7997073,
      -25.4981181
     ]
    ]
   },
   "properties": {
    "tipo": "via",
    "id": "via-130",
    "hierarquia": "local",
    "comprimento_m": 94.3,
    "rampaMedia_pct": 3.14,
    "rampaMaxima_pct": 10.02,
    "faixaDominio_m": 8.4,
    "cotaInicial_m": 709.38,
    "cotaFinal_m": 712.34,
    "saiDaGleba": false
   }
  },
  {
   "type": "Feature",
   "geometry": {
    "type": "LineString",
    "coordinates": [
     [
      -48.7990551,
      -25.4974716
     ],
     [
      -48.7990615,
      -25.4975506
     ],
     [
      -48.7990617,
      -25.4975542
     ],
     [
      -48.7990617,
      -25.4975578
     ],
     [
      -48.7990616,
      -25.4975614
     ],
     [
      -48.7990614,
      -25.497565
     ],
     [
      -48.7990609,
      -25.4975685
     ],
     [
      -48.7990603,
      -25.4975721
     ],
     [
      -48.7990175,
      -25.4978031
     ],
     [
      -48.7990025,
      -25.4978835
     ]
    ]
   },
   "properties": {
    "tipo": "via",
    "id": "via-131",
    "hierarquia": "local",
    "comprimento_m": 46.16,
    "rampaMedia_pct": 5.55,
    "rampaMaxima_pct": 10.01,
    "faixaDominio_m": 8.4,
    "cotaInicial_m": 709.24,
    "cotaFinal_m": 711.8,
    "saiDaGleba": false
   }
  },
  {
   "type": "Feature",
   "geometry": {
    "type": "LineString",
    "coordinates": [
     [
      -48.7982363,
      -25.4976922
     ],
     [
      -48.7982526,
      -25.4976411
     ],
     [
      -48.798389,
      -25.4974
     ],
     [
      -48.7983908,
      -25.497397
     ],
     [
      -48.7983926,
      -25.4973941
     ],
     [
      -48.7983946,
      -25.4973913
     ],
     [
      -48.7983967,
      -25.4973885
     ],
     [
      -48.798399,
      -25.4973859
     ],
     [
      -48.7984013,
      -25.4973832
     ],
     [
      -48.7984372,
      -25.4973444
     ]
    ]
   },
   "properties": {
    "tipo": "via",
    "id": "via-132",
    "hierarquia": "local",
    "comprimento_m": 43.77,
    "rampaMedia_pct": 5.14,
    "rampaMaxima_pct": 10.01,
    "faixaDominio_m": 8.4,
    "cotaInicial_m": 711.88,
    "cotaFinal_m": 709.63,
    "saiDaGleba": false
   }
  },
  {
   "type": "Feature",
   "geometry": {
    "type": "LineString",
    "coordinates": [
     [
      -48.7976101,
      -25.4972238
     ],
     [
      -48.7976627,
      -25.4971853
     ],
     [
      -48.79799,
      -25.4970492
     ],
     [
      -48.7980559,
      -25.497021
     ],
     [
      -48.7980584,
      -25.4970199
     ],
     [
      -48.7980608,
      -25.4970188
     ],
     [
      -48.7980632,
      -25.4970176
     ],
     [
      -48.7980656,
      -25.4970163
     ],
     [
      -48.7980679,
      -25.4970149
     ],
     [
      -48.7980702,
      -25.4970135
     ],
     [
      -48.798343,
      -25.4968415
     ],
     [
      -48.7983448,
      -25.4968403
     ],
     [
      -48.7983466,
      -25.4968391
     ],
     [
      -48.7983483,
      -25.4968379
     ],
     [
      -48.79835,
      -25.4968366
     ],
     [
      -48.7983517,
      -25.4968353
     ],
     [
      -48.7983534,
      -25.496834
     ],
     [
      -48.7984925,
      -25.4967183
     ],
     [
      -48.798494,
      -25.4967171
     ],
     [
      -48.7984954,
      -25.4967158
     ],
     [
      -48.7984968,
      -25.4967145
     ],
     [
      -48.7984982,
      -25.4967132
     ],
     [
      -48.7984996,
      -25.4967118
     ],
     [
      -48.7985009,
      -25.4967104
     ],
     [
      -48.7985706,
      -25.4966365
     ],
     [
      -48.7985723,
      -25.4966346
     ],
     [
      -48.7985739,
      -25.4966328
     ],
     [
      -48.7985755,
      -25.4966308
     ],
     [
      -48.798577,
      -25.4966289
     ],
     [
      -48.7985785,
      -25.4966269
     ],
     [
      -48.7985799,
      -25.4966249
     ],
     [
      -48.7986502,
      -25.4965204
     ],
     [
      -48.7986518,
      -25.496518
     ],
     [
      -48.7986533,
      -25.4965155
     ],
     [
      -48.7986546,
      -25.4965131
     ],
     [
      -48.7986559,
      -25.4965106
     ],
     [
      -48.7986572,
      -25.496508
     ],
     [
      -48.7986583,
      -25.4965055
     ],
     [
      -48.7987005,
      -25.496405
     ],
     [
      -48.7987041,
      -25.4963974
     ],
     [
      -48.7987084,
      -25.4963902
     ],
     [
      -48.7987134,
      -25.4963835
     ],
     [
      -48.798719,
      -25.4963772
     ],
     [
      -48.7987253,
      -25.4963714
     ],
     [
      -48.7987322,
      -25.496366
     ],
     [
      -48.7987353,
      -25.4963638
     ],
     [
      -48.7987436,
      -25.4963589
     ],
     [
      -48.798752,
      -25.4963559
     ],
     [
      -48.7987604,
      -25.4963547
     ],
     [
      -48.7987689,
      -25.4963555
     ],
     [
      -48.7987774,
      -25.4963582
     ],
     [
      -48.798786,
      -25.4963628
     ],
     [
      -48.7988149,
      -25.4963814
     ],
     [
      -48.7988186,
      -25.496384
     ],
     [
      -48.7988223,
      -25.4963867
     ],
     [
      -48.7988257,
      -25.4963895
     ],
     [
      -48.7988291,
      -25.4963925
     ],
     [
      -48.7988322,
      -25.4963957
     ],
     [
      -48.7988352,
      -25.496399
     ],
     [
      -48.7989174,
      -25.4964932
     ],
     [
      -48.7989189,
      -25.4964949
     ],
     [
      -48.7989205,
      -25.4964965
     ],
     [
      -48.798922,
      -25.4964981
     ],
     [
      -48.7989237,
      -25.4964997
     ],
     [
      -48.7989253,
      -25.4965012
     ],
     [
      -48.798927,
      -25.4965027
     ],
     [
      -48.7990003,
      -25.4965657
     ],
     [
      -48.7990023,
      -25.4965674
     ],
     [
      -48.7990045,
      -25.496569
     ],
     [
      -48.7990066,
      -25.4965707
     ],
     [
      -48.7990088,
      -25.4965722
     ],
     [
      -48.7990111,
      -25.4965737
     ],
     [
      -48.7990134,
      -25.4965752
     ],
     [
      -48.7991983,
      -25.4966873
     ],
     [
      -48.7992011,
      -25.496689
     ],
     [
      -48.799204,
      -25.4966905
     ],
     [
      -48.7992069,
      -25.496692
     ],
     [
      -48.7992099,
      -25.4966934
     ],
     [
      -48.7992129,
      -25.4966947
     ],
     [
      -48.799216,
      -25.4966959
     ],
     [
      -48.7994908,
      -25.4967976
     ],
     [
      -48.7994943,
      -25.4967988
     ],
     [
      -48.7994977,
      -25.4967999
     ],
     [
      -48.7995013,
      -25.4968009
     ],
     [
      -48.7995048,
      -25.4968017
     ],
     [
      -48.7995084,
      -25.4968025
     ],
     [
      -48.799512,
      -25.4968031
     ],
     [
      -48.7998071,
      -25.4968479
     ],
     [
      -48.79992,
      -25.4968649
     ],
     [
      -48.7999767,
      -25.4968711
     ],
     [
      -48.7999809,
      -25.4968715
     ],
     [
      -48.7999851,
      -25.4968717
     ],
     [
      -48.7999892,
      -25.4968718
     ],
     [
      -48.7999934,
      -25.4968717
     ],
     [
      -48.7999976,
      -25.4968714
     ],
     [
      -48.8000017,
      -25.496871
     ],
     [
      -48.8001802,
      -25.4968497
     ],
     [
      -48.8002931,
      -25.4968357
     ],
     [
      -48.8002949,
      -25.4968355
     ],
     [
      -48.8002967,
      -25.4968352
     ],
     [
      -48.8002984,
      -25.4968349
     ],
     [
      -48.8003002,
      -25.4968346
     ],
     [
      -48.8003019,
      -25.4968343
     ],
     [
      -48.8003036,
      -25.4968339
     ],
     [
      -48.8007182,
      -25.4967406
     ],
     [
      -48.8007195,
      -25.4967403
     ],
     [
      -48.8007208,
      -25.49674
     ],
     [
      -48.800722,
      -25.4967397
     ],
     [
      -48.8007233,
      -25.4967393
     ],
     [
      -48.8007246,
      -25.496739
     ],
     [
      -48.8007258,
      -25.4967386
     ],
     [
      -48.8008983,
      -25.4966862
     ],
     [
      -48.8009015,
      -25.4966852
     ],
     [
      -48.8009048,
      -25.496684
     ],
     [
      -48.8009079,
      -25.4966828
     ],
     [
      -48.8009111,
      -25.4966814
     ],
     [
      -48.8009141,
      -25.49668
     ],
     [
      -48.8009171,
      -25.4966784
     ],
     [
      -48.8011012,
      -25.4965801
     ]
    ]
   },
   "properties": {
    "tipo": "via",
    "id": "via-133",
    "hierarquia": "local",
    "comprimento_m": 413.42,
    "rampaMedia_pct": 1.5,
    "rampaMaxima_pct": 17.08,
    "faixaDominio_m": 8.4,
    "cotaInicial_m": 712.71,
    "cotaFinal_m": 718.9,
    "saiDaGleba": true
   }
  },
  {
   "type": "Feature",
   "geometry": {
    "type": "LineString",
    "coordinates": [
     [
      -48.801123,
      -25.4963682
     ],
     [
      -48.8007799,
      -25.4963162
     ],
     [
      -48.8007786,
      -25.4963159
     ],
     [
      -48.8007772,
      -25.4963157
     ],
     [
      -48.8007759,
      -25.4963155
     ],
     [
      -48.8007746,
      -25.4963152
     ],
     [
      -48.8007733,
      -25.4963149
     ],
     [
      -48.8007719,
      -25.4963146
     ],
     [
      -48.8005142,
      -25.4962554
     ],
     [
      -48.8005124,
      -25.496255
     ],
     [
      -48.8005106,
      -25.4962545
     ],
     [
      -48.8005088,
      -25.496254
     ],
     [
      -48.800507,
      -25.4962535
     ],
     [
      -48.8005052,
      -25.4962529
     ],
     [
      -48.8005035,
      -25.4962524
     ],
     [
      -48.8001732,
      -25.496139
     ],
     [
      -48.8000257,
      -25.4960795
     ]
    ]
   },
   "properties": {
    "tipo": "via",
    "id": "via-134",
    "hierarquia": "local",
    "comprimento_m": 115.38,
    "rampaMedia_pct": 7.69,
    "rampaMaxima_pct": 11.51,
    "faixaDominio_m": 8.4,
    "cotaInicial_m": 719.25,
    "cotaFinal_m": 710.37,
    "saiDaGleba": true
   }
  },
  {
   "type": "Feature",
   "geometry": {
    "type": "LineString",
    "coordinates": [
     [
      -48.8015388,
      -25.4963947
     ],
     [
      -48.8015416,
      -25.496451
     ],
     [
      -48.8015417,
      -25.4964553
     ],
     [
      -48.8015416,
      -25.4964597
     ],
     [
      -48.8015412,
      -25.496464
     ],
     [
      -48.8015406,
      -25.4964683
     ],
     [
      -48.8015398,
      -25.4964726
     ],
     [
      -48.8015387,
      -25.4964769
     ],
     [
      -48.8015054,
      -25.4965981
     ],
     [
      -48.801505,
      -25.4965995
     ],
     [
      -48.8015046,
      -25.496601
     ],
     [
      -48.8015043,
      -25.4966024
     ],
     [
      -48.801504,
      -25.4966039
     ],
     [
      -48.8015037,
      -25.4966054
     ],
     [
      -48.8015034,
      -25.4966069
     ],
     [
      -48.8014418,
      -25.4969892
     ],
     [
      -48.8014416,
      -25.4969905
     ],
     [
      -48.8014414,
      -25.4969919
     ],
     [
      -48.8014413,
      -25.4969932
     ],
     [
      -48.8014411,
      -25.4969945
     ],
     [
      -48.801441,
      -25.4969958
     ],
     [
      -48.8014409,
      -25.4969972
     ],
     [
      -48.8014008,
      -25.4976395
     ],
     [
      -48.801394,
      -25.4978123
     ]
    ]
   },
   "properties": {
    "tipo": "via",
    "id": "via-135",
    "hierarquia": "local",
    "comprimento_m": 158.1,
    "rampaMedia_pct": 5.03,
    "rampaMaxima_pct": 10.03,
    "faixaDominio_m": 8.4,
    "cotaInicial_m": 719.5,
    "cotaFinal_m": 711.56,
    "saiDaGleba": true
   }
  },
  {
   "type": "Feature",
   "geometry": {
    "type": "LineString",
    "coordinates": [
     [
      -48.8016748,
      -25.4963776
     ],
     [
      -48.8016747,
      -25.4964285
     ],
     [
      -48.801675,
      -25.4964359
     ],
     [
      -48.801676,
      -25.4964432
     ],
     [
      -48.8016776,
      -25.4964503
     ],
     [
      -48.8016798,
      -25.4964572
     ],
     [
      -48.8016827,
      -25.4964641
     ],
     [
      -48.8016862,
      -25.4964707
     ],
     [
      -48.8018309,
      -25.4967196
     ],
     [
      -48.8018318,
      -25.4967211
     ],
     [
      -48.8018326,
      -25.4967225
     ],
     [
      -48.8018334,
      -25.496724
     ],
     [
      -48.8018341,
      -25.4967255
     ],
     [
      -48.8018348,
      -25.496727
     ],
     [
      -48.8018355,
      -25.4967286
     ],
     [
      -48.8020367,
      -25.4971908
     ],
     [
      -48.8021923,
      -25.497597
     ],
     [
      -48.8022371,
      -25.4976562
     ]
    ]
   },
   "properties": {
    "tipo": "via",
    "id": "via-136",
    "hierarquia": "local",
    "comprimento_m": 153.43,
    "rampaMedia_pct": 4.83,
    "rampaMaxima_pct": 10.03,
    "faixaDominio_m": 8.4,
    "cotaInicial_m": 719.53,
    "cotaFinal_m": 712.12,
    "saiDaGleba": true
   }
  },
  {
   "type": "Feature",
   "geometry": {
    "type": "LineString",
    "coordinates": [
     [
      -48.8000684,
      -25.5031015
     ],
     [
      -48.7999674,
      -25.5030293
     ],
     [
      -48.7999662,
      -25.5030285
     ],
     [
      -48.799965,
      -25.5030276
     ],
     [
      -48.7999639,
      -25.5030267
     ],
     [
      -48.7999627,
      -25.5030258
     ],
     [
      -48.7999616,
      -25.5030249
     ],
     [
      -48.7999605,
      -25.5030239
     ],
     [
      -48.7993896,
      -25.5025335
     ],
     [
      -48.7993889,
      -25.5025329
     ],
     [
      -48.7993882,
      -25.5025323
     ],
     [
      -48.7993875,
      -25.5025317
     ],
     [
      -48.7993868,
      -25.5025311
     ],
     [
      -48.7993862,
      -25.5025304
     ],
     [
      -48.7993855,
      -25.5025298
     ],
     [
      -48.7992277,
      -25.5023772
     ],
     [
      -48.7992263,
      -25.5023758
     ],
     [
      -48.7992249,
      -25.5023744
     ],
     [
      -48.7992236,
      -25.5023729
     ],
     [
      -48.7992222,
      -25.5023714
     ],
     [
      -48.799221,
      -25.5023699
     ],
     [
      -48.7992197,
      -25.5023684
     ],
     [
      -48.7991625,
      -25.5022967
     ],
     [
      -48.7991606,
      -25.5022943
     ],
     [
      -48.7991588,
      -25.5022918
     ],
     [
      -48.7991571,
      -25.5022893
     ],
     [
      -48.7991556,
      -25.5022867
     ],
     [
      -48.7991541,
      -25.5022841
     ],
     [
      -48.7991527,
      -25.5022815
     ],
     [
      -48.7991224,
      -25.5022218
     ],
     [
      -48.7990578,
      -25.5020903
     ],
     [
      -48.7990574,
      -25.5020893
     ],
     [
      -48.7990569,
      -25.5020883
     ],
     [
      -48.7990564,
      -25.5020873
     ],
     [
      -48.799056,
      -25.5020863
     ],
     [
      -48.7990556,
      -25.5020853
     ],
     [
      -48.7990552,
      -25.5020843
     ],
     [
      -48.7988558,
      -25.5015834
     ],
     [
      -48.7988554,
      -25.5015823
     ],
     [
      -48.7988549,
      -25.5015812
     ],
     [
      -48.7988544,
      -25.5015802
     ],
     [
      -48.798854,
      -25.5015791
     ],
     [
      -48.7988535,
      -25.501578
     ],
     [
      -48.798853,
      -25.501577
     ],
     [
      -48.7987099,
      -25.5012883
     ],
     [
      -48.7987092,
      -25.5012868
     ],
     [
      -48.7987085,
      -25.5012853
     ],
     [
      -48.7987078,
      -25.5012838
     ],
     [
      -48.7987072,
      -25.5012823
     ],
     [
      -48.7987066,
      -25.5012808
     ],
     [
      -48.798706,
      -25.5012792
     ],
     [
      -48.7986109,
      -25.501014
     ]
    ]
   },
   "properties": {
    "tipo": "via",
    "id": "via-137",
    "hierarquia": "local",
    "comprimento_m": 280.42,
    "rampaMedia_pct": 0.25,
    "rampaMaxima_pct": 10.04,
    "faixaDominio_m": 8.4,
    "cotaInicial_m": 734.38,
    "cotaFinal_m": 733.68,
    "saiDaGleba": true
   }
  },
  {
   "type": "Feature",
   "geometry": {
    "type": "LineString",
    "coordinates": [
     [
      -48.7993429,
      -25.5004839
     ],
     [
      -48.7993162,
      -25.5005006
     ],
     [
      -48.7993091,
      -25.5005046
     ],
     [
      -48.7993016,
      -25.5005081
     ],
     [
      -48.799294,
      -25.5005108
     ],
     [
      -48.7992861,
      -25.5005129
     ],
     [
      -48.7992779,
      -25.5005144
     ],
     [
      -48.7992695,
      -25.5005152
     ],
     [
      -48.7992439,
      -25.5005166
     ],
     [
      -48.7990902,
      -25.5004926
     ],
     [
      -48.7990885,
      -25.5004923
     ],
     [
      -48.7990867,
      -25.500492
     ],
     [
      -48.799085,
      -25.5004916
     ],
     [
      -48.7990832,
      -25.5004912
     ],
     [
      -48.7990815,
      -25.5004908
     ],
     [
      -48.7990798,
      -25.5004904
     ],
     [
      -48.7987498,
      -25.5004048
     ],
     [
      -48.7987489,
      -25.5004045
     ],
     [
      -48.798748,
      -25.5004043
     ],
     [
      -48.7987471,
      -25.500404
     ],
     [
      -48.7987462,
      -25.5004037
     ],
     [
      -48.7987453,
      -25.5004035
     ],
     [
      -48.7987443,
      -25.5004032
     ],
     [
      -48.7985075,
      -25.500328
     ],
     [
      -48.7985013,
      -25.5003263
     ],
     [
      -48.798495,
      -25.5003249
     ],
     [
      -48.7984887,
      -25.5003239
     ],
     [
      -48.7984823,
      -25.5003232
     ],
     [
      -48.7984759,
      -25.500323
     ],
     [
      -48.7984694,
      -25.5003231
     ],
     [
      -48.7984473,
      -25.5003242
     ],
     [
      -48.7984365,
      -25.5003252
     ],
     [
      -48.7984262,
      -25.5003272
     ],
     [
      -48.7984163,
      -25.5003301
     ],
     [
      -48.7984068,
      -25.500334
     ],
     [
      -48.7983977,
      -25.5003389
     ],
     [
      -48.7983891,
      -25.5003448
     ],
     [
      -48.7983639,
      -25.5003637
     ],
     [
      -48.7983585,
      -25.5003681
     ],
     [
      -48.7983535,
      -25.5003728
     ],
     [
      -48.7983489,
      -25.5003777
     ],
     [
      -48.7983448,
      -25.500383
     ],
     [
      -48.798341,
      -25.5003885
     ],
     [
      -48.7983376,
      -25.5003944
     ],
     [
      -48.7982318,
      -25.5005957
     ],
     [
      -48.7982306,
      -25.500598
     ],
     [
      -48.7982292,
      -25.5006002
     ],
     [
      -48.7982278,
      -25.5006025
     ],
     [
      -48.7982264,
      -25.5006047
     ],
     [
      -48.7982248,
      -25.5006068
     ],
     [
      -48.7982232,
      -25.5006089
     ],
     [
      -48.7979099,
      -25.5010108
     ],
     [
      -48.7976523,
      -25.5013259
     ],
     [
      -48.7976505,
      -25.501328
     ],
     [
      -48.7976487,
      -25.5013301
     ],
     [
      -48.7976467,
      -25.5013321
     ],
     [
      -48.7976447,
      -25.5013341
     ],
     [
      -48.7976426,
      -25.501336
     ],
     [
      -48.7976405,
      -25.5013379
     ],
     [
      -48.7974522,
      -25.5014982
     ],
     [
      -48.7974507,
      -25.5014995
     ],
     [
      -48.7974491,
      -25.5015007
     ],
     [
      -48.7974475,
      -25.5015019
     ],
     [
      -48.7974459,
      -25.5015031
     ],
     [
      -48.7974443,
      -25.5015043
     ],
     [
      -48.7974426,
      -25.5015054
     ],
     [
      -48.7973135,
      -25.5015907
     ],
     [
      -48.7973089,
      -25.5015935
     ],
     [
      -48.7973042,
      -25.5015961
     ],
     [
      -48.7972993,
      -25.5015985
     ],
     [
      -48.7972944,
      -25.5016006
     ],
     [
      -48.7972892,
      -25.5016024
     ],
     [
      -48.797284,
      -25.501604
     ],
     [
      -48.7970673,
      -25.5016641
     ],
     [
      -48.7970643,
      -25.5016649
     ],
     [
      -48.7970613,
      -25.5016656
     ],
     [
      -48.7970582,
      -25.5016662
     ],
     [
      -48.7970552,
      -25.5016667
     ],
     [
      -48.7970521,
      -25.5016671
     ],
     [
      -48.797049,
      -25.5016675
     ],
     [
      -48.7968716,
      -25.501685
     ]
    ]
   },
   "properties": {
    "tipo": "via",
    "id": "via-138",
    "hierarquia": "local",
    "comprimento_m": 323.46,
    "rampaMedia_pct": 1.66,
    "rampaMaxima_pct": 10.03,
    "faixaDominio_m": 8.4,
    "cotaInicial_m": 731.88,
    "cotaFinal_m": 726.52,
    "saiDaGleba": false
   }
  },
  {
   "type": "Feature",
   "geometry": {
    "type": "LineString",
    "coordinates": [
     [
      -48.7983904,
      -25.5002517
     ],
     [
      -48.7983479,
      -25.5002753
     ],
     [
      -48.7983428,
      -25.5002779
     ],
     [
      -48.7983377,
      -25.5002802
     ],
     [
      -48.7983324,
      -25.5002823
     ],
     [
      -48.7983269,
      -25.500284
     ],
     [
      -48.7983214,
      -25.5002855
     ],
     [
      -48.7983157,
      -25.5002867
     ],
     [
      -48.7977294,
      -25.5003943
     ],
     [
      -48.797728,
      -25.5003945
     ],
     [
      -48.7977267,
      -25.5003948
     ],
     [
      -48.7977254,
      -25.5003951
     ],
     [
      -48.7977241,
      -25.5003954
     ],
     [
      -48.7977228,
      -25.5003957
     ],
     [
      -48.7977215,
      -25.500396
     ],
     [
      -48.7974212,
      -25.5004746
     ],
     [
      -48.7973058,
      -25.5005044
     ],
     [
      -48.7973037,
      -25.5005049
     ],
     [
      -48.7973016,
      -25.5005053
     ],
     [
      -48.7972996,
      -25.5005058
     ],
     [
      -48.7972975,
      -25.5005062
     ],
     [
      -48.7972954,
      -25.5005065
     ],
     [
      -48.7972933,
      -25.5005068
     ],
     [
      -48.7966344,
      -25.5005959
     ]
    ]
   },
   "properties": {
    "tipo": "via",
    "id": "via-139",
    "hierarquia": "local",
    "comprimento_m": 181.21,
    "rampaMedia_pct": 5.62,
    "rampaMaxima_pct": 10.03,
    "faixaDominio_m": 8.4,
    "cotaInicial_m": 735.34,
    "cotaFinal_m": 725.16,
    "saiDaGleba": false
   }
  },
  {
   "type": "Feature",
   "geometry": {
    "type": "LineString",
    "coordinates": [
     [
      -48.7983773,
      -25.5002176
     ],
     [
      -48.7983217,
      -25.5002175
     ],
     [
      -48.7983143,
      -25.5002172
     ],
     [
      -48.798307,
      -25.5002165
     ],
     [
      -48.7982999,
      -25.5002152
     ],
     [
      -48.7982929,
      -25.5002135
     ],
     [
      -48.798286,
      -25.5002114
     ],
     [
      -48.7982792,
      -25.5002087
     ],
     [
      -48.7980729,
      -25.5001196
     ],
     [
      -48.7980712,
      -25.5001189
     ],
     [
      -48.7980696,
      -25.5001181
     ],
     [
      -48.798068,
      -25.5001173
     ],
     [
      -48.7980664,
      -25.5001165
     ],
     [
      -48.7980648,
      -25.5001157
     ],
     [
      -48.7980632,
      -25.5001148
     ],
     [
      -48.7974616,
      -25.4997764
     ],
     [
      -48.7968653,
      -25.4994406
     ]
    ]
   },
   "properties": {
    "tipo": "via",
    "id": "via-140",
    "hierarquia": "local",
    "comprimento_m": 175.8,
    "rampaMedia_pct": 6.22,
    "rampaMaxima_pct": 10.02,
    "faixaDominio_m": 8.4,
    "cotaInicial_m": 735.37,
    "cotaFinal_m": 724.43,
    "saiDaGleba": false
   }
  },
  {
   "type": "Feature",
   "geometry": {
    "type": "LineString",
    "coordinates": [
     [
      -48.7982465,
      -25.5001931
     ],
     [
      -48.7982454,
      -25.500141
     ],
     [
      -48.7982451,
      -25.5001348
     ],
     [
      -48.7982443,
      -25.5001288
     ],
     [
      -48.798243,
      -25.5001228
     ],
     [
      -48.7982413,
      -25.5001169
     ],
     [
      -48.7982392,
      -25.5001111
     ],
     [
      -48.7982366,
      -25.5001054
     ],
     [
      -48.7981573,
      -25.4999468
     ],
     [
      -48.7981563,
      -25.4999447
     ],
     [
      -48.7981553,
      -25.4999425
     ],
     [
      -48.7981544,
      -25.4999403
     ],
     [
      -48.7981536,
      -25.4999381
     ],
     [
      -48.7981528,
      -25.4999359
     ],
     [
      -48.7981521,
      -25.4999337
     ],
     [
      -48.7981155,
      -25.4998142
     ],
     [
      -48.7981148,
      -25.4998117
     ],
     [
      -48.7981141,
      -25.4998092
     ],
     [
      -48.7981136,
      -25.4998067
     ],
     [
      -48.7981131,
      -25.4998042
     ],
     [
      -48.7981127,
      -25.4998016
     ],
     [
      -48.7981124,
      -25.499799
     ],
     [
      -48.7981009,
      -25.4996946
     ],
     [
      -48.7981007,
      -25.4996931
     ],
     [
      -48.7981005,
      -25.4996916
     ],
     [
      -48.7981002,
      -25.4996901
     ],
     [
      -48.7981,
      -25.4996887
     ],
     [
      -48.7980997,
      -25.4996872
     ],
     [
      -48.7980994,
      -25.4996858
     ],
     [
      -48.7980079,
      -25.4992719
     ],
     [
      -48.7979383,
      -25.4988485
     ],
     [
      -48.7979381,
      -25.4988468
     ],
     [
      -48.7979378,
      -25.498845
     ],
     [
      -48.7979376,
      -25.4988433
     ],
     [
      -48.7979375,
      -25.4988415
     ],
     [
      -48.7979374,
      -25.4988398
     ],
     [
      -48.7979373,
      -25.498838
     ],
     [
      -48.7979349,
      -25.4987668
     ]
    ]
   },
   "properties": {
    "tipo": "via",
    "id": "via-141",
    "hierarquia": "local",
    "comprimento_m": 162,
    "rampaMedia_pct": 5.58,
    "rampaMaxima_pct": 10.02,
    "faixaDominio_m": 8.4,
    "cotaInicial_m": 735.49,
    "cotaFinal_m": 726.45,
    "saiDaGleba": false
   }
  },
  {
   "type": "Feature",
   "geometry": {
    "type": "LineString",
    "coordinates": [
     [
      -48.7984061,
      -25.5002849
     ],
     [
      -48.7989912,
      -25.4999227
     ],
     [
      -48.7989926,
      -25.4999219
     ],
     [
      -48.7989939,
      -25.4999212
     ],
     [
      -48.7989952,
      -25.4999204
     ],
     [
      -48.7989966,
      -25.4999197
     ],
     [
      -48.7989979,
      -25.4999189
     ],
     [
      -48.7989993,
      -25.4999182
     ],
     [
      -48.7992037,
      -25.4998161
     ],
     [
      -48.7994085,
      -25.4997141
     ],
     [
      -48.7994104,
      -25.4997131
     ],
     [
      -48.7994123,
      -25.4997121
     ],
     [
      -48.7994141,
      -25.4997111
     ],
     [
      -48.7994159,
      -25.49971
     ],
     [
      -48.7994177,
      -25.4997089
     ],
     [
      -48.7994194,
      -25.4997078
     ],
     [
      -48.7994881,
      -25.4996622
     ]
    ]
   },
   "properties": {
    "tipo": "via",
    "id": "via-142",
    "hierarquia": "local",
    "comprimento_m": 128.96,
    "rampaMedia_pct": 4.62,
    "rampaMaxima_pct": 12.26,
    "faixaDominio_m": 8.4,
    "cotaInicial_m": 735.33,
    "cotaFinal_m": 729.37,
    "saiDaGleba": false
   }
  },
  {
   "type": "Feature",
   "geometry": {
    "type": "LineString",
    "coordinates": [
     [
      -48.7983644,
      -25.5001835
     ],
     [
      -48.7983997,
      -25.5001248
     ],
     [
      -48.7984016,
      -25.5001216
     ],
     [
      -48.7984033,
      -25.5001183
     ],
     [
      -48.7984048,
      -25.500115
     ],
     [
      -48.7984063,
      -25.5001116
     ],
     [
      -48.7984075,
      -25.5001082
     ],
     [
      -48.7984086,
      -25.5001047
     ],
     [
      -48.7984538,
      -25.4999506
     ],
     [
      -48.7984542,
      -25.4999494
     ],
     [
      -48.7984545,
      -25.4999482
     ],
     [
      -48.7984548,
      -25.499947
     ],
     [
      -48.7984551,
      -25.4999458
     ],
     [
      -48.7984553,
      -25.4999446
     ],
     [
      -48.7984556,
      -25.4999434
     ],
     [
      -48.7985105,
      -25.4996682
     ],
     [
      -48.798511,
      -25.4996657
     ],
     [
      -48.7985116,
      -25.4996632
     ],
     [
      -48.7985123,
      -25.4996607
     ],
     [
      -48.7985131,
      -25.4996583
     ],
     [
      -48.798514,
      -25.4996558
     ],
     [
      -48.7985149,
      -25.4996534
     ],
     [
      -48.7986464,
      -25.4993256
     ],
     [
      -48.7986506,
      -25.4993064
     ],
     [
      -48.7986517,
      -25.4993001
     ],
     [
      -48.7986523,
      -25.4992937
     ],
     [
      -48.7986523,
      -25.4992874
     ],
     [
      -48.7986518,
      -25.499281
     ],
     [
      -48.7986507,
      -25.4992747
     ],
     [
      -48.7986491,
      -25.4992685
     ],
     [
      -48.798641,
      -25.4992422
     ]
    ]
   },
   "properties": {
    "tipo": "via",
    "id": "via-143",
    "hierarquia": "local",
    "comprimento_m": 109.05,
    "rampaMedia_pct": 5.4,
    "rampaMaxima_pct": 10.45,
    "faixaDominio_m": 8.4,
    "cotaInicial_m": 735.41,
    "cotaFinal_m": 729.51,
    "saiDaGleba": false
   }
  },
  {
   "type": "Feature",
   "geometry": {
    "type": "LineString",
    "coordinates": [
     [
      -48.7991287,
      -25.4996884
     ],
     [
      -48.7991968,
      -25.4996524
     ],
     [
      -48.7991997,
      -25.4996508
     ],
     [
      -48.7992026,
      -25.4996491
     ],
     [
      -48.7992053,
      -25.4996473
     ],
     [
      -48.7992081,
      -25.4996454
     ],
     [
      -48.7992107,
      -25.4996434
     ],
     [
      -48.7992133,
      -25.4996414
     ],
     [
      -48.799348,
      -25.4995309
     ],
     [
      -48.7994928,
      -25.4994251
     ]
    ]
   },
   "properties": {
    "tipo": "via",
    "id": "via-144",
    "hierarquia": "local",
    "comprimento_m": 46.93,
    "rampaMedia_pct": 10.75,
    "rampaMaxima_pct": 14.15,
    "faixaDominio_m": 8.4,
    "cotaInicial_m": 731.32,
    "cotaFinal_m": 726.28,
    "saiDaGleba": false
   }
  },
  {
   "type": "Feature",
   "geometry": {
    "type": "LineString",
    "coordinates": [
     [
      -48.799573,
      -25.497889
     ],
     [
      -48.7995736,
      -25.497819
     ],
     [
      -48.7995736,
      -25.4978157
     ],
     [
      -48.7995734,
      -25.4978124
     ],
     [
      -48.7995731,
      -25.4978091
     ],
     [
      -48.7995727,
      -25.4978059
     ],
     [
      -48.7995721,
      -25.4978026
     ],
     [
      -48.7995715,
      -25.4977994
     ],
     [
      -48.7995214,
      -25.4975871
     ],
     [
      -48.7995205,
      -25.4975836
     ],
     [
      -48.7995195,
      -25.4975802
     ],
     [
      -48.7995183,
      -25.4975768
     ],
     [
      -48.7995169,
      -25.4975734
     ],
     [
      -48.7995154,
      -25.4975701
     ],
     [
      -48.7995138,
      -25.4975669
     ],
     [
      -48.7994458,
      -25.4974385
     ],
     [
      -48.7993179,
      -25.497228
     ],
     [
      -48.7993163,
      -25.4972255
     ],
     [
      -48.7993147,
      -25.4972232
     ],
     [
      -48.799313,
      -25.4972208
     ],
     [
      -48.7993113,
      -25.4972185
     ],
     [
      -48.7993094,
      -25.4972163
     ],
     [
      -48.7993075,
      -25.4972141
     ],
     [
      -48.7989926,
      -25.4968681
     ],
     [
      -48.7989906,
      -25.496866
     ],
     [
      -48.7989888,
      -25.4968638
     ],
     [
      -48.7989871,
      -25.4968615
     ],
     [
      -48.7989854,
      -25.4968592
     ],
     [
      -48.7989838,
      -25.4968568
     ],
     [
      -48.7989823,
      -25.4968544
     ],
     [
      -48.7988641,
      -25.4966611
     ],
     [
      -48.7988612,
      -25.4966566
     ],
     [
      -48.798858,
      -25.4966523
     ],
     [
      -48.7988546,
      -25.4966482
     ],
     [
      -48.7988509,
      -25.4966443
     ],
     [
      -48.7988469,
      -25.4966406
     ],
     [
      -48.7988427,
      -25.496637
     ],
     [
      -48.7987926,
      -25.4965971
     ]
    ]
   },
   "properties": {
    "tipo": "via",
    "id": "via-145",
    "hierarquia": "local",
    "comprimento_m": 166.83,
    "rampaMedia_pct": 3.93,
    "rampaMaxima_pct": 10.01,
    "faixaDominio_m": 8.4,
    "cotaInicial_m": 711.33,
    "cotaFinal_m": 704.78,
    "saiDaGleba": false
   }
  },
  {
   "type": "Feature",
   "geometry": {
    "type": "LineString",
    "coordinates": [
     [
      -48.7979921,
      -25.4970535
     ],
     [
      -48.7979121,
      -25.4970871
     ]
    ]
   },
   "properties": {
    "tipo": "via",
    "id": "via-146",
    "hierarquia": "local",
    "comprimento_m": 8.87,
    "rampaMedia_pct": 7.89,
    "rampaMaxima_pct": 7.89,
    "faixaDominio_m": 8.4,
    "cotaInicial_m": 709.41,
    "cotaFinal_m": 710.11,
    "saiDaGleba": false
   }
  },
  {
   "type": "Feature",
   "geometry": {
    "type": "LineString",
    "coordinates": [
     [
      -48.7973699,
      -25.4965001
     ],
     [
      -48.7976557,
      -25.4964083
     ],
     [
      -48.7978041,
      -25.4963654
     ],
     [
      -48.7978057,
      -25.4963649
     ],
     [
      -48.7978073,
      -25.4963644
     ],
     [
      -48.7978088,
      -25.4963639
     ],
     [
      -48.7978103,
      -25.4963634
     ],
     [
      -48.7978118,
      -25.4963628
     ],
     [
      -48.7978134,
      -25.4963623
     ],
     [
      -48.7979821,
      -25.4962963
     ],
     [
      -48.7979852,
      -25.496295
     ],
     [
      -48.7979882,
      -25.4962937
     ],
     [
      -48.7979911,
      -25.4962922
     ],
     [
      -48.797994,
      -25.4962907
     ],
     [
      -48.7979969,
      -25.4962891
     ],
     [
      -48.7979997,
      -25.4962874
     ],
     [
      -48.7983826,
      -25.4960445
     ]
    ]
   },
   "properties": {
    "tipo": "via",
    "id": "via-147",
    "hierarquia": "local",
    "comprimento_m": 114.6,
    "rampaMedia_pct": 8.84,
    "rampaMaxima_pct": 11.2,
    "faixaDominio_m": 8.4,
    "cotaInicial_m": 713.11,
    "cotaFinal_m": 702.98,
    "saiDaGleba": true
   }
  },
  {
   "type": "Feature",
   "geometry": {
    "type": "LineString",
    "coordinates": [
     [
      -48.7973902,
      -25.5003373
     ],
     [
      -48.7966278,
      -25.5003074
     ],
     [
      -48.7962474,
      -25.5002777
     ],
     [
      -48.7962439,
      -25.5002774
     ],
     [
      -48.7962405,
      -25.500277
     ],
     [
      -48.7962371,
      -25.5002764
     ],
     [
      -48.7962337,
      -25.5002758
     ],
     [
      -48.7962303,
      -25.500275
     ],
     [
      -48.7962269,
      -25.5002741
     ],
     [
      -48.7961614,
      -25.500256
     ]
    ]
   },
   "properties": {
    "tipo": "via",
    "id": "via-148",
    "hierarquia": "local",
    "comprimento_m": 124.09,
    "rampaMedia_pct": 7.32,
    "rampaMaxima_pct": 10.01,
    "faixaDominio_m": 8.4,
    "cotaInicial_m": 731.79,
    "cotaFinal_m": 722.71,
    "saiDaGleba": false
   }
  },
  {
   "type": "Feature",
   "geometry": {
    "type": "LineString",
    "coordinates": [
     [
      -48.7974225,
      -25.4998736
     ],
     [
      -48.7973464,
      -25.4998576
     ],
     [
      -48.7973425,
      -25.4998567
     ],
     [
      -48.7973387,
      -25.4998557
     ],
     [
      -48.797335,
      -25.4998546
     ],
     [
      -48.7973313,
      -25.4998533
     ],
     [
      -48.7973276,
      -25.4998519
     ],
     [
      -48.7973241,
      -25.4998503
     ],
     [
      -48.7967819,
      -25.4996029
     ],
     [
      -48.7966134,
      -25.4995215
     ],
     [
      -48.7966107,
      -25.4995201
     ],
     [
      -48.7966081,
      -25.4995187
     ],
     [
      -48.7966054,
      -25.4995172
     ],
     [
      -48.7966029,
      -25.4995156
     ],
     [
      -48.7966004,
      -25.499514
     ],
     [
      -48.7965979,
      -25.4995122
     ],
     [
      -48.7965495,
      -25.499477
     ]
    ]
   },
   "properties": {
    "tipo": "via",
    "id": "via-149",
    "hierarquia": "local",
    "comprimento_m": 98.55,
    "rampaMedia_pct": 8.43,
    "rampaMaxima_pct": 10.01,
    "faixaDominio_m": 8.4,
    "cotaInicial_m": 731.26,
    "cotaFinal_m": 722.94,
    "saiDaGleba": false
   }
  },
  {
   "type": "Feature",
   "geometry": {
    "type": "LineString",
    "coordinates": [
     [
      -48.7976545,
      -25.4995005
     ],
     [
      -48.7972309,
      -25.4990199
     ],
     [
      -48.797168,
      -25.4989297
     ]
    ]
   },
   "properties": {
    "tipo": "via",
    "id": "via-150",
    "hierarquia": "local",
    "comprimento_m": 80,
    "rampaMedia_pct": 9.57,
    "rampaMaxima_pct": 9.58,
    "faixaDominio_m": 8.4,
    "cotaInicial_m": 730.6,
    "cotaFinal_m": 722.95,
    "saiDaGleba": false
   }
  },
  {
   "type": "Feature",
   "geometry": {
    "type": "LineString",
    "coordinates": [
     [
      -48.7973132,
      -25.4988708
     ],
     [
      -48.7972531,
      -25.4987885
     ],
     [
      -48.7972515,
      -25.4987862
     ],
     [
      -48.79725,
      -25.498784
     ],
     [
      -48.7972486,
      -25.4987816
     ],
     [
      -48.7972472,
      -25.4987793
     ],
     [
      -48.7972459,
      -25.4987769
     ],
     [
      -48.7972447,
      -25.4987744
     ],
     [
      -48.7972165,
      -25.498715
     ],
     [
      -48.797096,
      -25.4984499
     ],
     [
      -48.7970945,
      -25.4984465
     ],
     [
      -48.7970932,
      -25.498443
     ],
     [
      -48.7970921,
      -25.4984395
     ],
     [
      -48.7970911,
      -25.498436
     ],
     [
      -48.7970902,
      -25.4984324
     ],
     [
      -48.7970896,
      -25.4984288
     ],
     [
      -48.7970608,
      -25.4982533
     ],
     [
      -48.7970602,
      -25.4982484
     ],
     [
      -48.7970598,
      -25.4982436
     ],
     [
      -48.7970597,
      -25.4982387
     ],
     [
      -48.7970599,
      -25.4982339
     ],
     [
      -48.7970605,
      -25.498229
     ],
     [
      -48.7970613,
      -25.4982242
     ],
     [
      -48.7970811,
      -25.4981228
     ]
    ]
   },
   "properties": {
    "tipo": "via",
    "id": "via-151",
    "hierarquia": "local",
    "comprimento_m": 88.39,
    "rampaMedia_pct": 5.91,
    "rampaMaxima_pct": 14.56,
    "faixaDominio_m": 8.4,
    "cotaInicial_m": 723.11,
    "cotaFinal_m": 717.88,
    "saiDaGleba": false
   }
  },
  {
   "type": "Feature",
   "geometry": {
    "type": "LineString",
    "coordinates": [
     [
      -48.7979746,
      -25.4987663
     ],
     [
      -48.797978,
      -25.4985261
     ],
     [
      -48.7979818,
      -25.4982615
     ]
    ]
   },
   "properties": {
    "tipo": "via",
    "id": "via-152",
    "hierarquia": "local",
    "comprimento_m": 55.93,
    "rampaMedia_pct": 10.4,
    "rampaMaxima_pct": 10.85,
    "faixaDominio_m": 8.4,
    "cotaInicial_m": 723.66,
    "cotaFinal_m": 717.84,
    "saiDaGleba": false
   }
  },
  {
   "type": "Feature",
   "geometry": {
    "type": "LineString",
    "coordinates": [
     [
      -48.7986769,
      -25.4988748
     ],
     [
      -48.7986874,
      -25.498797
     ],
     [
      -48.7986879,
      -25.4987938
     ],
     [
      -48.7986885,
      -25.4987907
     ],
     [
      -48.7986893,
      -25.4987876
     ],
     [
      -48.7986901,
      -25.4987845
     ],
     [
      -48.7986911,
      -25.4987814
     ],
     [
      -48.7986922,
      -25.4987784
     ],
     [
      -48.7987645,
      -25.4985892
     ],
     [
      -48.7988365,
      -25.4984246
     ]
    ]
   },
   "properties": {
    "tipo": "via",
    "id": "via-153",
    "hierarquia": "local",
    "comprimento_m": 52.6,
    "rampaMedia_pct": 11.61,
    "rampaMaxima_pct": 15.22,
    "faixaDominio_m": 8.4,
    "cotaInicial_m": 724.5,
    "cotaFinal_m": 718.39,
    "saiDaGleba": false
   }
  },
  {
   "type": "Feature",
   "geometry": {
    "type": "LineString",
    "coordinates": [
     [
      -48.7994829,
      -25.4989298
     ],
     [
      -48.7994791,
      -25.4989037
     ],
     [
      -48.7994785,
      -25.498897
     ],
     [
      -48.7994787,
      -25.4988905
     ],
     [
      -48.7994796,
      -25.4988841
     ],
     [
      -48.7994812,
      -25.4988777
     ],
     [
      -48.7994835,
      -25.4988716
     ],
     [
      -48.7994866,
      -25.4988655
     ],
     [
      -48.7994971,
      -25.4988475
     ],
     [
      -48.799569,
      -25.4987755
     ]
    ]
   },
   "properties": {
    "tipo": "via",
    "id": "via-154",
    "hierarquia": "local",
    "comprimento_m": 20.3,
    "rampaMedia_pct": 10.64,
    "rampaMaxima_pct": 22.98,
    "faixaDominio_m": 8.4,
    "cotaInicial_m": 720.76,
    "cotaFinal_m": 718.6,
    "saiDaGleba": false
   }
  },
  {
   "type": "Feature",
   "geometry": {
    "type": "LineString",
    "coordinates": [
     [
      -48.7962948,
      -25.4998417
     ],
     [
      -48.7962395,
      -25.4998341
     ],
     [
      -48.796059,
      -25.4997705
     ],
     [
      -48.7960574,
      -25.49977
     ],
     [
      -48.7960558,
      -25.4997693
     ],
     [
      -48.7960542,
      -25.4997687
     ],
     [
      -48.7960526,
      -25.4997681
     ],
     [
      -48.796051,
      -25.4997674
     ],
     [
      -48.7960495,
      -25.4997667
     ],
     [
      -48.7958158,
      -25.4996576
     ],
     [
      -48.7958129,
      -25.4996561
     ],
     [
      -48.7958099,
      -25.4996546
     ],
     [
      -48.7958071,
      -25.499653
     ],
     [
      -48.7958043,
      -25.4996513
     ],
     [
      -48.7958016,
      -25.4996495
     ],
     [
      -48.7957989,
      -25.4996476
     ],
     [
      -48.7956624,
      -25.4995478
     ],
     [
      -48.7956591,
      -25.4995453
     ],
     [
      -48.795656,
      -25.4995426
     ],
     [
      -48.795653,
      -25.4995399
     ],
     [
      -48.7956501,
      -25.499537
     ],
     [
      -48.7956473,
      -25.499534
     ],
     [
      -48.7956447,
      -25.499531
     ],
     [
      -48.795564,
      -25.4994313
     ],
     [
      -48.7955615,
      -25.4994281
     ],
     [
      -48.7955591,
      -25.4994247
     ],
     [
      -48.7955569,
      -25.4994212
     ],
     [
      -48.7955549,
      -25.4994177
     ],
     [
      -48.795553,
      -25.4994141
     ],
     [
      -48.7955514,
      -25.4994104
     ],
     [
      -48.7955328,
      -25.4993669
     ],
     [
      -48.795531,
      -25.4993623
     ],
     [
      -48.7955295,
      -25.4993576
     ],
     [
      -48.7955283,
      -25.4993529
     ],
     [
      -48.7955273,
      -25.4993481
     ],
     [
      -48.7955266,
      -25.4993432
     ],
     [
      -48.7955262,
      -25.4993383
     ],
     [
      -48.7955208,
      -25.499225
     ],
     [
      -48.7955207,
      -25.4992216
     ],
     [
      -48.7955207,
      -25.4992181
     ],
     [
      -48.7955209,
      -25.4992147
     ],
     [
      -48.7955212,
      -25.4992113
     ],
     [
      -48.7955217,
      -25.4992079
     ],
     [
      -48.7955223,
      -25.4992045
     ],
     [
      -48.7955827,
      -25.4989097
     ],
     [
      -48.7955832,
      -25.498907
     ],
     [
      -48.7955836,
      -25.4989044
     ],
     [
      -48.7955839,
      -25.4989017
     ],
     [
      -48.7955841,
      -25.4988991
     ],
     [
      -48.7955843,
      -25.4988964
     ],
     [
      -48.7955844,
      -25.4988937
     ],
     [
      -48.7955849,
      -25.4988035
     ],
     [
      -48.7955851,
      -25.4987984
     ],
     [
      -48.7955856,
      -25.4987933
     ],
     [
      -48.7955864,
      -25.4987883
     ],
     [
      -48.7955875,
      -25.4987833
     ],
     [
      -48.795589,
      -25.4987784
     ],
     [
      -48.7955907,
      -25.4987735
     ],
     [
      -48.795605,
      -25.4987374
     ]
    ]
   },
   "properties": {
    "tipo": "via",
    "id": "via-155",
    "hierarquia": "local",
    "comprimento_m": 167.04,
    "rampaMedia_pct": 1.85,
    "rampaMaxima_pct": 10.02,
    "faixaDominio_m": 8.4,
    "cotaInicial_m": 721.65,
    "cotaFinal_m": 718.55,
    "saiDaGleba": true
   }
  },
  {
   "type": "Feature",
   "geometry": {
    "type": "LineString",
    "coordinates": [
     [
      -48.8046322,
      -25.502838
     ],
     [
      -48.8045885,
      -25.5028603
     ],
     [
      -48.8045792,
      -25.5028648
     ],
     [
      -48.8045697,
      -25.5028688
     ],
     [
      -48.80456,
      -25.5028723
     ],
     [
      -48.8045501,
      -25.5028754
     ],
     [
      -48.80454,
      -25.502878
     ],
     [
      -48.8045297,
      -25.5028801
     ],
     [
      -48.8044816,
      -25.5028888
     ],
     [
      -48.8044713,
      -25.5028904
     ],
     [
      -48.8044609,
      -25.5028915
     ],
     [
      -48.8044504,
      -25.5028921
     ],
     [
      -48.80444,
      -25.5028923
     ],
     [
      -48.8044295,
      -25.5028919
     ],
     [
      -48.804419,
      -25.502891
     ],
     [
      -48.804378,
      -25.5028865
     ],
     [
      -48.8043672,
      -25.5028851
     ],
     [
      -48.8043565,
      -25.5028831
     ],
     [
      -48.804346,
      -25.5028806
     ],
     [
      -48.8043356,
      -25.5028776
     ],
     [
      -48.8043255,
      -25.502874
     ],
     [
      -48.8043155,
      -25.50287
     ],
     [
      -48.8042235,
      -25.5028298
     ],
     [
      -48.8041455,
      -25.5027669
     ],
     [
      -48.8041388,
      -25.5027613
     ],
     [
      -48.8041324,
      -25.5027553
     ],
     [
      -48.8041263,
      -25.5027492
     ],
     [
      -48.8041205,
      -25.5027427
     ],
     [
      -48.8041151,
      -25.5027361
     ],
     [
      -48.80411,
      -25.5027291
     ],
     [
      -48.804002,
      -25.5025757
     ],
     [
      -48.8039386,
      -25.5024609
     ],
     [
      -48.8039356,
      -25.5024552
     ],
     [
      -48.8039328,
      -25.5024494
     ],
     [
      -48.8039303,
      -25.5024435
     ],
     [
      -48.803928,
      -25.5024376
     ],
     [
      -48.8039259,
      -25.5024316
     ],
     [
      -48.803924,
      -25.5024255
     ],
     [
      -48.803878,
      -25.5022647
     ],
     [
      -48.8038764,
      -25.5022588
     ],
     [
      -48.8038751,
      -25.5022529
     ],
     [
      -48.8038739,
      -25.502247
     ],
     [
      -48.803873,
      -25.5022411
     ],
     [
      -48.8038723,
      -25.5022351
     ],
     [
      -48.8038719,
      -25.5022291
     ],
     [
      -48.8038673,
      -25.5021532
     ],
     [
      -48.803867,
      -25.5021448
     ],
     [
      -48.8038671,
      -25.5021364
     ],
     [
      -48.8038677,
      -25.5021281
     ],
     [
      -48.8038687,
      -25.5021198
     ],
     [
      -48.8038701,
      -25.5021115
     ],
     [
      -48.8038719,
      -25.5021032
     ],
     [
      -48.8038906,
      -25.5020288
     ],
     [
      -48.8039099,
      -25.5019976
     ],
     [
      -48.8039142,
      -25.5019911
     ],
     [
      -48.8039187,
      -25.5019847
     ],
     [
      -48.8039235,
      -25.5019786
     ],
     [
      -48.8039286,
      -25.5019726
     ],
     [
      -48.803934,
      -25.5019668
     ],
     [
      -48.8039396,
      -25.5019612
     ],
     [
      -48.8039877,
      -25.5019157
     ],
     [
      -48.8040937,
      -25.5018566
     ],
     [
      -48.8040998,
      -25.5018533
     ],
     [
      -48.804106,
      -25.5018503
     ],
     [
      -48.8041123,
      -25.5018474
     ],
     [
      -48.8041187,
      -25.5018448
     ],
     [
      -48.8041252,
      -25.5018423
     ],
     [
      -48.8041318,
      -25.5018401
     ],
     [
      -48.804164,
      -25.5018298
     ],
     [
      -48.8041804,
      -25.5018254
     ],
     [
      -48.8041969,
      -25.5018225
     ],
     [
      -48.8042134,
      -25.5018213
     ],
     [
      -48.8042299,
      -25.5018216
     ],
     [
      -48.8042465,
      -25.5018235
     ],
     [
      -48.8042632,
      -25.501827
     ],
     [
      -48.8042826,
      -25.501832
     ],
     [
      -48.8042928,
      -25.5018344
     ],
     [
      -48.8043032,
      -25.5018362
     ],
     [
      -48.8043136,
      -25.5018376
     ],
     [
      -48.804324,
      -25.5018385
     ],
     [
      -48.8043345,
      -25.5018388
     ],
     [
      -48.8043451,
      -25.5018387
     ],
     [
      -48.8046084,
      -25.5018286
     ],
     [
      -48.8046882,
      -25.5018341
     ],
     [
      -48.8047669,
      -25.50184
     ],
     [
      -48.8048895,
      -25.5018653
     ],
     [
      -48.8049,
      -25.5018678
     ],
     [
      -48.8049102,
      -25.5018707
     ],
     [
      -48.8049202,
      -25.5018741
     ],
     [
      -48.80493,
      -25.501878
     ],
     [
      -48.8049396,
      -25.5018824
     ],
     [
      -48.804949,
      -25.5018873
     ],
     [
      -48.8050064,
      -25.5019191
     ],
     [
      -48.8050172,
      -25.5019255
     ],
     [
      -48.8050275,
      -25.5019325
     ],
     [
      -48.8050372,
      -25.5019401
     ],
     [
      -48.8050464,
      -25.5019482
     ],
     [
      -48.805055,
      -25.5019569
     ],
     [
      -48.805063,
      -25.5019662
     ],
     [
      -48.8050748,
      -25.5019807
     ],
     [
      -48.8050819,
      -25.5019901
     ],
     [
      -48.8050883,
      -25.5019998
     ],
     [
      -48.805094,
      -25.5020098
     ],
     [
      -48.805099,
      -25.5020201
     ],
     [
      -48.8051033,
      -25.5020307
     ],
     [
      -48.8051068,
      -25.5020416
     ],
     [
      -48.8051374,
      -25.502147
     ],
     [
      -48.8051358,
      -25.5021985
     ],
     [
      -48.8051355,
      -25.5022051
     ],
     [
      -48.8051349,
      -25.5022118
     ],
     [
      -48.805134,
      -25.5022184
     ],
     [
      -48.8051329,
      -25.5022249
     ],
     [
      -48.8051314,
      -25.5022314
     ],
     [
      -48.8051298,
      -25.5022379
     ],
     [
      -48.8051146,
      -25.5022918
     ],
     [
      -48.8050454,
      -25.5024371
     ],
     [
      -48.8050433,
      -25.5024414
     ],
     [
      -48.805041,
      -25.5024457
     ],
     [
      -48.8050386,
      -25.5024499
     ],
     [
      -48.8050361,
      -25.5024541
     ],
     [
      -48.8050335,
      -25.5024582
     ],
     [
      -48.8050307,
      -25.5024622
     ],
     [
      -48.8049544,
      -25.5025713
     ],
     [
      -48.8049519,
      -25.5025747
     ],
     [
      -48.8049494,
      -25.5025782
     ],
     [
      -48.8049467,
      -25.5025815
     ],
     [
      -48.804944,
      -25.5025848
     ],
     [
      -48.8049411,
      -25.502588
     ],
     [
      -48.8049382,
      -25.5025912
     ],
     [
      -48.8048529,
      -25.5026826
     ],
     [
      -48.8048495,
      -25.5026861
     ],
     [
      -48.804846,
      -25.5026896
     ],
     [
      -48.8048424,
      -25.502693
     ],
     [
      -48.8048387,
      -25.5026963
     ],
     [
      -48.8048349,
      -25.5026995
     ],
     [
      -48.804831,
      -25.5027026
     ],
     [
      -48.8047416,
      -25.5027725
     ],
     [
      -48.8047379,
      -25.5027753
     ],
     [
      -48.8047342,
      -25.502778
     ],
     [
      -48.8047304,
      -25.5027807
     ],
     [
      -48.8047265,
      -25.5027832
     ],
     [
      -48.8047226,
      -25.5027857
     ],
     [
      -48.8047186,
      -25.5027881
     ],
     [
      -48.8046322,
      -25.502838
     ]
    ]
   },
   "properties": {
    "tipo": "via",
    "id": "via-156",
    "hierarquia": "principal",
    "comprimento_m": 390.96,
    "rampaMedia_pct": 0,
    "rampaMaxima_pct": 7.21,
    "faixaDominio_m": 8.4,
    "cotaInicial_m": 718.5,
    "cotaFinal_m": 718.5,
    "saiDaGleba": true
   }
  },
  {
   "type": "Feature",
   "geometry": {
    "type": "Polygon",
    "coordinates": [
     [
      [
       -48.8045885,
       -25.5028603
      ],
      [
       -48.8046322,
       -25.502838
      ],
      [
       -48.8045577,
       -25.5027255
      ],
      [
       -48.8045556,
       -25.5027222
      ],
      [
       -48.8045537,
       -25.5027188
      ],
      [
       -48.8045519,
       -25.5027154
      ],
      [
       -48.8045503,
       -25.5027119
      ],
      [
       -48.8045489,
       -25.5027083
      ],
      [
       -48.8045476,
       -25.5027047
      ],
      [
       -48.8045287,
       -25.5026471
      ],
      [
       -48.8045273,
       -25.5026423
      ],
      [
       -48.8045262,
       -25.5026375
      ],
      [
       -48.8045254,
       -25.5026327
      ],
      [
       -48.8045248,
       -25.5026279
      ],
      [
       -48.8045246,
       -25.502623
      ],
      [
       -48.8045247,
       -25.502618
      ],
      [
       -48.804526,
       -25.5025856
      ],
      [
       -48.8045263,
       -25.5025807
      ],
      [
       -48.804527,
       -25.5025758
      ],
      [
       -48.8045279,
       -25.502571
      ],
      [
       -48.8045291,
       -25.5025662
      ],
      [
       -48.8045306,
       -25.5025615
      ],
      [
       -48.8045324,
       -25.5025568
      ],
      [
       -48.8045909,
       -25.5024177
      ],
      [
       -48.8045921,
       -25.5024146
      ],
      [
       -48.8045932,
       -25.5024116
      ],
      [
       -48.8045941,
       -25.5024085
      ],
      [
       -48.804595,
       -25.5024053
      ],
      [
       -48.8045957,
       -25.5024022
      ],
      [
       -48.8045963,
       -25.502399
      ],
      [
       -48.8046167,
       -25.5022762
      ],
      [
       -48.8046171,
       -25.5022736
      ],
      [
       -48.8046174,
       -25.5022711
      ],
      [
       -48.8046176,
       -25.5022686
      ],
      [
       -48.8046177,
       -25.502266
      ],
      [
       -48.8046178,
       -25.5022635
      ],
      [
       -48.8046178,
       -25.5022609
      ],
      [
       -48.8046084,
       -25.5018286
      ],
      [
       -48.8043451,
       -25.5018387
      ],
      [
       -48.8043345,
       -25.5018388
      ],
      [
       -48.804324,
       -25.5018385
      ],
      [
       -48.8043136,
       -25.5018376
      ],
      [
       -48.8043032,
       -25.5018362
      ],
      [
       -48.8042928,
       -25.5018344
      ],
      [
       -48.8042826,
       -25.501832
      ],
      [
       -48.8042632,
       -25.501827
      ],
      [
       -48.8042465,
       -25.5018235
      ],
      [
       -48.8042299,
       -25.5018216
      ],
      [
       -48.8042134,
       -25.5018213
      ],
      [
       -48.8041969,
       -25.5018225
      ],
      [
       -48.8041804,
       -25.5018254
      ],
      [
       -48.804164,
       -25.5018298
      ],
      [
       -48.8041318,
       -25.5018401
      ],
      [
       -48.8041252,
       -25.5018423
      ],
      [
       -48.8041187,
       -25.5018448
      ],
      [
       -48.8041123,
       -25.5018474
      ],
      [
       -48.804106,
       -25.5018503
      ],
      [
       -48.8040998,
       -25.5018533
      ],
      [
       -48.8040937,
       -25.5018566
      ],
      [
       -48.8039877,
       -25.5019157
      ],
      [
       -48.8039396,
       -25.5019612
      ],
      [
       -48.803934,
       -25.5019668
      ],
      [
       -48.8039286,
       -25.5019726
      ],
      [
       -48.8039235,
       -25.5019786
      ],
      [
       -48.8039187,
       -25.5019847
      ],
      [
       -48.8039142,
       -25.5019911
      ],
      [
       -48.8039099,
       -25.5019976
      ],
      [
       -48.8038906,
       -25.5020288
      ],
      [
       -48.8038719,
       -25.5021032
      ],
      [
       -48.8038701,
       -25.5021115
      ],
      [
       -48.8038687,
       -25.5021198
      ],
      [
       -48.8038677,
       -25.5021281
      ],
      [
       -48.8038671,
       -25.5021364
      ],
      [
       -48.803867,
       -25.5021448
      ],
      [
       -48.8038673,
       -25.5021532
      ],
      [
       -48.8038719,
       -25.5022291
      ],
      [
       -48.8038723,
       -25.5022351
      ],
      [
       -48.803873,
       -25.5022411
      ],
      [
       -48.8038739,
       -25.502247
      ],
      [
       -48.8038751,
       -25.5022529
      ],
      [
       -48.8038764,
       -25.5022588
      ],
      [
       -48.803878,
       -25.5022647
      ],
      [
       -48.803924,
       -25.5024255
      ],
      [
       -48.8039259,
       -25.5024316
      ],
      [
       -48.803928,
       -25.5024376
      ],
      [
       -48.8039303,
       -25.5024435
      ],
      [
       -48.8039328,
       -25.5024494
      ],
      [
       -48.8039356,
       -25.5024552
      ],
      [
       -48.8039386,
       -25.5024609
      ],
      [
       -48.804002,
       -25.5025757
      ],
      [
       -48.80411,
       -25.5027291
      ],
      [
       -48.8041151,
       -25.5027361
      ],
      [
       -48.8041205,
       -25.5027427
      ],
      [
       -48.8041263,
       -25.5027492
      ],
      [
       -48.8041324,
       -25.5027553
      ],
      [
       -48.8041388,
       -25.5027613
      ],
      [
       -48.8041455,
       -25.5027669
      ],
      [
       -48.8042235,
       -25.5028298
      ],
      [
       -48.8043155,
       -25.50287
      ],
      [
       -48.8043255,
       -25.502874
      ],
      [
       -48.8043356,
       -25.5028776
      ],
      [
       -48.804346,
       -25.5028806
      ],
      [
       -48.8043565,
       -25.5028831
      ],
      [
       -48.8043672,
       -25.5028851
      ],
      [
       -48.804378,
       -25.5028865
      ],
      [
       -48.804419,
       -25.502891
      ],
      [
       -48.8044295,
       -25.5028919
      ],
      [
       -48.80444,
       -25.5028923
      ],
      [
       -48.8044504,
       -25.5028921
      ],
      [
       -48.8044609,
       -25.5028915
      ],
      [
       -48.8044713,
       -25.5028904
      ],
      [
       -48.8044816,
       -25.5028888
      ],
      [
       -48.8045297,
       -25.5028801
      ],
      [
       -48.80454,
       -25.502878
      ],
      [
       -48.8045501,
       -25.5028754
      ],
      [
       -48.80456,
       -25.5028723
      ],
      [
       -48.8045697,
       -25.5028688
      ],
      [
       -48.8045792,
       -25.5028648
      ],
      [
       -48.8045885,
       -25.5028603
      ]
     ]
    ]
   },
   "properties": {
    "tipo": "quadra",
    "id": "quadra-0",
    "area_m2": 7061.13,
    "perimetro_m": 340.09,
    "fracaoDentroDaGleba": 0
   }
  },
  {
   "type": "Feature",
   "geometry": {
    "type": "Polygon",
    "coordinates": [
     [
      [
       -48.8004175,
       -25.497739
      ],
      [
       -48.8004001,
       -25.4977982
      ],
      [
       -48.8010229,
       -25.4978239
      ],
      [
       -48.8010255,
       -25.497824
      ],
      [
       -48.8010282,
       -25.4978241
      ],
      [
       -48.8010308,
       -25.4978241
      ],
      [
       -48.8010335,
       -25.4978241
      ],
      [
       -48.8010361,
       -25.4978241
      ],
      [
       -48.8010388,
       -25.497824
      ],
      [
       -48.8011957,
       -25.4978191
      ],
      [
       -48.8011924,
       -25.4976904
      ],
      [
       -48.8011924,
       -25.4976877
      ],
      [
       -48.8011924,
       -25.497685
      ],
      [
       -48.8011926,
       -25.4976824
      ],
      [
       -48.8011928,
       -25.4976797
      ],
      [
       -48.8011931,
       -25.4976771
      ],
      [
       -48.8011935,
       -25.4976744
      ],
      [
       -48.8012039,
       -25.4976137
      ],
      [
       -48.801062,
       -25.4975832
      ],
      [
       -48.8010578,
       -25.4975822
      ],
      [
       -48.8010535,
       -25.4975812
      ],
      [
       -48.8010493,
       -25.4975801
      ],
      [
       -48.8010451,
       -25.4975788
      ],
      [
       -48.8010409,
       -25.4975775
      ],
      [
       -48.8010368,
       -25.4975761
      ],
      [
       -48.8008872,
       -25.4975242
      ],
      [
       -48.8008822,
       -25.4975223
      ],
      [
       -48.8008772,
       -25.4975204
      ],
      [
       -48.8008722,
       -25.4975183
      ],
      [
       -48.8008674,
       -25.4975161
      ],
      [
       -48.8008626,
       -25.4975138
      ],
      [
       -48.8008578,
       -25.4975114
      ],
      [
       -48.800659,
       -25.4974057
      ],
      [
       -48.8004175,
       -25.497739
      ]
     ]
    ]
   },
   "properties": {
    "tipo": "quadra",
    "id": "quadra-1",
    "area_m2": 2364.22,
    "perimetro_m": 213.75,
    "fracaoDentroDaGleba": 1
   }
  },
  {
   "type": "Feature",
   "geometry": {
    "type": "Polygon",
    "coordinates": [
     [
      [
       -48.8004001,
       -25.4977982
      ],
      [
       -48.8004175,
       -25.497739
      ],
      [
       -48.800659,
       -25.4974057
      ],
      [
       -48.8005384,
       -25.4973294
      ],
      [
       -48.8005337,
       -25.4973264
      ],
      [
       -48.8005291,
       -25.4973232
      ],
      [
       -48.8005246,
       -25.4973199
      ],
      [
       -48.8005203,
       -25.4973165
      ],
      [
       -48.800516,
       -25.4973129
      ],
      [
       -48.8005118,
       -25.4973093
      ],
      [
       -48.8003591,
       -25.4971714
      ],
      [
       -48.8003126,
       -25.4972048
      ],
      [
       -48.8003091,
       -25.4972072
      ],
      [
       -48.8003055,
       -25.4972095
      ],
      [
       -48.8003019,
       -25.4972116
      ],
      [
       -48.8002981,
       -25.4972135
      ],
      [
       -48.8002942,
       -25.4972153
      ],
      [
       -48.8002902,
       -25.497217
      ],
      [
       -48.8001762,
       -25.4972615
      ],
      [
       -48.8001721,
       -25.497263
      ],
      [
       -48.8001679,
       -25.4972643
      ],
      [
       -48.8001637,
       -25.4972655
      ],
      [
       -48.8001594,
       -25.4972664
      ],
      [
       -48.8001551,
       -25.4972673
      ],
      [
       -48.8001507,
       -25.4972679
      ],
      [
       -48.799964,
       -25.4972917
      ],
      [
       -48.7999973,
       -25.4974555
      ],
      [
       -48.7999982,
       -25.4974597
      ],
      [
       -48.7999992,
       -25.4974638
      ],
      [
       -48.8000003,
       -25.4974679
      ],
      [
       -48.8000016,
       -25.497472
      ],
      [
       -48.8000029,
       -25.4974761
      ],
      [
       -48.8000043,
       -25.4974801
      ],
      [
       -48.8000354,
       -25.4975642
      ],
      [
       -48.800038,
       -25.4975711
      ],
      [
       -48.800041,
       -25.4975778
      ],
      [
       -48.8000443,
       -25.4975843
      ],
      [
       -48.8000478,
       -25.4975908
      ],
      [
       -48.8000517,
       -25.4975971
      ],
      [
       -48.8000558,
       -25.4976033
      ],
      [
       -48.8001096,
       -25.4976806
      ],
      [
       -48.8001168,
       -25.4976902
      ],
      [
       -48.8001246,
       -25.4976993
      ],
      [
       -48.8001329,
       -25.4977079
      ],
      [
       -48.8001419,
       -25.497716
      ],
      [
       -48.8001514,
       -25.4977236
      ],
      [
       -48.8001615,
       -25.4977307
      ],
      [
       -48.8002106,
       -25.4977627
      ],
      [
       -48.8002187,
       -25.4977677
      ],
      [
       -48.800227,
       -25.4977722
      ],
      [
       -48.8002356,
       -25.4977762
      ],
      [
       -48.8002445,
       -25.4977798
      ],
      [
       -48.8002536,
       -25.4977829
      ],
      [
       -48.8002629,
       -25.4977856
      ],
      [
       -48.8002701,
       -25.4977874
      ],
      [
       -48.8002772,
       -25.4977891
      ],
      [
       -48.8002843,
       -25.4977905
      ],
      [
       -48.8002915,
       -25.4977918
      ],
      [
       -48.8002987,
       -25.4977927
      ],
      [
       -48.8003059,
       -25.4977934
      ],
      [
       -48.8003132,
       -25.4977939
      ],
      [
       -48.8004001,
       -25.4977982
      ]
     ]
    ]
   },
   "properties": {
    "tipo": "quadra",
    "id": "quadra-2",
    "area_m2": 2937.02,
    "perimetro_m": 213.13,
    "fracaoDentroDaGleba": 1
   }
  },
  {
   "type": "Feature",
   "geometry": {
    "type": "Polygon",
    "coordinates": [
     [
      [
       -48.7962395,
       -25.4998341
      ],
      [
       -48.7962779,
       -25.4998744
      ],
      [
       -48.7962948,
       -25.4998417
      ],
      [
       -48.7962395,
       -25.4998341
      ]
     ]
    ]
   },
   "properties": {
    "tipo": "quadra",
    "id": "quadra-3",
    "area_m2": 10.78,
    "perimetro_m": 15.53,
    "fracaoDentroDaGleba": 1
   }
  },
  {
   "type": "Feature",
   "geometry": {
    "type": "Polygon",
    "coordinates": [
     [
      [
       -48.7961794,
       -25.4979543
      ],
      [
       -48.7962115,
       -25.4980151
      ],
      [
       -48.7962906,
       -25.4980947
      ],
      [
       -48.7962948,
       -25.4980987
      ],
      [
       -48.7962993,
       -25.4981025
      ],
      [
       -48.796304,
       -25.498106
      ],
      [
       -48.796309,
       -25.4981092
      ],
      [
       -48.7963142,
       -25.4981122
      ],
      [
       -48.7963196,
       -25.4981148
      ],
      [
       -48.7963481,
       -25.4981279
      ],
      [
       -48.7963526,
       -25.4981298
      ],
      [
       -48.7963572,
       -25.4981316
      ],
      [
       -48.7963618,
       -25.4981331
      ],
      [
       -48.7963666,
       -25.4981344
      ],
      [
       -48.7963714,
       -25.4981355
      ],
      [
       -48.7963763,
       -25.4981363
      ],
      [
       -48.7964619,
       -25.4981495
      ],
      [
       -48.7964657,
       -25.49815
      ],
      [
       -48.7964694,
       -25.4981504
      ],
      [
       -48.7964732,
       -25.4981506
      ],
      [
       -48.7964769,
       -25.4981507
      ],
      [
       -48.7964807,
       -25.4981507
      ],
      [
       -48.7964845,
       -25.4981506
      ],
      [
       -48.7965824,
       -25.4981452
      ],
      [
       -48.7965856,
       -25.498145
      ],
      [
       -48.7965887,
       -25.4981447
      ],
      [
       -48.7965919,
       -25.4981443
      ],
      [
       -48.796595,
       -25.4981438
      ],
      [
       -48.7965981,
       -25.4981432
      ],
      [
       -48.7966012,
       -25.4981425
      ],
      [
       -48.796694,
       -25.4981208
      ],
      [
       -48.796697,
       -25.4981201
      ],
      [
       -48.7966998,
       -25.4981193
      ],
      [
       -48.7967027,
       -25.4981184
      ],
      [
       -48.7967055,
       -25.4981174
      ],
      [
       -48.7967083,
       -25.4981164
      ],
      [
       -48.7967111,
       -25.4981153
      ],
      [
       -48.7968531,
       -25.4980554
      ],
      [
       -48.7967792,
       -25.4980027
      ],
      [
       -48.7967707,
       -25.4979963
      ],
      [
       -48.7967628,
       -25.4979896
      ],
      [
       -48.7967553,
       -25.4979824
      ],
      [
       -48.7967483,
       -25.4979748
      ],
      [
       -48.7967418,
       -25.4979668
      ],
      [
       -48.7967358,
       -25.4979585
      ],
      [
       -48.7967316,
       -25.4979523
      ],
      [
       -48.7967274,
       -25.4979458
      ],
      [
       -48.7967235,
       -25.4979391
      ],
      [
       -48.7967199,
       -25.4979322
      ],
      [
       -48.7967167,
       -25.4979252
      ],
      [
       -48.7967137,
       -25.4979181
      ],
      [
       -48.7967111,
       -25.4979109
      ],
      [
       -48.7967036,
       -25.4978886
      ],
      [
       -48.7967011,
       -25.4978804
      ],
      [
       -48.796699,
       -25.4978722
      ],
      [
       -48.7966973,
       -25.4978639
      ],
      [
       -48.7966961,
       -25.4978556
      ],
      [
       -48.7966953,
       -25.4978472
      ],
      [
       -48.7966949,
       -25.4978388
      ],
      [
       -48.7966931,
       -25.4977365
      ],
      [
       -48.7966932,
       -25.4977286
      ],
      [
       -48.7966936,
       -25.4977207
      ],
      [
       -48.7966944,
       -25.4977129
      ],
      [
       -48.7966956,
       -25.4977051
      ],
      [
       -48.7966971,
       -25.4976974
      ],
      [
       -48.7966991,
       -25.4976897
      ],
      [
       -48.796758,
       -25.497476
      ],
      [
       -48.7967678,
       -25.497441
      ],
      [
       -48.7966614,
       -25.4973906
      ],
      [
       -48.7964667,
       -25.4976889
      ],
      [
       -48.7964647,
       -25.4976918
      ],
      [
       -48.7964626,
       -25.4976948
      ],
      [
       -48.7964605,
       -25.4976977
      ],
      [
       -48.7964583,
       -25.4977006
      ],
      [
       -48.7964561,
       -25.4977034
      ],
      [
       -48.7964538,
       -25.4977062
      ],
      [
       -48.7963787,
       -25.4977957
      ],
      [
       -48.7963759,
       -25.4977989
      ],
      [
       -48.7963731,
       -25.497802
      ],
      [
       -48.7963702,
       -25.4978051
      ],
      [
       -48.7963672,
       -25.4978081
      ],
      [
       -48.7963641,
       -25.4978111
      ],
      [
       -48.796361,
       -25.497814
      ],
      [
       -48.7962875,
       -25.4978806
      ],
      [
       -48.7962837,
       -25.497884
      ],
      [
       -48.7962798,
       -25.4978872
      ],
      [
       -48.7962759,
       -25.4978903
      ],
      [
       -48.7962718,
       -25.4978934
      ],
      [
       -48.7962677,
       -25.4978963
      ],
      [
       -48.7962634,
       -25.4978992
      ],
      [
       -48.7961794,
       -25.4979543
      ]
     ]
    ]
   },
   "properties": {
    "tipo": "quadra",
    "id": "quadra-4",
    "area_m2": 2694.12,
    "perimetro_m": 246.28,
    "fracaoDentroDaGleba": 0.3042
   }
  },
  {
   "type": "Feature",
   "geometry": {
    "type": "Polygon",
    "coordinates": [
     [
      [
       -48.8042235,
       -25.5028298
      ],
      [
       -48.8041455,
       -25.5027669
      ],
      [
       -48.8041388,
       -25.5027613
      ],
      [
       -48.8041324,
       -25.5027553
      ],
      [
       -48.8041263,
       -25.5027492
      ],
      [
       -48.8041205,
       -25.5027427
      ],
      [
       -48.8041151,
       -25.5027361
      ],
      [
       -48.80411,
       -25.5027291
      ],
      [
       -48.804002,
       -25.5025757
      ],
      [
       -48.8037764,
       -25.5026548
      ],
      [
       -48.8037756,
       -25.5026551
      ],
      [
       -48.8037748,
       -25.5026554
      ],
      [
       -48.8037741,
       -25.5026557
      ],
      [
       -48.8037733,
       -25.502656
      ],
      [
       -48.8037725,
       -25.5026563
      ],
      [
       -48.8037718,
       -25.5026566
      ],
      [
       -48.8032706,
       -25.5028589
      ],
      [
       -48.8032692,
       -25.5028595
      ],
      [
       -48.8032679,
       -25.5028601
      ],
      [
       -48.8032665,
       -25.5028607
      ],
      [
       -48.8032651,
       -25.5028613
      ],
      [
       -48.8032638,
       -25.502862
      ],
      [
       -48.8032624,
       -25.5028627
      ],
      [
       -48.803098,
       -25.5029464
      ],
      [
       -48.8030964,
       -25.5029472
      ],
      [
       -48.8030947,
       -25.5029481
      ],
      [
       -48.8030931,
       -25.502949
      ],
      [
       -48.8030915,
       -25.50295
      ],
      [
       -48.80309,
       -25.5029509
      ],
      [
       -48.8030884,
       -25.5029519
      ],
      [
       -48.8029308,
       -25.5030553
      ],
      [
       -48.8030465,
       -25.5031815
      ],
      [
       -48.8030502,
       -25.5031857
      ],
      [
       -48.8030538,
       -25.50319
      ],
      [
       -48.8030572,
       -25.5031943
      ],
      [
       -48.8030605,
       -25.5031988
      ],
      [
       -48.8030636,
       -25.5032033
      ],
      [
       -48.8030666,
       -25.503208
      ],
      [
       -48.803156,
       -25.5033511
      ],
      [
       -48.8036441,
       -25.5031106
      ],
      [
       -48.803645,
       -25.5031102
      ],
      [
       -48.8036459,
       -25.5031098
      ],
      [
       -48.8036468,
       -25.5031093
      ],
      [
       -48.8036477,
       -25.5031089
      ],
      [
       -48.8036486,
       -25.5031085
      ],
      [
       -48.8036495,
       -25.5031081
      ],
      [
       -48.8038962,
       -25.5030037
      ],
      [
       -48.8038977,
       -25.5030031
      ],
      [
       -48.8038991,
       -25.5030025
      ],
      [
       -48.8039005,
       -25.5030018
      ],
      [
       -48.8039018,
       -25.5030012
      ],
      [
       -48.8039032,
       -25.5030005
      ],
      [
       -48.8039046,
       -25.5029998
      ],
      [
       -48.8042235,
       -25.5028298
      ]
     ]
    ]
   },
   "properties": {
    "tipo": "quadra",
    "id": "quadra-5",
    "area_m2": 4802.54,
    "perimetro_m": 318.64,
    "fracaoDentroDaGleba": 0
   }
  },
  {
   "type": "Feature",
   "geometry": {
    "type": "Polygon",
    "coordinates": [
     [
      [
       -48.804002,
       -25.5025757
      ],
      [
       -48.8039386,
       -25.5024609
      ],
      [
       -48.8039356,
       -25.5024552
      ],
      [
       -48.8039328,
       -25.5024494
      ],
      [
       -48.8039303,
       -25.5024435
      ],
      [
       -48.803928,
       -25.5024376
      ],
      [
       -48.8039259,
       -25.5024316
      ],
      [
       -48.803924,
       -25.5024255
      ],
      [
       -48.803878,
       -25.5022647
      ],
      [
       -48.8038764,
       -25.5022588
      ],
      [
       -48.8038751,
       -25.5022529
      ],
      [
       -48.8038739,
       -25.502247
      ],
      [
       -48.803873,
       -25.5022411
      ],
      [
       -48.8038723,
       -25.5022351
      ],
      [
       -48.8038719,
       -25.5022291
      ],
      [
       -48.8038673,
       -25.5021532
      ],
      [
       -48.803867,
       -25.5021448
      ],
      [
       -48.8038671,
       -25.5021364
      ],
      [
       -48.8038677,
       -25.5021281
      ],
      [
       -48.8038687,
       -25.5021198
      ],
      [
       -48.8038701,
       -25.5021115
      ],
      [
       -48.8038719,
       -25.5021032
      ],
      [
       -48.8038906,
       -25.5020288
      ],
      [
       -48.8037887,
       -25.5020047
      ],
      [
       -48.803784,
       -25.5020037
      ],
      [
       -48.8037792,
       -25.5020029
      ],
      [
       -48.8037744,
       -25.5020023
      ],
      [
       -48.8037695,
       -25.5020019
      ],
      [
       -48.8037646,
       -25.5020018
      ],
      [
       -48.8037598,
       -25.5020018
      ],
      [
       -48.8037183,
       -25.5020033
      ],
      [
       -48.8037134,
       -25.5020036
      ],
      [
       -48.8037085,
       -25.5020041
      ],
      [
       -48.8037037,
       -25.5020048
      ],
      [
       -48.8036989,
       -25.5020058
      ],
      [
       -48.8036941,
       -25.5020069
      ],
      [
       -48.8036894,
       -25.5020083
      ],
      [
       -48.8035424,
       -25.5020548
      ],
      [
       -48.8035387,
       -25.502056
      ],
      [
       -48.8035351,
       -25.5020574
      ],
      [
       -48.8035316,
       -25.5020589
      ],
      [
       -48.8035282,
       -25.5020604
      ],
      [
       -48.8035248,
       -25.5020622
      ],
      [
       -48.8035215,
       -25.502064
      ],
      [
       -48.8034408,
       -25.5021109
      ],
      [
       -48.8034381,
       -25.5021125
      ],
      [
       -48.8034356,
       -25.5021141
      ],
      [
       -48.8034331,
       -25.5021158
      ],
      [
       -48.8034306,
       -25.5021176
      ],
      [
       -48.8034282,
       -25.5021195
      ],
      [
       -48.8034259,
       -25.5021214
      ],
      [
       -48.8028912,
       -25.5025819
      ],
      [
       -48.8026606,
       -25.5027889
      ],
      [
       -48.8029308,
       -25.5030553
      ],
      [
       -48.8030884,
       -25.5029519
      ],
      [
       -48.80309,
       -25.5029509
      ],
      [
       -48.8030915,
       -25.50295
      ],
      [
       -48.8030931,
       -25.502949
      ],
      [
       -48.8030947,
       -25.5029481
      ],
      [
       -48.8030964,
       -25.5029472
      ],
      [
       -48.803098,
       -25.5029464
      ],
      [
       -48.8032624,
       -25.5028627
      ],
      [
       -48.8032638,
       -25.502862
      ],
      [
       -48.8032651,
       -25.5028613
      ],
      [
       -48.8032665,
       -25.5028607
      ],
      [
       -48.8032679,
       -25.5028601
      ],
      [
       -48.8032692,
       -25.5028595
      ],
      [
       -48.8032706,
       -25.5028589
      ],
      [
       -48.8037718,
       -25.5026566
      ],
      [
       -48.8037725,
       -25.5026563
      ],
      [
       -48.8037733,
       -25.502656
      ],
      [
       -48.8037741,
       -25.5026557
      ],
      [
       -48.8037748,
       -25.5026554
      ],
      [
       -48.8037756,
       -25.5026551
      ],
      [
       -48.8037764,
       -25.5026548
      ],
      [
       -48.804002,
       -25.5025757
      ]
     ]
    ]
   },
   "properties": {
    "tipo": "quadra",
    "id": "quadra-6",
    "area_m2": 7519.8,
    "perimetro_m": 380.84,
    "fracaoDentroDaGleba": 0.07
   }
  },
  {
   "type": "Feature",
   "geometry": {
    "type": "Polygon",
    "coordinates": [
     [
      [
       -48.8038906,
       -25.5020288
      ],
      [
       -48.8039099,
       -25.5019976
      ],
      [
       -48.8039142,
       -25.5019911
      ],
      [
       -48.8039187,
       -25.5019847
      ],
      [
       -48.8039235,
       -25.5019786
      ],
      [
       -48.8039286,
       -25.5019726
      ],
      [
       -48.803934,
       -25.5019668
      ],
      [
       -48.8039396,
       -25.5019612
      ],
      [
       -48.8039877,
       -25.5019157
      ],
      [
       -48.8039384,
       -25.501713
      ],
      [
       -48.8039378,
       -25.5017104
      ],
      [
       -48.8039373,
       -25.5017078
      ],
      [
       -48.8039369,
       -25.5017052
      ],
      [
       -48.8039365,
       -25.5017026
      ],
      [
       -48.8039363,
       -25.5017
      ],
      [
       -48.8039361,
       -25.5016974
      ],
      [
       -48.8039282,
       -25.5015292
      ],
      [
       -48.8039281,
       -25.5015271
      ],
      [
       -48.8039281,
       -25.501525
      ],
      [
       -48.8039281,
       -25.5015228
      ],
      [
       -48.8039282,
       -25.5015207
      ],
      [
       -48.8039283,
       -25.5015186
      ],
      [
       -48.8039285,
       -25.5015165
      ],
      [
       -48.803962,
       -25.501208
      ],
      [
       -48.8039622,
       -25.5012059
      ],
      [
       -48.8039625,
       -25.5012039
      ],
      [
       -48.8039629,
       -25.5012018
      ],
      [
       -48.8039633,
       -25.5011998
      ],
      [
       -48.8039638,
       -25.5011977
      ],
      [
       -48.8039643,
       -25.5011957
      ],
      [
       -48.8040166,
       -25.5009984
      ],
      [
       -48.8038672,
       -25.5009514
      ],
      [
       -48.8037204,
       -25.5011651
      ],
      [
       -48.8037194,
       -25.5011665
      ],
      [
       -48.8037185,
       -25.5011679
      ],
      [
       -48.8037176,
       -25.5011694
      ],
      [
       -48.8037168,
       -25.5011708
      ],
      [
       -48.803716,
       -25.5011723
      ],
      [
       -48.8037152,
       -25.5011737
      ],
      [
       -48.8035296,
       -25.5015238
      ],
      [
       -48.803529,
       -25.5015249
      ],
      [
       -48.8035284,
       -25.5015259
      ],
      [
       -48.8035279,
       -25.5015269
      ],
      [
       -48.8035273,
       -25.5015279
      ],
      [
       -48.8035266,
       -25.5015289
      ],
      [
       -48.803526,
       -25.5015299
      ],
      [
       -48.803314,
       -25.5018623
      ],
      [
       -48.8033127,
       -25.5018643
      ],
      [
       -48.8033113,
       -25.5018663
      ],
      [
       -48.8033098,
       -25.5018683
      ],
      [
       -48.8033083,
       -25.5018703
      ],
      [
       -48.8033067,
       -25.5018722
      ],
      [
       -48.8033051,
       -25.501874
      ],
      [
       -48.8027808,
       -25.5024587
      ],
      [
       -48.8028912,
       -25.5025819
      ],
      [
       -48.8034259,
       -25.5021214
      ],
      [
       -48.8034282,
       -25.5021195
      ],
      [
       -48.8034306,
       -25.5021176
      ],
      [
       -48.8034331,
       -25.5021158
      ],
      [
       -48.8034356,
       -25.5021141
      ],
      [
       -48.8034381,
       -25.5021125
      ],
      [
       -48.8034408,
       -25.5021109
      ],
      [
       -48.8035215,
       -25.502064
      ],
      [
       -48.8035248,
       -25.5020622
      ],
      [
       -48.8035282,
       -25.5020604
      ],
      [
       -48.8035316,
       -25.5020589
      ],
      [
       -48.8035351,
       -25.5020574
      ],
      [
       -48.8035387,
       -25.502056
      ],
      [
       -48.8035424,
       -25.5020548
      ],
      [
       -48.8036894,
       -25.5020083
      ],
      [
       -48.8036941,
       -25.5020069
      ],
      [
       -48.8036989,
       -25.5020058
      ],
      [
       -48.8037037,
       -25.5020048
      ],
      [
       -48.8037085,
       -25.5020041
      ],
      [
       -48.8037134,
       -25.5020036
      ],
      [
       -48.8037183,
       -25.5020033
      ],
      [
       -48.8037598,
       -25.5020018
      ],
      [
       -48.8037646,
       -25.5020018
      ],
      [
       -48.8037695,
       -25.5020019
      ],
      [
       -48.8037744,
       -25.5020023
      ],
      [
       -48.8037792,
       -25.5020029
      ],
      [
       -48.803784,
       -25.5020037
      ],
      [
       -48.8037887,
       -25.5020047
      ],
      [
       -48.8038906,
       -25.5020288
      ]
     ]
    ]
   },
   "properties": {
    "tipo": "quadra",
    "id": "quadra-7",
    "area_m2": 6657.78,
    "perimetro_m": 477.19,
    "fracaoDentroDaGleba": 0.9669
   }
  },
  {
   "type": "Feature",
   "geometry": {
    "type": "Polygon",
    "coordinates": [
     [
      [
       -48.8039877,
       -25.5019157
      ],
      [
       -48.8040937,
       -25.5018566
      ],
      [
       -48.8040998,
       -25.5018533
      ],
      [
       -48.804106,
       -25.5018503
      ],
      [
       -48.8041123,
       -25.5018474
      ],
      [
       -48.8041187,
       -25.5018448
      ],
      [
       -48.8041252,
       -25.5018423
      ],
      [
       -48.8041318,
       -25.5018401
      ],
      [
       -48.804164,
       -25.5018298
      ],
      [
       -48.8041804,
       -25.5018254
      ],
      [
       -48.8041969,
       -25.5018225
      ],
      [
       -48.8042134,
       -25.5018213
      ],
      [
       -48.8042299,
       -25.5018216
      ],
      [
       -48.8042465,
       -25.5018235
      ],
      [
       -48.8042632,
       -25.501827
      ],
      [
       -48.8042826,
       -25.501832
      ],
      [
       -48.8042928,
       -25.5018344
      ],
      [
       -48.8043032,
       -25.5018362
      ],
      [
       -48.8043136,
       -25.5018376
      ],
      [
       -48.804324,
       -25.5018385
      ],
      [
       -48.8043345,
       -25.5018388
      ],
      [
       -48.8043451,
       -25.5018387
      ],
      [
       -48.8046084,
       -25.5018286
      ],
      [
       -48.8046882,
       -25.5018341
      ],
      [
       -48.8046667,
       -25.5017468
      ],
      [
       -48.8047479,
       -25.5017391
      ],
      [
       -48.8047854,
       -25.5017352
      ],
      [
       -48.8047617,
       -25.501679
      ],
      [
       -48.8047604,
       -25.501676
      ],
      [
       -48.8047593,
       -25.5016729
      ],
      [
       -48.8047584,
       -25.5016698
      ],
      [
       -48.8047575,
       -25.5016666
      ],
      [
       -48.8047568,
       -25.5016634
      ],
      [
       -48.8047562,
       -25.5016602
      ],
      [
       -48.8046464,
       -25.5010002
      ],
      [
       -48.8045012,
       -25.5010218
      ],
      [
       -48.8044976,
       -25.5010223
      ],
      [
       -48.8044939,
       -25.5010228
      ],
      [
       -48.8044903,
       -25.5010231
      ],
      [
       -48.8044866,
       -25.5010235
      ],
      [
       -48.8044829,
       -25.5010237
      ],
      [
       -48.8044792,
       -25.5010239
      ],
      [
       -48.8043151,
       -25.5010316
      ],
      [
       -48.804309,
       -25.5010318
      ],
      [
       -48.8043029,
       -25.5010318
      ],
      [
       -48.8042968,
       -25.5010317
      ],
      [
       -48.8042907,
       -25.5010313
      ],
      [
       -48.8042846,
       -25.5010309
      ],
      [
       -48.8042785,
       -25.5010302
      ],
      [
       -48.8040166,
       -25.5009984
      ],
      [
       -48.8039643,
       -25.5011957
      ],
      [
       -48.8039638,
       -25.5011977
      ],
      [
       -48.8039633,
       -25.5011998
      ],
      [
       -48.8039629,
       -25.5012018
      ],
      [
       -48.8039625,
       -25.5012039
      ],
      [
       -48.8039622,
       -25.5012059
      ],
      [
       -48.803962,
       -25.501208
      ],
      [
       -48.8039285,
       -25.5015165
      ],
      [
       -48.8039283,
       -25.5015186
      ],
      [
       -48.8039282,
       -25.5015207
      ],
      [
       -48.8039281,
       -25.5015228
      ],
      [
       -48.8039281,
       -25.501525
      ],
      [
       -48.8039281,
       -25.5015271
      ],
      [
       -48.8039282,
       -25.5015292
      ],
      [
       -48.8039361,
       -25.5016974
      ],
      [
       -48.8039363,
       -25.5017
      ],
      [
       -48.8039365,
       -25.5017026
      ],
      [
       -48.8039369,
       -25.5017052
      ],
      [
       -48.8039373,
       -25.5017078
      ],
      [
       -48.8039378,
       -25.5017104
      ],
      [
       -48.8039384,
       -25.501713
      ],
      [
       -48.8039877,
       -25.5019157
      ]
     ]
    ]
   },
   "properties": {
    "tipo": "quadra",
    "id": "quadra-8",
    "area_m2": 6911.66,
    "perimetro_m": 344.73,
    "fracaoDentroDaGleba": 0.6813
   }
  },
  {
   "type": "Feature",
   "geometry": {
    "type": "Polygon",
    "coordinates": [
     [
      [
       -48.8046882,
       -25.5018341
      ],
      [
       -48.8046084,
       -25.5018286
      ],
      [
       -48.8046178,
       -25.5022609
      ],
      [
       -48.8046178,
       -25.5022635
      ],
      [
       -48.8046177,
       -25.502266
      ],
      [
       -48.8046176,
       -25.5022686
      ],
      [
       -48.8046174,
       -25.5022711
      ],
      [
       -48.8046171,
       -25.5022736
      ],
      [
       -48.8046167,
       -25.5022762
      ],
      [
       -48.8045963,
       -25.502399
      ],
      [
       -48.8045957,
       -25.5024022
      ],
      [
       -48.804595,
       -25.5024053
      ],
      [
       -48.8045941,
       -25.5024085
      ],
      [
       -48.8045932,
       -25.5024116
      ],
      [
       -48.8045921,
       -25.5024146
      ],
      [
       -48.8045909,
       -25.5024177
      ],
      [
       -48.8045324,
       -25.5025568
      ],
      [
       -48.8045306,
       -25.5025615
      ],
      [
       -48.8045291,
       -25.5025662
      ],
      [
       -48.8045279,
       -25.502571
      ],
      [
       -48.804527,
       -25.5025758
      ],
      [
       -48.8045263,
       -25.5025807
      ],
      [
       -48.804526,
       -25.5025856
      ],
      [
       -48.8045247,
       -25.502618
      ],
      [
       -48.8045246,
       -25.502623
      ],
      [
       -48.8045248,
       -25.5026279
      ],
      [
       -48.8045254,
       -25.5026327
      ],
      [
       -48.8045262,
       -25.5026375
      ],
      [
       -48.8045273,
       -25.5026423
      ],
      [
       -48.8045287,
       -25.5026471
      ],
      [
       -48.8045476,
       -25.5027047
      ],
      [
       -48.8045489,
       -25.5027083
      ],
      [
       -48.8045503,
       -25.5027119
      ],
      [
       -48.8045519,
       -25.5027154
      ],
      [
       -48.8045537,
       -25.5027188
      ],
      [
       -48.8045556,
       -25.5027222
      ],
      [
       -48.8045577,
       -25.5027255
      ],
      [
       -48.8046322,
       -25.502838
      ],
      [
       -48.8047186,
       -25.5027881
      ],
      [
       -48.8047226,
       -25.5027857
      ],
      [
       -48.8047265,
       -25.5027832
      ],
      [
       -48.8047304,
       -25.5027807
      ],
      [
       -48.8047342,
       -25.502778
      ],
      [
       -48.8047379,
       -25.5027753
      ],
      [
       -48.8047416,
       -25.5027725
      ],
      [
       -48.804831,
       -25.5027026
      ],
      [
       -48.8048349,
       -25.5026995
      ],
      [
       -48.8048387,
       -25.5026963
      ],
      [
       -48.8048424,
       -25.502693
      ],
      [
       -48.804846,
       -25.5026896
      ],
      [
       -48.8048495,
       -25.5026861
      ],
      [
       -48.8048529,
       -25.5026826
      ],
      [
       -48.8049382,
       -25.5025912
      ],
      [
       -48.8049411,
       -25.502588
      ],
      [
       -48.804944,
       -25.5025848
      ],
      [
       -48.8049467,
       -25.5025815
      ],
      [
       -48.8049494,
       -25.5025782
      ],
      [
       -48.8049519,
       -25.5025747
      ],
      [
       -48.8049544,
       -25.5025713
      ],
      [
       -48.8050307,
       -25.5024622
      ],
      [
       -48.8050335,
       -25.5024582
      ],
      [
       -48.8050361,
       -25.5024541
      ],
      [
       -48.8050386,
       -25.5024499
      ],
      [
       -48.805041,
       -25.5024457
      ],
      [
       -48.8050433,
       -25.5024414
      ],
      [
       -48.8050454,
       -25.5024371
      ],
      [
       -48.8051146,
       -25.5022918
      ],
      [
       -48.8051298,
       -25.5022379
      ],
      [
       -48.8051314,
       -25.5022314
      ],
      [
       -48.8051329,
       -25.5022249
      ],
      [
       -48.805134,
       -25.5022184
      ],
      [
       -48.8051349,
       -25.5022118
      ],
      [
       -48.8051355,
       -25.5022051
      ],
      [
       -48.8051358,
       -25.5021985
      ],
      [
       -48.8051374,
       -25.502147
      ],
      [
       -48.8051068,
       -25.5020416
      ],
      [
       -48.8051033,
       -25.5020307
      ],
      [
       -48.805099,
       -25.5020201
      ],
      [
       -48.805094,
       -25.5020098
      ],
      [
       -48.8050883,
       -25.5019998
      ],
      [
       -48.8050819,
       -25.5019901
      ],
      [
       -48.8050748,
       -25.5019807
      ],
      [
       -48.805063,
       -25.5019662
      ],
      [
       -48.805055,
       -25.5019569
      ],
      [
       -48.8050464,
       -25.5019482
      ],
      [
       -48.8050372,
       -25.5019401
      ],
      [
       -48.8050275,
       -25.5019325
      ],
      [
       -48.8050172,
       -25.5019255
      ],
      [
       -48.8050064,
       -25.5019191
      ],
      [
       -48.804949,
       -25.5018873
      ],
      [
       -48.8049396,
       -25.5018824
      ],
      [
       -48.80493,
       -25.501878
      ],
      [
       -48.8049202,
       -25.5018741
      ],
      [
       -48.8049102,
       -25.5018707
      ],
      [
       -48.8049,
       -25.5018678
      ],
      [
       -48.8048895,
       -25.5018653
      ],
      [
       -48.8047669,
       -25.50184
      ],
      [
       -48.8046882,
       -25.5018341
      ]
     ]
    ]
   },
   "properties": {
    "tipo": "quadra",
    "id": "quadra-9",
    "area_m2": 4532.15,
    "perimetro_m": 282.54,
    "fracaoDentroDaGleba": 0
   }
  },
  {
   "type": "Feature",
   "geometry": {
    "type": "Polygon",
    "coordinates": [
     [
      [
       -48.8047669,
       -25.50184
      ],
      [
       -48.8048895,
       -25.5018653
      ],
      [
       -48.8049,
       -25.5018678
      ],
      [
       -48.8049102,
       -25.5018707
      ],
      [
       -48.8049202,
       -25.5018741
      ],
      [
       -48.80493,
       -25.501878
      ],
      [
       -48.8049396,
       -25.5018824
      ],
      [
       -48.804949,
       -25.5018873
      ],
      [
       -48.8050064,
       -25.5019191
      ],
      [
       -48.8050172,
       -25.5019255
      ],
      [
       -48.8050275,
       -25.5019325
      ],
      [
       -48.8050372,
       -25.5019401
      ],
      [
       -48.8050464,
       -25.5019482
      ],
      [
       -48.805055,
       -25.5019569
      ],
      [
       -48.805063,
       -25.5019662
      ],
      [
       -48.8050748,
       -25.5019807
      ],
      [
       -48.8050819,
       -25.5019901
      ],
      [
       -48.8050883,
       -25.5019998
      ],
      [
       -48.805094,
       -25.5020098
      ],
      [
       -48.805099,
       -25.5020201
      ],
      [
       -48.8051033,
       -25.5020307
      ],
      [
       -48.8051068,
       -25.5020416
      ],
      [
       -48.8051374,
       -25.502147
      ],
      [
       -48.8052248,
       -25.5021317
      ],
      [
       -48.8052283,
       -25.502131
      ],
      [
       -48.8052317,
       -25.5021302
      ],
      [
       -48.8052351,
       -25.5021293
      ],
      [
       -48.8052384,
       -25.5021283
      ],
      [
       -48.8052418,
       -25.5021272
      ],
      [
       -48.805245,
       -25.502126
      ],
      [
       -48.8053675,
       -25.5020785
      ],
      [
       -48.8053701,
       -25.5020775
      ],
      [
       -48.8053727,
       -25.5020763
      ],
      [
       -48.8053752,
       -25.5020752
      ],
      [
       -48.8053777,
       -25.5020739
      ],
      [
       -48.8053802,
       -25.5020726
      ],
      [
       -48.8053826,
       -25.5020712
      ],
      [
       -48.8054344,
       -25.5020407
      ],
      [
       -48.8054376,
       -25.5020387
      ],
      [
       -48.8054408,
       -25.5020366
      ],
      [
       -48.8054439,
       -25.5020344
      ],
      [
       -48.8054468,
       -25.502032
      ],
      [
       -48.8054497,
       -25.5020296
      ],
      [
       -48.8054525,
       -25.5020271
      ],
      [
       -48.8054743,
       -25.5020061
      ],
      [
       -48.8054788,
       -25.5020014
      ],
      [
       -48.805483,
       -25.5019965
      ],
      [
       -48.8054868,
       -25.5019914
      ],
      [
       -48.8054901,
       -25.501986
      ],
      [
       -48.8054931,
       -25.5019805
      ],
      [
       -48.8054956,
       -25.5019746
      ],
      [
       -48.8055291,
       -25.5018901
      ],
      [
       -48.8055309,
       -25.5018854
      ],
      [
       -48.8055323,
       -25.5018807
      ],
      [
       -48.8055334,
       -25.5018759
      ],
      [
       -48.8055342,
       -25.501871
      ],
      [
       -48.8055348,
       -25.5018661
      ],
      [
       -48.805535,
       -25.5018612
      ],
      [
       -48.8055389,
       -25.5016622
      ],
      [
       -48.8047854,
       -25.5017352
      ],
      [
       -48.8047479,
       -25.5017391
      ],
      [
       -48.8047669,
       -25.50184
      ]
     ]
    ]
   },
   "properties": {
    "tipo": "quadra",
    "id": "quadra-10",
    "area_m2": 2555.34,
    "perimetro_m": 223.91,
    "fracaoDentroDaGleba": 0
   }
  },
  {
   "type": "Feature",
   "geometry": {
    "type": "Polygon",
    "coordinates": [
     [
      [
       -48.8046882,
       -25.5018341
      ],
      [
       -48.8047669,
       -25.50184
      ],
      [
       -48.8047479,
       -25.5017391
      ],
      [
       -48.8046667,
       -25.5017468
      ],
      [
       -48.8046882,
       -25.5018341
      ]
     ]
    ]
   },
   "properties": {
    "tipo": "quadra",
    "id": "quadra-11",
    "area_m2": 83.98,
    "perimetro_m": 37.39,
    "fracaoDentroDaGleba": 0
   }
  },
  {
   "type": "Feature",
   "geometry": {
    "type": "Polygon",
    "coordinates": [
     [
      [
       -48.8047854,
       -25.5017352
      ],
      [
       -48.8055389,
       -25.5016622
      ],
      [
       -48.8055119,
       -25.5015016
      ],
      [
       -48.8055112,
       -25.5014978
      ],
      [
       -48.8055103,
       -25.501494
      ],
      [
       -48.8055092,
       -25.5014903
      ],
      [
       -48.805508,
       -25.5014867
      ],
      [
       -48.8055066,
       -25.5014831
      ],
      [
       -48.805505,
       -25.5014795
      ],
      [
       -48.8054483,
       -25.5013598
      ],
      [
       -48.8054475,
       -25.5013581
      ],
      [
       -48.8054466,
       -25.5013564
      ],
      [
       -48.8054457,
       -25.5013548
      ],
      [
       -48.8054448,
       -25.5013531
      ],
      [
       -48.8054438,
       -25.5013515
      ],
      [
       -48.8054428,
       -25.5013499
      ],
      [
       -48.8053076,
       -25.50114
      ],
      [
       -48.8053068,
       -25.5011389
      ],
      [
       -48.805306,
       -25.5011377
      ],
      [
       -48.8053052,
       -25.5011366
      ],
      [
       -48.8053044,
       -25.5011354
      ],
      [
       -48.8053036,
       -25.5011343
      ],
      [
       -48.8053027,
       -25.5011332
      ],
      [
       -48.8051017,
       -25.5008771
      ],
      [
       -48.8050032,
       -25.5009199
      ],
      [
       -48.8049985,
       -25.5009219
      ],
      [
       -48.8049938,
       -25.5009237
      ],
      [
       -48.804989,
       -25.5009255
      ],
      [
       -48.8049842,
       -25.5009271
      ],
      [
       -48.8049794,
       -25.5009286
      ],
      [
       -48.8049745,
       -25.50093
      ],
      [
       -48.8048276,
       -25.5009701
      ],
      [
       -48.8048238,
       -25.5009711
      ],
      [
       -48.80482,
       -25.500972
      ],
      [
       -48.8048162,
       -25.5009729
      ],
      [
       -48.8048123,
       -25.5009737
      ],
      [
       -48.8048085,
       -25.5009744
      ],
      [
       -48.8048046,
       -25.5009751
      ],
      [
       -48.8046464,
       -25.5010002
      ],
      [
       -48.8047562,
       -25.5016602
      ],
      [
       -48.8047568,
       -25.5016634
      ],
      [
       -48.8047575,
       -25.5016666
      ],
      [
       -48.8047584,
       -25.5016698
      ],
      [
       -48.8047593,
       -25.5016729
      ],
      [
       -48.8047604,
       -25.501676
      ],
      [
       -48.8047617,
       -25.501679
      ],
      [
       -48.8047854,
       -25.5017352
      ]
     ]
    ]
   },
   "properties": {
    "tipo": "quadra",
    "id": "quadra-12",
    "area_m2": 5853.93,
    "perimetro_m": 305.87,
    "fracaoDentroDaGleba": 0.0054
   }
  },
  {
   "type": "Feature",
   "geometry": {
    "type": "Polygon",
    "coordinates": [
     [
      [
       -48.8038672,
       -25.5009514
      ],
      [
       -48.8037728,
       -25.5009105
      ],
      [
       -48.8037666,
       -25.5009077
      ],
      [
       -48.8037606,
       -25.5009048
      ],
      [
       -48.8037547,
       -25.5009016
      ],
      [
       -48.8037489,
       -25.5008983
      ],
      [
       -48.8037433,
       -25.5008948
      ],
      [
       -48.8037377,
       -25.5008911
      ],
      [
       -48.8036016,
       -25.5007967
      ],
      [
       -48.8035517,
       -25.5008425
      ],
      [
       -48.8035481,
       -25.5008457
      ],
      [
       -48.8035443,
       -25.5008487
      ],
      [
       -48.8035404,
       -25.5008515
      ],
      [
       -48.8035363,
       -25.5008541
      ],
      [
       -48.8035321,
       -25.5008565
      ],
      [
       -48.8035277,
       -25.5008588
      ],
      [
       -48.8033589,
       -25.5009402
      ],
      [
       -48.803356,
       -25.5009416
      ],
      [
       -48.803353,
       -25.5009428
      ],
      [
       -48.80335,
       -25.500944
      ],
      [
       -48.803347,
       -25.5009451
      ],
      [
       -48.8033439,
       -25.5009461
      ],
      [
       -48.8033408,
       -25.500947
      ],
      [
       -48.8032006,
       -25.5009852
      ],
      [
       -48.8031974,
       -25.500986
      ],
      [
       -48.8031943,
       -25.5009867
      ],
      [
       -48.8031912,
       -25.5009873
      ],
      [
       -48.803188,
       -25.5009879
      ],
      [
       -48.8031848,
       -25.5009883
      ],
      [
       -48.8031816,
       -25.5009886
      ],
      [
       -48.8029924,
       -25.5010053
      ],
      [
       -48.8029905,
       -25.5010055
      ],
      [
       -48.8029887,
       -25.5010056
      ],
      [
       -48.8029868,
       -25.5010057
      ],
      [
       -48.802985,
       -25.5010057
      ],
      [
       -48.8029831,
       -25.5010057
      ],
      [
       -48.8029813,
       -25.5010057
      ],
      [
       -48.8027966,
       -25.5010032
      ],
      [
       -48.802795,
       -25.5010032
      ],
      [
       -48.8027934,
       -25.5010031
      ],
      [
       -48.8027918,
       -25.5010031
      ],
      [
       -48.8027902,
       -25.501003
      ],
      [
       -48.8027886,
       -25.5010028
      ],
      [
       -48.802787,
       -25.5010027
      ],
      [
       -48.8026271,
       -25.5009864
      ],
      [
       -48.8026105,
       -25.5011185
      ],
      [
       -48.8026099,
       -25.5011228
      ],
      [
       -48.8026092,
       -25.5011271
      ],
      [
       -48.8026084,
       -25.5011313
      ],
      [
       -48.8026075,
       -25.5011356
      ],
      [
       -48.8026064,
       -25.5011398
      ],
      [
       -48.8026052,
       -25.501144
      ],
      [
       -48.8025797,
       -25.5012319
      ],
      [
       -48.8025779,
       -25.5012379
      ],
      [
       -48.8025758,
       -25.5012439
      ],
      [
       -48.8025734,
       -25.5012498
      ],
      [
       -48.8025709,
       -25.5012556
      ],
      [
       -48.8025681,
       -25.5012613
      ],
      [
       -48.8025651,
       -25.501267
      ],
      [
       -48.8025336,
       -25.5013239
      ],
      [
       -48.8025274,
       -25.5013343
      ],
      [
       -48.8025205,
       -25.5013443
      ],
      [
       -48.8025129,
       -25.5013538
      ],
      [
       -48.8025046,
       -25.5013628
      ],
      [
       -48.8024956,
       -25.5013713
      ],
      [
       -48.802486,
       -25.5013794
      ],
      [
       -48.8024565,
       -25.5014025
      ],
      [
       -48.8024484,
       -25.5014086
      ],
      [
       -48.80244,
       -25.5014142
      ],
      [
       -48.8024313,
       -25.5014194
      ],
      [
       -48.8024223,
       -25.5014241
      ],
      [
       -48.802413,
       -25.5014285
      ],
      [
       -48.8024035,
       -25.5014324
      ],
      [
       -48.8023618,
       -25.5014483
      ],
      [
       -48.8023555,
       -25.5014506
      ],
      [
       -48.8023491,
       -25.5014527
      ],
      [
       -48.8023427,
       -25.5014546
      ],
      [
       -48.8023362,
       -25.5014562
      ],
      [
       -48.8023297,
       -25.5014577
      ],
      [
       -48.802323,
       -25.501459
      ],
      [
       -48.8022654,
       -25.5014693
      ],
      [
       -48.8022442,
       -25.5016304
      ],
      [
       -48.802244,
       -25.5016319
      ],
      [
       -48.8022437,
       -25.5016335
      ],
      [
       -48.8022435,
       -25.5016351
      ],
      [
       -48.8022431,
       -25.5016366
      ],
      [
       -48.8022428,
       -25.5016382
      ],
      [
       -48.8022424,
       -25.5016398
      ],
      [
       -48.8021292,
       -25.5020895
      ],
      [
       -48.8021807,
       -25.5020973
      ],
      [
       -48.8021884,
       -25.5020986
      ],
      [
       -48.8021959,
       -25.5021002
      ],
      [
       -48.8022034,
       -25.502102
      ],
      [
       -48.8022108,
       -25.5021041
      ],
      [
       -48.8022181,
       -25.5021065
      ],
      [
       -48.8022254,
       -25.5021091
      ],
      [
       -48.8023223,
       -25.5021463
      ],
      [
       -48.8023261,
       -25.5021478
      ],
      [
       -48.8023299,
       -25.5021494
      ],
      [
       -48.8023336,
       -25.502151
      ],
      [
       -48.8023374,
       -25.5021528
      ],
      [
       -48.802341,
       -25.5021546
      ],
      [
       -48.8023447,
       -25.5021564
      ],
      [
       -48.8025527,
       -25.502266
      ],
      [
       -48.8025583,
       -25.502269
      ],
      [
       -48.8025637,
       -25.5022722
      ],
      [
       -48.802569,
       -25.5022755
      ],
      [
       -48.8025741,
       -25.502279
      ],
      [
       -48.8025792,
       -25.5022826
      ],
      [
       -48.8025841,
       -25.5022864
      ],
      [
       -48.8027107,
       -25.5023872
      ],
      [
       -48.8027143,
       -25.5023901
      ],
      [
       -48.8027177,
       -25.502393
      ],
      [
       -48.8027211,
       -25.5023961
      ],
      [
       -48.8027243,
       -25.5023991
      ],
      [
       -48.8027275,
       -25.5024023
      ],
      [
       -48.8027307,
       -25.5024055
      ],
      [
       -48.8027808,
       -25.5024587
      ],
      [
       -48.8033051,
       -25.501874
      ],
      [
       -48.8033067,
       -25.5018722
      ],
      [
       -48.8033083,
       -25.5018703
      ],
      [
       -48.8033098,
       -25.5018683
      ],
      [
       -48.8033113,
       -25.5018663
      ],
      [
       -48.8033127,
       -25.5018643
      ],
      [
       -48.803314,
       -25.5018623
      ],
      [
       -48.803526,
       -25.5015299
      ],
      [
       -48.8035266,
       -25.5015289
      ],
      [
       -48.8035273,
       -25.5015279
      ],
      [
       -48.8035279,
       -25.5015269
      ],
      [
       -48.8035284,
       -25.5015259
      ],
      [
       -48.803529,
       -25.5015249
      ],
      [
       -48.8035296,
       -25.5015238
      ],
      [
       -48.8037152,
       -25.5011737
      ],
      [
       -48.803716,
       -25.5011723
      ],
      [
       -48.8037168,
       -25.5011708
      ],
      [
       -48.8037176,
       -25.5011694
      ],
      [
       -48.8037185,
       -25.5011679
      ],
      [
       -48.8037194,
       -25.5011665
      ],
      [
       -48.8037204,
       -25.5011651
      ],
      [
       -48.8038672,
       -25.5009514
      ]
     ]
    ]
   },
   "properties": {
    "tipo": "quadra",
    "id": "quadra-13",
    "area_m2": 16352.99,
    "perimetro_m": 556.52,
    "fracaoDentroDaGleba": 1
   }
  },
  {
   "type": "Feature",
   "geometry": {
    "type": "Polygon",
    "coordinates": [
     [
      [
       -48.8036016,
       -25.5007967
      ],
      [
       -48.8035309,
       -25.5007297
      ],
      [
       -48.8035271,
       -25.5007259
      ],
      [
       -48.8035234,
       -25.5007221
      ],
      [
       -48.8035198,
       -25.5007181
      ],
      [
       -48.8035163,
       -25.5007141
      ],
      [
       -48.8035129,
       -25.50071
      ],
      [
       -48.8035097,
       -25.5007058
      ],
      [
       -48.8034478,
       -25.5006225
      ],
      [
       -48.8034444,
       -25.5006178
      ],
      [
       -48.8034412,
       -25.500613
      ],
      [
       -48.8034382,
       -25.5006081
      ],
      [
       -48.8034353,
       -25.5006032
      ],
      [
       -48.8034326,
       -25.5005981
      ],
      [
       -48.80343,
       -25.500593
      ],
      [
       -48.8033538,
       -25.5004322
      ],
      [
       -48.8030015,
       -25.5004849
      ],
      [
       -48.8029999,
       -25.5004851
      ],
      [
       -48.8029983,
       -25.5004854
      ],
      [
       -48.8029966,
       -25.5004855
      ],
      [
       -48.802995,
       -25.5004857
      ],
      [
       -48.8029934,
       -25.5004858
      ],
      [
       -48.8029918,
       -25.5004859
      ],
      [
       -48.8028131,
       -25.5004966
      ],
      [
       -48.8028102,
       -25.5004968
      ],
      [
       -48.8028073,
       -25.5004968
      ],
      [
       -48.8028045,
       -25.5004968
      ],
      [
       -48.8028016,
       -25.5004967
      ],
      [
       -48.8027988,
       -25.5004965
      ],
      [
       -48.8027959,
       -25.5004963
      ],
      [
       -48.8026881,
       -25.5004858
      ],
      [
       -48.8026271,
       -25.5009864
      ],
      [
       -48.802787,
       -25.5010027
      ],
      [
       -48.8027886,
       -25.5010028
      ],
      [
       -48.8027902,
       -25.501003
      ],
      [
       -48.8027918,
       -25.5010031
      ],
      [
       -48.8027934,
       -25.5010031
      ],
      [
       -48.802795,
       -25.5010032
      ],
      [
       -48.8027966,
       -25.5010032
      ],
      [
       -48.8029813,
       -25.5010057
      ],
      [
       -48.8029831,
       -25.5010057
      ],
      [
       -48.802985,
       -25.5010057
      ],
      [
       -48.8029868,
       -25.5010057
      ],
      [
       -48.8029887,
       -25.5010056
      ],
      [
       -48.8029905,
       -25.5010055
      ],
      [
       -48.8029924,
       -25.5010053
      ],
      [
       -48.8031816,
       -25.5009886
      ],
      [
       -48.8031848,
       -25.5009883
      ],
      [
       -48.803188,
       -25.5009879
      ],
      [
       -48.8031912,
       -25.5009873
      ],
      [
       -48.8031943,
       -25.5009867
      ],
      [
       -48.8031974,
       -25.500986
      ],
      [
       -48.8032006,
       -25.5009852
      ],
      [
       -48.8033408,
       -25.500947
      ],
      [
       -48.8033439,
       -25.5009461
      ],
      [
       -48.803347,
       -25.5009451
      ],
      [
       -48.80335,
       -25.500944
      ],
      [
       -48.803353,
       -25.5009428
      ],
      [
       -48.803356,
       -25.5009416
      ],
      [
       -48.8033589,
       -25.5009402
      ],
      [
       -48.8035277,
       -25.5008588
      ],
      [
       -48.8035321,
       -25.5008565
      ],
      [
       -48.8035363,
       -25.5008541
      ],
      [
       -48.8035404,
       -25.5008515
      ],
      [
       -48.8035443,
       -25.5008487
      ],
      [
       -48.8035481,
       -25.5008457
      ],
      [
       -48.8035517,
       -25.5008425
      ],
      [
       -48.8036016,
       -25.5007967
      ]
     ]
    ]
   },
   "properties": {
    "tipo": "quadra",
    "id": "quadra-14",
    "area_m2": 4653.35,
    "perimetro_m": 275.2,
    "fracaoDentroDaGleba": 1
   }
  },
  {
   "type": "Feature",
   "geometry": {
    "type": "Polygon",
    "coordinates": [
     [
      [
       -48.8033538,
       -25.5004322
      ],
      [
       -48.8033261,
       -25.5003275
      ],
      [
       -48.8030304,
       -25.5003188
      ],
      [
       -48.8030282,
       -25.5003187
      ],
      [
       -48.803026,
       -25.5003186
      ],
      [
       -48.8030238,
       -25.5003184
      ],
      [
       -48.8030217,
       -25.5003182
      ],
      [
       -48.8030195,
       -25.5003179
      ],
      [
       -48.8030174,
       -25.5003176
      ],
      [
       -48.802714,
       -25.5002721
      ],
      [
       -48.8026881,
       -25.5004858
      ],
      [
       -48.8027959,
       -25.5004963
      ],
      [
       -48.8027988,
       -25.5004965
      ],
      [
       -48.8028016,
       -25.5004967
      ],
      [
       -48.8028045,
       -25.5004968
      ],
      [
       -48.8028073,
       -25.5004968
      ],
      [
       -48.8028102,
       -25.5004968
      ],
      [
       -48.8028131,
       -25.5004966
      ],
      [
       -48.8029918,
       -25.5004859
      ],
      [
       -48.8029934,
       -25.5004858
      ],
      [
       -48.802995,
       -25.5004857
      ],
      [
       -48.8029966,
       -25.5004855
      ],
      [
       -48.8029983,
       -25.5004854
      ],
      [
       -48.8029999,
       -25.5004851
      ],
      [
       -48.8030015,
       -25.5004849
      ],
      [
       -48.8033538,
       -25.5004322
      ]
     ]
    ]
   },
   "properties": {
    "tipo": "quadra",
    "id": "quadra-15",
    "area_m2": 1181.03,
    "perimetro_m": 165.23,
    "fracaoDentroDaGleba": 1
   }
  },
  {
   "type": "Feature",
   "geometry": {
    "type": "Polygon",
    "coordinates": [
     [
      [
       -48.8033261,
       -25.5003275
      ],
      [
       -48.8033046,
       -25.5001318
      ],
      [
       -48.8033041,
       -25.5001268
      ],
      [
       -48.8033038,
       -25.5001219
      ],
      [
       -48.8033036,
       -25.5001169
      ],
      [
       -48.8033036,
       -25.5001119
      ],
      [
       -48.8033037,
       -25.500107
      ],
      [
       -48.803304,
       -25.500102
      ],
      [
       -48.8033122,
       -25.4999892
      ],
      [
       -48.8033125,
       -25.4999851
      ],
      [
       -48.803313,
       -25.4999809
      ],
      [
       -48.8033136,
       -25.4999768
      ],
      [
       -48.8033142,
       -25.4999727
      ],
      [
       -48.803315,
       -25.4999686
      ],
      [
       -48.8033159,
       -25.4999646
      ],
      [
       -48.8033497,
       -25.4998156
      ],
      [
       -48.8033511,
       -25.4998099
      ],
      [
       -48.8033527,
       -25.4998043
      ],
      [
       -48.8033545,
       -25.4997987
      ],
      [
       -48.8033565,
       -25.4997932
      ],
      [
       -48.8033587,
       -25.4997877
      ],
      [
       -48.8033611,
       -25.4997823
      ],
      [
       -48.8033882,
       -25.4997236
      ],
      [
       -48.8030182,
       -25.4995614
      ],
      [
       -48.8030141,
       -25.4995595
      ],
      [
       -48.8030101,
       -25.4995574
      ],
      [
       -48.8030062,
       -25.4995552
      ],
      [
       -48.8030025,
       -25.4995528
      ],
      [
       -48.8029988,
       -25.4995502
      ],
      [
       -48.8029953,
       -25.4995475
      ],
      [
       -48.8029486,
       -25.4995098
      ],
      [
       -48.802917,
       -25.499574
      ],
      [
       -48.8028692,
       -25.4996731
      ],
      [
       -48.8028674,
       -25.4996769
      ],
      [
       -48.8028657,
       -25.4996808
      ],
      [
       -48.8028641,
       -25.4996848
      ],
      [
       -48.8028626,
       -25.4996887
      ],
      [
       -48.8028612,
       -25.4996927
      ],
      [
       -48.8028599,
       -25.4996968
      ],
      [
       -48.8027598,
       -25.5000215
      ],
      [
       -48.802714,
       -25.5002721
      ],
      [
       -48.8030174,
       -25.5003176
      ],
      [
       -48.8030195,
       -25.5003179
      ],
      [
       -48.8030217,
       -25.5003182
      ],
      [
       -48.8030238,
       -25.5003184
      ],
      [
       -48.803026,
       -25.5003186
      ],
      [
       -48.8030282,
       -25.5003187
      ],
      [
       -48.8030304,
       -25.5003188
      ],
      [
       -48.8033261,
       -25.5003275
      ]
     ]
    ]
   },
   "properties": {
    "tipo": "quadra",
    "id": "quadra-16",
    "area_m2": 4220.64,
    "perimetro_m": 268.54,
    "fracaoDentroDaGleba": 1
   }
  },
  {
   "type": "Feature",
   "geometry": {
    "type": "Polygon",
    "coordinates": [
     [
      [
       -48.8033882,
       -25.4997236
      ],
      [
       -48.8035242,
       -25.499486
      ],
      [
       -48.8035273,
       -25.4994807
      ],
      [
       -48.8035306,
       -25.4994756
      ],
      [
       -48.8035341,
       -25.4994706
      ],
      [
       -48.8035377,
       -25.4994657
      ],
      [
       -48.8035415,
       -25.4994609
      ],
      [
       -48.8035455,
       -25.4994562
      ],
      [
       -48.8037071,
       -25.4992734
      ],
      [
       -48.8033387,
       -25.4989683
      ],
      [
       -48.8031721,
       -25.4991567
      ],
      [
       -48.8031696,
       -25.4991596
      ],
      [
       -48.8031672,
       -25.4991626
      ],
      [
       -48.8031648,
       -25.4991656
      ],
      [
       -48.8031625,
       -25.4991686
      ],
      [
       -48.8031602,
       -25.4991717
      ],
      [
       -48.8031581,
       -25.4991748
      ],
      [
       -48.8030183,
       -25.4993803
      ],
      [
       -48.8029486,
       -25.4995098
      ],
      [
       -48.8029953,
       -25.4995475
      ],
      [
       -48.8029988,
       -25.4995502
      ],
      [
       -48.8030025,
       -25.4995528
      ],
      [
       -48.8030062,
       -25.4995552
      ],
      [
       -48.8030101,
       -25.4995574
      ],
      [
       -48.8030141,
       -25.4995595
      ],
      [
       -48.8030182,
       -25.4995614
      ],
      [
       -48.8033882,
       -25.4997236
      ]
     ]
    ]
   },
   "properties": {
    "tipo": "quadra",
    "id": "quadra-17",
    "area_m2": 3333.26,
    "perimetro_m": 232.02,
    "fracaoDentroDaGleba": 1
   }
  },
  {
   "type": "Feature",
   "geometry": {
    "type": "Polygon",
    "coordinates": [
     [
      [
       -48.8037071,
       -25.4992734
      ],
      [
       -48.8038468,
       -25.4991525
      ],
      [
       -48.8036027,
       -25.49875
      ],
      [
       -48.803396,
       -25.4989186
      ],
      [
       -48.8033387,
       -25.4989683
      ],
      [
       -48.8037071,
       -25.4992734
      ]
     ]
    ]
   },
   "properties": {
    "tipo": "quadra",
    "id": "quadra-18",
    "area_m2": 1377.26,
    "perimetro_m": 156.36,
    "fracaoDentroDaGleba": 1
   }
  },
  {
   "type": "Feature",
   "geometry": {
    "type": "Polygon",
    "coordinates": [
     [
      [
       -48.8038468,
       -25.4991525
      ],
      [
       -48.8040152,
       -25.499048
      ],
      [
       -48.8041553,
       -25.4989803
      ],
      [
       -48.8041244,
       -25.4989299
      ],
      [
       -48.804123,
       -25.4989275
      ],
      [
       -48.8041216,
       -25.4989251
      ],
      [
       -48.8041204,
       -25.4989226
      ],
      [
       -48.8041192,
       -25.4989201
      ],
      [
       -48.8041181,
       -25.4989176
      ],
      [
       -48.8041171,
       -25.498915
      ],
      [
       -48.8039835,
       -25.4985571
      ],
      [
       -48.8038716,
       -25.4985974
      ],
      [
       -48.8036027,
       -25.49875
      ],
      [
       -48.8038468,
       -25.4991525
      ]
     ]
    ]
   },
   "properties": {
    "tipo": "quadra",
    "id": "quadra-19",
    "area_m2": 1996.21,
    "perimetro_m": 181.41,
    "fracaoDentroDaGleba": 1
   }
  },
  {
   "type": "Feature",
   "geometry": {
    "type": "Polygon",
    "coordinates": [
     [
      [
       -48.8040152,
       -25.499048
      ],
      [
       -48.8038468,
       -25.4991525
      ],
      [
       -48.8039609,
       -25.4993406
      ],
      [
       -48.8041212,
       -25.4992753
      ],
      [
       -48.804108,
       -25.4992472
      ],
      [
       -48.8040152,
       -25.499048
      ]
     ]
    ]
   },
   "properties": {
    "tipo": "quadra",
    "id": "quadra-20",
    "area_m2": 484.14,
    "perimetro_m": 89.3,
    "fracaoDentroDaGleba": 1
   }
  },
  {
   "type": "Feature",
   "geometry": {
    "type": "Polygon",
    "coordinates": [
     [
      [
       -48.8041553,
       -25.4989803
      ],
      [
       -48.8040152,
       -25.499048
      ],
      [
       -48.804108,
       -25.4992472
      ],
      [
       -48.8044019,
       -25.4991958
      ],
      [
       -48.8044057,
       -25.4991951
      ],
      [
       -48.8044096,
       -25.4991946
      ],
      [
       -48.8044135,
       -25.4991941
      ],
      [
       -48.8044174,
       -25.4991936
      ],
      [
       -48.8044213,
       -25.4991933
      ],
      [
       -48.8044252,
       -25.499193
      ],
      [
       -48.8046158,
       -25.4991805
      ],
      [
       -48.8045675,
       -25.49886
      ],
      [
       -48.8042892,
       -25.498929
      ],
      [
       -48.8042845,
       -25.4989302
      ],
      [
       -48.8042798,
       -25.4989316
      ],
      [
       -48.8042752,
       -25.498933
      ],
      [
       -48.8042706,
       -25.4989345
      ],
      [
       -48.8042661,
       -25.4989362
      ],
      [
       -48.8042616,
       -25.4989379
      ],
      [
       -48.8041553,
       -25.4989803
      ]
     ]
    ]
   },
   "properties": {
    "tipo": "quadra",
    "id": "quadra-21",
    "area_m2": 1687.28,
    "perimetro_m": 171.04,
    "fracaoDentroDaGleba": 1
   }
  },
  {
   "type": "Feature",
   "geometry": {
    "type": "Polygon",
    "coordinates": [
     [
      [
       -48.8041553,
       -25.4989803
      ],
      [
       -48.8042616,
       -25.4989379
      ],
      [
       -48.8042661,
       -25.4989362
      ],
      [
       -48.8042706,
       -25.4989345
      ],
      [
       -48.8042752,
       -25.498933
      ],
      [
       -48.8042798,
       -25.4989316
      ],
      [
       -48.8042845,
       -25.4989302
      ],
      [
       -48.8042892,
       -25.498929
      ],
      [
       -48.8045675,
       -25.49886
      ],
      [
       -48.8045068,
       -25.4983911
      ],
      [
       -48.8043611,
       -25.498423
      ],
      [
       -48.8043566,
       -25.4984241
      ],
      [
       -48.8043521,
       -25.4984252
      ],
      [
       -48.8043476,
       -25.4984264
      ],
      [
       -48.8043432,
       -25.4984278
      ],
      [
       -48.8043388,
       -25.4984292
      ],
      [
       -48.8043344,
       -25.4984307
      ],
      [
       -48.8039835,
       -25.4985571
      ],
      [
       -48.8041171,
       -25.498915
      ],
      [
       -48.8041181,
       -25.4989176
      ],
      [
       -48.8041192,
       -25.4989201
      ],
      [
       -48.8041204,
       -25.4989226
      ],
      [
       -48.8041216,
       -25.4989251
      ],
      [
       -48.804123,
       -25.4989275
      ],
      [
       -48.8041244,
       -25.4989299
      ],
      [
       -48.8041553,
       -25.4989803
      ]
     ]
    ]
   },
   "properties": {
    "tipo": "quadra",
    "id": "quadra-22",
    "area_m2": 2553.15,
    "perimetro_m": 201.83,
    "fracaoDentroDaGleba": 0.92
   }
  },
  {
   "type": "Feature",
   "geometry": {
    "type": "Polygon",
    "coordinates": [
     [
      [
       -48.8045675,
       -25.49886
      ],
      [
       -48.8046484,
       -25.4988457
      ],
      [
       -48.8048068,
       -25.4988326
      ],
      [
       -48.8047333,
       -25.4983444
      ],
      [
       -48.8045068,
       -25.4983911
      ],
      [
       -48.8045675,
       -25.49886
      ]
     ]
    ]
   },
   "properties": {
    "tipo": "quadra",
    "id": "quadra-23",
    "area_m2": 1262.52,
    "perimetro_m": 154.53,
    "fracaoDentroDaGleba": 0.775
   }
  },
  {
   "type": "Feature",
   "geometry": {
    "type": "Polygon",
    "coordinates": [
     [
      [
       -48.8046484,
       -25.4988457
      ],
      [
       -48.8045675,
       -25.49886
      ],
      [
       -48.8046158,
       -25.4991805
      ],
      [
       -48.8046539,
       -25.4991782
      ],
      [
       -48.8046484,
       -25.4988457
      ]
     ]
    ]
   },
   "properties": {
    "tipo": "quadra",
    "id": "quadra-24",
    "area_m2": 219.03,
    "perimetro_m": 84.81,
    "fracaoDentroDaGleba": 1
   }
  },
  {
   "type": "Feature",
   "geometry": {
    "type": "Polygon",
    "coordinates": [
     [
      [
       -48.8048068,
       -25.4988326
      ],
      [
       -48.8046484,
       -25.4988457
      ],
      [
       -48.8046539,
       -25.4991782
      ],
      [
       -48.80485,
       -25.4991812
      ],
      [
       -48.8048543,
       -25.4991813
      ],
      [
       -48.8048586,
       -25.4991815
      ],
      [
       -48.8048629,
       -25.4991817
      ],
      [
       -48.8048671,
       -25.4991821
      ],
      [
       -48.8048714,
       -25.4991825
      ],
      [
       -48.8048756,
       -25.4991831
      ],
      [
       -48.8049977,
       -25.4991994
      ],
      [
       -48.8050023,
       -25.4992
      ],
      [
       -48.8050069,
       -25.4992008
      ],
      [
       -48.8050115,
       -25.4992017
      ],
      [
       -48.8050161,
       -25.4992026
      ],
      [
       -48.8050206,
       -25.4992037
      ],
      [
       -48.8050252,
       -25.4992049
      ],
      [
       -48.805126,
       -25.4992319
      ],
      [
       -48.8052625,
       -25.4989975
      ],
      [
       -48.8052635,
       -25.4989959
      ],
      [
       -48.8052645,
       -25.4989942
      ],
      [
       -48.8052656,
       -25.4989926
      ],
      [
       -48.8052667,
       -25.498991
      ],
      [
       -48.8052678,
       -25.4989895
      ],
      [
       -48.805269,
       -25.4989879
      ],
      [
       -48.8053571,
       -25.4988738
      ],
      [
       -48.805062,
       -25.4988354
      ],
      [
       -48.8050574,
       -25.4988349
      ],
      [
       -48.8050529,
       -25.4988344
      ],
      [
       -48.8050484,
       -25.4988341
      ],
      [
       -48.8050438,
       -25.4988338
      ],
      [
       -48.8050393,
       -25.4988337
      ],
      [
       -48.8050347,
       -25.4988336
      ],
      [
       -48.8048068,
       -25.4988326
      ]
     ]
    ]
   },
   "properties": {
    "tipo": "quadra",
    "id": "quadra-25",
    "area_m2": 2353.42,
    "perimetro_m": 202.62,
    "fracaoDentroDaGleba": 0.2803
   }
  },
  {
   "type": "Feature",
   "geometry": {
    "type": "Polygon",
    "coordinates": [
     [
      [
       -48.8048068,
       -25.4988326
      ],
      [
       -48.8050347,
       -25.4988336
      ],
      [
       -48.8050393,
       -25.4988337
      ],
      [
       -48.8050438,
       -25.4988338
      ],
      [
       -48.8050484,
       -25.4988341
      ],
      [
       -48.8050529,
       -25.4988344
      ],
      [
       -48.8050574,
       -25.4988349
      ],
      [
       -48.805062,
       -25.4988354
      ],
      [
       -48.8053571,
       -25.4988738
      ],
      [
       -48.8054225,
       -25.4987884
      ],
      [
       -48.8054242,
       -25.4987862
      ],
      [
       -48.8054257,
       -25.498784
      ],
      [
       -48.8054272,
       -25.4987817
      ],
      [
       -48.8054286,
       -25.4987794
      ],
      [
       -48.8054299,
       -25.4987771
      ],
      [
       -48.8054312,
       -25.4987747
      ],
      [
       -48.8055081,
       -25.4986237
      ],
      [
       -48.8055096,
       -25.4986206
      ],
      [
       -48.805511,
       -25.4986174
      ],
      [
       -48.8055123,
       -25.4986142
      ],
      [
       -48.8055134,
       -25.4986109
      ],
      [
       -48.8055143,
       -25.4986076
      ],
      [
       -48.8055152,
       -25.4986042
      ],
      [
       -48.8055652,
       -25.4983863
      ],
      [
       -48.805566,
       -25.4983823
      ],
      [
       -48.8055666,
       -25.4983784
      ],
      [
       -48.805567,
       -25.4983744
      ],
      [
       -48.8055672,
       -25.4983704
      ],
      [
       -48.8055672,
       -25.4983664
      ],
      [
       -48.8055671,
       -25.4983624
      ],
      [
       -48.8055551,
       -25.4981831
      ],
      [
       -48.8055183,
       -25.4981913
      ],
      [
       -48.8051794,
       -25.4982736
      ],
      [
       -48.8051765,
       -25.4982743
      ],
      [
       -48.8051736,
       -25.4982749
      ],
      [
       -48.8051707,
       -25.4982755
      ],
      [
       -48.8051678,
       -25.4982761
      ],
      [
       -48.8051648,
       -25.4982766
      ],
      [
       -48.8051619,
       -25.4982771
      ],
      [
       -48.8047333,
       -25.4983444
      ],
      [
       -48.8048068,
       -25.4988326
      ]
     ]
    ]
   },
   "properties": {
    "tipo": "quadra",
    "id": "quadra-26",
    "area_m2": 4743.74,
    "perimetro_m": 276.04,
    "fracaoDentroDaGleba": 0.0031
   }
  },
  {
   "type": "Feature",
   "geometry": {
    "type": "Polygon",
    "coordinates": [
     [
      [
       -48.7973972,
       -25.4966016
      ],
      [
       -48.7975341,
       -25.4970662
      ],
      [
       -48.7975356,
       -25.497071
      ],
      [
       -48.7975372,
       -25.4970758
      ],
      [
       -48.797539,
       -25.4970805
      ],
      [
       -48.7975409,
       -25.4970851
      ],
      [
       -48.797543,
       -25.4970898
      ],
      [
       -48.7975452,
       -25.4970943
      ],
      [
       -48.7976101,
       -25.4972238
      ],
      [
       -48.7976627,
       -25.4971853
      ],
      [
       -48.79799,
       -25.4970492
      ],
      [
       -48.7979264,
       -25.4969758
      ],
      [
       -48.7979229,
       -25.4969718
      ],
      [
       -48.7979197,
       -25.4969676
      ],
      [
       -48.7979165,
       -25.4969634
      ],
      [
       -48.7979135,
       -25.4969591
      ],
      [
       -48.7979106,
       -25.4969547
      ],
      [
       -48.7979078,
       -25.4969503
      ],
      [
       -48.7978162,
       -25.4967971
      ],
      [
       -48.797814,
       -25.4967933
      ],
      [
       -48.797812,
       -25.4967895
      ],
      [
       -48.79781,
       -25.4967856
      ],
      [
       -48.7978081,
       -25.4967817
      ],
      [
       -48.7978063,
       -25.4967778
      ],
      [
       -48.7978046,
       -25.4967738
      ],
      [
       -48.7977092,
       -25.4965408
      ],
      [
       -48.7973972,
       -25.4966016
      ]
     ]
    ]
   },
   "properties": {
    "tipo": "quadra",
    "id": "quadra-27",
    "area_m2": 2428.4,
    "perimetro_m": 210.85,
    "fracaoDentroDaGleba": 0.9567
   }
  },
  {
   "type": "Feature",
   "geometry": {
    "type": "Polygon",
    "coordinates": [
     [
      [
       -48.7975341,
       -25.4970662
      ],
      [
       -48.7973972,
       -25.4966016
      ],
      [
       -48.796908,
       -25.4966966
      ],
      [
       -48.7968972,
       -25.4969006
      ],
      [
       -48.796897,
       -25.4969038
      ],
      [
       -48.7968968,
       -25.4969071
      ],
      [
       -48.7968964,
       -25.4969103
      ],
      [
       -48.7968961,
       -25.4969135
      ],
      [
       -48.7968956,
       -25.4969167
      ],
      [
       -48.7968951,
       -25.4969198
      ],
      [
       -48.7968679,
       -25.4970776
      ],
      [
       -48.7968674,
       -25.4970803
      ],
      [
       -48.7968669,
       -25.497083
      ],
      [
       -48.7968663,
       -25.4970857
      ],
      [
       -48.7968657,
       -25.4970884
      ],
      [
       -48.796865,
       -25.497091
      ],
      [
       -48.7968643,
       -25.4970937
      ],
      [
       -48.7967774,
       -25.4974074
      ],
      [
       -48.7967678,
       -25.497441
      ],
      [
       -48.796758,
       -25.497476
      ],
      [
       -48.7969909,
       -25.4974743
      ],
      [
       -48.7969936,
       -25.4974743
      ],
      [
       -48.7969963,
       -25.4974741
      ],
      [
       -48.796999,
       -25.497474
      ],
      [
       -48.7970017,
       -25.4974737
      ],
      [
       -48.7970044,
       -25.4974734
      ],
      [
       -48.7970071,
       -25.497473
      ],
      [
       -48.7971524,
       -25.4974501
      ],
      [
       -48.7971544,
       -25.4974498
      ],
      [
       -48.7971563,
       -25.4974494
      ],
      [
       -48.7971583,
       -25.497449
      ],
      [
       -48.7971602,
       -25.4974486
      ],
      [
       -48.7971622,
       -25.4974481
      ],
      [
       -48.7971641,
       -25.4974476
      ],
      [
       -48.7973455,
       -25.4973979
      ],
      [
       -48.797347,
       -25.4973975
      ],
      [
       -48.7973485,
       -25.4973971
      ],
      [
       -48.79735,
       -25.4973966
      ],
      [
       -48.7973514,
       -25.4973961
      ],
      [
       -48.7973529,
       -25.4973956
      ],
      [
       -48.7973544,
       -25.4973951
      ],
      [
       -48.7976445,
       -25.4972877
      ],
      [
       -48.7976101,
       -25.4972238
      ],
      [
       -48.7975452,
       -25.4970943
      ],
      [
       -48.797543,
       -25.4970898
      ],
      [
       -48.7975409,
       -25.4970851
      ],
      [
       -48.797539,
       -25.4970805
      ],
      [
       -48.7975372,
       -25.4970758
      ],
      [
       -48.7975356,
       -25.497071
      ],
      [
       -48.7975341,
       -25.4970662
      ]
     ]
    ]
   },
   "properties": {
    "tipo": "quadra",
    "id": "quadra-28",
    "area_m2": 5747.02,
    "perimetro_m": 311.05,
    "fracaoDentroDaGleba": 0.7959
   }
  },
  {
   "type": "Feature",
   "geometry": {
    "type": "Polygon",
    "coordinates": [
     [
      [
       -48.7976101,
       -25.4972238
      ],
      [
       -48.7976445,
       -25.4972877
      ],
      [
       -48.7977002,
       -25.4972479
      ],
      [
       -48.7976627,
       -25.4971853
      ],
      [
       -48.7976101,
       -25.4972238
      ]
     ]
    ]
   },
   "properties": {
    "tipo": "quadra",
    "id": "quadra-29",
    "area_m2": 53.89,
    "perimetro_m": 29.71,
    "fracaoDentroDaGleba": 1
   }
  },
  {
   "type": "Feature",
   "geometry": {
    "type": "Polygon",
    "coordinates": [
     [
      [
       -48.7976445,
       -25.4972877
      ],
      [
       -48.7978232,
       -25.4974803
      ],
      [
       -48.7979498,
       -25.4975675
      ],
      [
       -48.7982363,
       -25.4976922
      ],
      [
       -48.7982526,
       -25.4976411
      ],
      [
       -48.798055,
       -25.4975548
      ],
      [
       -48.7980492,
       -25.4975522
      ],
      [
       -48.7980435,
       -25.4975494
      ],
      [
       -48.798038,
       -25.4975464
      ],
      [
       -48.7980325,
       -25.4975433
      ],
      [
       -48.7980272,
       -25.49754
      ],
      [
       -48.7980219,
       -25.4975365
      ],
      [
       -48.7978839,
       -25.4974426
      ],
      [
       -48.7978777,
       -25.4974382
      ],
      [
       -48.7978716,
       -25.4974335
      ],
      [
       -48.7978658,
       -25.4974287
      ],
      [
       -48.7978602,
       -25.4974236
      ],
      [
       -48.7978548,
       -25.4974183
      ],
      [
       -48.7978497,
       -25.4974129
      ],
      [
       -48.7977002,
       -25.4972479
      ],
      [
       -48.7976445,
       -25.4972877
      ]
     ]
    ]
   },
   "properties": {
    "tipo": "quadra",
    "id": "quadra-30",
    "area_m2": 484.34,
    "perimetro_m": 160.56,
    "fracaoDentroDaGleba": 1
   }
  },
  {
   "type": "Feature",
   "geometry": {
    "type": "Polygon",
    "coordinates": [
     [
      [
       -48.7978232,
       -25.4974803
      ],
      [
       -48.7976445,
       -25.4972877
      ],
      [
       -48.7973544,
       -25.4973951
      ],
      [
       -48.7973529,
       -25.4973956
      ],
      [
       -48.7973514,
       -25.4973961
      ],
      [
       -48.79735,
       -25.4973966
      ],
      [
       -48.7973485,
       -25.4973971
      ],
      [
       -48.797347,
       -25.4973975
      ],
      [
       -48.7973455,
       -25.4973979
      ],
      [
       -48.7971641,
       -25.4974476
      ],
      [
       -48.7971622,
       -25.4974481
      ],
      [
       -48.7971602,
       -25.4974486
      ],
      [
       -48.7971583,
       -25.497449
      ],
      [
       -48.7971563,
       -25.4974494
      ],
      [
       -48.7971544,
       -25.4974498
      ],
      [
       -48.7971524,
       -25.4974501
      ],
      [
       -48.7970071,
       -25.497473
      ],
      [
       -48.7970044,
       -25.4974734
      ],
      [
       -48.7970017,
       -25.4974737
      ],
      [
       -48.796999,
       -25.497474
      ],
      [
       -48.7969963,
       -25.4974741
      ],
      [
       -48.7969936,
       -25.4974743
      ],
      [
       -48.7969909,
       -25.4974743
      ],
      [
       -48.796758,
       -25.497476
      ],
      [
       -48.7966991,
       -25.4976897
      ],
      [
       -48.7966971,
       -25.4976974
      ],
      [
       -48.7966956,
       -25.4977051
      ],
      [
       -48.7966944,
       -25.4977129
      ],
      [
       -48.7966936,
       -25.4977207
      ],
      [
       -48.7966932,
       -25.4977286
      ],
      [
       -48.7966931,
       -25.4977365
      ],
      [
       -48.7966949,
       -25.4978388
      ],
      [
       -48.7966953,
       -25.4978472
      ],
      [
       -48.7966961,
       -25.4978556
      ],
      [
       -48.7966973,
       -25.4978639
      ],
      [
       -48.796699,
       -25.4978722
      ],
      [
       -48.7967011,
       -25.4978804
      ],
      [
       -48.7967036,
       -25.4978886
      ],
      [
       -48.7967111,
       -25.4979109
      ],
      [
       -48.7967137,
       -25.4979181
      ],
      [
       -48.7967167,
       -25.4979252
      ],
      [
       -48.7967199,
       -25.4979322
      ],
      [
       -48.7967235,
       -25.4979391
      ],
      [
       -48.7967274,
       -25.4979458
      ],
      [
       -48.7967316,
       -25.4979523
      ],
      [
       -48.7967358,
       -25.4979585
      ],
      [
       -48.7967418,
       -25.4979668
      ],
      [
       -48.7967483,
       -25.4979748
      ],
      [
       -48.7967553,
       -25.4979824
      ],
      [
       -48.7967628,
       -25.4979896
      ],
      [
       -48.7967707,
       -25.4979963
      ],
      [
       -48.7967792,
       -25.4980027
      ],
      [
       -48.7968531,
       -25.4980554
      ],
      [
       -48.7970504,
       -25.4979423
      ],
      [
       -48.7970515,
       -25.4979417
      ],
      [
       -48.7970526,
       -25.4979411
      ],
      [
       -48.7970537,
       -25.4979405
      ],
      [
       -48.7970547,
       -25.49794
      ],
      [
       -48.7970558,
       -25.4979394
      ],
      [
       -48.7970569,
       -25.4979389
      ],
      [
       -48.7975049,
       -25.4977233
      ],
      [
       -48.7975068,
       -25.4977224
      ],
      [
       -48.7975086,
       -25.4977214
      ],
      [
       -48.7975105,
       -25.4977204
      ],
      [
       -48.7975123,
       -25.4977194
      ],
      [
       -48.797514,
       -25.4977183
      ],
      [
       -48.7975158,
       -25.4977172
      ],
      [
       -48.7976348,
       -25.4976407
      ],
      [
       -48.7976367,
       -25.4976394
      ],
      [
       -48.7976386,
       -25.4976381
      ],
      [
       -48.7976404,
       -25.4976368
      ],
      [
       -48.7976422,
       -25.4976354
      ],
      [
       -48.7976439,
       -25.497634
      ],
      [
       -48.7976456,
       -25.4976326
      ],
      [
       -48.7978232,
       -25.4974803
      ]
     ]
    ]
   },
   "properties": {
    "tipo": "quadra",
    "id": "quadra-31",
    "area_m2": 5016.32,
    "perimetro_m": 308.64,
    "fracaoDentroDaGleba": 1
   }
  },
  {
   "type": "Feature",
   "geometry": {
    "type": "Polygon",
    "coordinates": [
     [
      [
       -48.7979498,
       -25.4975675
      ],
      [
       -48.7978232,
       -25.4974803
      ],
      [
       -48.7976456,
       -25.4976326
      ],
      [
       -48.7976439,
       -25.497634
      ],
      [
       -48.7976422,
       -25.4976354
      ],
      [
       -48.7976404,
       -25.4976368
      ],
      [
       -48.7976386,
       -25.4976381
      ],
      [
       -48.7976367,
       -25.4976394
      ],
      [
       -48.7976348,
       -25.4976407
      ],
      [
       -48.7975158,
       -25.4977172
      ],
      [
       -48.797514,
       -25.4977183
      ],
      [
       -48.7975123,
       -25.4977194
      ],
      [
       -48.7975105,
       -25.4977204
      ],
      [
       -48.7975086,
       -25.4977214
      ],
      [
       -48.7975068,
       -25.4977224
      ],
      [
       -48.7975049,
       -25.4977233
      ],
      [
       -48.7970569,
       -25.4979389
      ],
      [
       -48.7970558,
       -25.4979394
      ],
      [
       -48.7970547,
       -25.49794
      ],
      [
       -48.7970537,
       -25.4979405
      ],
      [
       -48.7970526,
       -25.4979411
      ],
      [
       -48.7970515,
       -25.4979417
      ],
      [
       -48.7970504,
       -25.4979423
      ],
      [
       -48.7968531,
       -25.4980554
      ],
      [
       -48.7970811,
       -25.4981228
      ],
      [
       -48.7973755,
       -25.4981859
      ],
      [
       -48.7973786,
       -25.4981866
      ],
      [
       -48.7973817,
       -25.4981872
      ],
      [
       -48.7973848,
       -25.4981877
      ],
      [
       -48.7973879,
       -25.4981882
      ],
      [
       -48.797391,
       -25.4981887
      ],
      [
       -48.7973942,
       -25.4981891
      ],
      [
       -48.7976324,
       -25.4982188
      ],
      [
       -48.7976736,
       -25.4980132
      ],
      [
       -48.7976742,
       -25.4980104
      ],
      [
       -48.7976749,
       -25.4980076
      ],
      [
       -48.7976757,
       -25.4980049
      ],
      [
       -48.7976766,
       -25.4980022
      ],
      [
       -48.7976776,
       -25.4979995
      ],
      [
       -48.7976787,
       -25.4979968
      ],
      [
       -48.7977554,
       -25.4978169
      ],
      [
       -48.7977566,
       -25.4978142
      ],
      [
       -48.7977579,
       -25.4978115
      ],
      [
       -48.7977593,
       -25.4978089
      ],
      [
       -48.7977608,
       -25.4978063
      ],
      [
       -48.7977624,
       -25.4978037
      ],
      [
       -48.7977641,
       -25.4978012
      ],
      [
       -48.7978803,
       -25.4976346
      ],
      [
       -48.7978823,
       -25.4976319
      ],
      [
       -48.7978843,
       -25.4976293
      ],
      [
       -48.7978864,
       -25.4976268
      ],
      [
       -48.7978886,
       -25.4976243
      ],
      [
       -48.797891,
       -25.4976219
      ],
      [
       -48.7978934,
       -25.4976196
      ],
      [
       -48.7979498,
       -25.4975675
      ]
     ]
    ]
   },
   "properties": {
    "tipo": "quadra",
    "id": "quadra-32",
    "area_m2": 3494.26,
    "perimetro_m": 294.12,
    "fracaoDentroDaGleba": 1
   }
  },
  {
   "type": "Feature",
   "geometry": {
    "type": "Polygon",
    "coordinates": [
     [
      [
       -48.7982363,
       -25.4976922
      ],
      [
       -48.7979498,
       -25.4975675
      ],
      [
       -48.7978934,
       -25.4976196
      ],
      [
       -48.797891,
       -25.4976219
      ],
      [
       -48.7978886,
       -25.4976243
      ],
      [
       -48.7978864,
       -25.4976268
      ],
      [
       -48.7978843,
       -25.4976293
      ],
      [
       -48.7978823,
       -25.4976319
      ],
      [
       -48.7978803,
       -25.4976346
      ],
      [
       -48.7977641,
       -25.4978012
      ],
      [
       -48.7977624,
       -25.4978037
      ],
      [
       -48.7977608,
       -25.4978063
      ],
      [
       -48.7977593,
       -25.4978089
      ],
      [
       -48.7977579,
       -25.4978115
      ],
      [
       -48.7977566,
       -25.4978142
      ],
      [
       -48.7977554,
       -25.4978169
      ],
      [
       -48.7976787,
       -25.4979968
      ],
      [
       -48.7976776,
       -25.4979995
      ],
      [
       -48.7976766,
       -25.4980022
      ],
      [
       -48.7976757,
       -25.4980049
      ],
      [
       -48.7976749,
       -25.4980076
      ],
      [
       -48.7976742,
       -25.4980104
      ],
      [
       -48.7976736,
       -25.4980132
      ],
      [
       -48.7976324,
       -25.4982188
      ],
      [
       -48.7979818,
       -25.4982615
      ],
      [
       -48.7981395,
       -25.4982808
      ],
      [
       -48.7981418,
       -25.4982012
      ],
      [
       -48.7981419,
       -25.4981979
      ],
      [
       -48.7981422,
       -25.4981946
      ],
      [
       -48.7981426,
       -25.4981914
      ],
      [
       -48.7981432,
       -25.4981882
      ],
      [
       -48.7981439,
       -25.4981849
      ],
      [
       -48.7981447,
       -25.4981817
      ],
      [
       -48.7982747,
       -25.4977075
      ],
      [
       -48.7982363,
       -25.4976922
      ]
     ]
    ]
   },
   "properties": {
    "tipo": "quadra",
    "id": "quadra-33",
    "area_m2": 3372.03,
    "perimetro_m": 233.17,
    "fracaoDentroDaGleba": 1
   }
  },
  {
   "type": "Feature",
   "geometry": {
    "type": "Polygon",
    "coordinates": [
     [
      [
       -48.7982363,
       -25.4976922
      ],
      [
       -48.7982747,
       -25.4977075
      ],
      [
       -48.7982899,
       -25.4976521
      ],
      [
       -48.7982526,
       -25.4976411
      ],
      [
       -48.7982363,
       -25.4976922
      ]
     ]
    ]
   },
   "properties": {
    "tipo": "quadra",
    "id": "quadra-34",
    "area_m2": 24.76,
    "perimetro_m": 20.38,
    "fracaoDentroDaGleba": 1
   }
  },
  {
   "type": "Feature",
   "geometry": {
    "type": "Polygon",
    "coordinates": [
     [
      [
       -48.7982747,
       -25.4977075
      ],
      [
       -48.7985406,
       -25.4977748
      ],
      [
       -48.7990025,
       -25.4978835
      ],
      [
       -48.7990175,
       -25.4978031
      ],
      [
       -48.7985559,
       -25.4977265
      ],
      [
       -48.7982899,
       -25.4976521
      ],
      [
       -48.7982747,
       -25.4977075
      ]
     ]
    ]
   },
   "properties": {
    "tipo": "quadra",
    "id": "quadra-35",
    "area_m2": 512.2,
    "perimetro_m": 166.25,
    "fracaoDentroDaGleba": 1
   }
  },
  {
   "type": "Feature",
   "geometry": {
    "type": "Polygon",
    "coordinates": [
     [
      [
       -48.7985406,
       -25.4977748
      ],
      [
       -48.7982747,
       -25.4977075
      ],
      [
       -48.7981447,
       -25.4981817
      ],
      [
       -48.7981439,
       -25.4981849
      ],
      [
       -48.7981432,
       -25.4981882
      ],
      [
       -48.7981426,
       -25.4981914
      ],
      [
       -48.7981422,
       -25.4981946
      ],
      [
       -48.7981419,
       -25.4981979
      ],
      [
       -48.7981418,
       -25.4982012
      ],
      [
       -48.7981395,
       -25.4982808
      ],
      [
       -48.7984153,
       -25.4983281
      ],
      [
       -48.7985406,
       -25.4977748
      ]
     ]
    ]
   },
   "properties": {
    "tipo": "quadra",
    "id": "quadra-36",
    "area_m2": 1841.41,
    "perimetro_m": 183.68,
    "fracaoDentroDaGleba": 1
   }
  },
  {
   "type": "Feature",
   "geometry": {
    "type": "Polygon",
    "coordinates": [
     [
      [
       -48.7990416,
       -25.4978919
      ],
      [
       -48.7991725,
       -25.4979206
      ],
      [
       -48.7991775,
       -25.4979218
      ],
      [
       -48.7991825,
       -25.4979231
      ],
      [
       -48.7991875,
       -25.4979245
      ],
      [
       -48.7991924,
       -25.497926
      ],
      [
       -48.7991973,
       -25.4979276
      ],
      [
       -48.7992021,
       -25.4979294
      ],
      [
       -48.799378,
       -25.4979957
      ],
      [
       -48.7995183,
       -25.4980348
      ],
      [
       -48.7995236,
       -25.4980363
      ],
      [
       -48.7995288,
       -25.498038
      ],
      [
       -48.799534,
       -25.4980398
      ],
      [
       -48.7995392,
       -25.4980417
      ],
      [
       -48.7995442,
       -25.4980438
      ],
      [
       -48.7995492,
       -25.498046
      ],
      [
       -48.7997073,
       -25.4981181
      ],
      [
       -48.7997447,
       -25.4980662
      ],
      [
       -48.7997466,
       -25.4980633
      ],
      [
       -48.7997485,
       -25.4980604
      ],
      [
       -48.7997502,
       -25.4980574
      ],
      [
       -48.7997518,
       -25.4980544
      ],
      [
       -48.7997533,
       -25.4980513
      ],
      [
       -48.7997547,
       -25.4980481
      ],
      [
       -48.7997783,
       -25.4979901
      ],
      [
       -48.7997011,
       -25.4979413
      ],
      [
       -48.7996951,
       -25.4979376
      ],
      [
       -48.7996889,
       -25.4979341
      ],
      [
       -48.7996825,
       -25.4979309
      ],
      [
       -48.7996761,
       -25.4979278
      ],
      [
       -48.7996695,
       -25.497925
      ],
      [
       -48.7996628,
       -25.4979223
      ],
      [
       -48.799573,
       -25.497889
      ],
      [
       -48.7990646,
       -25.4978098
      ],
      [
       -48.7990416,
       -25.4978919
      ]
     ]
    ]
   },
   "properties": {
    "tipo": "quadra",
    "id": "quadra-37",
    "area_m2": 1041.14,
    "perimetro_m": 172.53,
    "fracaoDentroDaGleba": 1
   }
  },
  {
   "type": "Feature",
   "geometry": {
    "type": "Polygon",
    "coordinates": [
     [
      [
       -48.7991725,
       -25.4979206
      ],
      [
       -48.7990416,
       -25.4978919
      ],
      [
       -48.7990197,
       -25.4981338
      ],
      [
       -48.7990195,
       -25.4981355
      ],
      [
       -48.7990193,
       -25.4981372
      ],
      [
       -48.799019,
       -25.4981389
      ],
      [
       -48.7990188,
       -25.4981406
      ],
      [
       -48.7990185,
       -25.4981422
      ],
      [
       -48.7990181,
       -25.4981439
      ],
      [
       -48.7989498,
       -25.4984585
      ],
      [
       -48.7991676,
       -25.4985403
      ],
      [
       -48.7993215,
       -25.4982074
      ],
      [
       -48.799322,
       -25.4982063
      ],
      [
       -48.7993224,
       -25.4982053
      ],
      [
       -48.7993229,
       -25.4982042
      ],
      [
       -48.7993233,
       -25.4982032
      ],
      [
       -48.7993237,
       -25.4982022
      ],
      [
       -48.7993241,
       -25.4982011
      ],
      [
       -48.7993674,
       -25.4980838
      ],
      [
       -48.7993686,
       -25.4980802
      ],
      [
       -48.7993696,
       -25.4980767
      ],
      [
       -48.7993705,
       -25.4980731
      ],
      [
       -48.7993713,
       -25.4980695
      ],
      [
       -48.7993718,
       -25.4980658
      ],
      [
       -48.7993722,
       -25.4980622
      ],
      [
       -48.799378,
       -25.4979957
      ],
      [
       -48.7992021,
       -25.4979294
      ],
      [
       -48.7991973,
       -25.4979276
      ],
      [
       -48.7991924,
       -25.497926
      ],
      [
       -48.7991875,
       -25.4979245
      ],
      [
       -48.7991825,
       -25.4979231
      ],
      [
       -48.7991775,
       -25.4979218
      ],
      [
       -48.7991725,
       -25.4979206
      ]
     ]
    ]
   },
   "properties": {
    "tipo": "quadra",
    "id": "quadra-38",
    "area_m2": 1932.8,
    "perimetro_m": 187.33,
    "fracaoDentroDaGleba": 1
   }
  },
  {
   "type": "Feature",
   "geometry": {
    "type": "Polygon",
    "coordinates": [
     [
      [
       -48.7995183,
       -25.4980348
      ],
      [
       -48.799378,
       -25.4979957
      ],
      [
       -48.7993722,
       -25.4980622
      ],
      [
       -48.7993718,
       -25.4980658
      ],
      [
       -48.7993713,
       -25.4980695
      ],
      [
       -48.7993705,
       -25.4980731
      ],
      [
       -48.7993696,
       -25.4980767
      ],
      [
       -48.7993686,
       -25.4980802
      ],
      [
       -48.7993674,
       -25.4980838
      ],
      [
       -48.7993241,
       -25.4982011
      ],
      [
       -48.7993237,
       -25.4982022
      ],
      [
       -48.7993233,
       -25.4982032
      ],
      [
       -48.7993229,
       -25.4982042
      ],
      [
       -48.7993224,
       -25.4982053
      ],
      [
       -48.799322,
       -25.4982063
      ],
      [
       -48.7993215,
       -25.4982074
      ],
      [
       -48.7991676,
       -25.4985403
      ],
      [
       -48.7993948,
       -25.4986538
      ],
      [
       -48.7993987,
       -25.4986558
      ],
      [
       -48.7994025,
       -25.4986578
      ],
      [
       -48.7994062,
       -25.49866
      ],
      [
       -48.7994099,
       -25.4986622
      ],
      [
       -48.7994136,
       -25.4986644
      ],
      [
       -48.7994171,
       -25.4986668
      ],
      [
       -48.799477,
       -25.4987069
      ],
      [
       -48.7997774,
       -25.4981579
      ],
      [
       -48.7997073,
       -25.4981181
      ],
      [
       -48.7995492,
       -25.498046
      ],
      [
       -48.7995442,
       -25.4980438
      ],
      [
       -48.7995392,
       -25.4980417
      ],
      [
       -48.799534,
       -25.4980398
      ],
      [
       -48.7995288,
       -25.498038
      ],
      [
       -48.7995236,
       -25.4980363
      ],
      [
       -48.7995183,
       -25.4980348
      ]
     ]
    ]
   },
   "properties": {
    "tipo": "quadra",
    "id": "quadra-39",
    "area_m2": 2568.73,
    "perimetro_m": 212.63,
    "fracaoDentroDaGleba": 1
   }
  },
  {
   "type": "Feature",
   "geometry": {
    "type": "Polygon",
    "coordinates": [
     [
      [
       -48.7997774,
       -25.4981579
      ],
      [
       -48.8000004,
       -25.4983349
      ],
      [
       -48.8000049,
       -25.4983385
      ],
      [
       -48.8000092,
       -25.4983422
      ],
      [
       -48.8000133,
       -25.4983461
      ],
      [
       -48.8000174,
       -25.49835
      ],
      [
       -48.8000213,
       -25.4983541
      ],
      [
       -48.8000251,
       -25.4983583
      ],
      [
       -48.8002121,
       -25.4985713
      ],
      [
       -48.8002795,
       -25.4985458
      ],
      [
       -48.7999707,
       -25.4981517
      ],
      [
       -48.7999676,
       -25.4981479
      ],
      [
       -48.7999643,
       -25.4981441
      ],
      [
       -48.799961,
       -25.4981404
      ],
      [
       -48.7999576,
       -25.4981368
      ],
      [
       -48.799954,
       -25.4981332
      ],
      [
       -48.7999504,
       -25.4981298
      ],
      [
       -48.7998456,
       -25.4980331
      ],
      [
       -48.7997774,
       -25.4981579
      ]
     ]
    ]
   },
   "properties": {
    "tipo": "quadra",
    "id": "quadra-40",
    "area_m2": 695.74,
    "perimetro_m": 158.11,
    "fracaoDentroDaGleba": 1
   }
  },
  {
   "type": "Feature",
   "geometry": {
    "type": "Polygon",
    "coordinates": [
     [
      [
       -48.8000004,
       -25.4983349
      ],
      [
       -48.7997774,
       -25.4981579
      ],
      [
       -48.799477,
       -25.4987069
      ],
      [
       -48.799569,
       -25.4987755
      ],
      [
       -48.7997909,
       -25.4989807
      ],
      [
       -48.8001771,
       -25.4986364
      ],
      [
       -48.8001796,
       -25.4986342
      ],
      [
       -48.8001822,
       -25.4986321
      ],
      [
       -48.8001849,
       -25.4986301
      ],
      [
       -48.8001877,
       -25.4986281
      ],
      [
       -48.8001906,
       -25.4986263
      ],
      [
       -48.8001935,
       -25.4986245
      ],
      [
       -48.8002366,
       -25.4985997
      ],
      [
       -48.8002121,
       -25.4985713
      ],
      [
       -48.8000251,
       -25.4983583
      ],
      [
       -48.8000213,
       -25.4983541
      ],
      [
       -48.8000174,
       -25.49835
      ],
      [
       -48.8000133,
       -25.4983461
      ],
      [
       -48.8000092,
       -25.4983422
      ],
      [
       -48.8000049,
       -25.4983385
      ],
      [
       -48.8000004,
       -25.4983349
      ]
     ]
    ]
   },
   "properties": {
    "tipo": "quadra",
    "id": "quadra-41",
    "area_m2": 3534.7,
    "perimetro_m": 240.94,
    "fracaoDentroDaGleba": 1
   }
  },
  {
   "type": "Feature",
   "geometry": {
    "type": "Polygon",
    "coordinates": [
     [
      [
       -48.8002121,
       -25.4985713
      ],
      [
       -48.8002366,
       -25.4985997
      ],
      [
       -48.8003017,
       -25.4986912
      ],
      [
       -48.8003673,
       -25.4986667
      ],
      [
       -48.8002795,
       -25.4985458
      ],
      [
       -48.8002121,
       -25.4985713
      ]
     ]
    ]
   },
   "properties": {
    "tipo": "quadra",
    "id": "quadra-42",
    "area_m2": 111.67,
    "perimetro_m": 46.57,
    "fracaoDentroDaGleba": 1
   }
  },
  {
   "type": "Feature",
   "geometry": {
    "type": "Polygon",
    "coordinates": [
     [
      [
       -48.8003017,
       -25.4986912
      ],
      [
       -48.8002366,
       -25.4985997
      ],
      [
       -48.8001935,
       -25.4986245
      ],
      [
       -48.8001906,
       -25.4986263
      ],
      [
       -48.8001877,
       -25.4986281
      ],
      [
       -48.8001849,
       -25.4986301
      ],
      [
       -48.8001822,
       -25.4986321
      ],
      [
       -48.8001796,
       -25.4986342
      ],
      [
       -48.8001771,
       -25.4986364
      ],
      [
       -48.7997909,
       -25.4989807
      ],
      [
       -48.7998424,
       -25.4990369
      ],
      [
       -48.8001692,
       -25.4987765
      ],
      [
       -48.8001705,
       -25.4987755
      ],
      [
       -48.8001719,
       -25.4987745
      ],
      [
       -48.8001732,
       -25.4987735
      ],
      [
       -48.8001746,
       -25.4987725
      ],
      [
       -48.8001761,
       -25.4987715
      ],
      [
       -48.8001775,
       -25.4987706
      ],
      [
       -48.8003017,
       -25.4986912
      ]
     ]
    ]
   },
   "properties": {
    "tipo": "quadra",
    "id": "quadra-43",
    "area_m2": 606.72,
    "perimetro_m": 141.89,
    "fracaoDentroDaGleba": 1
   }
  },
  {
   "type": "Feature",
   "geometry": {
    "type": "Polygon",
    "coordinates": [
     [
      [
       -48.8007129,
       -25.4993029
      ],
      [
       -48.8008135,
       -25.4994584
      ],
      [
       -48.8008149,
       -25.4994605
      ],
      [
       -48.8008163,
       -25.4994626
      ],
      [
       -48.8008178,
       -25.4994647
      ],
      [
       -48.8008192,
       -25.4994667
      ],
      [
       -48.8008208,
       -25.4994688
      ],
      [
       -48.8008223,
       -25.4994708
      ],
      [
       -48.8009652,
       -25.4996551
      ],
      [
       -48.8009689,
       -25.4996598
      ],
      [
       -48.8009728,
       -25.4996643
      ],
      [
       -48.8009768,
       -25.4996687
      ],
      [
       -48.800981,
       -25.4996729
      ],
      [
       -48.8009853,
       -25.4996771
      ],
      [
       -48.8009898,
       -25.4996811
      ],
      [
       -48.8010778,
       -25.4997583
      ],
      [
       -48.801082,
       -25.4997618
      ],
      [
       -48.8010863,
       -25.4997653
      ],
      [
       -48.8010907,
       -25.4997686
      ],
      [
       -48.8010952,
       -25.4997718
      ],
      [
       -48.8010998,
       -25.4997749
      ],
      [
       -48.8011045,
       -25.4997779
      ],
      [
       -48.8012206,
       -25.4998492
      ],
      [
       -48.801277,
       -25.499882
      ],
      [
       -48.8012826,
       -25.4998851
      ],
      [
       -48.8012882,
       -25.499888
      ],
      [
       -48.8012939,
       -25.4998908
      ],
      [
       -48.8012997,
       -25.4998934
      ],
      [
       -48.8013056,
       -25.4998958
      ],
      [
       -48.8013116,
       -25.499898
      ],
      [
       -48.8013905,
       -25.4999262
      ],
      [
       -48.8013982,
       -25.4999288
      ],
      [
       -48.8014061,
       -25.4999311
      ],
      [
       -48.801414,
       -25.4999331
      ],
      [
       -48.801422,
       -25.4999348
      ],
      [
       -48.8014302,
       -25.4999362
      ],
      [
       -48.8014383,
       -25.4999373
      ],
      [
       -48.8014813,
       -25.4999422
      ],
      [
       -48.8014923,
       -25.4999432
      ],
      [
       -48.8015034,
       -25.4999436
      ],
      [
       -48.8015144,
       -25.4999435
      ],
      [
       -48.8015254,
       -25.4999428
      ],
      [
       -48.8015363,
       -25.4999416
      ],
      [
       -48.8015472,
       -25.4999398
      ],
      [
       -48.8016294,
       -25.4999241
      ],
      [
       -48.8017451,
       -25.4998563
      ],
      [
       -48.8017507,
       -25.4998529
      ],
      [
       -48.8017561,
       -25.4998493
      ],
      [
       -48.8017614,
       -25.4998456
      ],
      [
       -48.8017666,
       -25.4998418
      ],
      [
       -48.8017716,
       -25.4998378
      ],
      [
       -48.8017764,
       -25.4998336
      ],
      [
       -48.8019041,
       -25.4997202
      ],
      [
       -48.8020055,
       -25.4996094
      ],
      [
       -48.8020767,
       -25.4995255
      ],
      [
       -48.8020785,
       -25.4995234
      ],
      [
       -48.8020802,
       -25.4995212
      ],
      [
       -48.8020819,
       -25.499519
      ],
      [
       -48.8020836,
       -25.4995168
      ],
      [
       -48.8020852,
       -25.4995146
      ],
      [
       -48.8020869,
       -25.4995123
      ],
      [
       -48.8023571,
       -25.4991267
      ],
      [
       -48.8023282,
       -25.499109
      ],
      [
       -48.8023421,
       -25.4990647
      ],
      [
       -48.802344,
       -25.4990592
      ],
      [
       -48.802346,
       -25.4990538
      ],
      [
       -48.8023482,
       -25.4990485
      ],
      [
       -48.8023506,
       -25.4990432
      ],
      [
       -48.8023531,
       -25.499038
      ],
      [
       -48.8023559,
       -25.4990329
      ],
      [
       -48.802523,
       -25.498733
      ],
      [
       -48.8023072,
       -25.4986723
      ],
      [
       -48.8023049,
       -25.4986717
      ],
      [
       -48.8023026,
       -25.4986711
      ],
      [
       -48.8023003,
       -25.4986706
      ],
      [
       -48.802298,
       -25.4986701
      ],
      [
       -48.8022957,
       -25.4986697
      ],
      [
       -48.8022934,
       -25.4986694
      ],
      [
       -48.8021506,
       -25.4986488
      ],
      [
       -48.8021472,
       -25.4986484
      ],
      [
       -48.8021437,
       -25.498648
      ],
      [
       -48.8021403,
       -25.4986478
      ],
      [
       -48.8021368,
       -25.4986477
      ],
      [
       -48.8021334,
       -25.4986477
      ],
      [
       -48.8021299,
       -25.4986478
      ],
      [
       -48.8019537,
       -25.498656
      ],
      [
       -48.801951,
       -25.4986561
      ],
      [
       -48.8019483,
       -25.4986564
      ],
      [
       -48.8019456,
       -25.4986567
      ],
      [
       -48.8019429,
       -25.498657
      ],
      [
       -48.8019402,
       -25.4986574
      ],
      [
       -48.8019376,
       -25.4986579
      ],
      [
       -48.8016919,
       -25.4987067
      ],
      [
       -48.8016883,
       -25.4987075
      ],
      [
       -48.8016847,
       -25.4987084
      ],
      [
       -48.8016812,
       -25.4987094
      ],
      [
       -48.8016778,
       -25.4987105
      ],
      [
       -48.8016744,
       -25.4987117
      ],
      [
       -48.801671,
       -25.4987131
      ],
      [
       -48.8013552,
       -25.498847
      ],
      [
       -48.8013536,
       -25.4988478
      ],
      [
       -48.8013519,
       -25.4988485
      ],
      [
       -48.8013503,
       -25.4988493
      ],
      [
       -48.8013487,
       -25.4988501
      ],
      [
       -48.8013471,
       -25.4988509
      ],
      [
       -48.8013455,
       -25.4988518
      ],
      [
       -48.8009817,
       -25.4990533
      ],
      [
       -48.8009795,
       -25.4990545
      ],
      [
       -48.8009772,
       -25.4990556
      ],
      [
       -48.8009749,
       -25.4990567
      ],
      [
       -48.8009726,
       -25.4990578
      ],
      [
       -48.8009703,
       -25.4990587
      ],
      [
       -48.8009679,
       -25.4990597
      ],
      [
       -48.8006771,
       -25.4991689
      ],
      [
       -48.8006356,
       -25.4991821
      ],
      [
       -48.8007129,
       -25.4993029
      ]
     ]
    ]
   },
   "properties": {
    "tipo": "quadra",
    "id": "quadra-44",
    "area_m2": 16051.94,
    "perimetro_m": 509.17,
    "fracaoDentroDaGleba": 1
   }
  },
  {
   "type": "Feature",
   "geometry": {
    "type": "Polygon",
    "coordinates": [
     [
      [
       -48.8008135,
       -25.4994584
      ],
      [
       -48.8007129,
       -25.4993029
      ],
      [
       -48.8006149,
       -25.4993631
      ],
      [
       -48.8006133,
       -25.499364
      ],
      [
       -48.8006117,
       -25.499365
      ],
      [
       -48.8006101,
       -25.4993659
      ],
      [
       -48.8006084,
       -25.4993668
      ],
      [
       -48.8006068,
       -25.4993676
      ],
      [
       -48.8006051,
       -25.4993684
      ],
      [
       -48.8002,
       -25.4995597
      ],
      [
       -48.800214,
       -25.4995867
      ],
      [
       -48.8003721,
       -25.4999817
      ],
      [
       -48.8003735,
       -25.4999852
      ],
      [
       -48.8003748,
       -25.4999888
      ],
      [
       -48.800376,
       -25.4999923
      ],
      [
       -48.8003771,
       -25.4999959
      ],
      [
       -48.8003781,
       -25.4999995
      ],
      [
       -48.8003791,
       -25.5000031
      ],
      [
       -48.8004482,
       -25.5002772
      ],
      [
       -48.8008082,
       -25.500175
      ],
      [
       -48.8008107,
       -25.5001743
      ],
      [
       -48.8008132,
       -25.5001735
      ],
      [
       -48.8008156,
       -25.5001726
      ],
      [
       -48.8008181,
       -25.5001717
      ],
      [
       -48.8008205,
       -25.5001707
      ],
      [
       -48.8008229,
       -25.5001696
      ],
      [
       -48.8010114,
       -25.5000843
      ],
      [
       -48.8010163,
       -25.5000819
      ],
      [
       -48.801021,
       -25.5000793
      ],
      [
       -48.8010255,
       -25.5000765
      ],
      [
       -48.8010299,
       -25.5000734
      ],
      [
       -48.801034,
       -25.5000702
      ],
      [
       -48.801038,
       -25.5000667
      ],
      [
       -48.8011543,
       -25.4999589
      ],
      [
       -48.8011578,
       -25.4999555
      ],
      [
       -48.801161,
       -25.499952
      ],
      [
       -48.8011641,
       -25.4999483
      ],
      [
       -48.8011669,
       -25.4999445
      ],
      [
       -48.8011696,
       -25.4999405
      ],
      [
       -48.801172,
       -25.4999365
      ],
      [
       -48.8012206,
       -25.4998492
      ],
      [
       -48.8011045,
       -25.4997779
      ],
      [
       -48.8010998,
       -25.4997749
      ],
      [
       -48.8010952,
       -25.4997718
      ],
      [
       -48.8010907,
       -25.4997686
      ],
      [
       -48.8010863,
       -25.4997653
      ],
      [
       -48.801082,
       -25.4997618
      ],
      [
       -48.8010778,
       -25.4997583
      ],
      [
       -48.8009898,
       -25.4996811
      ],
      [
       -48.8009853,
       -25.4996771
      ],
      [
       -48.800981,
       -25.4996729
      ],
      [
       -48.8009768,
       -25.4996687
      ],
      [
       -48.8009728,
       -25.4996643
      ],
      [
       -48.8009689,
       -25.4996598
      ],
      [
       -48.8009652,
       -25.4996551
      ],
      [
       -48.8008223,
       -25.4994708
      ],
      [
       -48.8008208,
       -25.4994688
      ],
      [
       -48.8008192,
       -25.4994667
      ],
      [
       -48.8008178,
       -25.4994647
      ],
      [
       -48.8008163,
       -25.4994626
      ],
      [
       -48.8008149,
       -25.4994605
      ],
      [
       -48.8008135,
       -25.4994584
      ]
     ]
    ]
   },
   "properties": {
    "tipo": "quadra",
    "id": "quadra-45",
    "area_m2": 6166.01,
    "perimetro_m": 317.32,
    "fracaoDentroDaGleba": 1
   }
  },
  {
   "type": "Feature",
   "geometry": {
    "type": "Polygon",
    "coordinates": [
     [
      [
       -48.801277,
       -25.499882
      ],
      [
       -48.8012206,
       -25.4998492
      ],
      [
       -48.801172,
       -25.4999365
      ],
      [
       -48.8011696,
       -25.4999405
      ],
      [
       -48.8011669,
       -25.4999445
      ],
      [
       -48.8011641,
       -25.4999483
      ],
      [
       -48.801161,
       -25.499952
      ],
      [
       -48.8011578,
       -25.4999555
      ],
      [
       -48.8011543,
       -25.4999589
      ],
      [
       -48.801038,
       -25.5000667
      ],
      [
       -48.801034,
       -25.5000702
      ],
      [
       -48.8010299,
       -25.5000734
      ],
      [
       -48.8010255,
       -25.5000765
      ],
      [
       -48.801021,
       -25.5000793
      ],
      [
       -48.8010163,
       -25.5000819
      ],
      [
       -48.8010114,
       -25.5000843
      ],
      [
       -48.8008229,
       -25.5001696
      ],
      [
       -48.8008205,
       -25.5001707
      ],
      [
       -48.8008181,
       -25.5001717
      ],
      [
       -48.8008156,
       -25.5001726
      ],
      [
       -48.8008132,
       -25.5001735
      ],
      [
       -48.8008107,
       -25.5001743
      ],
      [
       -48.8008082,
       -25.500175
      ],
      [
       -48.8004482,
       -25.5002772
      ],
      [
       -48.8004833,
       -25.5004182
      ],
      [
       -48.8006281,
       -25.50098
      ],
      [
       -48.800731,
       -25.5011109
      ],
      [
       -48.8008077,
       -25.5011904
      ],
      [
       -48.8008982,
       -25.5012609
      ],
      [
       -48.801119,
       -25.5013782
      ],
      [
       -48.8011252,
       -25.5013814
      ],
      [
       -48.8011315,
       -25.5013843
      ],
      [
       -48.8011379,
       -25.501387
      ],
      [
       -48.8011444,
       -25.5013896
      ],
      [
       -48.801151,
       -25.5013919
      ],
      [
       -48.8011577,
       -25.501394
      ],
      [
       -48.8014032,
       -25.5014669
      ],
      [
       -48.8014403,
       -25.5014738
      ],
      [
       -48.8016697,
       -25.5015125
      ],
      [
       -48.8016751,
       -25.5015133
      ],
      [
       -48.8016805,
       -25.501514
      ],
      [
       -48.8016859,
       -25.5015146
      ],
      [
       -48.8016914,
       -25.501515
      ],
      [
       -48.8016968,
       -25.5015153
      ],
      [
       -48.8017023,
       -25.5015155
      ],
      [
       -48.8019273,
       -25.5015193
      ],
      [
       -48.8019335,
       -25.5015193
      ],
      [
       -48.8019396,
       -25.5015192
      ],
      [
       -48.8019458,
       -25.5015189
      ],
      [
       -48.8019519,
       -25.5015184
      ],
      [
       -48.801958,
       -25.5015177
      ],
      [
       -48.8019641,
       -25.5015168
      ],
      [
       -48.8021087,
       -25.5014948
      ],
      [
       -48.802187,
       -25.501482
      ],
      [
       -48.8022654,
       -25.5014693
      ],
      [
       -48.802323,
       -25.501459
      ],
      [
       -48.8023297,
       -25.5014577
      ],
      [
       -48.8023362,
       -25.5014562
      ],
      [
       -48.8023427,
       -25.5014546
      ],
      [
       -48.8023491,
       -25.5014527
      ],
      [
       -48.8023555,
       -25.5014506
      ],
      [
       -48.8023618,
       -25.5014483
      ],
      [
       -48.8024035,
       -25.5014324
      ],
      [
       -48.802413,
       -25.5014285
      ],
      [
       -48.8024223,
       -25.5014241
      ],
      [
       -48.8024313,
       -25.5014194
      ],
      [
       -48.80244,
       -25.5014142
      ],
      [
       -48.8024484,
       -25.5014086
      ],
      [
       -48.8024565,
       -25.5014025
      ],
      [
       -48.802486,
       -25.5013794
      ],
      [
       -48.8024956,
       -25.5013713
      ],
      [
       -48.8025046,
       -25.5013628
      ],
      [
       -48.8025129,
       -25.5013538
      ],
      [
       -48.8025205,
       -25.5013443
      ],
      [
       -48.8025274,
       -25.5013343
      ],
      [
       -48.8025336,
       -25.5013239
      ],
      [
       -48.8025651,
       -25.501267
      ],
      [
       -48.8025681,
       -25.5012613
      ],
      [
       -48.8025709,
       -25.5012556
      ],
      [
       -48.8025734,
       -25.5012498
      ],
      [
       -48.8025758,
       -25.5012439
      ],
      [
       -48.8025779,
       -25.5012379
      ],
      [
       -48.8025797,
       -25.5012319
      ],
      [
       -48.8026052,
       -25.501144
      ],
      [
       -48.8026064,
       -25.5011398
      ],
      [
       -48.8026075,
       -25.5011356
      ],
      [
       -48.8026084,
       -25.5011313
      ],
      [
       -48.8026092,
       -25.5011271
      ],
      [
       -48.8026099,
       -25.5011228
      ],
      [
       -48.8026105,
       -25.5011185
      ],
      [
       -48.8026271,
       -25.5009864
      ],
      [
       -48.8022516,
       -25.5009199
      ],
      [
       -48.8022491,
       -25.5009194
      ],
      [
       -48.8022466,
       -25.5009189
      ],
      [
       -48.8022441,
       -25.5009183
      ],
      [
       -48.8022417,
       -25.5009177
      ],
      [
       -48.8022392,
       -25.500917
      ],
      [
       -48.8022368,
       -25.5009162
      ],
      [
       -48.8021409,
       -25.5008847
      ],
      [
       -48.802138,
       -25.5008837
      ],
      [
       -48.8021351,
       -25.5008826
      ],
      [
       -48.8021323,
       -25.5008815
      ],
      [
       -48.8021295,
       -25.5008802
      ],
      [
       -48.8021267,
       -25.5008789
      ],
      [
       -48.802124,
       -25.5008775
      ],
      [
       -48.8020418,
       -25.5008333
      ],
      [
       -48.8020394,
       -25.500832
      ],
      [
       -48.802037,
       -25.5008306
      ],
      [
       -48.8020346,
       -25.5008291
      ],
      [
       -48.8020323,
       -25.5008276
      ],
      [
       -48.8020301,
       -25.500826
      ],
      [
       -48.8020279,
       -25.5008243
      ],
      [
       -48.8019434,
       -25.5007589
      ],
      [
       -48.8019415,
       -25.5007574
      ],
      [
       -48.8019396,
       -25.5007558
      ],
      [
       -48.8019378,
       -25.5007542
      ],
      [
       -48.801936,
       -25.5007526
      ],
      [
       -48.8019342,
       -25.5007509
      ],
      [
       -48.8019325,
       -25.5007491
      ],
      [
       -48.8018187,
       -25.5006291
      ],
      [
       -48.8018164,
       -25.5006265
      ],
      [
       -48.8018141,
       -25.5006238
      ],
      [
       -48.801812,
       -25.5006211
      ],
      [
       -48.80181,
       -25.5006183
      ],
      [
       -48.8018081,
       -25.5006155
      ],
      [
       -48.8018063,
       -25.5006126
      ],
      [
       -48.8017176,
       -25.5004612
      ],
      [
       -48.8016779,
       -25.5003291
      ],
      [
       -48.8016769,
       -25.5003256
      ],
      [
       -48.8016761,
       -25.5003221
      ],
      [
       -48.8016754,
       -25.5003186
      ],
      [
       -48.8016749,
       -25.500315
      ],
      [
       -48.8016746,
       -25.5003115
      ],
      [
       -48.8016744,
       -25.5003079
      ],
      [
       -48.8016656,
       -25.5000205
      ],
      [
       -48.8016653,
       -25.5000151
      ],
      [
       -48.8016646,
       -25.5000098
      ],
      [
       -48.8016636,
       -25.5000045
      ],
      [
       -48.8016622,
       -25.4999993
      ],
      [
       -48.8016605,
       -25.4999942
      ],
      [
       -48.8016584,
       -25.4999891
      ],
      [
       -48.8016294,
       -25.4999241
      ],
      [
       -48.8015472,
       -25.4999398
      ],
      [
       -48.8015363,
       -25.4999416
      ],
      [
       -48.8015254,
       -25.4999428
      ],
      [
       -48.8015144,
       -25.4999435
      ],
      [
       -48.8015034,
       -25.4999436
      ],
      [
       -48.8014923,
       -25.4999432
      ],
      [
       -48.8014813,
       -25.4999422
      ],
      [
       -48.8014383,
       -25.4999373
      ],
      [
       -48.8014302,
       -25.4999362
      ],
      [
       -48.801422,
       -25.4999348
      ],
      [
       -48.801414,
       -25.4999331
      ],
      [
       -48.8014061,
       -25.4999311
      ],
      [
       -48.8013982,
       -25.4999288
      ],
      [
       -48.8013905,
       -25.4999262
      ],
      [
       -48.8013116,
       -25.499898
      ],
      [
       -48.8013056,
       -25.4998958
      ],
      [
       -48.8012997,
       -25.4998934
      ],
      [
       -48.8012939,
       -25.4998908
      ],
      [
       -48.8012882,
       -25.499888
      ],
      [
       -48.8012826,
       -25.4998851
      ],
      [
       -48.801277,
       -25.499882
      ]
     ]
    ]
   },
   "properties": {
    "tipo": "quadra",
    "id": "quadra-46",
    "area_m2": 22857.82,
    "perimetro_m": 650.46,
    "fracaoDentroDaGleba": 1
   }
  },
  {
   "type": "Feature",
   "geometry": {
    "type": "Polygon",
    "coordinates": [
     [
      [
       -48.8017451,
       -25.4998563
      ],
      [
       -48.8016294,
       -25.4999241
      ],
      [
       -48.8016584,
       -25.4999891
      ],
      [
       -48.8016605,
       -25.4999942
      ],
      [
       -48.8016622,
       -25.4999993
      ],
      [
       -48.8016636,
       -25.5000045
      ],
      [
       -48.8016646,
       -25.5000098
      ],
      [
       -48.8016653,
       -25.5000151
      ],
      [
       -48.8016656,
       -25.5000205
      ],
      [
       -48.8016744,
       -25.5003079
      ],
      [
       -48.8016746,
       -25.5003115
      ],
      [
       -48.8016749,
       -25.500315
      ],
      [
       -48.8016754,
       -25.5003186
      ],
      [
       -48.8016761,
       -25.5003221
      ],
      [
       -48.8016769,
       -25.5003256
      ],
      [
       -48.8016779,
       -25.5003291
      ],
      [
       -48.8017176,
       -25.5004612
      ],
      [
       -48.8018033,
       -25.5004004
      ],
      [
       -48.8019655,
       -25.5002308
      ],
      [
       -48.8019687,
       -25.5002274
      ],
      [
       -48.8019718,
       -25.500224
      ],
      [
       -48.8019747,
       -25.5002204
      ],
      [
       -48.8019776,
       -25.5002169
      ],
      [
       -48.8019804,
       -25.5002132
      ],
      [
       -48.801983,
       -25.5002095
      ],
      [
       -48.8020438,
       -25.500123
      ],
      [
       -48.8021674,
       -25.4999377
      ],
      [
       -48.8020496,
       -25.499856
      ],
      [
       -48.8020476,
       -25.4998546
      ],
      [
       -48.8020457,
       -25.4998531
      ],
      [
       -48.8020438,
       -25.4998516
      ],
      [
       -48.8020419,
       -25.4998501
      ],
      [
       -48.8020401,
       -25.4998485
      ],
      [
       -48.8020383,
       -25.4998469
      ],
      [
       -48.8019041,
       -25.4997202
      ],
      [
       -48.8017764,
       -25.4998336
      ],
      [
       -48.8017716,
       -25.4998378
      ],
      [
       -48.8017666,
       -25.4998418
      ],
      [
       -48.8017614,
       -25.4998456
      ],
      [
       -48.8017561,
       -25.4998493
      ],
      [
       -48.8017507,
       -25.4998529
      ],
      [
       -48.8017451,
       -25.4998563
      ]
     ]
    ]
   },
   "properties": {
    "tipo": "quadra",
    "id": "quadra-47",
    "area_m2": 2358.25,
    "perimetro_m": 206.6,
    "fracaoDentroDaGleba": 1
   }
  },
  {
   "type": "Feature",
   "geometry": {
    "type": "Polygon",
    "coordinates": [
     [
      [
       -48.8020055,
       -25.4996094
      ],
      [
       -48.8019041,
       -25.4997202
      ],
      [
       -48.8020383,
       -25.4998469
      ],
      [
       -48.8020401,
       -25.4998485
      ],
      [
       -48.8020419,
       -25.4998501
      ],
      [
       -48.8020438,
       -25.4998516
      ],
      [
       -48.8020457,
       -25.4998531
      ],
      [
       -48.8020476,
       -25.4998546
      ],
      [
       -48.8020496,
       -25.499856
      ],
      [
       -48.8021674,
       -25.4999377
      ],
      [
       -48.8022463,
       -25.4998114
      ],
      [
       -48.8021531,
       -25.499756
      ],
      [
       -48.8021494,
       -25.4997538
      ],
      [
       -48.8021459,
       -25.4997513
      ],
      [
       -48.8021424,
       -25.4997488
      ],
      [
       -48.8021392,
       -25.4997461
      ],
      [
       -48.802136,
       -25.4997432
      ],
      [
       -48.802133,
       -25.4997403
      ],
      [
       -48.8020055,
       -25.4996094
      ]
     ]
    ]
   },
   "properties": {
    "tipo": "quadra",
    "id": "quadra-48",
    "area_m2": 533.19,
    "perimetro_m": 101.17,
    "fracaoDentroDaGleba": 1
   }
  },
  {
   "type": "Feature",
   "geometry": {
    "type": "Polygon",
    "coordinates": [
     [
      [
       -48.8020767,
       -25.4995255
      ],
      [
       -48.8020055,
       -25.4996094
      ],
      [
       -48.802133,
       -25.4997403
      ],
      [
       -48.802136,
       -25.4997432
      ],
      [
       -48.8021392,
       -25.4997461
      ],
      [
       -48.8021424,
       -25.4997488
      ],
      [
       -48.8021459,
       -25.4997513
      ],
      [
       -48.8021494,
       -25.4997538
      ],
      [
       -48.8021531,
       -25.499756
      ],
      [
       -48.8022463,
       -25.4998114
      ],
      [
       -48.8025205,
       -25.4993723
      ],
      [
       -48.8025841,
       -25.4992807
      ],
      [
       -48.8023571,
       -25.4991267
      ],
      [
       -48.8020869,
       -25.4995123
      ],
      [
       -48.8020852,
       -25.4995146
      ],
      [
       -48.8020836,
       -25.4995168
      ],
      [
       -48.8020819,
       -25.499519
      ],
      [
       -48.8020802,
       -25.4995212
      ],
      [
       -48.8020785,
       -25.4995234
      ],
      [
       -48.8020767,
       -25.4995255
      ]
     ]
    ]
   },
   "properties": {
    "tipo": "quadra",
    "id": "quadra-49",
    "area_m2": 1992.52,
    "perimetro_m": 193.76,
    "fracaoDentroDaGleba": 1
   }
  },
  {
   "type": "Feature",
   "geometry": {
    "type": "Polygon",
    "coordinates": [
     [
      [
       -48.8024203,
       -25.4990366
      ],
      [
       -48.8025961,
       -25.4987536
      ],
      [
       -48.802523,
       -25.498733
      ],
      [
       -48.8023559,
       -25.4990329
      ],
      [
       -48.8023531,
       -25.499038
      ],
      [
       -48.8023506,
       -25.4990432
      ],
      [
       -48.8023482,
       -25.4990485
      ],
      [
       -48.802346,
       -25.4990538
      ],
      [
       -48.802344,
       -25.4990592
      ],
      [
       -48.8023421,
       -25.4990647
      ],
      [
       -48.8023282,
       -25.499109
      ],
      [
       -48.8023571,
       -25.4991267
      ],
      [
       -48.8024203,
       -25.4990366
      ]
     ]
    ]
   },
   "properties": {
    "tipo": "quadra",
    "id": "quadra-50",
    "area_m2": 295.99,
    "perimetro_m": 105.15,
    "fracaoDentroDaGleba": 1
   }
  },
  {
   "type": "Feature",
   "geometry": {
    "type": "Polygon",
    "coordinates": [
     [
      [
       -48.8025961,
       -25.4987536
      ],
      [
       -48.8024203,
       -25.4990366
      ],
      [
       -48.8024769,
       -25.4990844
      ],
      [
       -48.8024789,
       -25.499086
      ],
      [
       -48.802481,
       -25.4990877
      ],
      [
       -48.8024831,
       -25.4990892
      ],
      [
       -48.8024853,
       -25.4990907
      ],
      [
       -48.8024875,
       -25.4990922
      ],
      [
       -48.8024898,
       -25.4990936
      ],
      [
       -48.8026482,
       -25.4991886
      ],
      [
       -48.8027732,
       -25.4990092
      ],
      [
       -48.8027743,
       -25.4990076
      ],
      [
       -48.8027755,
       -25.499006
      ],
      [
       -48.8027766,
       -25.4990045
      ],
      [
       -48.8027778,
       -25.4990029
      ],
      [
       -48.802779,
       -25.4990014
      ],
      [
       -48.8027802,
       -25.4989999
      ],
      [
       -48.8030085,
       -25.4987136
      ],
      [
       -48.8030349,
       -25.4986866
      ],
      [
       -48.8029265,
       -25.4985962
      ],
      [
       -48.8029236,
       -25.4985938
      ],
      [
       -48.8029206,
       -25.4985916
      ],
      [
       -48.8029175,
       -25.4985895
      ],
      [
       -48.8029143,
       -25.4985874
      ],
      [
       -48.802911,
       -25.4985855
      ],
      [
       -48.8029076,
       -25.4985838
      ],
      [
       -48.8027418,
       -25.4984998
      ],
      [
       -48.8025961,
       -25.4987536
      ]
     ]
    ]
   },
   "properties": {
    "tipo": "quadra",
    "id": "quadra-51",
    "area_m2": 2162.16,
    "perimetro_m": 200.35,
    "fracaoDentroDaGleba": 1
   }
  },
  {
   "type": "Feature",
   "geometry": {
    "type": "Polygon",
    "coordinates": [
     [
      [
       -48.8025961,
       -25.4987536
      ],
      [
       -48.8027418,
       -25.4984998
      ],
      [
       -48.8026746,
       -25.4984664
      ],
      [
       -48.802523,
       -25.498733
      ],
      [
       -48.8025961,
       -25.4987536
      ]
     ]
    ]
   },
   "properties": {
    "tipo": "quadra",
    "id": "quadra-52",
    "area_m2": 247.84,
    "perimetro_m": 80.32,
    "fracaoDentroDaGleba": 1
   }
  },
  {
   "type": "Feature",
   "geometry": {
    "type": "Polygon",
    "coordinates": [
     [
      [
       -48.8028963,
       -25.4982038
      ],
      [
       -48.8028442,
       -25.4983014
      ],
      [
       -48.8029259,
       -25.4983607
      ],
      [
       -48.8029306,
       -25.4983644
      ],
      [
       -48.8029351,
       -25.4983683
      ],
      [
       -48.8029392,
       -25.4983724
      ],
      [
       -48.8029431,
       -25.4983768
      ],
      [
       -48.8029467,
       -25.4983813
      ],
      [
       -48.8029499,
       -25.4983862
      ],
      [
       -48.8030472,
       -25.4985393
      ],
      [
       -48.8030492,
       -25.4985425
      ],
      [
       -48.8030515,
       -25.4985455
      ],
      [
       -48.8030538,
       -25.4985485
      ],
      [
       -48.8030563,
       -25.4985513
      ],
      [
       -48.8030589,
       -25.4985541
      ],
      [
       -48.8030616,
       -25.4985568
      ],
      [
       -48.8031143,
       -25.4986067
      ],
      [
       -48.8032128,
       -25.4985083
      ],
      [
       -48.8032158,
       -25.4985054
      ],
      [
       -48.8032188,
       -25.4985025
      ],
      [
       -48.803222,
       -25.4984997
      ],
      [
       -48.8032252,
       -25.498497
      ],
      [
       -48.8032285,
       -25.4984943
      ],
      [
       -48.8032318,
       -25.4984917
      ],
      [
       -48.8033432,
       -25.4984064
      ],
      [
       -48.8032615,
       -25.4982047
      ],
      [
       -48.8032599,
       -25.4982006
      ],
      [
       -48.8032586,
       -25.4981964
      ],
      [
       -48.8032575,
       -25.4981921
      ],
      [
       -48.8032566,
       -25.4981879
      ],
      [
       -48.803256,
       -25.4981835
      ],
      [
       -48.8032556,
       -25.4981792
      ],
      [
       -48.8032434,
       -25.4980015
      ],
      [
       -48.8031543,
       -25.4980137
      ],
      [
       -48.803144,
       -25.4980154
      ],
      [
       -48.803134,
       -25.4980175
      ],
      [
       -48.8031241,
       -25.49802
      ],
      [
       -48.8031144,
       -25.4980231
      ],
      [
       -48.8031048,
       -25.4980266
      ],
      [
       -48.8030954,
       -25.4980306
      ],
      [
       -48.8030369,
       -25.498057
      ],
      [
       -48.8030275,
       -25.4980615
      ],
      [
       -48.8030184,
       -25.4980664
      ],
      [
       -48.8030097,
       -25.4980718
      ],
      [
       -48.8030013,
       -25.4980776
      ],
      [
       -48.8029932,
       -25.4980838
      ],
      [
       -48.8029854,
       -25.4980904
      ],
      [
       -48.8029748,
       -25.4981
      ],
      [
       -48.80297,
       -25.4981044
      ],
      [
       -48.8029654,
       -25.498109
      ],
      [
       -48.802961,
       -25.4981137
      ],
      [
       -48.8029568,
       -25.4981185
      ],
      [
       -48.8029527,
       -25.4981235
      ],
      [
       -48.8029489,
       -25.4981287
      ],
      [
       -48.8029093,
       -25.498183
      ],
      [
       -48.8029069,
       -25.4981863
      ],
      [
       -48.8029046,
       -25.4981897
      ],
      [
       -48.8029024,
       -25.4981932
      ],
      [
       -48.8029003,
       -25.4981967
      ],
      [
       -48.8028982,
       -25.4982002
      ],
      [
       -48.8028963,
       -25.4982038
      ]
     ]
    ]
   },
   "properties": {
    "tipo": "quadra",
    "id": "quadra-53",
    "area_m2": 1925.06,
    "perimetro_m": 178.14,
    "fracaoDentroDaGleba": 0.0979
   }
  },
  {
   "type": "Feature",
   "geometry": {
    "type": "Polygon",
    "coordinates": [
     [
      [
       -48.803673,
       -25.4979423
      ],
      [
       -48.8032434,
       -25.4980015
      ],
      [
       -48.8032556,
       -25.4981792
      ],
      [
       -48.803256,
       -25.4981835
      ],
      [
       -48.8032566,
       -25.4981879
      ],
      [
       -48.8032575,
       -25.4981921
      ],
      [
       -48.8032586,
       -25.4981964
      ],
      [
       -48.8032599,
       -25.4982006
      ],
      [
       -48.8032615,
       -25.4982047
      ],
      [
       -48.8033432,
       -25.4984064
      ],
      [
       -48.8034304,
       -25.4983417
      ],
      [
       -48.8034346,
       -25.4983386
      ],
      [
       -48.8034389,
       -25.4983357
      ],
      [
       -48.8034433,
       -25.4983328
      ],
      [
       -48.8034478,
       -25.4983301
      ],
      [
       -48.8034523,
       -25.4983275
      ],
      [
       -48.803457,
       -25.498325
      ],
      [
       -48.8037475,
       -25.4981729
      ],
      [
       -48.803673,
       -25.4979423
      ]
     ]
    ]
   },
   "properties": {
    "tipo": "quadra",
    "id": "quadra-54",
    "area_m2": 1657.08,
    "perimetro_m": 165.03,
    "fracaoDentroDaGleba": 0
   }
  },
  {
   "type": "Feature",
   "geometry": {
    "type": "Polygon",
    "coordinates": [
     [
      [
       -48.8040189,
       -25.4978536
      ],
      [
       -48.803673,
       -25.4979423
      ],
      [
       -48.8037475,
       -25.4981729
      ],
      [
       -48.8038157,
       -25.4981432
      ],
      [
       -48.8040719,
       -25.4980461
      ],
      [
       -48.8040189,
       -25.4978536
      ]
     ]
    ]
   },
   "properties": {
    "tipo": "quadra",
    "id": "quadra-55",
    "area_m2": 860.8,
    "perimetro_m": 120.26,
    "fracaoDentroDaGleba": 0
   }
  },
  {
   "type": "Feature",
   "geometry": {
    "type": "Polygon",
    "coordinates": [
     [
      [
       -48.8041854,
       -25.4977914
      ],
      [
       -48.8040189,
       -25.4978536
      ],
      [
       -48.8040719,
       -25.4980461
      ],
      [
       -48.8042205,
       -25.498006
      ],
      [
       -48.8042234,
       -25.4980052
      ],
      [
       -48.8042263,
       -25.4980044
      ],
      [
       -48.8042292,
       -25.4980035
      ],
      [
       -48.8042321,
       -25.4980025
      ],
      [
       -48.8042349,
       -25.4980016
      ],
      [
       -48.8042377,
       -25.4980006
      ],
      [
       -48.804484,
       -25.4979111
      ],
      [
       -48.8043042,
       -25.4977312
      ],
      [
       -48.8042087,
       -25.497781
      ],
      [
       -48.8042049,
       -25.4977829
      ],
      [
       -48.8042011,
       -25.4977847
      ],
      [
       -48.8041972,
       -25.4977865
      ],
      [
       -48.8041933,
       -25.4977882
      ],
      [
       -48.8041894,
       -25.4977898
      ],
      [
       -48.8041854,
       -25.4977914
      ]
     ]
    ]
   },
   "properties": {
    "tipo": "quadra",
    "id": "quadra-56",
    "area_m2": 895.37,
    "perimetro_m": 124.78,
    "fracaoDentroDaGleba": 0
   }
  },
  {
   "type": "Feature",
   "geometry": {
    "type": "Polygon",
    "coordinates": [
     [
      [
       -48.8044147,
       -25.4976587
      ],
      [
       -48.8043042,
       -25.4977312
      ],
      [
       -48.804484,
       -25.4979111
      ],
      [
       -48.8045837,
       -25.4978551
      ],
      [
       -48.8047921,
       -25.4977855
      ],
      [
       -48.8047993,
       -25.497783
      ],
      [
       -48.8048063,
       -25.4977802
      ],
      [
       -48.8048131,
       -25.4977772
      ],
      [
       -48.8048199,
       -25.497774
      ],
      [
       -48.8048265,
       -25.4977705
      ],
      [
       -48.804833,
       -25.4977668
      ],
      [
       -48.8049718,
       -25.4976836
      ],
      [
       -48.8050119,
       -25.4976256
      ],
      [
       -48.8048729,
       -25.4975624
      ],
      [
       -48.8048713,
       -25.4975617
      ],
      [
       -48.8048697,
       -25.4975609
      ],
      [
       -48.8048681,
       -25.4975601
      ],
      [
       -48.8048666,
       -25.4975593
      ],
      [
       -48.804865,
       -25.4975584
      ],
      [
       -48.8048635,
       -25.4975576
      ],
      [
       -48.8046303,
       -25.497421
      ],
      [
       -48.8045397,
       -25.4975417
      ],
      [
       -48.8045365,
       -25.4975459
      ],
      [
       -48.8045331,
       -25.4975501
      ],
      [
       -48.8045295,
       -25.4975541
      ],
      [
       -48.8045259,
       -25.4975581
      ],
      [
       -48.8045221,
       -25.497562
      ],
      [
       -48.8045182,
       -25.4975657
      ],
      [
       -48.804441,
       -25.497638
      ],
      [
       -48.8044369,
       -25.4976417
      ],
      [
       -48.8044327,
       -25.4976454
      ],
      [
       -48.8044283,
       -25.4976489
      ],
      [
       -48.8044239,
       -25.4976522
      ],
      [
       -48.8044194,
       -25.4976555
      ],
      [
       -48.8044147,
       -25.4976587
      ]
     ]
    ]
   },
   "properties": {
    "tipo": "quadra",
    "id": "quadra-57",
    "area_m2": 1866.04,
    "perimetro_m": 182.54,
    "fracaoDentroDaGleba": 0
   }
  },
  {
   "type": "Feature",
   "geometry": {
    "type": "Polygon",
    "coordinates": [
     [
      [
       -48.7973699,
       -25.4965001
      ],
      [
       -48.7973972,
       -25.4966016
      ],
      [
       -48.7977092,
       -25.4965408
      ],
      [
       -48.7976557,
       -25.4964083
      ],
      [
       -48.7973699,
       -25.4965001
      ]
     ]
    ]
   },
   "properties": {
    "tipo": "quadra",
    "id": "quadra-58",
    "area_m2": 423.99,
    "perimetro_m": 89.78,
    "fracaoDentroDaGleba": 0
   }
  },
  {
   "type": "Feature",
   "geometry": {
    "type": "Polygon",
    "coordinates": [
     [
      [
       -48.7990025,
       -25.4978835
      ],
      [
       -48.7985406,
       -25.4977748
      ],
      [
       -48.7984153,
       -25.4983281
      ],
      [
       -48.7986714,
       -25.4983771
      ],
      [
       -48.7986749,
       -25.4983778
      ],
      [
       -48.7986783,
       -25.4983786
      ],
      [
       -48.7986817,
       -25.4983793
      ],
      [
       -48.798685,
       -25.4983802
      ],
      [
       -48.7986884,
       -25.4983811
      ],
      [
       -48.7986917,
       -25.498382
      ],
      [
       -48.7988365,
       -25.4984246
      ],
      [
       -48.7989498,
       -25.4984585
      ],
      [
       -48.7990181,
       -25.4981439
      ],
      [
       -48.7990185,
       -25.4981422
      ],
      [
       -48.7990188,
       -25.4981406
      ],
      [
       -48.799019,
       -25.4981389
      ],
      [
       -48.7990193,
       -25.4981372
      ],
      [
       -48.7990195,
       -25.4981355
      ],
      [
       -48.7990197,
       -25.4981338
      ],
      [
       -48.7990416,
       -25.4978919
      ],
      [
       -48.7990025,
       -25.4978835
      ]
     ]
    ]
   },
   "properties": {
    "tipo": "quadra",
    "id": "quadra-59",
    "area_m2": 3389.93,
    "perimetro_m": 233.85,
    "fracaoDentroDaGleba": 1
   }
  },
  {
   "type": "Feature",
   "geometry": {
    "type": "Polygon",
    "coordinates": [
     [
      [
       -48.7990025,
       -25.4978835
      ],
      [
       -48.7990416,
       -25.4978919
      ],
      [
       -48.7990646,
       -25.4978098
      ],
      [
       -48.7990175,
       -25.4978031
      ],
      [
       -48.7990025,
       -25.4978835
      ]
     ]
    ]
   },
   "properties": {
    "tipo": "quadra",
    "id": "quadra-60",
    "area_m2": 40.61,
    "perimetro_m": 27.25,
    "fracaoDentroDaGleba": 1
   }
  },
  {
   "type": "Feature",
   "geometry": {
    "type": "Polygon",
    "coordinates": [
     [
      [
       -48.7997073,
       -25.4981181
      ],
      [
       -48.7997774,
       -25.4981579
      ],
      [
       -48.7998456,
       -25.4980331
      ],
      [
       -48.7997783,
       -25.4979901
      ],
      [
       -48.7997547,
       -25.4980481
      ],
      [
       -48.7997533,
       -25.4980513
      ],
      [
       -48.7997518,
       -25.4980544
      ],
      [
       -48.7997502,
       -25.4980574
      ],
      [
       -48.7997485,
       -25.4980604
      ],
      [
       -48.7997466,
       -25.4980633
      ],
      [
       -48.7997447,
       -25.4980662
      ],
      [
       -48.7997073,
       -25.4981181
      ]
     ]
    ]
   },
   "properties": {
    "tipo": "quadra",
    "id": "quadra-61",
    "area_m2": 121.65,
    "perimetro_m": 47.97,
    "fracaoDentroDaGleba": 1
   }
  },
  {
   "type": "Feature",
   "geometry": {
    "type": "Polygon",
    "coordinates": [
     [
      [
       -48.8003017,
       -25.4986912
      ],
      [
       -48.8006356,
       -25.4991821
      ],
      [
       -48.8006771,
       -25.4991689
      ],
      [
       -48.8004405,
       -25.4987699
      ],
      [
       -48.8004392,
       -25.4987676
      ],
      [
       -48.8004378,
       -25.4987654
      ],
      [
       -48.8004364,
       -25.4987632
      ],
      [
       -48.800435,
       -25.4987611
      ],
      [
       -48.8004335,
       -25.4987589
      ],
      [
       -48.800432,
       -25.4987568
      ],
      [
       -48.8003673,
       -25.4986667
      ],
      [
       -48.8003017,
       -25.4986912
      ]
     ]
    ]
   },
   "properties": {
    "tipo": "quadra",
    "id": "quadra-62",
    "area_m2": 390.75,
    "perimetro_m": 139.25,
    "fracaoDentroDaGleba": 1
   }
  },
  {
   "type": "Feature",
   "geometry": {
    "type": "Polygon",
    "coordinates": [
     [
      [
       -48.8006356,
       -25.4991821
      ],
      [
       -48.8003017,
       -25.4986912
      ],
      [
       -48.8001775,
       -25.4987706
      ],
      [
       -48.8001761,
       -25.4987715
      ],
      [
       -48.8001746,
       -25.4987725
      ],
      [
       -48.8001732,
       -25.4987735
      ],
      [
       -48.8001719,
       -25.4987745
      ],
      [
       -48.8001705,
       -25.4987755
      ],
      [
       -48.8001692,
       -25.4987765
      ],
      [
       -48.7998424,
       -25.4990369
      ],
      [
       -48.7999136,
       -25.4991155
      ],
      [
       -48.7999159,
       -25.4991181
      ],
      [
       -48.7999181,
       -25.4991207
      ],
      [
       -48.7999203,
       -25.4991234
      ],
      [
       -48.7999225,
       -25.4991261
      ],
      [
       -48.7999245,
       -25.4991288
      ],
      [
       -48.7999266,
       -25.4991316
      ],
      [
       -48.8000817,
       -25.4993478
      ],
      [
       -48.8000837,
       -25.4993507
      ],
      [
       -48.8000857,
       -25.4993536
      ],
      [
       -48.8000876,
       -25.4993565
      ],
      [
       -48.8000894,
       -25.4993595
      ],
      [
       -48.8000912,
       -25.4993625
      ],
      [
       -48.8000929,
       -25.4993655
      ],
      [
       -48.8002,
       -25.4995597
      ],
      [
       -48.8006051,
       -25.4993684
      ],
      [
       -48.8006068,
       -25.4993676
      ],
      [
       -48.8006084,
       -25.4993668
      ],
      [
       -48.8006101,
       -25.4993659
      ],
      [
       -48.8006117,
       -25.499365
      ],
      [
       -48.8006133,
       -25.499364
      ],
      [
       -48.8006149,
       -25.4993631
      ],
      [
       -48.8007129,
       -25.4993029
      ],
      [
       -48.8006356,
       -25.4991821
      ]
     ]
    ]
   },
   "properties": {
    "tipo": "quadra",
    "id": "quadra-63",
    "area_m2": 4345.54,
    "perimetro_m": 266.78,
    "fracaoDentroDaGleba": 1
   }
  },
  {
   "type": "Feature",
   "geometry": {
    "type": "Polygon",
    "coordinates": [
     [
      [
       -48.8024203,
       -25.4990366
      ],
      [
       -48.8023571,
       -25.4991267
      ],
      [
       -48.8025841,
       -25.4992807
      ],
      [
       -48.8026482,
       -25.4991886
      ],
      [
       -48.8024898,
       -25.4990936
      ],
      [
       -48.8024875,
       -25.4990922
      ],
      [
       -48.8024853,
       -25.4990907
      ],
      [
       -48.8024831,
       -25.4990892
      ],
      [
       -48.802481,
       -25.4990877
      ],
      [
       -48.8024789,
       -25.499086
      ],
      [
       -48.8024769,
       -25.4990844
      ],
      [
       -48.8024203,
       -25.4990366
      ]
     ]
    ]
   },
   "properties": {
    "tipo": "quadra",
    "id": "quadra-64",
    "area_m2": 325.25,
    "perimetro_m": 80.91,
    "fracaoDentroDaGleba": 1
   }
  },
  {
   "type": "Feature",
   "geometry": {
    "type": "Polygon",
    "coordinates": [
     [
      [
       -48.8028442,
       -25.4983014
      ],
      [
       -48.8027418,
       -25.4984998
      ],
      [
       -48.8029076,
       -25.4985838
      ],
      [
       -48.802911,
       -25.4985855
      ],
      [
       -48.8029143,
       -25.4985874
      ],
      [
       -48.8029175,
       -25.4985895
      ],
      [
       -48.8029206,
       -25.4985916
      ],
      [
       -48.8029236,
       -25.4985938
      ],
      [
       -48.8029265,
       -25.4985962
      ],
      [
       -48.8030349,
       -25.4986866
      ],
      [
       -48.8031143,
       -25.4986067
      ],
      [
       -48.8030616,
       -25.4985568
      ],
      [
       -48.8030589,
       -25.4985541
      ],
      [
       -48.8030563,
       -25.4985513
      ],
      [
       -48.8030538,
       -25.4985485
      ],
      [
       -48.8030515,
       -25.4985455
      ],
      [
       -48.8030492,
       -25.4985425
      ],
      [
       -48.8030472,
       -25.4985393
      ],
      [
       -48.8029499,
       -25.4983862
      ],
      [
       -48.8029467,
       -25.4983813
      ],
      [
       -48.8029431,
       -25.4983768
      ],
      [
       -48.8029392,
       -25.4983724
      ],
      [
       -48.8029351,
       -25.4983683
      ],
      [
       -48.8029306,
       -25.4983644
      ],
      [
       -48.8029259,
       -25.4983607
      ],
      [
       -48.8028442,
       -25.4983014
      ]
     ]
    ]
   },
   "properties": {
    "tipo": "quadra",
    "id": "quadra-65",
    "area_m2": 682.33,
    "perimetro_m": 116.36,
    "fracaoDentroDaGleba": 0.9
   }
  },
  {
   "type": "Feature",
   "geometry": {
    "type": "Polygon",
    "coordinates": [
     [
      [
       -48.7958005,
       -25.5013905
      ],
      [
       -48.7956628,
       -25.5015022
      ],
      [
       -48.7957799,
       -25.5016313
      ],
      [
       -48.7957818,
       -25.5016335
      ],
      [
       -48.7957837,
       -25.5016357
      ],
      [
       -48.7957855,
       -25.501638
      ],
      [
       -48.7957871,
       -25.5016403
      ],
      [
       -48.7957887,
       -25.5016427
      ],
      [
       -48.7957903,
       -25.5016451
      ],
      [
       -48.7958461,
       -25.5017371
      ],
      [
       -48.796118,
       -25.5016191
      ],
      [
       -48.7961284,
       -25.5016142
      ],
      [
       -48.7961385,
       -25.5016088
      ],
      [
       -48.7961481,
       -25.5016029
      ],
      [
       -48.7961574,
       -25.5015965
      ],
      [
       -48.7961662,
       -25.5015896
      ],
      [
       -48.7961746,
       -25.5015822
      ],
      [
       -48.7962142,
       -25.5015453
      ],
      [
       -48.7962191,
       -25.5015406
      ],
      [
       -48.7962238,
       -25.5015357
      ],
      [
       -48.7962283,
       -25.5015306
      ],
      [
       -48.7962326,
       -25.5015254
      ],
      [
       -48.7962367,
       -25.5015201
      ],
      [
       -48.7962406,
       -25.5015146
      ],
      [
       -48.7963526,
       -25.501351
      ],
      [
       -48.7959634,
       -25.5011728
      ],
      [
       -48.7959472,
       -25.5012051
      ],
      [
       -48.7959445,
       -25.5012104
      ],
      [
       -48.7959416,
       -25.5012155
      ],
      [
       -48.7959385,
       -25.5012206
      ],
      [
       -48.7959353,
       -25.5012255
      ],
      [
       -48.7959318,
       -25.5012304
      ],
      [
       -48.7959282,
       -25.5012352
      ],
      [
       -48.79583,
       -25.5013605
      ],
      [
       -48.7958256,
       -25.5013659
      ],
      [
       -48.795821,
       -25.5013712
      ],
      [
       -48.7958162,
       -25.5013763
      ],
      [
       -48.7958111,
       -25.5013812
      ],
      [
       -48.7958059,
       -25.5013859
      ],
      [
       -48.7958005,
       -25.5013905
      ]
     ]
    ]
   },
   "properties": {
    "tipo": "quadra",
    "id": "quadra-66",
    "area_m2": 2270.42,
    "perimetro_m": 192.39,
    "fracaoDentroDaGleba": 0.1058
   }
  },
  {
   "type": "Feature",
   "geometry": {
    "type": "Polygon",
    "coordinates": [
     [
      [
       -48.7960646,
       -25.5009002
      ],
      [
       -48.7960402,
       -25.5009678
      ],
      [
       -48.7964867,
       -25.5010298
      ],
      [
       -48.7966441,
       -25.5010264
      ],
      [
       -48.7966425,
       -25.5009568
      ],
      [
       -48.7964625,
       -25.5009504
      ],
      [
       -48.7964608,
       -25.5009504
      ],
      [
       -48.7964591,
       -25.5009503
      ],
      [
       -48.7964575,
       -25.5009501
      ],
      [
       -48.7964558,
       -25.50095
      ],
      [
       -48.7964542,
       -25.5009498
      ],
      [
       -48.7964525,
       -25.5009496
      ],
      [
       -48.7960646,
       -25.5009002
      ]
     ]
    ]
   },
   "properties": {
    "tipo": "quadra",
    "id": "quadra-67",
    "area_m2": 484.52,
    "perimetro_m": 135.34,
    "fracaoDentroDaGleba": 1
   }
  },
  {
   "type": "Feature",
   "geometry": {
    "type": "Polygon",
    "coordinates": [
     [
      [
       -48.7961614,
       -25.500256
      ],
      [
       -48.7960646,
       -25.5009002
      ],
      [
       -48.7964525,
       -25.5009496
      ],
      [
       -48.7964542,
       -25.5009498
      ],
      [
       -48.7964558,
       -25.50095
      ],
      [
       -48.7964575,
       -25.5009501
      ],
      [
       -48.7964591,
       -25.5009503
      ],
      [
       -48.7964608,
       -25.5009504
      ],
      [
       -48.7964625,
       -25.5009504
      ],
      [
       -48.7966425,
       -25.5009568
      ],
      [
       -48.7966344,
       -25.5005959
      ],
      [
       -48.7966278,
       -25.5003074
      ],
      [
       -48.7962474,
       -25.5002777
      ],
      [
       -48.7962439,
       -25.5002774
      ],
      [
       -48.7962405,
       -25.500277
      ],
      [
       -48.7962371,
       -25.5002764
      ],
      [
       -48.7962337,
       -25.5002758
      ],
      [
       -48.7962303,
       -25.500275
      ],
      [
       -48.7962269,
       -25.5002741
      ],
      [
       -48.7961614,
       -25.500256
      ]
     ]
    ]
   },
   "properties": {
    "tipo": "quadra",
    "id": "quadra-68",
    "area_m2": 3790.81,
    "perimetro_m": 249.85,
    "fracaoDentroDaGleba": 1
   }
  },
  {
   "type": "Feature",
   "geometry": {
    "type": "Polygon",
    "coordinates": [
     [
      [
       -48.7962019,
       -25.500084
      ],
      [
       -48.7961775,
       -25.5001869
      ],
      [
       -48.7964456,
       -25.5001826
      ],
      [
       -48.7964475,
       -25.5001825
      ],
      [
       -48.7964495,
       -25.5001826
      ],
      [
       -48.7964515,
       -25.5001826
      ],
      [
       -48.7964534,
       -25.5001827
      ],
      [
       -48.7964554,
       -25.5001828
      ],
      [
       -48.7964574,
       -25.500183
      ],
      [
       -48.7966347,
       -25.5001993
      ],
      [
       -48.7966531,
       -25.5000293
      ],
      [
       -48.7966535,
       -25.5000261
      ],
      [
       -48.7966539,
       -25.5000229
      ],
      [
       -48.7966544,
       -25.5000197
      ],
      [
       -48.796655,
       -25.5000166
      ],
      [
       -48.7966556,
       -25.5000134
      ],
      [
       -48.7966563,
       -25.5000103
      ],
      [
       -48.7966974,
       -25.4998304
      ],
      [
       -48.7966982,
       -25.4998268
      ],
      [
       -48.7966992,
       -25.4998231
      ],
      [
       -48.7967003,
       -25.4998195
      ],
      [
       -48.7967014,
       -25.4998158
      ],
      [
       -48.7967026,
       -25.4998122
      ],
      [
       -48.7967039,
       -25.4998087
      ],
      [
       -48.7967684,
       -25.4996375
      ],
      [
       -48.796505,
       -25.4995439
      ],
      [
       -48.7963378,
       -25.4997663
      ],
      [
       -48.7963351,
       -25.4997699
      ],
      [
       -48.7963326,
       -25.4997736
      ],
      [
       -48.7963301,
       -25.4997773
      ],
      [
       -48.7963278,
       -25.499781
      ],
      [
       -48.7963256,
       -25.4997848
      ],
      [
       -48.7963234,
       -25.4997887
      ],
      [
       -48.7962948,
       -25.4998417
      ],
      [
       -48.7962779,
       -25.4998744
      ],
      [
       -48.7962077,
       -25.5000646
      ],
      [
       -48.7962066,
       -25.5000678
      ],
      [
       -48.7962055,
       -25.500071
      ],
      [
       -48.7962045,
       -25.5000742
      ],
      [
       -48.7962036,
       -25.5000774
      ],
      [
       -48.7962027,
       -25.5000807
      ],
      [
       -48.7962019,
       -25.500084
      ]
     ]
    ]
   },
   "properties": {
    "tipo": "quadra",
    "id": "quadra-69",
    "area_m2": 2675.32,
    "perimetro_m": 217.8,
    "fracaoDentroDaGleba": 1
   }
  },
  {
   "type": "Feature",
   "geometry": {
    "type": "Polygon",
    "coordinates": [
     [
      [
       -48.7962948,
       -25.4998417
      ],
      [
       -48.7963234,
       -25.4997887
      ],
      [
       -48.7963256,
       -25.4997848
      ],
      [
       -48.7963278,
       -25.499781
      ],
      [
       -48.7963301,
       -25.4997773
      ],
      [
       -48.7963326,
       -25.4997736
      ],
      [
       -48.7963351,
       -25.4997699
      ],
      [
       -48.7963378,
       -25.4997663
      ],
      [
       -48.796505,
       -25.4995439
      ],
      [
       -48.7964199,
       -25.4995137
      ],
      [
       -48.7963616,
       -25.499601
      ],
      [
       -48.7963598,
       -25.4996037
      ],
      [
       -48.7963581,
       -25.4996064
      ],
      [
       -48.7963564,
       -25.4996092
      ],
      [
       -48.7963548,
       -25.499612
      ],
      [
       -48.7963532,
       -25.4996149
      ],
      [
       -48.7963517,
       -25.4996177
      ],
      [
       -48.7962395,
       -25.4998341
      ],
      [
       -48.7962948,
       -25.4998417
      ]
     ]
    ]
   },
   "properties": {
    "tipo": "quadra",
    "id": "quadra-70",
    "area_m2": 282.84,
    "perimetro_m": 93.95,
    "fracaoDentroDaGleba": 1
   }
  },
  {
   "type": "Feature",
   "geometry": {
    "type": "Polygon",
    "coordinates": [
     [
      [
       -48.7965495,
       -25.499477
      ],
      [
       -48.7967106,
       -25.4992713
      ],
      [
       -48.7966563,
       -25.4992275
      ],
      [
       -48.7965162,
       -25.4993769
      ],
      [
       -48.796513,
       -25.4993804
      ],
      [
       -48.79651,
       -25.4993839
      ],
      [
       -48.796507,
       -25.4993875
      ],
      [
       -48.7965042,
       -25.4993911
      ],
      [
       -48.7965014,
       -25.4993948
      ],
      [
       -48.7964988,
       -25.4993986
      ],
      [
       -48.7964199,
       -25.4995137
      ],
      [
       -48.796505,
       -25.4995439
      ],
      [
       -48.7965495,
       -25.499477
      ]
     ]
    ]
   },
   "properties": {
    "tipo": "quadra",
    "id": "quadra-71",
    "area_m2": 327.39,
    "perimetro_m": 92.84,
    "fracaoDentroDaGleba": 1
   }
  },
  {
   "type": "Feature",
   "geometry": {
    "type": "Polygon",
    "coordinates": [
     [
      [
       -48.7967106,
       -25.4992713
      ],
      [
       -48.7965495,
       -25.499477
      ],
      [
       -48.7965979,
       -25.4995122
      ],
      [
       -48.7966004,
       -25.499514
      ],
      [
       -48.7966029,
       -25.4995156
      ],
      [
       -48.7966054,
       -25.4995172
      ],
      [
       -48.7966081,
       -25.4995187
      ],
      [
       -48.7966107,
       -25.4995201
      ],
      [
       -48.7966134,
       -25.4995215
      ],
      [
       -48.7967819,
       -25.4996029
      ],
      [
       -48.7968653,
       -25.4994406
      ],
      [
       -48.7969534,
       -25.4992963
      ],
      [
       -48.7969562,
       -25.4992919
      ],
      [
       -48.7969591,
       -25.4992875
      ],
      [
       -48.7969622,
       -25.4992832
      ],
      [
       -48.7969654,
       -25.499279
      ],
      [
       -48.7969687,
       -25.4992749
      ],
      [
       -48.7969722,
       -25.4992709
      ],
      [
       -48.7971106,
       -25.4991142
      ],
      [
       -48.7970314,
       -25.4990077
      ],
      [
       -48.7968358,
       -25.4991485
      ],
      [
       -48.7968315,
       -25.4991517
      ],
      [
       -48.7968273,
       -25.499155
      ],
      [
       -48.7968232,
       -25.4991584
      ],
      [
       -48.7968192,
       -25.499162
      ],
      [
       -48.7968153,
       -25.4991656
      ],
      [
       -48.7968115,
       -25.4991693
      ],
      [
       -48.7967106,
       -25.4992713
      ]
     ]
    ]
   },
   "properties": {
    "tipo": "quadra",
    "id": "quadra-72",
    "area_m2": 1427.41,
    "perimetro_m": 176.89,
    "fracaoDentroDaGleba": 1
   }
  },
  {
   "type": "Feature",
   "geometry": {
    "type": "Polygon",
    "coordinates": [
     [
      [
       -48.7967106,
       -25.4992713
      ],
      [
       -48.7968115,
       -25.4991693
      ],
      [
       -48.7968153,
       -25.4991656
      ],
      [
       -48.7968192,
       -25.499162
      ],
      [
       -48.7968232,
       -25.4991584
      ],
      [
       -48.7968273,
       -25.499155
      ],
      [
       -48.7968315,
       -25.4991517
      ],
      [
       -48.7968358,
       -25.4991485
      ],
      [
       -48.7970314,
       -25.4990077
      ],
      [
       -48.7969415,
       -25.498924
      ],
      [
       -48.7966563,
       -25.4992275
      ],
      [
       -48.7967106,
       -25.4992713
      ]
     ]
    ]
   },
   "properties": {
    "tipo": "quadra",
    "id": "quadra-73",
    "area_m2": 405,
    "perimetro_m": 108.09,
    "fracaoDentroDaGleba": 1
   }
  },
  {
   "type": "Feature",
   "geometry": {
    "type": "Polygon",
    "coordinates": [
     [
      [
       -48.7970314,
       -25.4990077
      ],
      [
       -48.797168,
       -25.4989297
      ],
      [
       -48.7973132,
       -25.4988708
      ],
      [
       -48.7972531,
       -25.4987885
      ],
      [
       -48.7972515,
       -25.4987862
      ],
      [
       -48.79725,
       -25.498784
      ],
      [
       -48.7972486,
       -25.4987816
      ],
      [
       -48.7972472,
       -25.4987793
      ],
      [
       -48.7972459,
       -25.4987769
      ],
      [
       -48.7972447,
       -25.4987744
      ],
      [
       -48.7972165,
       -25.498715
      ],
      [
       -48.7970936,
       -25.4987923
      ],
      [
       -48.797089,
       -25.4987952
      ],
      [
       -48.7970845,
       -25.4987983
      ],
      [
       -48.7970801,
       -25.4988015
      ],
      [
       -48.7970758,
       -25.4988048
      ],
      [
       -48.7970716,
       -25.4988083
      ],
      [
       -48.7970676,
       -25.4988118
      ],
      [
       -48.7969415,
       -25.498924
      ],
      [
       -48.7970314,
       -25.4990077
      ]
     ]
    ]
   },
   "properties": {
    "tipo": "quadra",
    "id": "quadra-74",
    "area_m2": 551.76,
    "perimetro_m": 101.21,
    "fracaoDentroDaGleba": 1
   }
  },
  {
   "type": "Feature",
   "geometry": {
    "type": "Polygon",
    "coordinates": [
     [
      [
       -48.797168,
       -25.4989297
      ],
      [
       -48.7970314,
       -25.4990077
      ],
      [
       -48.7971106,
       -25.4991142
      ],
      [
       -48.7972309,
       -25.4990199
      ],
      [
       -48.797168,
       -25.4989297
      ]
     ]
    ]
   },
   "properties": {
    "tipo": "quadra",
    "id": "quadra-75",
    "area_m2": 208.96,
    "perimetro_m": 58.28,
    "fracaoDentroDaGleba": 1
   }
  },
  {
   "type": "Feature",
   "geometry": {
    "type": "Polygon",
    "coordinates": [
     [
      [
       -48.7973132,
       -25.4988708
      ],
      [
       -48.797168,
       -25.4989297
      ],
      [
       -48.7972309,
       -25.4990199
      ],
      [
       -48.7976545,
       -25.4995005
      ],
      [
       -48.7978083,
       -25.4993771
      ],
      [
       -48.7978136,
       -25.4993729
      ],
      [
       -48.7978191,
       -25.4993689
      ],
      [
       -48.7978248,
       -25.4993651
      ],
      [
       -48.7978306,
       -25.4993615
      ],
      [
       -48.7978365,
       -25.4993581
      ],
      [
       -48.7978426,
       -25.4993549
      ],
      [
       -48.7979377,
       -25.4993063
      ],
      [
       -48.797908,
       -25.4992704
      ],
      [
       -48.7979047,
       -25.4992662
      ],
      [
       -48.7979017,
       -25.4992618
      ],
      [
       -48.7978989,
       -25.4992572
      ],
      [
       -48.7978965,
       -25.4992525
      ],
      [
       -48.7978943,
       -25.4992477
      ],
      [
       -48.7978925,
       -25.4992428
      ],
      [
       -48.797855,
       -25.4991324
      ],
      [
       -48.7978544,
       -25.4991308
      ],
      [
       -48.7978539,
       -25.4991291
      ],
      [
       -48.7978535,
       -25.4991274
      ],
      [
       -48.797853,
       -25.4991257
      ],
      [
       -48.7978526,
       -25.499124
      ],
      [
       -48.7978523,
       -25.4991223
      ],
      [
       -48.7977805,
       -25.4987725
      ],
      [
       -48.7975898,
       -25.4987974
      ],
      [
       -48.7975849,
       -25.4987981
      ],
      [
       -48.79758,
       -25.4987989
      ],
      [
       -48.7975751,
       -25.4987998
      ],
      [
       -48.7975703,
       -25.4988008
      ],
      [
       -48.7975655,
       -25.4988019
      ],
      [
       -48.7975607,
       -25.4988032
      ],
      [
       -48.7973132,
       -25.4988708
      ]
     ]
    ]
   },
   "properties": {
    "tipo": "quadra",
    "id": "quadra-76",
    "area_m2": 3403.09,
    "perimetro_m": 242,
    "fracaoDentroDaGleba": 1
   }
  },
  {
   "type": "Feature",
   "geometry": {
    "type": "Polygon",
    "coordinates": [
     [
      [
       -48.7973132,
       -25.4988708
      ],
      [
       -48.7975607,
       -25.4988032
      ],
      [
       -48.7975655,
       -25.4988019
      ],
      [
       -48.7975703,
       -25.4988008
      ],
      [
       -48.7975751,
       -25.4987998
      ],
      [
       -48.79758,
       -25.4987989
      ],
      [
       -48.7975849,
       -25.4987981
      ],
      [
       -48.7975898,
       -25.4987974
      ],
      [
       -48.7977805,
       -25.4987725
      ],
      [
       -48.7977348,
       -25.498549
      ],
      [
       -48.7976175,
       -25.4985687
      ],
      [
       -48.7974075,
       -25.4986275
      ],
      [
       -48.7974017,
       -25.4986292
      ],
      [
       -48.7973959,
       -25.4986311
      ],
      [
       -48.7973902,
       -25.4986331
      ],
      [
       -48.7973846,
       -25.4986353
      ],
      [
       -48.7973791,
       -25.4986377
      ],
      [
       -48.7973737,
       -25.4986402
      ],
      [
       -48.7972165,
       -25.498715
      ],
      [
       -48.7972447,
       -25.4987744
      ],
      [
       -48.7972459,
       -25.4987769
      ],
      [
       -48.7972472,
       -25.4987793
      ],
      [
       -48.7972486,
       -25.4987816
      ],
      [
       -48.79725,
       -25.498784
      ],
      [
       -48.7972515,
       -25.4987862
      ],
      [
       -48.7972531,
       -25.4987885
      ],
      [
       -48.7973132,
       -25.4988708
      ]
     ]
    ]
   },
   "properties": {
    "tipo": "quadra",
    "id": "quadra-77",
    "area_m2": 1205.94,
    "perimetro_m": 149.03,
    "fracaoDentroDaGleba": 1
   }
  },
  {
   "type": "Feature",
   "geometry": {
    "type": "Polygon",
    "coordinates": [
     [
      [
       -48.7977805,
       -25.4987725
      ],
      [
       -48.7979349,
       -25.4987668
      ],
      [
       -48.7979746,
       -25.4987663
      ],
      [
       -48.797978,
       -25.4985261
      ],
      [
       -48.7977348,
       -25.498549
      ],
      [
       -48.7977805,
       -25.4987725
      ]
     ]
    ]
   },
   "properties": {
    "tipo": "quadra",
    "id": "quadra-78",
    "area_m2": 567.19,
    "perimetro_m": 95.9,
    "fracaoDentroDaGleba": 1
   }
  },
  {
   "type": "Feature",
   "geometry": {
    "type": "Polygon",
    "coordinates": [
     [
      [
       -48.7979349,
       -25.4987668
      ],
      [
       -48.7977805,
       -25.4987725
      ],
      [
       -48.7978523,
       -25.4991223
      ],
      [
       -48.7978526,
       -25.499124
      ],
      [
       -48.797853,
       -25.4991257
      ],
      [
       -48.7978535,
       -25.4991274
      ],
      [
       -48.7978539,
       -25.4991291
      ],
      [
       -48.7978544,
       -25.4991308
      ],
      [
       -48.797855,
       -25.4991324
      ],
      [
       -48.7978925,
       -25.4992428
      ],
      [
       -48.7978943,
       -25.4992477
      ],
      [
       -48.7978965,
       -25.4992525
      ],
      [
       -48.7978989,
       -25.4992572
      ],
      [
       -48.7979017,
       -25.4992618
      ],
      [
       -48.7979047,
       -25.4992662
      ],
      [
       -48.797908,
       -25.4992704
      ],
      [
       -48.7979377,
       -25.4993063
      ],
      [
       -48.7980079,
       -25.4992719
      ],
      [
       -48.7979383,
       -25.4988485
      ],
      [
       -48.7979381,
       -25.4988468
      ],
      [
       -48.7979378,
       -25.498845
      ],
      [
       -48.7979376,
       -25.4988433
      ],
      [
       -48.7979375,
       -25.4988415
      ],
      [
       -48.7979374,
       -25.4988398
      ],
      [
       -48.7979373,
       -25.498838
      ],
      [
       -48.7979349,
       -25.4987668
      ]
     ]
    ]
   },
   "properties": {
    "tipo": "quadra",
    "id": "quadra-79",
    "area_m2": 762.79,
    "perimetro_m": 141.83,
    "fracaoDentroDaGleba": 1
   }
  },
  {
   "type": "Feature",
   "geometry": {
    "type": "Polygon",
    "coordinates": [
     [
      [
       -48.7979746,
       -25.4987663
      ],
      [
       -48.798051,
       -25.4987664
      ],
      [
       -48.798055,
       -25.4987664
      ],
      [
       -48.7980591,
       -25.4987665
      ],
      [
       -48.7980632,
       -25.4987667
      ],
      [
       -48.7980672,
       -25.498767
      ],
      [
       -48.7980713,
       -25.4987673
      ],
      [
       -48.7980753,
       -25.4987678
      ],
      [
       -48.798353,
       -25.4987992
      ],
      [
       -48.7983563,
       -25.4987996
      ],
      [
       -48.7983596,
       -25.4988001
      ],
      [
       -48.7983629,
       -25.4988006
      ],
      [
       -48.7983662,
       -25.4988011
      ],
      [
       -48.7983694,
       -25.4988017
      ],
      [
       -48.7983727,
       -25.4988024
      ],
      [
       -48.7985668,
       -25.4988426
      ],
      [
       -48.7986449,
       -25.4985648
      ],
      [
       -48.7983689,
       -25.4985327
      ],
      [
       -48.797978,
       -25.4985261
      ],
      [
       -48.7979746,
       -25.4987663
      ]
     ]
    ]
   },
   "properties": {
    "tipo": "quadra",
    "id": "quadra-80",
    "area_m2": 1832.44,
    "perimetro_m": 185.94,
    "fracaoDentroDaGleba": 1
   }
  },
  {
   "type": "Feature",
   "geometry": {
    "type": "Polygon",
    "coordinates": [
     [
      [
       -48.798051,
       -25.4987664
      ],
      [
       -48.7979746,
       -25.4987663
      ],
      [
       -48.7979349,
       -25.4987668
      ],
      [
       -48.7979373,
       -25.498838
      ],
      [
       -48.7979374,
       -25.4988398
      ],
      [
       -48.7979375,
       -25.4988415
      ],
      [
       -48.7979376,
       -25.4988433
      ],
      [
       -48.7979378,
       -25.498845
      ],
      [
       -48.7979381,
       -25.4988468
      ],
      [
       -48.7979383,
       -25.4988485
      ],
      [
       -48.7980079,
       -25.4992719
      ],
      [
       -48.7980805,
       -25.4992445
      ],
      [
       -48.7982723,
       -25.4991987
      ],
      [
       -48.7984701,
       -25.4991866
      ],
      [
       -48.7985668,
       -25.4988426
      ],
      [
       -48.7983727,
       -25.4988024
      ],
      [
       -48.7983694,
       -25.4988017
      ],
      [
       -48.7983662,
       -25.4988011
      ],
      [
       -48.7983629,
       -25.4988006
      ],
      [
       -48.7983596,
       -25.4988001
      ],
      [
       -48.7983563,
       -25.4987996
      ],
      [
       -48.798353,
       -25.4987992
      ],
      [
       -48.7980753,
       -25.4987678
      ],
      [
       -48.7980713,
       -25.4987673
      ],
      [
       -48.7980672,
       -25.498767
      ],
      [
       -48.7980632,
       -25.4987667
      ],
      [
       -48.7980591,
       -25.4987665
      ],
      [
       -48.798055,
       -25.4987664
      ],
      [
       -48.798051,
       -25.4987664
      ]
     ]
    ]
   },
   "properties": {
    "tipo": "quadra",
    "id": "quadra-81",
    "area_m2": 2624.28,
    "perimetro_m": 207.89,
    "fracaoDentroDaGleba": 1
   }
  },
  {
   "type": "Feature",
   "geometry": {
    "type": "Polygon",
    "coordinates": [
     [
      [
       -48.7985668,
       -25.4988426
      ],
      [
       -48.7986769,
       -25.4988748
      ],
      [
       -48.7986874,
       -25.498797
      ],
      [
       -48.7986879,
       -25.4987938
      ],
      [
       -48.7986885,
       -25.4987907
      ],
      [
       -48.7986893,
       -25.4987876
      ],
      [
       -48.7986901,
       -25.4987845
      ],
      [
       -48.7986911,
       -25.4987814
      ],
      [
       -48.7986922,
       -25.4987784
      ],
      [
       -48.7987645,
       -25.4985892
      ],
      [
       -48.7986449,
       -25.4985648
      ],
      [
       -48.7985668,
       -25.4988426
      ]
     ]
    ]
   },
   "properties": {
    "tipo": "quadra",
    "id": "quadra-82",
    "area_m2": 362.83,
    "perimetro_m": 88.72,
    "fracaoDentroDaGleba": 1
   }
  },
  {
   "type": "Feature",
   "geometry": {
    "type": "Polygon",
    "coordinates": [
     [
      [
       -48.7986769,
       -25.4988748
      ],
      [
       -48.7985668,
       -25.4988426
      ],
      [
       -48.7984701,
       -25.4991866
      ],
      [
       -48.7985572,
       -25.4991888
      ],
      [
       -48.7985647,
       -25.4991891
      ],
      [
       -48.7985722,
       -25.4991897
      ],
      [
       -48.7985796,
       -25.4991905
      ],
      [
       -48.798587,
       -25.4991916
      ],
      [
       -48.7985944,
       -25.4991929
      ],
      [
       -48.7986017,
       -25.4991945
      ],
      [
       -48.7986511,
       -25.4992062
      ],
      [
       -48.7987158,
       -25.4989754
      ],
      [
       -48.7987165,
       -25.4989729
      ],
      [
       -48.7987173,
       -25.4989704
      ],
      [
       -48.7987182,
       -25.4989679
      ],
      [
       -48.7987192,
       -25.4989655
      ],
      [
       -48.7987203,
       -25.498963
      ],
      [
       -48.7987214,
       -25.4989606
      ],
      [
       -48.7987517,
       -25.4988996
      ],
      [
       -48.7986769,
       -25.4988748
      ]
     ]
    ]
   },
   "properties": {
    "tipo": "quadra",
    "id": "quadra-83",
    "area_m2": 678.14,
    "perimetro_m": 112.9,
    "fracaoDentroDaGleba": 1
   }
  },
  {
   "type": "Feature",
   "geometry": {
    "type": "Polygon",
    "coordinates": [
     [
      [
       -48.7987517,
       -25.4988996
      ],
      [
       -48.7989924,
       -25.4990066
      ],
      [
       -48.7989966,
       -25.4990085
      ],
      [
       -48.7990008,
       -25.4990106
      ],
      [
       -48.7990049,
       -25.4990127
      ],
      [
       -48.7990089,
       -25.4990149
      ],
      [
       -48.7990129,
       -25.4990171
      ],
      [
       -48.7990169,
       -25.4990195
      ],
      [
       -48.7991515,
       -25.4991027
      ],
      [
       -48.799155,
       -25.4991049
      ],
      [
       -48.7991585,
       -25.4991072
      ],
      [
       -48.7991619,
       -25.4991096
      ],
      [
       -48.7991653,
       -25.4991121
      ],
      [
       -48.7991686,
       -25.4991146
      ],
      [
       -48.7991719,
       -25.4991172
      ],
      [
       -48.7992531,
       -25.4991828
      ],
      [
       -48.7995322,
       -25.4988664
      ],
      [
       -48.7994971,
       -25.4988475
      ],
      [
       -48.7993661,
       -25.4987782
      ],
      [
       -48.7993633,
       -25.4987768
      ],
      [
       -48.7993604,
       -25.4987753
      ],
      [
       -48.7993574,
       -25.4987739
      ],
      [
       -48.7993545,
       -25.4987726
      ],
      [
       -48.7993515,
       -25.4987712
      ],
      [
       -48.7993485,
       -25.49877
      ],
      [
       -48.7991074,
       -25.4986702
      ],
      [
       -48.7987645,
       -25.4985892
      ],
      [
       -48.7986922,
       -25.4987784
      ],
      [
       -48.7986911,
       -25.4987814
      ],
      [
       -48.7986901,
       -25.4987845
      ],
      [
       -48.7986893,
       -25.4987876
      ],
      [
       -48.7986885,
       -25.4987907
      ],
      [
       -48.7986879,
       -25.4987938
      ],
      [
       -48.7986874,
       -25.498797
      ],
      [
       -48.7986769,
       -25.4988748
      ],
      [
       -48.7987517,
       -25.4988996
      ]
     ]
    ]
   },
   "properties": {
    "tipo": "quadra",
    "id": "quadra-84",
    "area_m2": 2936.72,
    "perimetro_m": 229.19,
    "fracaoDentroDaGleba": 1
   }
  },
  {
   "type": "Feature",
   "geometry": {
    "type": "Polygon",
    "coordinates": [
     [
      [
       -48.7989924,
       -25.4990066
      ],
      [
       -48.7987517,
       -25.4988996
      ],
      [
       -48.7987214,
       -25.4989606
      ],
      [
       -48.7987203,
       -25.498963
      ],
      [
       -48.7987192,
       -25.4989655
      ],
      [
       -48.7987182,
       -25.4989679
      ],
      [
       -48.7987173,
       -25.4989704
      ],
      [
       -48.7987165,
       -25.4989729
      ],
      [
       -48.7987158,
       -25.4989754
      ],
      [
       -48.7986511,
       -25.4992062
      ],
      [
       -48.7988695,
       -25.4992684
      ],
      [
       -48.7988738,
       -25.4992697
      ],
      [
       -48.798878,
       -25.499271
      ],
      [
       -48.7988822,
       -25.4992724
      ],
      [
       -48.7988863,
       -25.4992739
      ],
      [
       -48.7988904,
       -25.4992755
      ],
      [
       -48.7988945,
       -25.4992772
      ],
      [
       -48.7990945,
       -25.4993625
      ],
      [
       -48.7992531,
       -25.4991828
      ],
      [
       -48.7991719,
       -25.4991172
      ],
      [
       -48.7991686,
       -25.4991146
      ],
      [
       -48.7991653,
       -25.4991121
      ],
      [
       -48.7991619,
       -25.4991096
      ],
      [
       -48.7991585,
       -25.4991072
      ],
      [
       -48.799155,
       -25.4991049
      ],
      [
       -48.7991515,
       -25.4991027
      ],
      [
       -48.7990169,
       -25.4990195
      ],
      [
       -48.7990129,
       -25.4990171
      ],
      [
       -48.7990089,
       -25.4990149
      ],
      [
       -48.7990049,
       -25.4990127
      ],
      [
       -48.7990008,
       -25.4990106
      ],
      [
       -48.7989966,
       -25.4990085
      ],
      [
       -48.7989924,
       -25.4990066
      ]
     ]
    ]
   },
   "properties": {
    "tipo": "quadra",
    "id": "quadra-85",
    "area_m2": 1677.36,
    "perimetro_m": 168.66,
    "fracaoDentroDaGleba": 1
   }
  },
  {
   "type": "Feature",
   "geometry": {
    "type": "Polygon",
    "coordinates": [
     [
      [
       -48.7992531,
       -25.4991828
      ],
      [
       -48.7993353,
       -25.4992512
      ],
      [
       -48.7993389,
       -25.4992543
      ],
      [
       -48.7993425,
       -25.4992575
      ],
      [
       -48.7993459,
       -25.4992607
      ],
      [
       -48.7993493,
       -25.4992641
      ],
      [
       -48.7993526,
       -25.4992675
      ],
      [
       -48.7993557,
       -25.4992709
      ],
      [
       -48.7994928,
       -25.4994251
      ],
      [
       -48.7995897,
       -25.4995656
      ],
      [
       -48.7995925,
       -25.4995698
      ],
      [
       -48.7995951,
       -25.499574
      ],
      [
       -48.7995977,
       -25.4995782
      ],
      [
       -48.7996001,
       -25.4995826
      ],
      [
       -48.7996023,
       -25.499587
      ],
      [
       -48.7996045,
       -25.4995914
      ],
      [
       -48.7996879,
       -25.4997714
      ],
      [
       -48.8002,
       -25.4995597
      ],
      [
       -48.8000929,
       -25.4993655
      ],
      [
       -48.8000912,
       -25.4993625
      ],
      [
       -48.8000894,
       -25.4993595
      ],
      [
       -48.8000876,
       -25.4993565
      ],
      [
       -48.8000857,
       -25.4993536
      ],
      [
       -48.8000837,
       -25.4993507
      ],
      [
       -48.8000817,
       -25.4993478
      ],
      [
       -48.7999266,
       -25.4991316
      ],
      [
       -48.7999245,
       -25.4991288
      ],
      [
       -48.7999225,
       -25.4991261
      ],
      [
       -48.7999203,
       -25.4991234
      ],
      [
       -48.7999181,
       -25.4991207
      ],
      [
       -48.7999159,
       -25.4991181
      ],
      [
       -48.7999136,
       -25.4991155
      ],
      [
       -48.7998424,
       -25.4990369
      ],
      [
       -48.7997909,
       -25.4989807
      ],
      [
       -48.7997776,
       -25.4989893
      ],
      [
       -48.7997731,
       -25.4989917
      ],
      [
       -48.7997686,
       -25.4989933
      ],
      [
       -48.799764,
       -25.4989941
      ],
      [
       -48.7997593,
       -25.4989939
      ],
      [
       -48.7997546,
       -25.4989929
      ],
      [
       -48.7997498,
       -25.4989911
      ],
      [
       -48.7997311,
       -25.4989823
      ],
      [
       -48.7995322,
       -25.4988664
      ],
      [
       -48.7992531,
       -25.4991828
      ]
     ]
    ]
   },
   "properties": {
    "tipo": "quadra",
    "id": "quadra-86",
    "area_m2": 4852.93,
    "perimetro_m": 287.83,
    "fracaoDentroDaGleba": 1
   }
  },
  {
   "type": "Feature",
   "geometry": {
    "type": "Polygon",
    "coordinates": [
     [
      [
       -48.7993353,
       -25.4992512
      ],
      [
       -48.7992531,
       -25.4991828
      ],
      [
       -48.7990945,
       -25.4993625
      ],
      [
       -48.7992182,
       -25.4994349
      ],
      [
       -48.7992215,
       -25.4994368
      ],
      [
       -48.7992248,
       -25.4994389
      ],
      [
       -48.799228,
       -25.499441
      ],
      [
       -48.7992311,
       -25.4994431
      ],
      [
       -48.7992343,
       -25.4994453
      ],
      [
       -48.7992373,
       -25.4994476
      ],
      [
       -48.799348,
       -25.4995309
      ],
      [
       -48.7994928,
       -25.4994251
      ],
      [
       -48.7993557,
       -25.4992709
      ],
      [
       -48.7993526,
       -25.4992675
      ],
      [
       -48.7993493,
       -25.4992641
      ],
      [
       -48.7993459,
       -25.4992607
      ],
      [
       -48.7993425,
       -25.4992575
      ],
      [
       -48.7993389,
       -25.4992543
      ],
      [
       -48.7993353,
       -25.4992512
      ]
     ]
    ]
   },
   "properties": {
    "tipo": "quadra",
    "id": "quadra-87",
    "area_m2": 746.08,
    "perimetro_m": 111.97,
    "fracaoDentroDaGleba": 1
   }
  },
  {
   "type": "Feature",
   "geometry": {
    "type": "Polygon",
    "coordinates": [
     [
      [
       -48.7995897,
       -25.4995656
      ],
      [
       -48.7994928,
       -25.4994251
      ],
      [
       -48.799348,
       -25.4995309
      ],
      [
       -48.7994881,
       -25.4996622
      ],
      [
       -48.7996114,
       -25.4998031
      ],
      [
       -48.7996879,
       -25.4997714
      ],
      [
       -48.7996045,
       -25.4995914
      ],
      [
       -48.7996023,
       -25.499587
      ],
      [
       -48.7996001,
       -25.4995826
      ],
      [
       -48.7995977,
       -25.4995782
      ],
      [
       -48.7995951,
       -25.499574
      ],
      [
       -48.7995925,
       -25.4995698
      ],
      [
       -48.7995897,
       -25.4995656
      ]
     ]
    ]
   },
   "properties": {
    "tipo": "quadra",
    "id": "quadra-88",
    "area_m2": 573.97,
    "perimetro_m": 110.55,
    "fracaoDentroDaGleba": 1
   }
  },
  {
   "type": "Feature",
   "geometry": {
    "type": "Polygon",
    "coordinates": [
     [
      [
       -48.7996879,
       -25.4997714
      ],
      [
       -48.7997323,
       -25.4998694
      ],
      [
       -48.7997341,
       -25.4998734
      ],
      [
       -48.7997358,
       -25.4998775
      ],
      [
       -48.7997373,
       -25.4998817
      ],
      [
       -48.7997388,
       -25.4998859
      ],
      [
       -48.7997401,
       -25.4998901
      ],
      [
       -48.7997413,
       -25.4998943
      ],
      [
       -48.7997823,
       -25.5000431
      ],
      [
       -48.7997831,
       -25.5000461
      ],
      [
       -48.7997838,
       -25.5000492
      ],
      [
       -48.7997845,
       -25.5000522
      ],
      [
       -48.7997851,
       -25.5000553
      ],
      [
       -48.7997857,
       -25.5000584
      ],
      [
       -48.7997862,
       -25.5000615
      ],
      [
       -48.7998113,
       -25.5002223
      ],
      [
       -48.7998117,
       -25.5002251
      ],
      [
       -48.7998121,
       -25.500228
      ],
      [
       -48.7998124,
       -25.5002309
      ],
      [
       -48.7998127,
       -25.5002337
      ],
      [
       -48.7998129,
       -25.5002366
      ],
      [
       -48.7998131,
       -25.5002395
      ],
      [
       -48.7998198,
       -25.5003751
      ],
      [
       -48.8002153,
       -25.5003223
      ],
      [
       -48.8002163,
       -25.5003221
      ],
      [
       -48.8002174,
       -25.5003219
      ],
      [
       -48.8002184,
       -25.5003218
      ],
      [
       -48.8002195,
       -25.5003216
      ],
      [
       -48.8002205,
       -25.5003214
      ],
      [
       -48.8002216,
       -25.5003212
      ],
      [
       -48.8004482,
       -25.5002772
      ],
      [
       -48.8003791,
       -25.5000031
      ],
      [
       -48.8003781,
       -25.4999995
      ],
      [
       -48.8003771,
       -25.4999959
      ],
      [
       -48.800376,
       -25.4999923
      ],
      [
       -48.8003748,
       -25.4999888
      ],
      [
       -48.8003735,
       -25.4999852
      ],
      [
       -48.8003721,
       -25.4999817
      ],
      [
       -48.800214,
       -25.4995867
      ],
      [
       -48.8002,
       -25.4995597
      ],
      [
       -48.7996879,
       -25.4997714
      ]
     ]
    ]
   },
   "properties": {
    "tipo": "quadra",
    "id": "quadra-89",
    "area_m2": 4514.71,
    "perimetro_m": 272.84,
    "fracaoDentroDaGleba": 1
   }
  },
  {
   "type": "Feature",
   "geometry": {
    "type": "Polygon",
    "coordinates": [
     [
      [
       -48.7997323,
       -25.4998694
      ],
      [
       -48.7996879,
       -25.4997714
      ],
      [
       -48.7996114,
       -25.4998031
      ],
      [
       -48.7994881,
       -25.4996622
      ],
      [
       -48.7994194,
       -25.4997078
      ],
      [
       -48.7994177,
       -25.4997089
      ],
      [
       -48.7994159,
       -25.49971
      ],
      [
       -48.7994141,
       -25.4997111
      ],
      [
       -48.7994123,
       -25.4997121
      ],
      [
       -48.7994104,
       -25.4997131
      ],
      [
       -48.7994085,
       -25.4997141
      ],
      [
       -48.7992037,
       -25.4998161
      ],
      [
       -48.7992738,
       -25.4999952
      ],
      [
       -48.7992761,
       -25.5000013
      ],
      [
       -48.7992781,
       -25.5000075
      ],
      [
       -48.7992799,
       -25.5000137
      ],
      [
       -48.7992814,
       -25.50002
      ],
      [
       -48.7992827,
       -25.5000263
      ],
      [
       -48.7992837,
       -25.5000327
      ],
      [
       -48.7993027,
       -25.5001671
      ],
      [
       -48.7993034,
       -25.5001732
      ],
      [
       -48.7993039,
       -25.5001794
      ],
      [
       -48.7993042,
       -25.5001855
      ],
      [
       -48.7993043,
       -25.5001917
      ],
      [
       -48.7993041,
       -25.5001978
      ],
      [
       -48.7993037,
       -25.500204
      ],
      [
       -48.7992908,
       -25.5003539
      ],
      [
       -48.7992902,
       -25.5003598
      ],
      [
       -48.7992894,
       -25.5003656
      ],
      [
       -48.7992884,
       -25.5003714
      ],
      [
       -48.7992871,
       -25.5003772
      ],
      [
       -48.7992857,
       -25.500383
      ],
      [
       -48.799284,
       -25.5003887
      ],
      [
       -48.7992553,
       -25.5004813
      ],
      [
       -48.7995376,
       -25.5004921
      ],
      [
       -48.799539,
       -25.5004922
      ],
      [
       -48.7995403,
       -25.5004922
      ],
      [
       -48.7995416,
       -25.5004922
      ],
      [
       -48.7995429,
       -25.5004922
      ],
      [
       -48.7995443,
       -25.5004922
      ],
      [
       -48.7995456,
       -25.5004921
      ],
      [
       -48.7998179,
       -25.5004827
      ],
      [
       -48.7998198,
       -25.5003751
      ],
      [
       -48.7998131,
       -25.5002395
      ],
      [
       -48.7998129,
       -25.5002366
      ],
      [
       -48.7998127,
       -25.5002337
      ],
      [
       -48.7998124,
       -25.5002309
      ],
      [
       -48.7998121,
       -25.500228
      ],
      [
       -48.7998117,
       -25.5002251
      ],
      [
       -48.7998113,
       -25.5002223
      ],
      [
       -48.7997862,
       -25.5000615
      ],
      [
       -48.7997857,
       -25.5000584
      ],
      [
       -48.7997851,
       -25.5000553
      ],
      [
       -48.7997845,
       -25.5000522
      ],
      [
       -48.7997838,
       -25.5000492
      ],
      [
       -48.7997831,
       -25.5000461
      ],
      [
       -48.7997823,
       -25.5000431
      ],
      [
       -48.7997413,
       -25.4998943
      ],
      [
       -48.7997401,
       -25.4998901
      ],
      [
       -48.7997388,
       -25.4998859
      ],
      [
       -48.7997373,
       -25.4998817
      ],
      [
       -48.7997358,
       -25.4998775
      ],
      [
       -48.7997341,
       -25.4998734
      ],
      [
       -48.7997323,
       -25.4998694
      ]
     ]
    ]
   },
   "properties": {
    "tipo": "quadra",
    "id": "quadra-90",
    "area_m2": 4210.39,
    "perimetro_m": 274.59,
    "fracaoDentroDaGleba": 1
   }
  },
  {
   "type": "Feature",
   "geometry": {
    "type": "Polygon",
    "coordinates": [
     [
      [
       -48.7998198,
       -25.5003751
      ],
      [
       -48.7998179,
       -25.5004827
      ],
      [
       -48.8002477,
       -25.5004446
      ],
      [
       -48.8002493,
       -25.5004445
      ],
      [
       -48.8002508,
       -25.5004443
      ],
      [
       -48.8002524,
       -25.5004441
      ],
      [
       -48.800254,
       -25.5004439
      ],
      [
       -48.8002555,
       -25.5004437
      ],
      [
       -48.8002571,
       -25.5004434
      ],
      [
       -48.8003971,
       -25.5004186
      ],
      [
       -48.8004006,
       -25.500418
      ],
      [
       -48.8004041,
       -25.5004176
      ],
      [
       -48.8004076,
       -25.5004172
      ],
      [
       -48.8004111,
       -25.500417
      ],
      [
       -48.8004147,
       -25.5004169
      ],
      [
       -48.8004182,
       -25.5004169
      ],
      [
       -48.8004833,
       -25.5004182
      ],
      [
       -48.8004482,
       -25.5002772
      ],
      [
       -48.8002216,
       -25.5003212
      ],
      [
       -48.8002205,
       -25.5003214
      ],
      [
       -48.8002195,
       -25.5003216
      ],
      [
       -48.8002184,
       -25.5003218
      ],
      [
       -48.8002174,
       -25.5003219
      ],
      [
       -48.8002163,
       -25.5003221
      ],
      [
       -48.8002153,
       -25.5003223
      ],
      [
       -48.7998198,
       -25.5003751
      ]
     ]
    ]
   },
   "properties": {
    "tipo": "quadra",
    "id": "quadra-91",
    "area_m2": 880.44,
    "perimetro_m": 159.46,
    "fracaoDentroDaGleba": 1
   }
  },
  {
   "type": "Feature",
   "geometry": {
    "type": "Polygon",
    "coordinates": [
     [
      [
       -48.7998179,
       -25.5004827
      ],
      [
       -48.7998125,
       -25.5005854
      ],
      [
       -48.7998123,
       -25.5005885
      ],
      [
       -48.799812,
       -25.5005915
      ],
      [
       -48.7998117,
       -25.5005946
      ],
      [
       -48.7998114,
       -25.5005976
      ],
      [
       -48.7998109,
       -25.5006006
      ],
      [
       -48.7998105,
       -25.5006036
      ],
      [
       -48.7997616,
       -25.5008978
      ],
      [
       -48.7997611,
       -25.5009008
      ],
      [
       -48.7997606,
       -25.5009036
      ],
      [
       -48.7997599,
       -25.5009065
      ],
      [
       -48.7997593,
       -25.5009094
      ],
      [
       -48.7997586,
       -25.5009123
      ],
      [
       -48.7997578,
       -25.5009151
      ],
      [
       -48.7997099,
       -25.5010875
      ],
      [
       -48.7999531,
       -25.5010897
      ],
      [
       -48.7999551,
       -25.5010897
      ],
      [
       -48.7999572,
       -25.5010897
      ],
      [
       -48.7999592,
       -25.5010896
      ],
      [
       -48.7999613,
       -25.5010895
      ],
      [
       -48.7999633,
       -25.5010893
      ],
      [
       -48.7999653,
       -25.5010892
      ],
      [
       -48.800188,
       -25.5010662
      ],
      [
       -48.8001896,
       -25.501066
      ],
      [
       -48.8001913,
       -25.5010658
      ],
      [
       -48.8001929,
       -25.5010656
      ],
      [
       -48.8001946,
       -25.5010653
      ],
      [
       -48.8001962,
       -25.501065
      ],
      [
       -48.8001979,
       -25.5010647
      ],
      [
       -48.8006281,
       -25.50098
      ],
      [
       -48.8004833,
       -25.5004182
      ],
      [
       -48.8004182,
       -25.5004169
      ],
      [
       -48.8004147,
       -25.5004169
      ],
      [
       -48.8004111,
       -25.500417
      ],
      [
       -48.8004076,
       -25.5004172
      ],
      [
       -48.8004041,
       -25.5004176
      ],
      [
       -48.8004006,
       -25.500418
      ],
      [
       -48.8003971,
       -25.5004186
      ],
      [
       -48.8002571,
       -25.5004434
      ],
      [
       -48.8002555,
       -25.5004437
      ],
      [
       -48.800254,
       -25.5004439
      ],
      [
       -48.8002524,
       -25.5004441
      ],
      [
       -48.8002508,
       -25.5004443
      ],
      [
       -48.8002493,
       -25.5004445
      ],
      [
       -48.8002477,
       -25.5004446
      ],
      [
       -48.7998179,
       -25.5004827
      ]
     ]
    ]
   },
   "properties": {
    "tipo": "quadra",
    "id": "quadra-92",
    "area_m2": 5292.48,
    "perimetro_m": 292.82,
    "fracaoDentroDaGleba": 1
   }
  },
  {
   "type": "Feature",
   "geometry": {
    "type": "Polygon",
    "coordinates": [
     [
      [
       -48.7998125,
       -25.5005854
      ],
      [
       -48.7998179,
       -25.5004827
      ],
      [
       -48.7995456,
       -25.5004921
      ],
      [
       -48.7995443,
       -25.5004922
      ],
      [
       -48.7995429,
       -25.5004922
      ],
      [
       -48.7995416,
       -25.5004922
      ],
      [
       -48.7995403,
       -25.5004922
      ],
      [
       -48.799539,
       -25.5004922
      ],
      [
       -48.7995376,
       -25.5004921
      ],
      [
       -48.7992553,
       -25.5004813
      ],
      [
       -48.7992439,
       -25.5005166
      ],
      [
       -48.7991459,
       -25.5006876
      ],
      [
       -48.799142,
       -25.500694
      ],
      [
       -48.7991379,
       -25.5007002
      ],
      [
       -48.7991336,
       -25.5007062
      ],
      [
       -48.799129,
       -25.5007121
      ],
      [
       -48.7991241,
       -25.5007178
      ],
      [
       -48.7991189,
       -25.5007234
      ],
      [
       -48.7990467,
       -25.5007981
      ],
      [
       -48.7990426,
       -25.5008022
      ],
      [
       -48.7990383,
       -25.5008062
      ],
      [
       -48.7990339,
       -25.5008101
      ],
      [
       -48.7990294,
       -25.5008139
      ],
      [
       -48.7990247,
       -25.5008175
      ],
      [
       -48.7990199,
       -25.5008211
      ],
      [
       -48.7989668,
       -25.5008589
      ],
      [
       -48.7990001,
       -25.5008922
      ],
      [
       -48.7990028,
       -25.5008948
      ],
      [
       -48.7990057,
       -25.5008974
      ],
      [
       -48.7990086,
       -25.5008998
      ],
      [
       -48.7990117,
       -25.5009021
      ],
      [
       -48.7990149,
       -25.5009043
      ],
      [
       -48.7990181,
       -25.5009064
      ],
      [
       -48.7991297,
       -25.5009748
      ],
      [
       -48.7991311,
       -25.5009756
      ],
      [
       -48.7991324,
       -25.5009764
      ],
      [
       -48.7991337,
       -25.5009771
      ],
      [
       -48.7991351,
       -25.5009778
      ],
      [
       -48.7991365,
       -25.5009786
      ],
      [
       -48.7991378,
       -25.5009793
      ],
      [
       -48.7993402,
       -25.5010792
      ],
      [
       -48.7993417,
       -25.50108
      ],
      [
       -48.7993431,
       -25.5010806
      ],
      [
       -48.7993446,
       -25.5010813
      ],
      [
       -48.7993461,
       -25.5010819
      ],
      [
       -48.7993476,
       -25.5010826
      ],
      [
       -48.7993492,
       -25.5010832
      ],
      [
       -48.7994869,
       -25.5011358
      ],
      [
       -48.7994888,
       -25.5011365
      ],
      [
       -48.7994907,
       -25.5011372
      ],
      [
       -48.7994927,
       -25.5011378
      ],
      [
       -48.7994946,
       -25.5011384
      ],
      [
       -48.7994966,
       -25.501139
      ],
      [
       -48.7994986,
       -25.5011395
      ],
      [
       -48.7996821,
       -25.5011863
      ],
      [
       -48.7997099,
       -25.5010875
      ],
      [
       -48.7997578,
       -25.5009151
      ],
      [
       -48.7997586,
       -25.5009123
      ],
      [
       -48.7997593,
       -25.5009094
      ],
      [
       -48.7997599,
       -25.5009065
      ],
      [
       -48.7997606,
       -25.5009036
      ],
      [
       -48.7997611,
       -25.5009008
      ],
      [
       -48.7997616,
       -25.5008978
      ],
      [
       -48.7998105,
       -25.5006036
      ],
      [
       -48.7998109,
       -25.5006006
      ],
      [
       -48.7998114,
       -25.5005976
      ],
      [
       -48.7998117,
       -25.5005946
      ],
      [
       -48.799812,
       -25.5005915
      ],
      [
       -48.7998123,
       -25.5005885
      ],
      [
       -48.7998125,
       -25.5005854
      ]
     ]
    ]
   },
   "properties": {
    "tipo": "quadra",
    "id": "quadra-93",
    "area_m2": 4460.24,
    "perimetro_m": 269.16,
    "fracaoDentroDaGleba": 1
   }
  },
  {
   "type": "Feature",
   "geometry": {
    "type": "Polygon",
    "coordinates": [
     [
      [
       -48.7996821,
       -25.5011863
      ],
      [
       -48.7996242,
       -25.5013919
      ],
      [
       -48.7996233,
       -25.5013954
      ],
      [
       -48.7996224,
       -25.5013988
      ],
      [
       -48.7996216,
       -25.5014023
      ],
      [
       -48.7996209,
       -25.5014058
      ],
      [
       -48.7996203,
       -25.5014093
      ],
      [
       -48.7996197,
       -25.5014129
      ],
      [
       -48.7995961,
       -25.5015743
      ],
      [
       -48.7995952,
       -25.5015814
      ],
      [
       -48.7995947,
       -25.5015884
      ],
      [
       -48.7995944,
       -25.5015955
      ],
      [
       -48.7995944,
       -25.5016025
      ],
      [
       -48.7995948,
       -25.5016096
      ],
      [
       -48.7995954,
       -25.5016167
      ],
      [
       -48.7996043,
       -25.5016948
      ],
      [
       -48.7996052,
       -25.5017015
      ],
      [
       -48.7996064,
       -25.5017081
      ],
      [
       -48.7996078,
       -25.5017147
      ],
      [
       -48.7996096,
       -25.5017212
      ],
      [
       -48.7996115,
       -25.5017276
      ],
      [
       -48.7996138,
       -25.501734
      ],
      [
       -48.7996192,
       -25.5017486
      ],
      [
       -48.7996219,
       -25.5017554
      ],
      [
       -48.7996248,
       -25.501762
      ],
      [
       -48.7996281,
       -25.5017685
      ],
      [
       -48.7996316,
       -25.5017749
      ],
      [
       -48.7996354,
       -25.5017811
      ],
      [
       -48.7996395,
       -25.5017873
      ],
      [
       -48.7996564,
       -25.5018115
      ],
      [
       -48.7996615,
       -25.5018185
      ],
      [
       -48.7996669,
       -25.5018252
      ],
      [
       -48.7996726,
       -25.5018316
      ],
      [
       -48.7996786,
       -25.5018378
      ],
      [
       -48.799685,
       -25.5018438
      ],
      [
       -48.7996917,
       -25.5018495
      ],
      [
       -48.7997161,
       -25.5018693
      ],
      [
       -48.8000649,
       -25.5017188
      ],
      [
       -48.8000679,
       -25.5017174
      ],
      [
       -48.8000709,
       -25.501716
      ],
      [
       -48.8000738,
       -25.5017144
      ],
      [
       -48.8000767,
       -25.5017128
      ],
      [
       -48.8000795,
       -25.5017111
      ],
      [
       -48.8000822,
       -25.5017093
      ],
      [
       -48.8007484,
       -25.5012515
      ],
      [
       -48.8007514,
       -25.5012494
      ],
      [
       -48.8007543,
       -25.5012471
      ],
      [
       -48.8007572,
       -25.5012448
      ],
      [
       -48.8007599,
       -25.5012423
      ],
      [
       -48.8007625,
       -25.5012398
      ],
      [
       -48.800765,
       -25.5012371
      ],
      [
       -48.8008077,
       -25.5011904
      ],
      [
       -48.800731,
       -25.5011109
      ],
      [
       -48.8006601,
       -25.501151
      ],
      [
       -48.8006568,
       -25.5011528
      ],
      [
       -48.8006535,
       -25.5011545
      ],
      [
       -48.80065,
       -25.5011561
      ],
      [
       -48.8006465,
       -25.5011575
      ],
      [
       -48.800643,
       -25.5011588
      ],
      [
       -48.8006393,
       -25.50116
      ],
      [
       -48.8004429,
       -25.5012204
      ],
      [
       -48.80044,
       -25.5012212
      ],
      [
       -48.800437,
       -25.501222
      ],
      [
       -48.8004341,
       -25.5012227
      ],
      [
       -48.8004311,
       -25.5012233
      ],
      [
       -48.8004281,
       -25.5012238
      ],
      [
       -48.8004251,
       -25.5012242
      ],
      [
       -48.800206,
       -25.5012528
      ],
      [
       -48.8002026,
       -25.5012532
      ],
      [
       -48.8001992,
       -25.5012535
      ],
      [
       -48.8001957,
       -25.5012536
      ],
      [
       -48.8001923,
       -25.5012537
      ],
      [
       -48.8001889,
       -25.5012537
      ],
      [
       -48.8001854,
       -25.5012535
      ],
      [
       -48.799889,
       -25.501236
      ],
      [
       -48.7998856,
       -25.5012358
      ],
      [
       -48.7998822,
       -25.5012354
      ],
      [
       -48.7998789,
       -25.501235
      ],
      [
       -48.7998756,
       -25.5012344
      ],
      [
       -48.7998723,
       -25.5012338
      ],
      [
       -48.799869,
       -25.501233
      ],
      [
       -48.7996821,
       -25.5011863
      ]
     ]
    ]
   },
   "properties": {
    "tipo": "quadra",
    "id": "quadra-94",
    "area_m2": 4998.76,
    "perimetro_m": 334.98,
    "fracaoDentroDaGleba": 1
   }
  },
  {
   "type": "Feature",
   "geometry": {
    "type": "Polygon",
    "coordinates": [
     [
      [
       -48.7996242,
       -25.5013919
      ],
      [
       -48.7996821,
       -25.5011863
      ],
      [
       -48.7994986,
       -25.5011395
      ],
      [
       -48.7994966,
       -25.501139
      ],
      [
       -48.7994946,
       -25.5011384
      ],
      [
       -48.7994927,
       -25.5011378
      ],
      [
       -48.7994907,
       -25.5011372
      ],
      [
       -48.7994888,
       -25.5011365
      ],
      [
       -48.7994869,
       -25.5011358
      ],
      [
       -48.7993492,
       -25.5010832
      ],
      [
       -48.7993476,
       -25.5010826
      ],
      [
       -48.7993461,
       -25.5010819
      ],
      [
       -48.7993446,
       -25.5010813
      ],
      [
       -48.7993431,
       -25.5010806
      ],
      [
       -48.7993417,
       -25.50108
      ],
      [
       -48.7993402,
       -25.5010792
      ],
      [
       -48.7991378,
       -25.5009793
      ],
      [
       -48.7991365,
       -25.5009786
      ],
      [
       -48.7991351,
       -25.5009778
      ],
      [
       -48.7991337,
       -25.5009771
      ],
      [
       -48.7991324,
       -25.5009764
      ],
      [
       -48.7991311,
       -25.5009756
      ],
      [
       -48.7991297,
       -25.5009748
      ],
      [
       -48.7990181,
       -25.5009064
      ],
      [
       -48.7990149,
       -25.5009043
      ],
      [
       -48.7990117,
       -25.5009021
      ],
      [
       -48.7990086,
       -25.5008998
      ],
      [
       -48.7990057,
       -25.5008974
      ],
      [
       -48.7990028,
       -25.5008948
      ],
      [
       -48.7990001,
       -25.5008922
      ],
      [
       -48.7989668,
       -25.5008589
      ],
      [
       -48.7989069,
       -25.5008973
      ],
      [
       -48.7989016,
       -25.5009005
      ],
      [
       -48.7988963,
       -25.5009036
      ],
      [
       -48.7988909,
       -25.5009065
      ],
      [
       -48.7988854,
       -25.5009093
      ],
      [
       -48.7988798,
       -25.5009119
      ],
      [
       -48.7988741,
       -25.5009143
      ],
      [
       -48.7986883,
       -25.5009905
      ],
      [
       -48.7988853,
       -25.5014199
      ],
      [
       -48.798886,
       -25.5014214
      ],
      [
       -48.7988868,
       -25.5014229
      ],
      [
       -48.7988876,
       -25.5014244
      ],
      [
       -48.7988884,
       -25.5014259
      ],
      [
       -48.7988892,
       -25.5014274
      ],
      [
       -48.7988901,
       -25.5014288
      ],
      [
       -48.7990962,
       -25.5017674
      ],
      [
       -48.7990969,
       -25.5017685
      ],
      [
       -48.7990976,
       -25.5017697
      ],
      [
       -48.7990982,
       -25.5017708
      ],
      [
       -48.7990989,
       -25.501772
      ],
      [
       -48.7990995,
       -25.5017732
      ],
      [
       -48.7991001,
       -25.5017744
      ],
      [
       -48.7992248,
       -25.5020293
      ],
      [
       -48.7992256,
       -25.5020309
      ],
      [
       -48.7992265,
       -25.5020325
      ],
      [
       -48.7992273,
       -25.5020341
      ],
      [
       -48.7992283,
       -25.5020357
      ],
      [
       -48.7992292,
       -25.5020372
      ],
      [
       -48.7992302,
       -25.5020388
      ],
      [
       -48.7992837,
       -25.5021205
      ],
      [
       -48.7993924,
       -25.5020484
      ],
      [
       -48.7994013,
       -25.5020422
      ],
      [
       -48.7994097,
       -25.5020356
      ],
      [
       -48.7994177,
       -25.5020285
      ],
      [
       -48.7994252,
       -25.5020211
      ],
      [
       -48.7994323,
       -25.5020133
      ],
      [
       -48.7994389,
       -25.5020051
      ],
      [
       -48.7995255,
       -25.5018909
      ],
      [
       -48.7997161,
       -25.5018693
      ],
      [
       -48.7996917,
       -25.5018495
      ],
      [
       -48.799685,
       -25.5018438
      ],
      [
       -48.7996786,
       -25.5018378
      ],
      [
       -48.7996726,
       -25.5018316
      ],
      [
       -48.7996669,
       -25.5018252
      ],
      [
       -48.7996615,
       -25.5018185
      ],
      [
       -48.7996564,
       -25.5018115
      ],
      [
       -48.7996395,
       -25.5017873
      ],
      [
       -48.7996354,
       -25.5017811
      ],
      [
       -48.7996316,
       -25.5017749
      ],
      [
       -48.7996281,
       -25.5017685
      ],
      [
       -48.7996248,
       -25.501762
      ],
      [
       -48.7996219,
       -25.5017554
      ],
      [
       -48.7996192,
       -25.5017486
      ],
      [
       -48.7996138,
       -25.501734
      ],
      [
       -48.7996115,
       -25.5017276
      ],
      [
       -48.7996096,
       -25.5017212
      ],
      [
       -48.7996078,
       -25.5017147
      ],
      [
       -48.7996064,
       -25.5017081
      ],
      [
       -48.7996052,
       -25.5017015
      ],
      [
       -48.7996043,
       -25.5016948
      ],
      [
       -48.7995954,
       -25.5016167
      ],
      [
       -48.7995948,
       -25.5016096
      ],
      [
       -48.7995944,
       -25.5016025
      ],
      [
       -48.7995944,
       -25.5015955
      ],
      [
       -48.7995947,
       -25.5015884
      ],
      [
       -48.7995952,
       -25.5015814
      ],
      [
       -48.7995961,
       -25.5015743
      ],
      [
       -48.7996197,
       -25.5014129
      ],
      [
       -48.7996203,
       -25.5014093
      ],
      [
       -48.7996209,
       -25.5014058
      ],
      [
       -48.7996216,
       -25.5014023
      ],
      [
       -48.7996224,
       -25.5013988
      ],
      [
       -48.7996233,
       -25.5013954
      ],
      [
       -48.7996242,
       -25.5013919
      ]
     ]
    ]
   },
   "properties": {
    "tipo": "quadra",
    "id": "quadra-95",
    "area_m2": 7498.95,
    "perimetro_m": 387.28,
    "fracaoDentroDaGleba": 1
   }
  },
  {
   "type": "Feature",
   "geometry": {
    "type": "Polygon",
    "coordinates": [
     [
      [
       -48.7997161,
       -25.5018693
      ],
      [
       -48.799843,
       -25.5019254
      ],
      [
       -48.7998481,
       -25.5019276
      ],
      [
       -48.7998533,
       -25.5019296
      ],
      [
       -48.7998585,
       -25.5019315
      ],
      [
       -48.7998638,
       -25.5019333
      ],
      [
       -48.7998692,
       -25.5019349
      ],
      [
       -48.7998746,
       -25.5019364
      ],
      [
       -48.8001051,
       -25.5019972
      ],
      [
       -48.8001091,
       -25.5019983
      ],
      [
       -48.8001132,
       -25.5019992
      ],
      [
       -48.8001173,
       -25.5020001
      ],
      [
       -48.8001214,
       -25.5020009
      ],
      [
       -48.8001255,
       -25.5020016
      ],
      [
       -48.8001297,
       -25.5020022
      ],
      [
       -48.8004798,
       -25.5020521
      ],
      [
       -48.800528,
       -25.5018516
      ],
      [
       -48.8005285,
       -25.5018497
      ],
      [
       -48.800529,
       -25.5018479
      ],
      [
       -48.8005295,
       -25.501846
      ],
      [
       -48.8005302,
       -25.5018442
      ],
      [
       -48.8005308,
       -25.5018423
      ],
      [
       -48.8005315,
       -25.5018405
      ],
      [
       -48.8005946,
       -25.5016803
      ],
      [
       -48.8005954,
       -25.5016783
      ],
      [
       -48.8005963,
       -25.5016763
      ],
      [
       -48.8005972,
       -25.5016743
      ],
      [
       -48.8005982,
       -25.5016724
      ],
      [
       -48.8005993,
       -25.5016704
      ],
      [
       -48.8006003,
       -25.5016685
      ],
      [
       -48.8006507,
       -25.501582
      ],
      [
       -48.8006517,
       -25.5015804
      ],
      [
       -48.8006528,
       -25.5015787
      ],
      [
       -48.8006538,
       -25.5015771
      ],
      [
       -48.8006549,
       -25.5015755
      ],
      [
       -48.8006561,
       -25.5015739
      ],
      [
       -48.8006573,
       -25.5015724
      ],
      [
       -48.8008982,
       -25.5012609
      ],
      [
       -48.8008077,
       -25.5011904
      ],
      [
       -48.800765,
       -25.5012371
      ],
      [
       -48.8007625,
       -25.5012398
      ],
      [
       -48.8007599,
       -25.5012423
      ],
      [
       -48.8007572,
       -25.5012448
      ],
      [
       -48.8007543,
       -25.5012471
      ],
      [
       -48.8007514,
       -25.5012494
      ],
      [
       -48.8007484,
       -25.5012515
      ],
      [
       -48.8000822,
       -25.5017093
      ],
      [
       -48.8000795,
       -25.5017111
      ],
      [
       -48.8000767,
       -25.5017128
      ],
      [
       -48.8000738,
       -25.5017144
      ],
      [
       -48.8000709,
       -25.501716
      ],
      [
       -48.8000679,
       -25.5017174
      ],
      [
       -48.8000649,
       -25.5017188
      ],
      [
       -48.7997161,
       -25.5018693
      ]
     ]
    ]
   },
   "properties": {
    "tipo": "quadra",
    "id": "quadra-96",
    "area_m2": 3828.39,
    "perimetro_m": 324.36,
    "fracaoDentroDaGleba": 0.9976
   }
  },
  {
   "type": "Feature",
   "geometry": {
    "type": "Polygon",
    "coordinates": [
     [
      [
       -48.799843,
       -25.5019254
      ],
      [
       -48.7997161,
       -25.5018693
      ],
      [
       -48.7995255,
       -25.5018909
      ],
      [
       -48.7994389,
       -25.5020051
      ],
      [
       -48.7994323,
       -25.5020133
      ],
      [
       -48.7994252,
       -25.5020211
      ],
      [
       -48.7994177,
       -25.5020285
      ],
      [
       -48.7994097,
       -25.5020356
      ],
      [
       -48.7994013,
       -25.5020422
      ],
      [
       -48.7993924,
       -25.5020484
      ],
      [
       -48.7992837,
       -25.5021205
      ],
      [
       -48.7991224,
       -25.5022218
      ],
      [
       -48.7991527,
       -25.5022815
      ],
      [
       -48.7991541,
       -25.5022841
      ],
      [
       -48.7991556,
       -25.5022867
      ],
      [
       -48.7991571,
       -25.5022893
      ],
      [
       -48.7991588,
       -25.5022918
      ],
      [
       -48.7991606,
       -25.5022943
      ],
      [
       -48.7991625,
       -25.5022967
      ],
      [
       -48.7992197,
       -25.5023684
      ],
      [
       -48.799221,
       -25.5023699
      ],
      [
       -48.7992222,
       -25.5023714
      ],
      [
       -48.7992236,
       -25.5023729
      ],
      [
       -48.7992249,
       -25.5023744
      ],
      [
       -48.7992263,
       -25.5023758
      ],
      [
       -48.7992277,
       -25.5023772
      ],
      [
       -48.7993855,
       -25.5025298
      ],
      [
       -48.7993862,
       -25.5025304
      ],
      [
       -48.7993868,
       -25.5025311
      ],
      [
       -48.7993875,
       -25.5025317
      ],
      [
       -48.7993882,
       -25.5025323
      ],
      [
       -48.7993889,
       -25.5025329
      ],
      [
       -48.7993896,
       -25.5025335
      ],
      [
       -48.7999605,
       -25.5030239
      ],
      [
       -48.7999616,
       -25.5030249
      ],
      [
       -48.7999627,
       -25.5030258
      ],
      [
       -48.7999639,
       -25.5030267
      ],
      [
       -48.799965,
       -25.5030276
      ],
      [
       -48.7999662,
       -25.5030285
      ],
      [
       -48.7999674,
       -25.5030293
      ],
      [
       -48.8000684,
       -25.5031015
      ],
      [
       -48.8002778,
       -25.5029725
      ],
      [
       -48.8002833,
       -25.5029693
      ],
      [
       -48.800289,
       -25.5029661
      ],
      [
       -48.8002947,
       -25.5029632
      ],
      [
       -48.8003006,
       -25.5029604
      ],
      [
       -48.8003065,
       -25.5029578
      ],
      [
       -48.8003126,
       -25.5029554
      ],
      [
       -48.8005553,
       -25.5028631
      ],
      [
       -48.8004795,
       -25.5026716
      ],
      [
       -48.8004787,
       -25.5026694
      ],
      [
       -48.8004779,
       -25.5026673
      ],
      [
       -48.8004772,
       -25.5026651
      ],
      [
       -48.8004766,
       -25.5026628
      ],
      [
       -48.800476,
       -25.5026606
      ],
      [
       -48.8004755,
       -25.5026584
      ],
      [
       -48.8004476,
       -25.5025286
      ],
      [
       -48.8004471,
       -25.5025262
      ],
      [
       -48.8004467,
       -25.5025237
      ],
      [
       -48.8004464,
       -25.5025212
      ],
      [
       -48.8004461,
       -25.5025188
      ],
      [
       -48.8004459,
       -25.5025163
      ],
      [
       -48.8004458,
       -25.5025138
      ],
      [
       -48.8004398,
       -25.5023128
      ],
      [
       -48.8004397,
       -25.5023102
      ],
      [
       -48.8004398,
       -25.5023076
      ],
      [
       -48.8004399,
       -25.5023051
      ],
      [
       -48.8004401,
       -25.5023025
      ],
      [
       -48.8004404,
       -25.5022999
      ],
      [
       -48.8004407,
       -25.5022974
      ],
      [
       -48.8004798,
       -25.5020521
      ],
      [
       -48.8001297,
       -25.5020022
      ],
      [
       -48.8001255,
       -25.5020016
      ],
      [
       -48.8001214,
       -25.5020009
      ],
      [
       -48.8001173,
       -25.5020001
      ],
      [
       -48.8001132,
       -25.5019992
      ],
      [
       -48.8001091,
       -25.5019983
      ],
      [
       -48.8001051,
       -25.5019972
      ],
      [
       -48.7998746,
       -25.5019364
      ],
      [
       -48.7998692,
       -25.5019349
      ],
      [
       -48.7998638,
       -25.5019333
      ],
      [
       -48.7998585,
       -25.5019315
      ],
      [
       -48.7998533,
       -25.5019296
      ],
      [
       -48.7998481,
       -25.5019276
      ],
      [
       -48.799843,
       -25.5019254
      ]
     ]
    ]
   },
   "properties": {
    "tipo": "quadra",
    "id": "quadra-97",
    "area_m2": 11868.89,
    "perimetro_m": 439.17,
    "fracaoDentroDaGleba": 0.6548
   }
  },
  {
   "type": "Feature",
   "geometry": {
    "type": "Polygon",
    "coordinates": [
     [
      [
       -48.8005185,
       -25.5020575
      ],
      [
       -48.8012645,
       -25.5021676
      ],
      [
       -48.801336,
       -25.5018112
      ],
      [
       -48.8013362,
       -25.5018103
      ],
      [
       -48.8013364,
       -25.5018093
      ],
      [
       -48.8013366,
       -25.5018083
      ],
      [
       -48.8013369,
       -25.5018074
      ],
      [
       -48.8013371,
       -25.5018064
      ],
      [
       -48.8013374,
       -25.5018055
      ],
      [
       -48.8014106,
       -25.5015406
      ],
      [
       -48.8014112,
       -25.5015384
      ],
      [
       -48.8014119,
       -25.5015362
      ],
      [
       -48.8014127,
       -25.501534
      ],
      [
       -48.8014135,
       -25.5015319
      ],
      [
       -48.8014144,
       -25.5015297
      ],
      [
       -48.8014154,
       -25.5015276
      ],
      [
       -48.8014403,
       -25.5014738
      ],
      [
       -48.8014032,
       -25.5014669
      ],
      [
       -48.8011577,
       -25.501394
      ],
      [
       -48.801151,
       -25.5013919
      ],
      [
       -48.8011444,
       -25.5013896
      ],
      [
       -48.8011379,
       -25.501387
      ],
      [
       -48.8011315,
       -25.5013843
      ],
      [
       -48.8011252,
       -25.5013814
      ],
      [
       -48.801119,
       -25.5013782
      ],
      [
       -48.8008982,
       -25.5012609
      ],
      [
       -48.8006573,
       -25.5015724
      ],
      [
       -48.8006561,
       -25.5015739
      ],
      [
       -48.8006549,
       -25.5015755
      ],
      [
       -48.8006538,
       -25.5015771
      ],
      [
       -48.8006528,
       -25.5015787
      ],
      [
       -48.8006517,
       -25.5015804
      ],
      [
       -48.8006507,
       -25.501582
      ],
      [
       -48.8006003,
       -25.5016685
      ],
      [
       -48.8005993,
       -25.5016704
      ],
      [
       -48.8005982,
       -25.5016724
      ],
      [
       -48.8005972,
       -25.5016743
      ],
      [
       -48.8005963,
       -25.5016763
      ],
      [
       -48.8005954,
       -25.5016783
      ],
      [
       -48.8005946,
       -25.5016803
      ],
      [
       -48.8005315,
       -25.5018405
      ],
      [
       -48.8005308,
       -25.5018423
      ],
      [
       -48.8005302,
       -25.5018442
      ],
      [
       -48.8005295,
       -25.501846
      ],
      [
       -48.800529,
       -25.5018479
      ],
      [
       -48.8005285,
       -25.5018497
      ],
      [
       -48.800528,
       -25.5018516
      ],
      [
       -48.8004798,
       -25.5020521
      ],
      [
       -48.8005185,
       -25.5020575
      ]
     ]
    ]
   },
   "properties": {
    "tipo": "quadra",
    "id": "quadra-98",
    "area_m2": 6258.74,
    "perimetro_m": 317.26,
    "fracaoDentroDaGleba": 0.9792
   }
  },
  {
   "type": "Feature",
   "geometry": {
    "type": "Polygon",
    "coordinates": [
     [
      [
       -48.8012645,
       -25.5021676
      ],
      [
       -48.8005185,
       -25.5020575
      ],
      [
       -48.8005584,
       -25.5024021
      ],
      [
       -48.8005586,
       -25.502404
      ],
      [
       -48.8005589,
       -25.5024059
      ],
      [
       -48.8005592,
       -25.5024078
      ],
      [
       -48.8005596,
       -25.5024097
      ],
      [
       -48.80056,
       -25.5024116
      ],
      [
       -48.8005605,
       -25.5024135
      ],
      [
       -48.8006694,
       -25.5028291
      ],
      [
       -48.80086,
       -25.5027803
      ],
      [
       -48.8008629,
       -25.5027796
      ],
      [
       -48.8008658,
       -25.5027789
      ],
      [
       -48.8008688,
       -25.5027782
      ],
      [
       -48.8008717,
       -25.5027776
      ],
      [
       -48.8008747,
       -25.5027771
      ],
      [
       -48.8008777,
       -25.5027765
      ],
      [
       -48.8010449,
       -25.5027483
      ],
      [
       -48.8010483,
       -25.5027477
      ],
      [
       -48.8010517,
       -25.5027473
      ],
      [
       -48.801055,
       -25.5027468
      ],
      [
       -48.8010584,
       -25.5027464
      ],
      [
       -48.8010618,
       -25.5027461
      ],
      [
       -48.8010653,
       -25.5027458
      ],
      [
       -48.8012136,
       -25.502735
      ],
      [
       -48.8012042,
       -25.5026726
      ],
      [
       -48.8012038,
       -25.5026694
      ],
      [
       -48.8012035,
       -25.5026662
      ],
      [
       -48.8012033,
       -25.502663
      ],
      [
       -48.8012033,
       -25.5026599
      ],
      [
       -48.8012034,
       -25.5026567
      ],
      [
       -48.8012036,
       -25.5026535
      ],
      [
       -48.8012141,
       -25.502527
      ],
      [
       -48.8012142,
       -25.5025263
      ],
      [
       -48.8012143,
       -25.5025255
      ],
      [
       -48.8012144,
       -25.5025247
      ],
      [
       -48.8012145,
       -25.502524
      ],
      [
       -48.8012146,
       -25.5025232
      ],
      [
       -48.8012147,
       -25.5025224
      ],
      [
       -48.8012645,
       -25.5021676
      ]
     ]
    ]
   },
   "properties": {
    "tipo": "quadra",
    "id": "quadra-99",
    "area_m2": 4789.57,
    "perimetro_m": 282.11,
    "fracaoDentroDaGleba": 0
   }
  },
  {
   "type": "Feature",
   "geometry": {
    "type": "Polygon",
    "coordinates": [
     [
      [
       -48.8015759,
       -25.5022269
      ],
      [
       -48.8018973,
       -25.5023159
      ],
      [
       -48.8019013,
       -25.5023171
      ],
      [
       -48.8019054,
       -25.5023183
      ],
      [
       -48.8019094,
       -25.5023197
      ],
      [
       -48.8019134,
       -25.5023211
      ],
      [
       -48.8019173,
       -25.5023226
      ],
      [
       -48.8019213,
       -25.5023241
      ],
      [
       -48.8020314,
       -25.5023694
      ],
      [
       -48.8021292,
       -25.5020895
      ],
      [
       -48.8022424,
       -25.5016398
      ],
      [
       -48.8022428,
       -25.5016382
      ],
      [
       -48.8022431,
       -25.5016366
      ],
      [
       -48.8022435,
       -25.5016351
      ],
      [
       -48.8022437,
       -25.5016335
      ],
      [
       -48.802244,
       -25.5016319
      ],
      [
       -48.8022442,
       -25.5016304
      ],
      [
       -48.8022654,
       -25.5014693
      ],
      [
       -48.802187,
       -25.501482
      ],
      [
       -48.8021087,
       -25.5014948
      ],
      [
       -48.8019641,
       -25.5015168
      ],
      [
       -48.801958,
       -25.5015177
      ],
      [
       -48.8019519,
       -25.5015184
      ],
      [
       -48.8019458,
       -25.5015189
      ],
      [
       -48.8019396,
       -25.5015192
      ],
      [
       -48.8019335,
       -25.5015193
      ],
      [
       -48.8019273,
       -25.5015193
      ],
      [
       -48.8017023,
       -25.5015155
      ],
      [
       -48.8016968,
       -25.5015153
      ],
      [
       -48.8016914,
       -25.501515
      ],
      [
       -48.8016859,
       -25.5015146
      ],
      [
       -48.8016805,
       -25.501514
      ],
      [
       -48.8016751,
       -25.5015133
      ],
      [
       -48.8016697,
       -25.5015125
      ],
      [
       -48.8014403,
       -25.5014738
      ],
      [
       -48.8014154,
       -25.5015276
      ],
      [
       -48.8014144,
       -25.5015297
      ],
      [
       -48.8014135,
       -25.5015319
      ],
      [
       -48.8014127,
       -25.501534
      ],
      [
       -48.8014119,
       -25.5015362
      ],
      [
       -48.8014112,
       -25.5015384
      ],
      [
       -48.8014106,
       -25.5015406
      ],
      [
       -48.8013374,
       -25.5018055
      ],
      [
       -48.8013371,
       -25.5018064
      ],
      [
       -48.8013369,
       -25.5018074
      ],
      [
       -48.8013366,
       -25.5018083
      ],
      [
       -48.8013364,
       -25.5018093
      ],
      [
       -48.8013362,
       -25.5018103
      ],
      [
       -48.801336,
       -25.5018112
      ],
      [
       -48.8012645,
       -25.5021676
      ],
      [
       -48.8015759,
       -25.5022269
      ]
     ]
    ]
   },
   "properties": {
    "tipo": "quadra",
    "id": "quadra-100",
    "area_m2": 7152.05,
    "perimetro_m": 346.03,
    "fracaoDentroDaGleba": 0.95
   }
  },
  {
   "type": "Feature",
   "geometry": {
    "type": "Polygon",
    "coordinates": [
     [
      [
       -48.8018973,
       -25.5023159
      ],
      [
       -48.8015759,
       -25.5022269
      ],
      [
       -48.8014548,
       -25.5027368
      ],
      [
       -48.8017435,
       -25.502775
      ],
      [
       -48.8017479,
       -25.5027757
      ],
      [
       -48.8017523,
       -25.5027764
      ],
      [
       -48.8017566,
       -25.5027772
      ],
      [
       -48.8017609,
       -25.5027781
      ],
      [
       -48.8017652,
       -25.502779
      ],
      [
       -48.8017695,
       -25.5027801
      ],
      [
       -48.8018426,
       -25.502799
      ],
      [
       -48.8018833,
       -25.502738
      ],
      [
       -48.801885,
       -25.5027354
      ],
      [
       -48.8018866,
       -25.5027328
      ],
      [
       -48.8018881,
       -25.5027301
      ],
      [
       -48.8018895,
       -25.5027273
      ],
      [
       -48.8018907,
       -25.5027245
      ],
      [
       -48.8018919,
       -25.5027217
      ],
      [
       -48.8020314,
       -25.5023694
      ],
      [
       -48.8019213,
       -25.5023241
      ],
      [
       -48.8019173,
       -25.5023226
      ],
      [
       -48.8019134,
       -25.5023211
      ],
      [
       -48.8019094,
       -25.5023197
      ],
      [
       -48.8019054,
       -25.5023183
      ],
      [
       -48.8019013,
       -25.5023171
      ],
      [
       -48.8018973,
       -25.5023159
      ]
     ]
    ]
   },
   "properties": {
    "tipo": "quadra",
    "id": "quadra-101",
    "area_m2": 2432.47,
    "perimetro_m": 197.34,
    "fracaoDentroDaGleba": 0
   }
  },
  {
   "type": "Feature",
   "geometry": {
    "type": "Polygon",
    "coordinates": [
     [
      [
       -48.8020314,
       -25.5023694
      ],
      [
       -48.8022019,
       -25.5024441
      ],
      [
       -48.8022056,
       -25.5024458
      ],
      [
       -48.8022094,
       -25.5024476
      ],
      [
       -48.8022131,
       -25.5024495
      ],
      [
       -48.8022167,
       -25.5024514
      ],
      [
       -48.8022203,
       -25.5024534
      ],
      [
       -48.8022239,
       -25.5024554
      ],
      [
       -48.8023584,
       -25.5025349
      ],
      [
       -48.8023618,
       -25.502537
      ],
      [
       -48.8023651,
       -25.5025391
      ],
      [
       -48.8023684,
       -25.5025413
      ],
      [
       -48.8023716,
       -25.5025435
      ],
      [
       -48.8023748,
       -25.5025458
      ],
      [
       -48.802378,
       -25.5025482
      ],
      [
       -48.8024631,
       -25.5026133
      ],
      [
       -48.8025536,
       -25.5026838
      ],
      [
       -48.802601,
       -25.5026534
      ],
      [
       -48.8026046,
       -25.502651
      ],
      [
       -48.8026081,
       -25.5026484
      ],
      [
       -48.8026115,
       -25.5026457
      ],
      [
       -48.8026147,
       -25.5026429
      ],
      [
       -48.8026177,
       -25.5026399
      ],
      [
       -48.8026207,
       -25.5026368
      ],
      [
       -48.8027808,
       -25.5024587
      ],
      [
       -48.8027307,
       -25.5024055
      ],
      [
       -48.8027275,
       -25.5024023
      ],
      [
       -48.8027243,
       -25.5023991
      ],
      [
       -48.8027211,
       -25.5023961
      ],
      [
       -48.8027177,
       -25.502393
      ],
      [
       -48.8027143,
       -25.5023901
      ],
      [
       -48.8027107,
       -25.5023872
      ],
      [
       -48.8025841,
       -25.5022864
      ],
      [
       -48.8025792,
       -25.5022826
      ],
      [
       -48.8025741,
       -25.502279
      ],
      [
       -48.802569,
       -25.5022755
      ],
      [
       -48.8025637,
       -25.5022722
      ],
      [
       -48.8025583,
       -25.502269
      ],
      [
       -48.8025527,
       -25.502266
      ],
      [
       -48.8023447,
       -25.5021564
      ],
      [
       -48.802341,
       -25.5021546
      ],
      [
       -48.8023374,
       -25.5021528
      ],
      [
       -48.8023336,
       -25.502151
      ],
      [
       -48.8023299,
       -25.5021494
      ],
      [
       -48.8023261,
       -25.5021478
      ],
      [
       -48.8023223,
       -25.5021463
      ],
      [
       -48.8022254,
       -25.5021091
      ],
      [
       -48.8022181,
       -25.5021065
      ],
      [
       -48.8022108,
       -25.5021041
      ],
      [
       -48.8022034,
       -25.502102
      ],
      [
       -48.8021959,
       -25.5021002
      ],
      [
       -48.8021884,
       -25.5020986
      ],
      [
       -48.8021807,
       -25.5020973
      ],
      [
       -48.8021292,
       -25.5020895
      ],
      [
       -48.8020314,
       -25.5023694
      ]
     ]
    ]
   },
   "properties": {
    "tipo": "quadra",
    "id": "quadra-102",
    "area_m2": 2497.96,
    "perimetro_m": 208.53,
    "fracaoDentroDaGleba": 0.3912
   }
  },
  {
   "type": "Feature",
   "geometry": {
    "type": "Polygon",
    "coordinates": [
     [
      [
       -48.8022019,
       -25.5024441
      ],
      [
       -48.8020314,
       -25.5023694
      ],
      [
       -48.8018919,
       -25.5027217
      ],
      [
       -48.8018907,
       -25.5027245
      ],
      [
       -48.8018895,
       -25.5027273
      ],
      [
       -48.8018881,
       -25.5027301
      ],
      [
       -48.8018866,
       -25.5027328
      ],
      [
       -48.801885,
       -25.5027354
      ],
      [
       -48.8018833,
       -25.502738
      ],
      [
       -48.8018426,
       -25.502799
      ],
      [
       -48.8019509,
       -25.5028295
      ],
      [
       -48.8019549,
       -25.5028307
      ],
      [
       -48.8019588,
       -25.5028319
      ],
      [
       -48.8019627,
       -25.5028332
      ],
      [
       -48.8019666,
       -25.5028346
      ],
      [
       -48.8019704,
       -25.5028361
      ],
      [
       -48.8019743,
       -25.5028376
      ],
      [
       -48.802206,
       -25.5029332
      ],
      [
       -48.8024631,
       -25.5026133
      ],
      [
       -48.802378,
       -25.5025482
      ],
      [
       -48.8023748,
       -25.5025458
      ],
      [
       -48.8023716,
       -25.5025435
      ],
      [
       -48.8023684,
       -25.5025413
      ],
      [
       -48.8023651,
       -25.5025391
      ],
      [
       -48.8023618,
       -25.502537
      ],
      [
       -48.8023584,
       -25.5025349
      ],
      [
       -48.8022239,
       -25.5024554
      ],
      [
       -48.8022203,
       -25.5024534
      ],
      [
       -48.8022167,
       -25.5024514
      ],
      [
       -48.8022131,
       -25.5024495
      ],
      [
       -48.8022094,
       -25.5024476
      ],
      [
       -48.8022056,
       -25.5024458
      ],
      [
       -48.8022019,
       -25.5024441
      ]
     ]
    ]
   },
   "properties": {
    "tipo": "quadra",
    "id": "quadra-103",
    "area_m2": 2139.46,
    "perimetro_m": 186.13,
    "fracaoDentroDaGleba": 0
   }
  },
  {
   "type": "Feature",
   "geometry": {
    "type": "Polygon",
    "coordinates": [
     [
      [
       -48.8025536,
       -25.5026838
      ],
      [
       -48.8024631,
       -25.5026133
      ],
      [
       -48.802206,
       -25.5029332
      ],
      [
       -48.8023906,
       -25.5030463
      ],
      [
       -48.8026606,
       -25.5027889
      ],
      [
       -48.8025536,
       -25.5026838
      ]
     ]
    ]
   },
   "properties": {
    "tipo": "quadra",
    "id": "quadra-104",
    "area_m2": 1048.98,
    "perimetro_m": 133.47,
    "fracaoDentroDaGleba": 0
   }
  },
  {
   "type": "Feature",
   "geometry": {
    "type": "Polygon",
    "coordinates": [
     [
      [
       -48.8025536,
       -25.5026838
      ],
      [
       -48.8026606,
       -25.5027889
      ],
      [
       -48.8028912,
       -25.5025819
      ],
      [
       -48.8027808,
       -25.5024587
      ],
      [
       -48.8026207,
       -25.5026368
      ],
      [
       -48.8026177,
       -25.5026399
      ],
      [
       -48.8026147,
       -25.5026429
      ],
      [
       -48.8026115,
       -25.5026457
      ],
      [
       -48.8026081,
       -25.5026484
      ],
      [
       -48.8026046,
       -25.502651
      ],
      [
       -48.802601,
       -25.5026534
      ],
      [
       -48.8025536,
       -25.5026838
      ]
     ]
    ]
   },
   "properties": {
    "tipo": "quadra",
    "id": "quadra-105",
    "area_m2": 526.74,
    "perimetro_m": 100.06,
    "fracaoDentroDaGleba": 0
   }
  },
  {
   "type": "Feature",
   "geometry": {
    "type": "Polygon",
    "coordinates": [
     [
      [
       -48.7960402,
       -25.5009678
      ],
      [
       -48.7959634,
       -25.5011728
      ],
      [
       -48.7963526,
       -25.501351
      ],
      [
       -48.7964413,
       -25.5012
      ],
      [
       -48.7964457,
       -25.5011919
      ],
      [
       -48.7964497,
       -25.5011837
      ],
      [
       -48.7964532,
       -25.5011754
      ],
      [
       -48.7964563,
       -25.5011669
      ],
      [
       -48.7964589,
       -25.5011583
      ],
      [
       -48.796461,
       -25.5011495
      ],
      [
       -48.7964867,
       -25.5010298
      ],
      [
       -48.7960402,
       -25.5009678
      ]
     ]
    ]
   },
   "properties": {
    "tipo": "quadra",
    "id": "quadra-106",
    "area_m2": 1418.17,
    "perimetro_m": 151.65,
    "fracaoDentroDaGleba": 0.9773
   }
  },
  {
   "type": "Feature",
   "geometry": {
    "type": "Polygon",
    "coordinates": [
     [
      [
       -48.7961775,
       -25.5001869
      ],
      [
       -48.7961614,
       -25.500256
      ],
      [
       -48.7962269,
       -25.5002741
      ],
      [
       -48.7962303,
       -25.500275
      ],
      [
       -48.7962337,
       -25.5002758
      ],
      [
       -48.7962371,
       -25.5002764
      ],
      [
       -48.7962405,
       -25.500277
      ],
      [
       -48.7962439,
       -25.5002774
      ],
      [
       -48.7962474,
       -25.5002777
      ],
      [
       -48.7966278,
       -25.5003074
      ],
      [
       -48.7966347,
       -25.5001993
      ],
      [
       -48.7964574,
       -25.500183
      ],
      [
       -48.7964554,
       -25.5001828
      ],
      [
       -48.7964534,
       -25.5001827
      ],
      [
       -48.7964515,
       -25.5001826
      ],
      [
       -48.7964495,
       -25.5001826
      ],
      [
       -48.7964475,
       -25.5001825
      ],
      [
       -48.7964456,
       -25.5001826
      ],
      [
       -48.7961775,
       -25.5001869
      ]
     ]
    ]
   },
   "properties": {
    "tipo": "quadra",
    "id": "quadra-107",
    "area_m2": 522.68,
    "perimetro_m": 113.26,
    "fracaoDentroDaGleba": 1
   }
  },
  {
   "type": "Feature",
   "geometry": {
    "type": "Polygon",
    "coordinates": [
     [
      [
       -48.7965495,
       -25.499477
      ],
      [
       -48.796505,
       -25.4995439
      ],
      [
       -48.7967684,
       -25.4996375
      ],
      [
       -48.7967819,
       -25.4996029
      ],
      [
       -48.7966134,
       -25.4995215
      ],
      [
       -48.7966107,
       -25.4995201
      ],
      [
       -48.7966081,
       -25.4995187
      ],
      [
       -48.7966054,
       -25.4995172
      ],
      [
       -48.7966029,
       -25.4995156
      ],
      [
       -48.7966004,
       -25.499514
      ],
      [
       -48.7965979,
       -25.4995122
      ],
      [
       -48.7965495,
       -25.499477
      ]
     ]
    ]
   },
   "properties": {
    "tipo": "quadra",
    "id": "quadra-108",
    "area_m2": 162.25,
    "perimetro_m": 68.46,
    "fracaoDentroDaGleba": 1
   }
  },
  {
   "type": "Feature",
   "geometry": {
    "type": "Polygon",
    "coordinates": [
     [
      [
       -48.7997099,
       -25.5010875
      ],
      [
       -48.7996821,
       -25.5011863
      ],
      [
       -48.799869,
       -25.501233
      ],
      [
       -48.7998723,
       -25.5012338
      ],
      [
       -48.7998756,
       -25.5012344
      ],
      [
       -48.7998789,
       -25.501235
      ],
      [
       -48.7998822,
       -25.5012354
      ],
      [
       -48.7998856,
       -25.5012358
      ],
      [
       -48.799889,
       -25.501236
      ],
      [
       -48.8001854,
       -25.5012535
      ],
      [
       -48.8001889,
       -25.5012537
      ],
      [
       -48.8001923,
       -25.5012537
      ],
      [
       -48.8001957,
       -25.5012536
      ],
      [
       -48.8001992,
       -25.5012535
      ],
      [
       -48.8002026,
       -25.5012532
      ],
      [
       -48.800206,
       -25.5012528
      ],
      [
       -48.8004251,
       -25.5012242
      ],
      [
       -48.8004281,
       -25.5012238
      ],
      [
       -48.8004311,
       -25.5012233
      ],
      [
       -48.8004341,
       -25.5012227
      ],
      [
       -48.800437,
       -25.501222
      ],
      [
       -48.80044,
       -25.5012212
      ],
      [
       -48.8004429,
       -25.5012204
      ],
      [
       -48.8006393,
       -25.50116
      ],
      [
       -48.800643,
       -25.5011588
      ],
      [
       -48.8006465,
       -25.5011575
      ],
      [
       -48.80065,
       -25.5011561
      ],
      [
       -48.8006535,
       -25.5011545
      ],
      [
       -48.8006568,
       -25.5011528
      ],
      [
       -48.8006601,
       -25.501151
      ],
      [
       -48.800731,
       -25.5011109
      ],
      [
       -48.8006281,
       -25.50098
      ],
      [
       -48.8001979,
       -25.5010647
      ],
      [
       -48.8001962,
       -25.501065
      ],
      [
       -48.8001946,
       -25.5010653
      ],
      [
       -48.8001929,
       -25.5010656
      ],
      [
       -48.8001913,
       -25.5010658
      ],
      [
       -48.8001896,
       -25.501066
      ],
      [
       -48.800188,
       -25.5010662
      ],
      [
       -48.7999653,
       -25.5010892
      ],
      [
       -48.7999633,
       -25.5010893
      ],
      [
       -48.7999613,
       -25.5010895
      ],
      [
       -48.7999592,
       -25.5010896
      ],
      [
       -48.7999572,
       -25.5010897
      ],
      [
       -48.7999551,
       -25.5010897
      ],
      [
       -48.7999531,
       -25.5010897
      ],
      [
       -48.7997099,
       -25.5010875
      ]
     ]
    ]
   },
   "properties": {
    "tipo": "quadra",
    "id": "quadra-109",
    "area_m2": 1882.97,
    "perimetro_m": 231.73,
    "fracaoDentroDaGleba": 1
   }
  },
  {
   "type": "Feature",
   "geometry": {
    "type": "Polygon",
    "coordinates": [
     [
      [
       -48.8005185,
       -25.5020575
      ],
      [
       -48.8004798,
       -25.5020521
      ],
      [
       -48.8004407,
       -25.5022974
      ],
      [
       -48.8004404,
       -25.5022999
      ],
      [
       -48.8004401,
       -25.5023025
      ],
      [
       -48.8004399,
       -25.5023051
      ],
      [
       -48.8004398,
       -25.5023076
      ],
      [
       -48.8004397,
       -25.5023102
      ],
      [
       -48.8004398,
       -25.5023128
      ],
      [
       -48.8004458,
       -25.5025138
      ],
      [
       -48.8004459,
       -25.5025163
      ],
      [
       -48.8004461,
       -25.5025188
      ],
      [
       -48.8004464,
       -25.5025212
      ],
      [
       -48.8004467,
       -25.5025237
      ],
      [
       -48.8004471,
       -25.5025262
      ],
      [
       -48.8004476,
       -25.5025286
      ],
      [
       -48.8004755,
       -25.5026584
      ],
      [
       -48.800476,
       -25.5026606
      ],
      [
       -48.8004766,
       -25.5026628
      ],
      [
       -48.8004772,
       -25.5026651
      ],
      [
       -48.8004779,
       -25.5026673
      ],
      [
       -48.8004787,
       -25.5026694
      ],
      [
       -48.8004795,
       -25.5026716
      ],
      [
       -48.8005553,
       -25.5028631
      ],
      [
       -48.8006694,
       -25.5028291
      ],
      [
       -48.8005605,
       -25.5024135
      ],
      [
       -48.80056,
       -25.5024116
      ],
      [
       -48.8005596,
       -25.5024097
      ],
      [
       -48.8005592,
       -25.5024078
      ],
      [
       -48.8005589,
       -25.5024059
      ],
      [
       -48.8005586,
       -25.502404
      ],
      [
       -48.8005584,
       -25.5024021
      ],
      [
       -48.8005185,
       -25.5020575
      ]
     ]
    ]
   },
   "properties": {
    "tipo": "quadra",
    "id": "quadra-110",
    "area_m2": 1007.37,
    "perimetro_m": 194.82,
    "fracaoDentroDaGleba": 0
   }
  },
  {
   "type": "Feature",
   "geometry": {
    "type": "Polygon",
    "coordinates": [
     [
      [
       -48.8015759,
       -25.5022269
      ],
      [
       -48.8012645,
       -25.5021676
      ],
      [
       -48.8012147,
       -25.5025224
      ],
      [
       -48.8012146,
       -25.5025232
      ],
      [
       -48.8012145,
       -25.502524
      ],
      [
       -48.8012144,
       -25.5025247
      ],
      [
       -48.8012143,
       -25.5025255
      ],
      [
       -48.8012142,
       -25.5025263
      ],
      [
       -48.8012141,
       -25.502527
      ],
      [
       -48.8012036,
       -25.5026535
      ],
      [
       -48.8012034,
       -25.5026567
      ],
      [
       -48.8012033,
       -25.5026599
      ],
      [
       -48.8012033,
       -25.502663
      ],
      [
       -48.8012035,
       -25.5026662
      ],
      [
       -48.8012038,
       -25.5026694
      ],
      [
       -48.8012042,
       -25.5026726
      ],
      [
       -48.8012136,
       -25.502735
      ],
      [
       -48.8014548,
       -25.5027368
      ],
      [
       -48.8015759,
       -25.5022269
      ]
     ]
    ]
   },
   "properties": {
    "tipo": "quadra",
    "id": "quadra-111",
    "area_m2": 1756.89,
    "perimetro_m": 177.3,
    "fracaoDentroDaGleba": 0
   }
  },
  {
   "type": "Feature",
   "geometry": {
    "type": "Polygon",
    "coordinates": [
     [
      [
       -48.7973755,
       -25.4981859
      ],
      [
       -48.7970811,
       -25.4981228
      ],
      [
       -48.7970613,
       -25.4982242
      ],
      [
       -48.7970605,
       -25.498229
      ],
      [
       -48.7970599,
       -25.4982339
      ],
      [
       -48.7970597,
       -25.4982387
      ],
      [
       -48.7970598,
       -25.4982436
      ],
      [
       -48.7970602,
       -25.4982484
      ],
      [
       -48.7970608,
       -25.4982533
      ],
      [
       -48.7970896,
       -25.4984288
      ],
      [
       -48.7970902,
       -25.4984324
      ],
      [
       -48.7970911,
       -25.498436
      ],
      [
       -48.7970921,
       -25.4984395
      ],
      [
       -48.7970932,
       -25.498443
      ],
      [
       -48.7970945,
       -25.4984465
      ],
      [
       -48.797096,
       -25.4984499
      ],
      [
       -48.7972165,
       -25.498715
      ],
      [
       -48.7973737,
       -25.4986402
      ],
      [
       -48.7973791,
       -25.4986377
      ],
      [
       -48.7973846,
       -25.4986353
      ],
      [
       -48.7973902,
       -25.4986331
      ],
      [
       -48.7973959,
       -25.4986311
      ],
      [
       -48.7974017,
       -25.4986292
      ],
      [
       -48.7974075,
       -25.4986275
      ],
      [
       -48.7976175,
       -25.4985687
      ],
      [
       -48.7976061,
       -25.4985085
      ],
      [
       -48.7976055,
       -25.4985046
      ],
      [
       -48.797605,
       -25.4985006
      ],
      [
       -48.7976047,
       -25.4984967
      ],
      [
       -48.7976047,
       -25.4984928
      ],
      [
       -48.7976048,
       -25.4984888
      ],
      [
       -48.7976051,
       -25.4984849
      ],
      [
       -48.7976324,
       -25.4982188
      ],
      [
       -48.7973942,
       -25.4981891
      ],
      [
       -48.797391,
       -25.4981887
      ],
      [
       -48.7973879,
       -25.4981882
      ],
      [
       -48.7973848,
       -25.4981877
      ],
      [
       -48.7973817,
       -25.4981872
      ],
      [
       -48.7973786,
       -25.4981866
      ],
      [
       -48.7973755,
       -25.4981859
      ]
     ]
    ]
   },
   "properties": {
    "tipo": "quadra",
    "id": "quadra-112",
    "area_m2": 2653.61,
    "perimetro_m": 207.63,
    "fracaoDentroDaGleba": 1
   }
  },
  {
   "type": "Feature",
   "geometry": {
    "type": "Polygon",
    "coordinates": [
     [
      [
       -48.7984153,
       -25.4983281
      ],
      [
       -48.7981395,
       -25.4982808
      ],
      [
       -48.7979818,
       -25.4982615
      ],
      [
       -48.797978,
       -25.4985261
      ],
      [
       -48.7983689,
       -25.4985327
      ],
      [
       -48.7984153,
       -25.4983281
      ]
     ]
    ]
   },
   "properties": {
    "tipo": "quadra",
    "id": "quadra-113",
    "area_m2": 1098.92,
    "perimetro_m": 135.97,
    "fracaoDentroDaGleba": 1
   }
  },
  {
   "type": "Feature",
   "geometry": {
    "type": "Polygon",
    "coordinates": [
     [
      [
       -48.7986714,
       -25.4983771
      ],
      [
       -48.7984153,
       -25.4983281
      ],
      [
       -48.7983689,
       -25.4985327
      ],
      [
       -48.7986449,
       -25.4985648
      ],
      [
       -48.7987645,
       -25.4985892
      ],
      [
       -48.7988365,
       -25.4984246
      ],
      [
       -48.7986917,
       -25.498382
      ],
      [
       -48.7986884,
       -25.4983811
      ],
      [
       -48.798685,
       -25.4983802
      ],
      [
       -48.7986817,
       -25.4983793
      ],
      [
       -48.7986783,
       -25.4983786
      ],
      [
       -48.7986749,
       -25.4983778
      ],
      [
       -48.7986714,
       -25.4983771
      ]
     ]
    ]
   },
   "properties": {
    "tipo": "quadra",
    "id": "quadra-114",
    "area_m2": 897.5,
    "perimetro_m": 126.79,
    "fracaoDentroDaGleba": 1
   }
  },
  {
   "type": "Feature",
   "geometry": {
    "type": "Polygon",
    "coordinates": [
     [
      [
       -48.7989498,
       -25.4984585
      ],
      [
       -48.7988365,
       -25.4984246
      ],
      [
       -48.7987645,
       -25.4985892
      ],
      [
       -48.7991074,
       -25.4986702
      ],
      [
       -48.7991676,
       -25.4985403
      ],
      [
       -48.7989498,
       -25.4984585
      ]
     ]
    ]
   },
   "properties": {
    "tipo": "quadra",
    "id": "quadra-115",
    "area_m2": 635.65,
    "perimetro_m": 106.54,
    "fracaoDentroDaGleba": 1
   }
  },
  {
   "type": "Feature",
   "geometry": {
    "type": "Polygon",
    "coordinates": [
     [
      [
       -48.7993948,
       -25.4986538
      ],
      [
       -48.7991676,
       -25.4985403
      ],
      [
       -48.7991074,
       -25.4986702
      ],
      [
       -48.7993485,
       -25.49877
      ],
      [
       -48.7993515,
       -25.4987712
      ],
      [
       -48.7993545,
       -25.4987726
      ],
      [
       -48.7993574,
       -25.4987739
      ],
      [
       -48.7993604,
       -25.4987753
      ],
      [
       -48.7993633,
       -25.4987768
      ],
      [
       -48.7993661,
       -25.4987782
      ],
      [
       -48.7994971,
       -25.4988475
      ],
      [
       -48.799569,
       -25.4987755
      ],
      [
       -48.799477,
       -25.4987069
      ],
      [
       -48.7994171,
       -25.4986668
      ],
      [
       -48.7994136,
       -25.4986644
      ],
      [
       -48.7994099,
       -25.4986622
      ],
      [
       -48.7994062,
       -25.49866
      ],
      [
       -48.7994025,
       -25.4986578
      ],
      [
       -48.7993987,
       -25.4986558
      ],
      [
       -48.7993948,
       -25.4986538
      ]
     ]
    ]
   },
   "properties": {
    "tipo": "quadra",
    "id": "quadra-116",
    "area_m2": 622.88,
    "perimetro_m": 118.44,
    "fracaoDentroDaGleba": 1
   }
  },
  {
   "type": "Feature",
   "geometry": {
    "type": "Polygon",
    "coordinates": [
     [
      [
       -48.7997909,
       -25.4989807
      ],
      [
       -48.799569,
       -25.4987755
      ],
      [
       -48.7994971,
       -25.4988475
      ],
      [
       -48.7995322,
       -25.4988664
      ],
      [
       -48.7997311,
       -25.4989823
      ],
      [
       -48.7997498,
       -25.4989911
      ],
      [
       -48.7997546,
       -25.4989929
      ],
      [
       -48.7997593,
       -25.4989939
      ],
      [
       -48.799764,
       -25.4989941
      ],
      [
       -48.7997686,
       -25.4989933
      ],
      [
       -48.7997731,
       -25.4989917
      ],
      [
       -48.7997776,
       -25.4989893
      ],
      [
       -48.7997909,
       -25.4989807
      ]
     ]
    ]
   },
   "properties": {
    "tipo": "quadra",
    "id": "quadra-117",
    "area_m2": 221.47,
    "perimetro_m": 77.2,
    "fracaoDentroDaGleba": 1
   }
  },
  {
   "type": "Feature",
   "geometry": {
    "type": "Polygon",
    "coordinates": [
     [
      [
       -48.802714,
       -25.5002721
      ],
      [
       -48.8027598,
       -25.5000215
      ],
      [
       -48.8026784,
       -25.5000096
      ],
      [
       -48.8026751,
       -25.5000091
      ],
      [
       -48.8026718,
       -25.5000084
      ],
      [
       -48.8026685,
       -25.5000077
      ],
      [
       -48.8026652,
       -25.5000069
      ],
      [
       -48.802662,
       -25.5000059
      ],
      [
       -48.8026588,
       -25.5000049
      ],
      [
       -48.802566,
       -25.4999727
      ],
      [
       -48.8025637,
       -25.4999719
      ],
      [
       -48.8025615,
       -25.4999711
      ],
      [
       -48.8025593,
       -25.4999702
      ],
      [
       -48.8025571,
       -25.4999692
      ],
      [
       -48.8025549,
       -25.4999682
      ],
      [
       -48.8025528,
       -25.4999671
      ],
      [
       -48.8022463,
       -25.4998114
      ],
      [
       -48.8021674,
       -25.4999377
      ],
      [
       -48.8020438,
       -25.500123
      ],
      [
       -48.8023167,
       -25.5001994
      ],
      [
       -48.8023183,
       -25.5001999
      ],
      [
       -48.8023199,
       -25.5002003
      ],
      [
       -48.8023215,
       -25.5002007
      ],
      [
       -48.8023232,
       -25.500201
      ],
      [
       -48.8023248,
       -25.5002014
      ],
      [
       -48.8023265,
       -25.5002017
      ],
      [
       -48.802714,
       -25.5002721
      ]
     ]
    ]
   },
   "properties": {
    "tipo": "quadra",
    "id": "quadra-118",
    "area_m2": 2055.75,
    "perimetro_m": 194.78,
    "fracaoDentroDaGleba": 1
   }
  },
  {
   "type": "Feature",
   "geometry": {
    "type": "Polygon",
    "coordinates": [
     [
      [
       -48.8027598,
       -25.5000215
      ],
      [
       -48.8028599,
       -25.4996968
      ],
      [
       -48.8028612,
       -25.4996927
      ],
      [
       -48.8028626,
       -25.4996887
      ],
      [
       -48.8028641,
       -25.4996848
      ],
      [
       -48.8028657,
       -25.4996808
      ],
      [
       -48.8028674,
       -25.4996769
      ],
      [
       -48.8028692,
       -25.4996731
      ],
      [
       -48.802917,
       -25.499574
      ],
      [
       -48.8026707,
       -25.4994604
      ],
      [
       -48.8026691,
       -25.4994597
      ],
      [
       -48.8026675,
       -25.4994589
      ],
      [
       -48.802666,
       -25.4994581
      ],
      [
       -48.8026644,
       -25.4994573
      ],
      [
       -48.8026629,
       -25.4994565
      ],
      [
       -48.8026614,
       -25.4994556
      ],
      [
       -48.8025205,
       -25.4993723
      ],
      [
       -48.8022463,
       -25.4998114
      ],
      [
       -48.8025528,
       -25.4999671
      ],
      [
       -48.8025549,
       -25.4999682
      ],
      [
       -48.8025571,
       -25.4999692
      ],
      [
       -48.8025593,
       -25.4999702
      ],
      [
       -48.8025615,
       -25.4999711
      ],
      [
       -48.8025637,
       -25.4999719
      ],
      [
       -48.802566,
       -25.4999727
      ],
      [
       -48.8026588,
       -25.5000049
      ],
      [
       -48.802662,
       -25.5000059
      ],
      [
       -48.8026652,
       -25.5000069
      ],
      [
       -48.8026685,
       -25.5000077
      ],
      [
       -48.8026718,
       -25.5000084
      ],
      [
       -48.8026751,
       -25.5000091
      ],
      [
       -48.8026784,
       -25.5000096
      ],
      [
       -48.8027598,
       -25.5000215
      ]
     ]
    ]
   },
   "properties": {
    "tipo": "quadra",
    "id": "quadra-119",
    "area_m2": 2778.21,
    "perimetro_m": 210.89,
    "fracaoDentroDaGleba": 1
   }
  },
  {
   "type": "Feature",
   "geometry": {
    "type": "Polygon",
    "coordinates": [
     [
      [
       -48.8029486,
       -25.4995098
      ],
      [
       -48.8030183,
       -25.4993803
      ],
      [
       -48.8026482,
       -25.4991886
      ],
      [
       -48.8025841,
       -25.4992807
      ],
      [
       -48.8025205,
       -25.4993723
      ],
      [
       -48.8026614,
       -25.4994556
      ],
      [
       -48.8026629,
       -25.4994565
      ],
      [
       -48.8026644,
       -25.4994573
      ],
      [
       -48.802666,
       -25.4994581
      ],
      [
       -48.8026675,
       -25.4994589
      ],
      [
       -48.8026691,
       -25.4994597
      ],
      [
       -48.8026707,
       -25.4994604
      ],
      [
       -48.802917,
       -25.499574
      ],
      [
       -48.8029486,
       -25.4995098
      ]
     ]
    ]
   },
   "properties": {
    "tipo": "quadra",
    "id": "quadra-120",
    "area_m2": 1080.7,
    "perimetro_m": 136.41,
    "fracaoDentroDaGleba": 1
   }
  },
  {
   "type": "Feature",
   "geometry": {
    "type": "Polygon",
    "coordinates": [
     [
      [
       -48.8030183,
       -25.4993803
      ],
      [
       -48.8031581,
       -25.4991748
      ],
      [
       -48.8031602,
       -25.4991717
      ],
      [
       -48.8031625,
       -25.4991686
      ],
      [
       -48.8031648,
       -25.4991656
      ],
      [
       -48.8031672,
       -25.4991626
      ],
      [
       -48.8031696,
       -25.4991596
      ],
      [
       -48.8031721,
       -25.4991567
      ],
      [
       -48.8033387,
       -25.4989683
      ],
      [
       -48.8030085,
       -25.4987136
      ],
      [
       -48.8027802,
       -25.4989999
      ],
      [
       -48.802779,
       -25.4990014
      ],
      [
       -48.8027778,
       -25.4990029
      ],
      [
       -48.8027766,
       -25.4990045
      ],
      [
       -48.8027755,
       -25.499006
      ],
      [
       -48.8027743,
       -25.4990076
      ],
      [
       -48.8027732,
       -25.4990092
      ],
      [
       -48.8026482,
       -25.4991886
      ],
      [
       -48.8030183,
       -25.4993803
      ]
     ]
    ]
   },
   "properties": {
    "tipo": "quadra",
    "id": "quadra-121",
    "area_m2": 2557.7,
    "perimetro_m": 206.29,
    "fracaoDentroDaGleba": 1
   }
  },
  {
   "type": "Feature",
   "geometry": {
    "type": "Polygon",
    "coordinates": [
     [
      [
       -48.8033387,
       -25.4989683
      ],
      [
       -48.803396,
       -25.4989186
      ],
      [
       -48.8033364,
       -25.4988604
      ],
      [
       -48.8033345,
       -25.4988586
      ],
      [
       -48.8033327,
       -25.4988567
      ],
      [
       -48.803331,
       -25.4988547
      ],
      [
       -48.8033293,
       -25.4988527
      ],
      [
       -48.8033277,
       -25.4988507
      ],
      [
       -48.8033262,
       -25.4988486
      ],
      [
       -48.8032284,
       -25.4987139
      ],
      [
       -48.8032265,
       -25.4987115
      ],
      [
       -48.8032246,
       -25.4987091
      ],
      [
       -48.8032226,
       -25.4987068
      ],
      [
       -48.8032205,
       -25.4987045
      ],
      [
       -48.8032183,
       -25.4987023
      ],
      [
       -48.8032161,
       -25.4987001
      ],
      [
       -48.8031143,
       -25.4986067
      ],
      [
       -48.8030349,
       -25.4986866
      ],
      [
       -48.8030085,
       -25.4987136
      ],
      [
       -48.8033387,
       -25.4989683
      ]
     ]
    ]
   },
   "properties": {
    "tipo": "quadra",
    "id": "quadra-122",
    "area_m2": 540.84,
    "perimetro_m": 112.32,
    "fracaoDentroDaGleba": 1
   }
  },
  {
   "type": "Feature",
   "geometry": {
    "type": "Polygon",
    "coordinates": [
     [
      [
       -48.803396,
       -25.4989186
      ],
      [
       -48.8036027,
       -25.49875
      ],
      [
       -48.8038716,
       -25.4985974
      ],
      [
       -48.8038585,
       -25.4985199
      ],
      [
       -48.8038581,
       -25.4985179
      ],
      [
       -48.8038577,
       -25.4985159
      ],
      [
       -48.8038573,
       -25.498514
      ],
      [
       -48.8038568,
       -25.498512
      ],
      [
       -48.8038562,
       -25.4985101
      ],
      [
       -48.8038556,
       -25.4985082
      ],
      [
       -48.8037475,
       -25.4981729
      ],
      [
       -48.803457,
       -25.498325
      ],
      [
       -48.8034523,
       -25.4983275
      ],
      [
       -48.8034478,
       -25.4983301
      ],
      [
       -48.8034433,
       -25.4983328
      ],
      [
       -48.8034389,
       -25.4983357
      ],
      [
       -48.8034346,
       -25.4983386
      ],
      [
       -48.8034304,
       -25.4983417
      ],
      [
       -48.8033432,
       -25.4984064
      ],
      [
       -48.8032318,
       -25.4984917
      ],
      [
       -48.8032285,
       -25.4984943
      ],
      [
       -48.8032252,
       -25.498497
      ],
      [
       -48.803222,
       -25.4984997
      ],
      [
       -48.8032188,
       -25.4985025
      ],
      [
       -48.8032158,
       -25.4985054
      ],
      [
       -48.8032128,
       -25.4985083
      ],
      [
       -48.8031143,
       -25.4986067
      ],
      [
       -48.8032161,
       -25.4987001
      ],
      [
       -48.8032183,
       -25.4987023
      ],
      [
       -48.8032205,
       -25.4987045
      ],
      [
       -48.8032226,
       -25.4987068
      ],
      [
       -48.8032246,
       -25.4987091
      ],
      [
       -48.8032265,
       -25.4987115
      ],
      [
       -48.8032284,
       -25.4987139
      ],
      [
       -48.8033262,
       -25.4988486
      ],
      [
       -48.8033277,
       -25.4988507
      ],
      [
       -48.8033293,
       -25.4988527
      ],
      [
       -48.803331,
       -25.4988547
      ],
      [
       -48.8033327,
       -25.4988567
      ],
      [
       -48.8033345,
       -25.4988586
      ],
      [
       -48.8033364,
       -25.4988604
      ],
      [
       -48.803396,
       -25.4989186
      ]
     ]
    ]
   },
   "properties": {
    "tipo": "quadra",
    "id": "quadra-123",
    "area_m2": 3264.63,
    "perimetro_m": 233.72,
    "fracaoDentroDaGleba": 0.9055
   }
  },
  {
   "type": "Feature",
   "geometry": {
    "type": "Polygon",
    "coordinates": [
     [
      [
       -48.8039835,
       -25.4985571
      ],
      [
       -48.8043344,
       -25.4984307
      ],
      [
       -48.8043388,
       -25.4984292
      ],
      [
       -48.8043432,
       -25.4984278
      ],
      [
       -48.8043476,
       -25.4984264
      ],
      [
       -48.8043521,
       -25.4984252
      ],
      [
       -48.8043566,
       -25.4984241
      ],
      [
       -48.8043611,
       -25.498423
      ],
      [
       -48.8045068,
       -25.4983911
      ],
      [
       -48.8047333,
       -25.4983444
      ],
      [
       -48.8046907,
       -25.4981392
      ],
      [
       -48.8046902,
       -25.4981371
      ],
      [
       -48.8046897,
       -25.4981349
      ],
      [
       -48.8046891,
       -25.4981328
      ],
      [
       -48.8046884,
       -25.4981307
      ],
      [
       -48.8046877,
       -25.4981286
      ],
      [
       -48.804687,
       -25.4981265
      ],
      [
       -48.8045837,
       -25.4978551
      ],
      [
       -48.804484,
       -25.4979111
      ],
      [
       -48.8042377,
       -25.4980006
      ],
      [
       -48.8042349,
       -25.4980016
      ],
      [
       -48.8042321,
       -25.4980025
      ],
      [
       -48.8042292,
       -25.4980035
      ],
      [
       -48.8042263,
       -25.4980044
      ],
      [
       -48.8042234,
       -25.4980052
      ],
      [
       -48.8042205,
       -25.498006
      ],
      [
       -48.8040719,
       -25.4980461
      ],
      [
       -48.8038157,
       -25.4981432
      ],
      [
       -48.8039126,
       -25.4983383
      ],
      [
       -48.8039135,
       -25.4983403
      ],
      [
       -48.8039144,
       -25.4983422
      ],
      [
       -48.8039152,
       -25.4983442
      ],
      [
       -48.803916,
       -25.4983462
      ],
      [
       -48.8039167,
       -25.4983482
      ],
      [
       -48.8039174,
       -25.4983503
      ],
      [
       -48.8039835,
       -25.4985571
      ]
     ]
    ]
   },
   "properties": {
    "tipo": "quadra",
    "id": "quadra-124",
    "area_m2": 4085.01,
    "perimetro_m": 268.36,
    "fracaoDentroDaGleba": 0.0071
   }
  },
  {
   "type": "Feature",
   "geometry": {
    "type": "Polygon",
    "coordinates": [
     [
      [
       -48.8047333,
       -25.4983444
      ],
      [
       -48.8051619,
       -25.4982771
      ],
      [
       -48.8051648,
       -25.4982766
      ],
      [
       -48.8051678,
       -25.4982761
      ],
      [
       -48.8051707,
       -25.4982755
      ],
      [
       -48.8051736,
       -25.4982749
      ],
      [
       -48.8051765,
       -25.4982743
      ],
      [
       -48.8051794,
       -25.4982736
      ],
      [
       -48.8055183,
       -25.4981913
      ],
      [
       -48.8054161,
       -25.4980067
      ],
      [
       -48.8054148,
       -25.4980044
      ],
      [
       -48.8054135,
       -25.4980022
      ],
      [
       -48.805412,
       -25.498
      ],
      [
       -48.8054105,
       -25.4979979
      ],
      [
       -48.805409,
       -25.4979957
      ],
      [
       -48.8054073,
       -25.4979937
      ],
      [
       -48.8053082,
       -25.4978717
      ],
      [
       -48.8053048,
       -25.4978677
      ],
      [
       -48.8053011,
       -25.4978638
      ],
      [
       -48.8052972,
       -25.4978603
      ],
      [
       -48.8052931,
       -25.4978569
      ],
      [
       -48.8052888,
       -25.4978537
      ],
      [
       -48.8052843,
       -25.4978507
      ],
      [
       -48.8050565,
       -25.4977094
      ],
      [
       -48.8050517,
       -25.4977067
      ],
      [
       -48.8050469,
       -25.4977042
      ],
      [
       -48.8050419,
       -25.4977019
      ],
      [
       -48.8050367,
       -25.4977
      ],
      [
       -48.8050315,
       -25.4976982
      ],
      [
       -48.8050261,
       -25.4976968
      ],
      [
       -48.8049718,
       -25.4976836
      ],
      [
       -48.804833,
       -25.4977668
      ],
      [
       -48.8048265,
       -25.4977705
      ],
      [
       -48.8048199,
       -25.497774
      ],
      [
       -48.8048131,
       -25.4977772
      ],
      [
       -48.8048063,
       -25.4977802
      ],
      [
       -48.8047993,
       -25.497783
      ],
      [
       -48.8047921,
       -25.4977855
      ],
      [
       -48.8045837,
       -25.4978551
      ],
      [
       -48.804687,
       -25.4981265
      ],
      [
       -48.8046877,
       -25.4981286
      ],
      [
       -48.8046884,
       -25.4981307
      ],
      [
       -48.8046891,
       -25.4981328
      ],
      [
       -48.8046897,
       -25.4981349
      ],
      [
       -48.8046902,
       -25.4981371
      ],
      [
       -48.8046907,
       -25.4981392
      ],
      [
       -48.8047333,
       -25.4983444
      ]
     ]
    ]
   },
   "properties": {
    "tipo": "quadra",
    "id": "quadra-125",
    "area_m2": 4312.74,
    "perimetro_m": 262.35,
    "fracaoDentroDaGleba": 0
   }
  },
  {
   "type": "Feature",
   "geometry": {
    "type": "Polygon",
    "coordinates": [
     [
      [
       -48.7979818,
       -25.4982615
      ],
      [
       -48.7976324,
       -25.4982188
      ],
      [
       -48.7976051,
       -25.4984849
      ],
      [
       -48.7976048,
       -25.4984888
      ],
      [
       -48.7976047,
       -25.4984928
      ],
      [
       -48.7976047,
       -25.4984967
      ],
      [
       -48.797605,
       -25.4985006
      ],
      [
       -48.7976055,
       -25.4985046
      ],
      [
       -48.7976061,
       -25.4985085
      ],
      [
       -48.7976175,
       -25.4985687
      ],
      [
       -48.7977348,
       -25.498549
      ],
      [
       -48.797978,
       -25.4985261
      ],
      [
       -48.7979818,
       -25.4982615
      ]
     ]
    ]
   },
   "properties": {
    "tipo": "quadra",
    "id": "quadra-126",
    "area_m2": 1235.43,
    "perimetro_m": 140.34,
    "fracaoDentroDaGleba": 1
   }
  },
  {
   "type": "Feature",
   "geometry": {
    "type": "Polygon",
    "coordinates": [
     [
      [
       -48.8026271,
       -25.5009864
      ],
      [
       -48.8026881,
       -25.5004858
      ],
      [
       -48.802714,
       -25.5002721
      ],
      [
       -48.8023265,
       -25.5002017
      ],
      [
       -48.8023248,
       -25.5002014
      ],
      [
       -48.8023232,
       -25.500201
      ],
      [
       -48.8023215,
       -25.5002007
      ],
      [
       -48.8023199,
       -25.5002003
      ],
      [
       -48.8023183,
       -25.5001999
      ],
      [
       -48.8023167,
       -25.5001994
      ],
      [
       -48.8020438,
       -25.500123
      ],
      [
       -48.801983,
       -25.5002095
      ],
      [
       -48.8019804,
       -25.5002132
      ],
      [
       -48.8019776,
       -25.5002169
      ],
      [
       -48.8019747,
       -25.5002204
      ],
      [
       -48.8019718,
       -25.500224
      ],
      [
       -48.8019687,
       -25.5002274
      ],
      [
       -48.8019655,
       -25.5002308
      ],
      [
       -48.8018033,
       -25.5004004
      ],
      [
       -48.8017176,
       -25.5004612
      ],
      [
       -48.8018063,
       -25.5006126
      ],
      [
       -48.8018081,
       -25.5006155
      ],
      [
       -48.80181,
       -25.5006183
      ],
      [
       -48.801812,
       -25.5006211
      ],
      [
       -48.8018141,
       -25.5006238
      ],
      [
       -48.8018164,
       -25.5006265
      ],
      [
       -48.8018187,
       -25.5006291
      ],
      [
       -48.8019325,
       -25.5007491
      ],
      [
       -48.8019342,
       -25.5007509
      ],
      [
       -48.801936,
       -25.5007526
      ],
      [
       -48.8019378,
       -25.5007542
      ],
      [
       -48.8019396,
       -25.5007558
      ],
      [
       -48.8019415,
       -25.5007574
      ],
      [
       -48.8019434,
       -25.5007589
      ],
      [
       -48.8020279,
       -25.5008243
      ],
      [
       -48.8020301,
       -25.500826
      ],
      [
       -48.8020323,
       -25.5008276
      ],
      [
       -48.8020346,
       -25.5008291
      ],
      [
       -48.802037,
       -25.5008306
      ],
      [
       -48.8020394,
       -25.500832
      ],
      [
       -48.8020418,
       -25.5008333
      ],
      [
       -48.802124,
       -25.5008775
      ],
      [
       -48.8021267,
       -25.5008789
      ],
      [
       -48.8021295,
       -25.5008802
      ],
      [
       -48.8021323,
       -25.5008815
      ],
      [
       -48.8021351,
       -25.5008826
      ],
      [
       -48.802138,
       -25.5008837
      ],
      [
       -48.8021409,
       -25.5008847
      ],
      [
       -48.8022368,
       -25.5009162
      ],
      [
       -48.8022392,
       -25.500917
      ],
      [
       -48.8022417,
       -25.5009177
      ],
      [
       -48.8022441,
       -25.5009183
      ],
      [
       -48.8022466,
       -25.5009189
      ],
      [
       -48.8022491,
       -25.5009194
      ],
      [
       -48.8022516,
       -25.5009199
      ],
      [
       -48.8026271,
       -25.5009864
      ]
     ]
    ]
   },
   "properties": {
    "tipo": "quadra",
    "id": "quadra-127",
    "area_m2": 6441.29,
    "perimetro_m": 314.14,
    "fracaoDentroDaGleba": 1
   }
  },
  {
   "type": "Feature",
   "geometry": {
    "type": "Polygon",
    "coordinates": [
     [
      [
       -48.8038716,
       -25.4985974
      ],
      [
       -48.8039835,
       -25.4985571
      ],
      [
       -48.8039174,
       -25.4983503
      ],
      [
       -48.8039167,
       -25.4983482
      ],
      [
       -48.803916,
       -25.4983462
      ],
      [
       -48.8039152,
       -25.4983442
      ],
      [
       -48.8039144,
       -25.4983422
      ],
      [
       -48.8039135,
       -25.4983403
      ],
      [
       -48.8039126,
       -25.4983383
      ],
      [
       -48.8038157,
       -25.4981432
      ],
      [
       -48.8037475,
       -25.4981729
      ],
      [
       -48.8038556,
       -25.4985082
      ],
      [
       -48.8038562,
       -25.4985101
      ],
      [
       -48.8038568,
       -25.498512
      ],
      [
       -48.8038573,
       -25.498514
      ],
      [
       -48.8038577,
       -25.4985159
      ],
      [
       -48.8038581,
       -25.4985179
      ],
      [
       -48.8038585,
       -25.4985199
      ],
      [
       -48.8038716,
       -25.4985974
      ]
     ]
    ]
   },
   "properties": {
    "tipo": "quadra",
    "id": "quadra-128",
    "area_m2": 495.29,
    "perimetro_m": 117.42,
    "fracaoDentroDaGleba": 0.2639
   }
  },
  {
   "type": "Feature",
   "geometry": {
    "type": "Polygon",
    "coordinates": [
     [
      [
       -48.8025188,
       -25.4975075
      ],
      [
       -48.8026705,
       -25.4974036
      ],
      [
       -48.8025273,
       -25.4972352
      ],
      [
       -48.8025267,
       -25.4972345
      ],
      [
       -48.8025261,
       -25.4972338
      ],
      [
       -48.8025255,
       -25.4972331
      ],
      [
       -48.8025249,
       -25.4972324
      ],
      [
       -48.8025243,
       -25.4972317
      ],
      [
       -48.8025236,
       -25.4972311
      ],
      [
       -48.801827,
       -25.4965043
      ],
      [
       -48.8018257,
       -25.496503
      ],
      [
       -48.8018244,
       -25.4965017
      ],
      [
       -48.801823,
       -25.4965005
      ],
      [
       -48.8018217,
       -25.4964992
      ],
      [
       -48.8018203,
       -25.496498
      ],
      [
       -48.8018189,
       -25.4964968
      ],
      [
       -48.8016782,
       -25.4963805
      ],
      [
       -48.801677,
       -25.4963796
      ],
      [
       -48.8016758,
       -25.4963786
      ],
      [
       -48.8016746,
       -25.4963777
      ],
      [
       -48.8016734,
       -25.4963768
      ],
      [
       -48.8016721,
       -25.4963759
      ],
      [
       -48.8016709,
       -25.496375
      ],
      [
       -48.8014581,
       -25.4962303
      ],
      [
       -48.8014562,
       -25.496229
      ],
      [
       -48.8014544,
       -25.4962277
      ],
      [
       -48.8014526,
       -25.4962263
      ],
      [
       -48.8014508,
       -25.4962249
      ],
      [
       -48.8014491,
       -25.4962234
      ],
      [
       -48.8014474,
       -25.4962219
      ],
      [
       -48.801315,
       -25.4961016
      ],
      [
       -48.8012062,
       -25.496218
      ],
      [
       -48.8012004,
       -25.4962246
      ],
      [
       -48.8011949,
       -25.4962313
      ],
      [
       -48.8011898,
       -25.4962383
      ],
      [
       -48.801185,
       -25.4962455
      ],
      [
       -48.8011807,
       -25.4962529
      ],
      [
       -48.8011766,
       -25.4962605
      ],
      [
       -48.801123,
       -25.4963682
      ],
      [
       -48.8011031,
       -25.4964419
      ],
      [
       -48.8011011,
       -25.4964501
      ],
      [
       -48.8010995,
       -25.4964583
      ],
      [
       -48.8010983,
       -25.4964667
      ],
      [
       -48.8010976,
       -25.496475
      ],
      [
       -48.8010973,
       -25.4964834
      ],
      [
       -48.8010975,
       -25.4964918
      ],
      [
       -48.8011012,
       -25.4965801
      ],
      [
       -48.8011216,
       -25.4966444
      ],
      [
       -48.8011252,
       -25.4966543
      ],
      [
       -48.8011294,
       -25.4966639
      ],
      [
       -48.8011343,
       -25.4966732
      ],
      [
       -48.8011399,
       -25.4966822
      ],
      [
       -48.8011462,
       -25.4966908
      ],
      [
       -48.8011531,
       -25.4966991
      ],
      [
       -48.801175,
       -25.4967235
      ],
      [
       -48.800659,
       -25.4974057
      ],
      [
       -48.8008578,
       -25.4975114
      ],
      [
       -48.8008626,
       -25.4975138
      ],
      [
       -48.8008674,
       -25.4975161
      ],
      [
       -48.8008722,
       -25.4975183
      ],
      [
       -48.8008772,
       -25.4975204
      ],
      [
       -48.8008822,
       -25.4975223
      ],
      [
       -48.8008872,
       -25.4975242
      ],
      [
       -48.8010368,
       -25.4975761
      ],
      [
       -48.8010409,
       -25.4975775
      ],
      [
       -48.8010451,
       -25.4975788
      ],
      [
       -48.8010493,
       -25.4975801
      ],
      [
       -48.8010535,
       -25.4975812
      ],
      [
       -48.8010578,
       -25.4975822
      ],
      [
       -48.801062,
       -25.4975832
      ],
      [
       -48.8012039,
       -25.4976137
      ],
      [
       -48.8014008,
       -25.4976395
      ],
      [
       -48.8016675,
       -25.4976496
      ],
      [
       -48.8016712,
       -25.4976497
      ],
      [
       -48.8016748,
       -25.4976497
      ],
      [
       -48.8016785,
       -25.4976497
      ],
      [
       -48.8016822,
       -25.4976497
      ],
      [
       -48.8016859,
       -25.4976495
      ],
      [
       -48.8016895,
       -25.4976493
      ],
      [
       -48.8019562,
       -25.4976325
      ],
      [
       -48.8021923,
       -25.497597
      ],
      [
       -48.8022371,
       -25.4976562
      ],
      [
       -48.8024982,
       -25.4975199
      ],
      [
       -48.8025017,
       -25.497518
      ],
      [
       -48.8025053,
       -25.497516
      ],
      [
       -48.8025087,
       -25.497514
      ],
      [
       -48.8025121,
       -25.4975119
      ],
      [
       -48.8025155,
       -25.4975097
      ],
      [
       -48.8025188,
       -25.4975075
      ]
     ]
    ]
   },
   "properties": {
    "tipo": "quadra",
    "id": "quadra-129",
    "area_m2": 18734.8,
    "perimetro_m": 587.59,
    "fracaoDentroDaGleba": 0.0682
   }
  },
  {
   "type": "Feature",
   "geometry": {
    "type": "Polygon",
    "coordinates": [
     [
      [
       -48.8021729,
       -25.4976958
      ],
      [
       -48.8022371,
       -25.4976562
      ],
      [
       -48.8021923,
       -25.497597
      ],
      [
       -48.8019562,
       -25.4976325
      ],
      [
       -48.8019853,
       -25.4977526
      ],
      [
       -48.8021138,
       -25.4977205
      ],
      [
       -48.8021243,
       -25.4977176
      ],
      [
       -48.8021345,
       -25.4977143
      ],
      [
       -48.8021445,
       -25.4977104
      ],
      [
       -48.8021542,
       -25.497706
      ],
      [
       -48.8021637,
       -25.4977012
      ],
      [
       -48.8021729,
       -25.4976958
      ]
     ]
    ]
   },
   "properties": {
    "tipo": "quadra",
    "id": "quadra-130",
    "area_m2": 300.07,
    "perimetro_m": 73.42,
    "fracaoDentroDaGleba": 0
   }
  },
  {
   "type": "Feature",
   "geometry": {
    "type": "Polygon",
    "coordinates": [
     [
      [
       -48.8016502,
       -25.4978018
      ],
      [
       -48.8019853,
       -25.4977526
      ],
      [
       -48.8019562,
       -25.4976325
      ],
      [
       -48.8016895,
       -25.4976493
      ],
      [
       -48.8016859,
       -25.4976495
      ],
      [
       -48.8016822,
       -25.4976497
      ],
      [
       -48.8016785,
       -25.4976497
      ],
      [
       -48.8016748,
       -25.4976497
      ],
      [
       -48.8016712,
       -25.4976497
      ],
      [
       -48.8016675,
       -25.4976496
      ],
      [
       -48.8014008,
       -25.4976395
      ],
      [
       -48.801394,
       -25.4978123
      ],
      [
       -48.8016263,
       -25.497804
      ],
      [
       -48.8016303,
       -25.4978038
      ],
      [
       -48.8016343,
       -25.4978035
      ],
      [
       -48.8016383,
       -25.4978032
      ],
      [
       -48.8016423,
       -25.4978028
      ],
      [
       -48.8016462,
       -25.4978023
      ],
      [
       -48.8016502,
       -25.4978018
      ]
     ]
    ]
   },
   "properties": {
    "tipo": "quadra",
    "id": "quadra-131",
    "area_m2": 948.44,
    "perimetro_m": 148.63,
    "fracaoDentroDaGleba": 0.0347
   }
  },
  {
   "type": "Feature",
   "geometry": {
    "type": "Polygon",
    "coordinates": [
     [
      [
       -48.8011957,
       -25.4978191
      ],
      [
       -48.8010388,
       -25.497824
      ],
      [
       -48.8010361,
       -25.4978241
      ],
      [
       -48.8010335,
       -25.4978241
      ],
      [
       -48.8010308,
       -25.4978241
      ],
      [
       -48.8010282,
       -25.4978241
      ],
      [
       -48.8010255,
       -25.497824
      ],
      [
       -48.8010229,
       -25.4978239
      ],
      [
       -48.8004001,
       -25.4977982
      ],
      [
       -48.8003981,
       -25.4979729
      ],
      [
       -48.8003981,
       -25.4979774
      ],
      [
       -48.8003984,
       -25.4979818
      ],
      [
       -48.800399,
       -25.4979862
      ],
      [
       -48.8003998,
       -25.4979906
      ],
      [
       -48.8004008,
       -25.4979949
      ],
      [
       -48.8004021,
       -25.4979992
      ],
      [
       -48.8004121,
       -25.4980304
      ],
      [
       -48.8004141,
       -25.4980358
      ],
      [
       -48.8004164,
       -25.4980411
      ],
      [
       -48.800419,
       -25.4980462
      ],
      [
       -48.800422,
       -25.4980511
      ],
      [
       -48.8004253,
       -25.4980558
      ],
      [
       -48.800429,
       -25.4980604
      ],
      [
       -48.8004537,
       -25.4980893
      ],
      [
       -48.8004578,
       -25.4980938
      ],
      [
       -48.8004621,
       -25.498098
      ],
      [
       -48.8004667,
       -25.4981019
      ],
      [
       -48.8004716,
       -25.4981055
      ],
      [
       -48.8004767,
       -25.4981088
      ],
      [
       -48.8004821,
       -25.4981119
      ],
      [
       -48.8005971,
       -25.4981729
      ],
      [
       -48.8005995,
       -25.4981742
      ],
      [
       -48.800602,
       -25.4981754
      ],
      [
       -48.8006045,
       -25.4981765
      ],
      [
       -48.8006071,
       -25.4981776
      ],
      [
       -48.8006096,
       -25.4981786
      ],
      [
       -48.8006123,
       -25.4981795
      ],
      [
       -48.8008983,
       -25.4982772
      ],
      [
       -48.8009014,
       -25.4982783
      ],
      [
       -48.8009045,
       -25.4982795
      ],
      [
       -48.8009075,
       -25.4982808
      ],
      [
       -48.8009105,
       -25.4982822
      ],
      [
       -48.8009135,
       -25.4982837
      ],
      [
       -48.8009163,
       -25.4982853
      ],
      [
       -48.8009608,
       -25.4983108
      ],
      [
       -48.8009639,
       -25.4983127
      ],
      [
       -48.800967,
       -25.4983146
      ],
      [
       -48.8009699,
       -25.4983167
      ],
      [
       -48.8009728,
       -25.4983189
      ],
      [
       -48.8009756,
       -25.4983211
      ],
      [
       -48.8009782,
       -25.4983235
      ],
      [
       -48.8011045,
       -25.4984388
      ],
      [
       -48.8011066,
       -25.4984407
      ],
      [
       -48.8011088,
       -25.4984425
      ],
      [
       -48.801111,
       -25.4984442
      ],
      [
       -48.8011133,
       -25.4984459
      ],
      [
       -48.8011157,
       -25.4984476
      ],
      [
       -48.8011181,
       -25.4984491
      ],
      [
       -48.8012309,
       -25.4985207
      ],
      [
       -48.8012357,
       -25.4985236
      ],
      [
       -48.8012408,
       -25.4985262
      ],
      [
       -48.8012459,
       -25.4985286
      ],
      [
       -48.8012513,
       -25.4985307
      ],
      [
       -48.8012567,
       -25.4985324
      ],
      [
       -48.8012623,
       -25.4985339
      ],
      [
       -48.8012632,
       -25.4985342
      ],
      [
       -48.8012692,
       -25.4985354
      ],
      [
       -48.8012752,
       -25.4985362
      ],
      [
       -48.8012812,
       -25.4985365
      ],
      [
       -48.8012872,
       -25.4985364
      ],
      [
       -48.8012932,
       -25.4985358
      ],
      [
       -48.8012992,
       -25.4985348
      ],
      [
       -48.8013312,
       -25.4985284
      ],
      [
       -48.8012743,
       -25.498404
      ],
      [
       -48.8012733,
       -25.4984017
      ],
      [
       -48.8012724,
       -25.4983994
      ],
      [
       -48.8012715,
       -25.4983971
      ],
      [
       -48.8012707,
       -25.4983948
      ],
      [
       -48.80127,
       -25.4983924
      ],
      [
       -48.8012694,
       -25.49839
      ],
      [
       -48.8012352,
       -25.4982576
      ],
      [
       -48.8012349,
       -25.4982563
      ],
      [
       -48.8012345,
       -25.4982549
      ],
      [
       -48.8012342,
       -25.4982535
      ],
      [
       -48.801234,
       -25.4982521
      ],
      [
       -48.8012337,
       -25.4982507
      ],
      [
       -48.8012335,
       -25.4982493
      ],
      [
       -48.8012027,
       -25.4980453
      ],
      [
       -48.8012024,
       -25.4980436
      ],
      [
       -48.8012022,
       -25.498042
      ],
      [
       -48.8012021,
       -25.4980403
      ],
      [
       -48.8012019,
       -25.4980386
      ],
      [
       -48.8012018,
       -25.498037
      ],
      [
       -48.8012018,
       -25.4980353
      ],
      [
       -48.8011957,
       -25.4978191
      ]
     ]
    ]
   },
   "properties": {
    "tipo": "quadra",
    "id": "quadra-132",
    "area_m2": 4239.93,
    "perimetro_m": 297.58,
    "fracaoDentroDaGleba": 1
   }
  },
  {
   "type": "Feature",
   "geometry": {
    "type": "Polygon",
    "coordinates": [
     [
      [
       -48.799964,
       -25.4972917
      ],
      [
       -48.79992,
       -25.4968649
      ],
      [
       -48.7998071,
       -25.4968479
      ],
      [
       -48.7997772,
       -25.4970563
      ],
      [
       -48.7997765,
       -25.4970611
      ],
      [
       -48.7997756,
       -25.4970659
      ],
      [
       -48.7997745,
       -25.4970706
      ],
      [
       -48.7997734,
       -25.4970753
      ],
      [
       -48.7997721,
       -25.49708
      ],
      [
       -48.7997706,
       -25.4970846
      ],
      [
       -48.7997388,
       -25.4971815
      ],
      [
       -48.7997369,
       -25.4971869
      ],
      [
       -48.7997348,
       -25.4971923
      ],
      [
       -48.7997326,
       -25.4971976
      ],
      [
       -48.7997301,
       -25.4972028
      ],
      [
       -48.7997275,
       -25.497208
      ],
      [
       -48.7997247,
       -25.4972131
      ],
      [
       -48.7996936,
       -25.4972675
      ],
      [
       -48.7997554,
       -25.497294
      ],
      [
       -48.7997634,
       -25.4972971
      ],
      [
       -48.7997715,
       -25.4972995
      ],
      [
       -48.7997797,
       -25.4973012
      ],
      [
       -48.7997881,
       -25.4973023
      ],
      [
       -48.7997967,
       -25.4973027
      ],
      [
       -48.7998053,
       -25.4973024
      ],
      [
       -48.799964,
       -25.4972917
      ]
     ]
    ]
   },
   "properties": {
    "tipo": "quadra",
    "id": "quadra-133",
    "area_m2": 876.33,
    "perimetro_m": 135.28,
    "fracaoDentroDaGleba": 1
   }
  },
  {
   "type": "Feature",
   "geometry": {
    "type": "Polygon",
    "coordinates": [
     [
      [
       -48.79992,
       -25.4968649
      ],
      [
       -48.799964,
       -25.4972917
      ],
      [
       -48.8001507,
       -25.4972679
      ],
      [
       -48.8001551,
       -25.4972673
      ],
      [
       -48.8001594,
       -25.4972664
      ],
      [
       -48.8001637,
       -25.4972655
      ],
      [
       -48.8001679,
       -25.4972643
      ],
      [
       -48.8001721,
       -25.497263
      ],
      [
       -48.8001762,
       -25.4972615
      ],
      [
       -48.8002902,
       -25.497217
      ],
      [
       -48.8002942,
       -25.4972153
      ],
      [
       -48.8002981,
       -25.4972135
      ],
      [
       -48.8003019,
       -25.4972116
      ],
      [
       -48.8003055,
       -25.4972095
      ],
      [
       -48.8003091,
       -25.4972072
      ],
      [
       -48.8003126,
       -25.4972048
      ],
      [
       -48.8003591,
       -25.4971714
      ],
      [
       -48.8002982,
       -25.4970947
      ],
      [
       -48.8002954,
       -25.497091
      ],
      [
       -48.8002926,
       -25.4970873
      ],
      [
       -48.8002899,
       -25.4970834
      ],
      [
       -48.8002874,
       -25.4970795
      ],
      [
       -48.8002849,
       -25.4970756
      ],
      [
       -48.8002826,
       -25.4970715
      ],
      [
       -48.8002309,
       -25.49698
      ],
      [
       -48.8002287,
       -25.496976
      ],
      [
       -48.8002266,
       -25.496972
      ],
      [
       -48.8002247,
       -25.4969679
      ],
      [
       -48.8002228,
       -25.4969637
      ],
      [
       -48.8002211,
       -25.4969596
      ],
      [
       -48.8002194,
       -25.4969553
      ],
      [
       -48.8001802,
       -25.4968497
      ],
      [
       -48.8000017,
       -25.496871
      ],
      [
       -48.7999976,
       -25.4968714
      ],
      [
       -48.7999934,
       -25.4968717
      ],
      [
       -48.7999892,
       -25.4968718
      ],
      [
       -48.7999851,
       -25.4968717
      ],
      [
       -48.7999809,
       -25.4968715
      ],
      [
       -48.7999767,
       -25.4968711
      ],
      [
       -48.79992,
       -25.4968649
      ]
     ]
    ]
   },
   "properties": {
    "tipo": "quadra",
    "id": "quadra-134",
    "area_m2": 1473.24,
    "perimetro_m": 156.76,
    "fracaoDentroDaGleba": 1
   }
  },
  {
   "type": "Feature",
   "geometry": {
    "type": "Polygon",
    "coordinates": [
     [
      [
       -48.79992,
       -25.4968649
      ],
      [
       -48.7999226,
       -25.4965759
      ],
      [
       -48.7998484,
       -25.4965653
      ],
      [
       -48.7998071,
       -25.4968479
      ],
      [
       -48.79992,
       -25.4968649
      ]
     ]
    ]
   },
   "properties": {
    "tipo": "quadra",
    "id": "quadra-135",
    "area_m2": 301.12,
    "perimetro_m": 82.66,
    "fracaoDentroDaGleba": 0.625
   }
  },
  {
   "type": "Feature",
   "geometry": {
    "type": "Polygon",
    "coordinates": [
     [
      [
       -48.7999226,
       -25.4965759
      ],
      [
       -48.79992,
       -25.4968649
      ],
      [
       -48.7999767,
       -25.4968711
      ],
      [
       -48.7999809,
       -25.4968715
      ],
      [
       -48.7999851,
       -25.4968717
      ],
      [
       -48.7999892,
       -25.4968718
      ],
      [
       -48.7999934,
       -25.4968717
      ],
      [
       -48.7999976,
       -25.4968714
      ],
      [
       -48.8000017,
       -25.496871
      ],
      [
       -48.8001802,
       -25.4968497
      ],
      [
       -48.8001603,
       -25.496792
      ],
      [
       -48.8001589,
       -25.4967875
      ],
      [
       -48.8001575,
       -25.4967831
      ],
      [
       -48.8001563,
       -25.4967786
      ],
      [
       -48.8001552,
       -25.496774
      ],
      [
       -48.8001543,
       -25.4967695
      ],
      [
       -48.8001535,
       -25.4967649
      ],
      [
       -48.8001272,
       -25.4966051
      ],
      [
       -48.7999226,
       -25.4965759
      ]
     ]
    ]
   },
   "properties": {
    "tipo": "quadra",
    "id": "quadra-136",
    "area_m2": 693.11,
    "perimetro_m": 106.87,
    "fracaoDentroDaGleba": 0.875
   }
  },
  {
   "type": "Feature",
   "geometry": {
    "type": "Polygon",
    "coordinates": [
     [
      [
       -48.7999444,
       -25.4964027
      ],
      [
       -48.7999226,
       -25.4965759
      ],
      [
       -48.8001272,
       -25.4966051
      ],
      [
       -48.8001247,
       -25.4964605
      ],
      [
       -48.8001247,
       -25.4964571
      ],
      [
       -48.8001248,
       -25.4964537
      ],
      [
       -48.8001249,
       -25.4964504
      ],
      [
       -48.8001251,
       -25.496447
      ],
      [
       -48.8001253,
       -25.4964436
      ],
      [
       -48.8001256,
       -25.4964403
      ],
      [
       -48.800145,
       -25.4962602
      ],
      [
       -48.8001454,
       -25.4962565
      ],
      [
       -48.8001459,
       -25.4962529
      ],
      [
       -48.8001465,
       -25.4962493
      ],
      [
       -48.8001472,
       -25.4962457
      ],
      [
       -48.8001479,
       -25.4962421
      ],
      [
       -48.8001488,
       -25.4962385
      ],
      [
       -48.8001732,
       -25.496139
      ],
      [
       -48.8000257,
       -25.4960795
      ],
      [
       -48.7999483,
       -25.4963824
      ],
      [
       -48.7999475,
       -25.4963858
      ],
      [
       -48.7999467,
       -25.4963891
      ],
      [
       -48.799946,
       -25.4963925
      ],
      [
       -48.7999454,
       -25.4963959
      ],
      [
       -48.7999449,
       -25.4963993
      ],
      [
       -48.7999444,
       -25.4964027
      ]
     ]
    ]
   },
   "properties": {
    "tipo": "quadra",
    "id": "quadra-137",
    "area_m2": 958.33,
    "perimetro_m": 145.12,
    "fracaoDentroDaGleba": 0
   }
  },
  {
   "type": "Feature",
   "geometry": {
    "type": "Polygon",
    "coordinates": [
     [
      [
       -48.8011957,
       -25.4978191
      ],
      [
       -48.801394,
       -25.4978123
      ],
      [
       -48.8014008,
       -25.4976395
      ],
      [
       -48.8012039,
       -25.4976137
      ],
      [
       -48.8011935,
       -25.4976744
      ],
      [
       -48.8011931,
       -25.4976771
      ],
      [
       -48.8011928,
       -25.4976797
      ],
      [
       -48.8011926,
       -25.4976824
      ],
      [
       -48.8011924,
       -25.497685
      ],
      [
       -48.8011924,
       -25.4976877
      ],
      [
       -48.8011924,
       -25.4976904
      ],
      [
       -48.8011957,
       -25.4978191
      ]
     ]
    ]
   },
   "properties": {
    "tipo": "quadra",
    "id": "quadra-138",
    "area_m2": 427.16,
    "perimetro_m": 81.95,
    "fracaoDentroDaGleba": 1
   }
  },
  {
   "type": "Feature",
   "geometry": {
    "type": "Polygon",
    "coordinates": [
     [
      [
       -48.7999824,
       -25.5031715
      ],
      [
       -48.8000684,
       -25.5031015
      ],
      [
       -48.7999674,
       -25.5030293
      ],
      [
       -48.7999662,
       -25.5030285
      ],
      [
       -48.799965,
       -25.5030276
      ],
      [
       -48.7999639,
       -25.5030267
      ],
      [
       -48.7999627,
       -25.5030258
      ],
      [
       -48.7999616,
       -25.5030249
      ],
      [
       -48.7999605,
       -25.5030239
      ],
      [
       -48.7993896,
       -25.5025335
      ],
      [
       -48.7993889,
       -25.5025329
      ],
      [
       -48.7993882,
       -25.5025323
      ],
      [
       -48.7993875,
       -25.5025317
      ],
      [
       -48.7993868,
       -25.5025311
      ],
      [
       -48.7993862,
       -25.5025304
      ],
      [
       -48.7993855,
       -25.5025298
      ],
      [
       -48.7992277,
       -25.5023772
      ],
      [
       -48.7992263,
       -25.5023758
      ],
      [
       -48.7992249,
       -25.5023744
      ],
      [
       -48.7992236,
       -25.5023729
      ],
      [
       -48.7992222,
       -25.5023714
      ],
      [
       -48.799221,
       -25.5023699
      ],
      [
       -48.7992197,
       -25.5023684
      ],
      [
       -48.7991625,
       -25.5022967
      ],
      [
       -48.7991606,
       -25.5022943
      ],
      [
       -48.7991588,
       -25.5022918
      ],
      [
       -48.7991571,
       -25.5022893
      ],
      [
       -48.7991556,
       -25.5022867
      ],
      [
       -48.7991541,
       -25.5022841
      ],
      [
       -48.7991527,
       -25.5022815
      ],
      [
       -48.7991224,
       -25.5022218
      ],
      [
       -48.7990052,
       -25.5023161
      ],
      [
       -48.7989973,
       -25.5023227
      ],
      [
       -48.7989899,
       -25.5023297
      ],
      [
       -48.7989829,
       -25.5023371
      ],
      [
       -48.7989764,
       -25.5023447
      ],
      [
       -48.7989703,
       -25.5023527
      ],
      [
       -48.7989647,
       -25.5023611
      ],
      [
       -48.7989162,
       -25.5024375
      ],
      [
       -48.7993362,
       -25.502684
      ],
      [
       -48.7993384,
       -25.5026853
      ],
      [
       -48.7993406,
       -25.5026867
      ],
      [
       -48.7993427,
       -25.5026882
      ],
      [
       -48.7993448,
       -25.5026897
      ],
      [
       -48.7993469,
       -25.5026913
      ],
      [
       -48.7993489,
       -25.5026929
      ],
      [
       -48.7994553,
       -25.5027803
      ],
      [
       -48.7994571,
       -25.5027818
      ],
      [
       -48.7994588,
       -25.5027834
      ],
      [
       -48.7994606,
       -25.502785
      ],
      [
       -48.7994622,
       -25.5027866
      ],
      [
       -48.7994639,
       -25.5027883
      ],
      [
       -48.7994655,
       -25.50279
      ],
      [
       -48.7995557,
       -25.50289
      ],
      [
       -48.7995576,
       -25.5028921
      ],
      [
       -48.7995597,
       -25.5028941
      ],
      [
       -48.7995617,
       -25.5028961
      ],
      [
       -48.7995639,
       -25.502898
      ],
      [
       -48.7995661,
       -25.5028999
      ],
      [
       -48.7995684,
       -25.5029017
      ],
      [
       -48.799645,
       -25.5029605
      ],
      [
       -48.7996463,
       -25.5029615
      ],
      [
       -48.7996476,
       -25.5029624
      ],
      [
       -48.7996489,
       -25.5029633
      ],
      [
       -48.7996502,
       -25.5029643
      ],
      [
       -48.7996515,
       -25.5029651
      ],
      [
       -48.7996529,
       -25.502966
      ],
      [
       -48.7999824,
       -25.5031715
      ]
     ]
    ]
   },
   "properties": {
    "tipo": "quadra",
    "id": "quadra-139",
    "area_m2": 2412.97,
    "perimetro_m": 315.78,
    "fracaoDentroDaGleba": 0.8526
   }
  },
  {
   "type": "Feature",
   "geometry": {
    "type": "Polygon",
    "coordinates": [
     [
      [
       -48.7998281,
       -25.5033402
      ],
      [
       -48.7999824,
       -25.5031715
      ],
      [
       -48.7996529,
       -25.502966
      ],
      [
       -48.7996515,
       -25.5029651
      ],
      [
       -48.7996502,
       -25.5029643
      ],
      [
       -48.7996489,
       -25.5029633
      ],
      [
       -48.7996476,
       -25.5029624
      ],
      [
       -48.7996463,
       -25.5029615
      ],
      [
       -48.799645,
       -25.5029605
      ],
      [
       -48.7995684,
       -25.5029017
      ],
      [
       -48.7995661,
       -25.5028999
      ],
      [
       -48.7995639,
       -25.502898
      ],
      [
       -48.7995617,
       -25.5028961
      ],
      [
       -48.7995597,
       -25.5028941
      ],
      [
       -48.7995576,
       -25.5028921
      ],
      [
       -48.7995557,
       -25.50289
      ],
      [
       -48.7994655,
       -25.50279
      ],
      [
       -48.7994639,
       -25.5027883
      ],
      [
       -48.7994622,
       -25.5027866
      ],
      [
       -48.7994606,
       -25.502785
      ],
      [
       -48.7994588,
       -25.5027834
      ],
      [
       -48.7994571,
       -25.5027818
      ],
      [
       -48.7994553,
       -25.5027803
      ],
      [
       -48.7993489,
       -25.5026929
      ],
      [
       -48.7993469,
       -25.5026913
      ],
      [
       -48.7993448,
       -25.5026897
      ],
      [
       -48.7993427,
       -25.5026882
      ],
      [
       -48.7993406,
       -25.5026867
      ],
      [
       -48.7993384,
       -25.5026853
      ],
      [
       -48.7993362,
       -25.502684
      ],
      [
       -48.7989162,
       -25.5024375
      ],
      [
       -48.7987017,
       -25.5028255
      ],
      [
       -48.7990581,
       -25.5029757
      ],
      [
       -48.7990591,
       -25.5029761
      ],
      [
       -48.7990601,
       -25.5029765
      ],
      [
       -48.7990611,
       -25.502977
      ],
      [
       -48.7990621,
       -25.5029774
      ],
      [
       -48.799063,
       -25.5029779
      ],
      [
       -48.799064,
       -25.5029783
      ],
      [
       -48.7993733,
       -25.5031318
      ],
      [
       -48.7993743,
       -25.5031323
      ],
      [
       -48.7993753,
       -25.5031328
      ],
      [
       -48.7993763,
       -25.5031332
      ],
      [
       -48.7993773,
       -25.5031337
      ],
      [
       -48.7993783,
       -25.5031341
      ],
      [
       -48.7993793,
       -25.5031346
      ],
      [
       -48.799755,
       -25.5032923
      ],
      [
       -48.7997583,
       -25.5032937
      ],
      [
       -48.7997615,
       -25.5032953
      ],
      [
       -48.7997646,
       -25.5032969
      ],
      [
       -48.7997677,
       -25.5032987
      ],
      [
       -48.7997707,
       -25.5033005
      ],
      [
       -48.7997736,
       -25.5033025
      ],
      [
       -48.7998281,
       -25.5033402
      ]
     ]
    ]
   },
   "properties": {
    "tipo": "quadra",
    "id": "quadra-140",
    "area_m2": 4692.85,
    "perimetro_m": 334.61,
    "fracaoDentroDaGleba": 0.3679
   }
  },
  {
   "type": "Feature",
   "geometry": {
    "type": "Polygon",
    "coordinates": [
     [
      [
       -48.7977002,
       -25.4972479
      ],
      [
       -48.7978497,
       -25.4974129
      ],
      [
       -48.7978548,
       -25.4974183
      ],
      [
       -48.7978602,
       -25.4974236
      ],
      [
       -48.7978658,
       -25.4974287
      ],
      [
       -48.7978716,
       -25.4974335
      ],
      [
       -48.7978777,
       -25.4974382
      ],
      [
       -48.7978839,
       -25.4974426
      ],
      [
       -48.7980219,
       -25.4975365
      ],
      [
       -48.7980272,
       -25.49754
      ],
      [
       -48.7980325,
       -25.4975433
      ],
      [
       -48.798038,
       -25.4975464
      ],
      [
       -48.7980435,
       -25.4975494
      ],
      [
       -48.7980492,
       -25.4975522
      ],
      [
       -48.798055,
       -25.4975548
      ],
      [
       -48.7982526,
       -25.4976411
      ],
      [
       -48.798389,
       -25.4974
      ],
      [
       -48.7983908,
       -25.497397
      ],
      [
       -48.7983926,
       -25.4973941
      ],
      [
       -48.7983946,
       -25.4973913
      ],
      [
       -48.7983967,
       -25.4973885
      ],
      [
       -48.798399,
       -25.4973859
      ],
      [
       -48.7984013,
       -25.4973832
      ],
      [
       -48.7984372,
       -25.4973444
      ],
      [
       -48.7982394,
       -25.4972538
      ],
      [
       -48.7982327,
       -25.4972506
      ],
      [
       -48.7982261,
       -25.4972471
      ],
      [
       -48.7982197,
       -25.4972435
      ],
      [
       -48.7982134,
       -25.4972396
      ],
      [
       -48.7982073,
       -25.4972354
      ],
      [
       -48.7982013,
       -25.4972311
      ],
      [
       -48.7980622,
       -25.4971254
      ],
      [
       -48.7980572,
       -25.4971214
      ],
      [
       -48.7980523,
       -25.4971174
      ],
      [
       -48.7980476,
       -25.4971132
      ],
      [
       -48.7980431,
       -25.4971088
      ],
      [
       -48.7980387,
       -25.4971043
      ],
      [
       -48.7980345,
       -25.4970997
      ],
      [
       -48.79799,
       -25.4970492
      ],
      [
       -48.7976627,
       -25.4971853
      ],
      [
       -48.7977002,
       -25.4972479
      ]
     ]
    ]
   },
   "properties": {
    "tipo": "quadra",
    "id": "quadra-141",
    "area_m2": 2526.07,
    "perimetro_m": 209.96,
    "fracaoDentroDaGleba": 1
   }
  },
  {
   "type": "Feature",
   "geometry": {
    "type": "Polygon",
    "coordinates": [
     [
      [
       -48.7982526,
       -25.4976411
      ],
      [
       -48.7982899,
       -25.4976521
      ],
      [
       -48.7985559,
       -25.4977265
      ],
      [
       -48.7985909,
       -25.4976575
      ],
      [
       -48.7985921,
       -25.497655
      ],
      [
       -48.7985932,
       -25.4976526
      ],
      [
       -48.7985942,
       -25.4976502
      ],
      [
       -48.7985951,
       -25.4976477
      ],
      [
       -48.798596,
       -25.4976452
      ],
      [
       -48.7985968,
       -25.4976426
      ],
      [
       -48.7986641,
       -25.4974095
      ],
      [
       -48.7984372,
       -25.4973444
      ],
      [
       -48.7984013,
       -25.4973832
      ],
      [
       -48.798399,
       -25.4973859
      ],
      [
       -48.7983967,
       -25.4973885
      ],
      [
       -48.7983946,
       -25.4973913
      ],
      [
       -48.7983926,
       -25.4973941
      ],
      [
       -48.7983908,
       -25.497397
      ],
      [
       -48.798389,
       -25.4974
      ],
      [
       -48.7982526,
       -25.4976411
      ]
     ]
    ]
   },
   "properties": {
    "tipo": "quadra",
    "id": "quadra-142",
    "area_m2": 1075.06,
    "perimetro_m": 130.6,
    "fracaoDentroDaGleba": 1
   }
  },
  {
   "type": "Feature",
   "geometry": {
    "type": "Polygon",
    "coordinates": [
     [
      [
       -48.7985559,
       -25.4977265
      ],
      [
       -48.7990175,
       -25.4978031
      ],
      [
       -48.7990603,
       -25.4975721
      ],
      [
       -48.7990609,
       -25.4975685
      ],
      [
       -48.7990614,
       -25.497565
      ],
      [
       -48.7990616,
       -25.4975614
      ],
      [
       -48.7990617,
       -25.4975578
      ],
      [
       -48.7990617,
       -25.4975542
      ],
      [
       -48.7990615,
       -25.4975506
      ],
      [
       -48.7990551,
       -25.4974716
      ],
      [
       -48.7986641,
       -25.4974095
      ],
      [
       -48.7985968,
       -25.4976426
      ],
      [
       -48.798596,
       -25.4976452
      ],
      [
       -48.7985951,
       -25.4976477
      ],
      [
       -48.7985942,
       -25.4976502
      ],
      [
       -48.7985932,
       -25.4976526
      ],
      [
       -48.7985921,
       -25.497655
      ],
      [
       -48.7985909,
       -25.4976575
      ],
      [
       -48.7985559,
       -25.4977265
      ]
     ]
    ]
   },
   "properties": {
    "tipo": "quadra",
    "id": "quadra-143",
    "area_m2": 1605.8,
    "perimetro_m": 161.07,
    "fracaoDentroDaGleba": 1
   }
  },
  {
   "type": "Feature",
   "geometry": {
    "type": "Polygon",
    "coordinates": [
     [
      [
       -48.7990646,
       -25.4978098
      ],
      [
       -48.799573,
       -25.497889
      ],
      [
       -48.7995736,
       -25.497819
      ],
      [
       -48.7995736,
       -25.4978157
      ],
      [
       -48.7995734,
       -25.4978124
      ],
      [
       -48.7995731,
       -25.4978091
      ],
      [
       -48.7995727,
       -25.4978059
      ],
      [
       -48.7995721,
       -25.4978026
      ],
      [
       -48.7995715,
       -25.4977994
      ],
      [
       -48.7995214,
       -25.4975871
      ],
      [
       -48.7995205,
       -25.4975836
      ],
      [
       -48.7995195,
       -25.4975802
      ],
      [
       -48.7995183,
       -25.4975768
      ],
      [
       -48.7995169,
       -25.4975734
      ],
      [
       -48.7995154,
       -25.4975701
      ],
      [
       -48.7995138,
       -25.4975669
      ],
      [
       -48.7994458,
       -25.4974385
      ],
      [
       -48.7992709,
       -25.4974676
      ],
      [
       -48.7992652,
       -25.4974685
      ],
      [
       -48.7992595,
       -25.4974692
      ],
      [
       -48.7992537,
       -25.4974697
      ],
      [
       -48.7992479,
       -25.4974702
      ],
      [
       -48.7992421,
       -25.4974704
      ],
      [
       -48.7992363,
       -25.4974705
      ],
      [
       -48.7990551,
       -25.4974716
      ],
      [
       -48.7990615,
       -25.4975506
      ],
      [
       -48.7990617,
       -25.4975542
      ],
      [
       -48.7990617,
       -25.4975578
      ],
      [
       -48.7990616,
       -25.4975614
      ],
      [
       -48.7990614,
       -25.497565
      ],
      [
       -48.7990609,
       -25.4975685
      ],
      [
       -48.7990603,
       -25.4975721
      ],
      [
       -48.7990175,
       -25.4978031
      ],
      [
       -48.7990646,
       -25.4978098
      ]
     ]
    ]
   },
   "properties": {
    "tipo": "quadra",
    "id": "quadra-144",
    "area_m2": 2090.13,
    "perimetro_m": 185.51,
    "fracaoDentroDaGleba": 1
   }
  },
  {
   "type": "Feature",
   "geometry": {
    "type": "Polygon",
    "coordinates": [
     [
      [
       -48.799573,
       -25.497889
      ],
      [
       -48.7996628,
       -25.4979223
      ],
      [
       -48.7996695,
       -25.497925
      ],
      [
       -48.7996761,
       -25.4979278
      ],
      [
       -48.7996825,
       -25.4979309
      ],
      [
       -48.7996889,
       -25.4979341
      ],
      [
       -48.7996951,
       -25.4979376
      ],
      [
       -48.7997011,
       -25.4979413
      ],
      [
       -48.7997783,
       -25.4979901
      ],
      [
       -48.7998154,
       -25.4978955
      ],
      [
       -48.7998163,
       -25.497893
      ],
      [
       -48.7998172,
       -25.4978906
      ],
      [
       -48.7998179,
       -25.4978881
      ],
      [
       -48.7998186,
       -25.4978856
      ],
      [
       -48.7998192,
       -25.4978831
      ],
      [
       -48.7998197,
       -25.4978806
      ],
      [
       -48.7998356,
       -25.4977972
      ],
      [
       -48.7998361,
       -25.497794
      ],
      [
       -48.7998365,
       -25.4977907
      ],
      [
       -48.7998368,
       -25.4977875
      ],
      [
       -48.799837,
       -25.4977843
      ],
      [
       -48.799837,
       -25.497781
      ],
      [
       -48.7998369,
       -25.4977778
      ],
      [
       -48.7998317,
       -25.4976739
      ],
      [
       -48.7998315,
       -25.4976701
      ],
      [
       -48.799831,
       -25.4976664
      ],
      [
       -48.7998304,
       -25.4976627
      ],
      [
       -48.7998296,
       -25.497659
      ],
      [
       -48.7998287,
       -25.4976553
      ],
      [
       -48.7998276,
       -25.4976517
      ],
      [
       -48.7998044,
       -25.4975825
      ],
      [
       -48.799803,
       -25.4975785
      ],
      [
       -48.7998013,
       -25.4975746
      ],
      [
       -48.7997995,
       -25.4975707
      ],
      [
       -48.7997974,
       -25.497567
      ],
      [
       -48.7997952,
       -25.4975633
      ],
      [
       -48.7997928,
       -25.4975597
      ],
      [
       -48.799764,
       -25.4975194
      ],
      [
       -48.7997623,
       -25.497517
      ],
      [
       -48.7997605,
       -25.4975147
      ],
      [
       -48.7997586,
       -25.4975125
      ],
      [
       -48.7997566,
       -25.4975103
      ],
      [
       -48.7997545,
       -25.4975081
      ],
      [
       -48.7997524,
       -25.497506
      ],
      [
       -48.7996802,
       -25.4974374
      ],
      [
       -48.7996783,
       -25.4974356
      ],
      [
       -48.7996763,
       -25.4974339
      ],
      [
       -48.7996743,
       -25.4974323
      ],
      [
       -48.7996723,
       -25.4974307
      ],
      [
       -48.7996702,
       -25.4974291
      ],
      [
       -48.799668,
       -25.4974276
      ],
      [
       -48.7995902,
       -25.4973745
      ],
      [
       -48.7994458,
       -25.4974385
      ],
      [
       -48.7995138,
       -25.4975669
      ],
      [
       -48.7995154,
       -25.4975701
      ],
      [
       -48.7995169,
       -25.4975734
      ],
      [
       -48.7995183,
       -25.4975768
      ],
      [
       -48.7995195,
       -25.4975802
      ],
      [
       -48.7995205,
       -25.4975836
      ],
      [
       -48.7995214,
       -25.4975871
      ],
      [
       -48.7995715,
       -25.4977994
      ],
      [
       -48.7995721,
       -25.4978026
      ],
      [
       -48.7995727,
       -25.4978059
      ],
      [
       -48.7995731,
       -25.4978091
      ],
      [
       -48.7995734,
       -25.4978124
      ],
      [
       -48.7995736,
       -25.4978157
      ],
      [
       -48.7995736,
       -25.497819
      ],
      [
       -48.799573,
       -25.497889
      ]
     ]
    ]
   },
   "properties": {
    "tipo": "quadra",
    "id": "quadra-145",
    "area_m2": 1571.13,
    "perimetro_m": 170.26,
    "fracaoDentroDaGleba": 1
   }
  },
  {
   "type": "Feature",
   "geometry": {
    "type": "Polygon",
    "coordinates": [
     [
      [
       -48.8005384,
       -25.4973294
      ],
      [
       -48.800659,
       -25.4974057
      ],
      [
       -48.801175,
       -25.4967235
      ],
      [
       -48.8011531,
       -25.4966991
      ],
      [
       -48.8011462,
       -25.4966908
      ],
      [
       -48.8011399,
       -25.4966822
      ],
      [
       -48.8011343,
       -25.4966732
      ],
      [
       -48.8011294,
       -25.4966639
      ],
      [
       -48.8011252,
       -25.4966543
      ],
      [
       -48.8011216,
       -25.4966444
      ],
      [
       -48.8011012,
       -25.4965801
      ],
      [
       -48.8009171,
       -25.4966784
      ],
      [
       -48.8009141,
       -25.49668
      ],
      [
       -48.8009111,
       -25.4966814
      ],
      [
       -48.8009079,
       -25.4966828
      ],
      [
       -48.8009048,
       -25.496684
      ],
      [
       -48.8009015,
       -25.4966852
      ],
      [
       -48.8008983,
       -25.4966862
      ],
      [
       -48.8007258,
       -25.4967386
      ],
      [
       -48.8007246,
       -25.496739
      ],
      [
       -48.8007233,
       -25.4967393
      ],
      [
       -48.800722,
       -25.4967397
      ],
      [
       -48.8007208,
       -25.49674
      ],
      [
       -48.8007195,
       -25.4967403
      ],
      [
       -48.8007182,
       -25.4967406
      ],
      [
       -48.8003036,
       -25.4968339
      ],
      [
       -48.8003019,
       -25.4968343
      ],
      [
       -48.8003002,
       -25.4968346
      ],
      [
       -48.8002984,
       -25.4968349
      ],
      [
       -48.8002967,
       -25.4968352
      ],
      [
       -48.8002949,
       -25.4968355
      ],
      [
       -48.8002931,
       -25.4968357
      ],
      [
       -48.8001802,
       -25.4968497
      ],
      [
       -48.8002194,
       -25.4969553
      ],
      [
       -48.8002211,
       -25.4969596
      ],
      [
       -48.8002228,
       -25.4969637
      ],
      [
       -48.8002247,
       -25.4969679
      ],
      [
       -48.8002266,
       -25.496972
      ],
      [
       -48.8002287,
       -25.496976
      ],
      [
       -48.8002309,
       -25.49698
      ],
      [
       -48.8002826,
       -25.4970715
      ],
      [
       -48.8002849,
       -25.4970756
      ],
      [
       -48.8002874,
       -25.4970795
      ],
      [
       -48.8002899,
       -25.4970834
      ],
      [
       -48.8002926,
       -25.4970873
      ],
      [
       -48.8002954,
       -25.497091
      ],
      [
       -48.8002982,
       -25.4970947
      ],
      [
       -48.8003591,
       -25.4971714
      ],
      [
       -48.8005118,
       -25.4973093
      ],
      [
       -48.800516,
       -25.4973129
      ],
      [
       -48.8005203,
       -25.4973165
      ],
      [
       -48.8005246,
       -25.4973199
      ],
      [
       -48.8005291,
       -25.4973232
      ],
      [
       -48.8005337,
       -25.4973264
      ],
      [
       -48.8005384,
       -25.4973294
      ]
     ]
    ]
   },
   "properties": {
    "tipo": "quadra",
    "id": "quadra-146",
    "area_m2": 4314.45,
    "perimetro_m": 287.68,
    "fracaoDentroDaGleba": 0.3657
   }
  },
  {
   "type": "Feature",
   "geometry": {
    "type": "Polygon",
    "coordinates": [
     [
      [
       -48.8001603,
       -25.496792
      ],
      [
       -48.8001802,
       -25.4968497
      ],
      [
       -48.8002931,
       -25.4968357
      ],
      [
       -48.8002949,
       -25.4968355
      ],
      [
       -48.8002967,
       -25.4968352
      ],
      [
       -48.8002984,
       -25.4968349
      ],
      [
       -48.8003002,
       -25.4968346
      ],
      [
       -48.8003019,
       -25.4968343
      ],
      [
       -48.8003036,
       -25.4968339
      ],
      [
       -48.8007182,
       -25.4967406
      ],
      [
       -48.8007195,
       -25.4967403
      ],
      [
       -48.8007208,
       -25.49674
      ],
      [
       -48.800722,
       -25.4967397
      ],
      [
       -48.8007233,
       -25.4967393
      ],
      [
       -48.8007246,
       -25.496739
      ],
      [
       -48.8007258,
       -25.4967386
      ],
      [
       -48.8008983,
       -25.4966862
      ],
      [
       -48.8009015,
       -25.4966852
      ],
      [
       -48.8009048,
       -25.496684
      ],
      [
       -48.8009079,
       -25.4966828
      ],
      [
       -48.8009111,
       -25.4966814
      ],
      [
       -48.8009141,
       -25.49668
      ],
      [
       -48.8009171,
       -25.4966784
      ],
      [
       -48.8011012,
       -25.4965801
      ],
      [
       -48.8010975,
       -25.4964918
      ],
      [
       -48.8010973,
       -25.4964834
      ],
      [
       -48.8010976,
       -25.496475
      ],
      [
       -48.8010983,
       -25.4964667
      ],
      [
       -48.8010995,
       -25.4964583
      ],
      [
       -48.8011011,
       -25.4964501
      ],
      [
       -48.8011031,
       -25.4964419
      ],
      [
       -48.801123,
       -25.4963682
      ],
      [
       -48.8007799,
       -25.4963162
      ],
      [
       -48.8007786,
       -25.4963159
      ],
      [
       -48.8007772,
       -25.4963157
      ],
      [
       -48.8007759,
       -25.4963155
      ],
      [
       -48.8007746,
       -25.4963152
      ],
      [
       -48.8007733,
       -25.4963149
      ],
      [
       -48.8007719,
       -25.4963146
      ],
      [
       -48.8005142,
       -25.4962554
      ],
      [
       -48.8005124,
       -25.496255
      ],
      [
       -48.8005106,
       -25.4962545
      ],
      [
       -48.8005088,
       -25.496254
      ],
      [
       -48.800507,
       -25.4962535
      ],
      [
       -48.8005052,
       -25.4962529
      ],
      [
       -48.8005035,
       -25.4962524
      ],
      [
       -48.8001732,
       -25.496139
      ],
      [
       -48.8001488,
       -25.4962385
      ],
      [
       -48.8001479,
       -25.4962421
      ],
      [
       -48.8001472,
       -25.4962457
      ],
      [
       -48.8001465,
       -25.4962493
      ],
      [
       -48.8001459,
       -25.4962529
      ],
      [
       -48.8001454,
       -25.4962565
      ],
      [
       -48.800145,
       -25.4962602
      ],
      [
       -48.8001256,
       -25.4964403
      ],
      [
       -48.8001253,
       -25.4964436
      ],
      [
       -48.8001251,
       -25.496447
      ],
      [
       -48.8001249,
       -25.4964504
      ],
      [
       -48.8001248,
       -25.4964537
      ],
      [
       -48.8001247,
       -25.4964571
      ],
      [
       -48.8001247,
       -25.4964605
      ],
      [
       -48.8001272,
       -25.4966051
      ],
      [
       -48.8001535,
       -25.4967649
      ],
      [
       -48.8001543,
       -25.4967695
      ],
      [
       -48.8001552,
       -25.496774
      ],
      [
       -48.8001563,
       -25.4967786
      ],
      [
       -48.8001575,
       -25.4967831
      ],
      [
       -48.8001589,
       -25.4967875
      ],
      [
       -48.8001603,
       -25.496792
      ]
     ]
    ]
   },
   "properties": {
    "tipo": "quadra",
    "id": "quadra-147",
    "area_m2": 5163.79,
    "perimetro_m": 300.76,
    "fracaoDentroDaGleba": 0.0018
   }
  },
  {
   "type": "Feature",
   "geometry": {
    "type": "Polygon",
    "coordinates": [
     [
      [
       -48.7990052,
       -25.5023161
      ],
      [
       -48.7991224,
       -25.5022218
      ],
      [
       -48.7990578,
       -25.5020903
      ],
      [
       -48.7990574,
       -25.5020893
      ],
      [
       -48.7990569,
       -25.5020883
      ],
      [
       -48.7990564,
       -25.5020873
      ],
      [
       -48.799056,
       -25.5020863
      ],
      [
       -48.7990556,
       -25.5020853
      ],
      [
       -48.7990552,
       -25.5020843
      ],
      [
       -48.7988558,
       -25.5015834
      ],
      [
       -48.7988554,
       -25.5015823
      ],
      [
       -48.7988549,
       -25.5015812
      ],
      [
       -48.7988544,
       -25.5015802
      ],
      [
       -48.798854,
       -25.5015791
      ],
      [
       -48.7988535,
       -25.501578
      ],
      [
       -48.798853,
       -25.501577
      ],
      [
       -48.7987099,
       -25.5012883
      ],
      [
       -48.7987092,
       -25.5012868
      ],
      [
       -48.7987085,
       -25.5012853
      ],
      [
       -48.7987078,
       -25.5012838
      ],
      [
       -48.7987072,
       -25.5012823
      ],
      [
       -48.7987066,
       -25.5012808
      ],
      [
       -48.798706,
       -25.5012792
      ],
      [
       -48.7986109,
       -25.501014
      ],
      [
       -48.7984784,
       -25.501053
      ],
      [
       -48.7984722,
       -25.5010547
      ],
      [
       -48.7984659,
       -25.5010563
      ],
      [
       -48.7984596,
       -25.5010576
      ],
      [
       -48.7984532,
       -25.5010588
      ],
      [
       -48.7984468,
       -25.5010598
      ],
      [
       -48.7984403,
       -25.5010606
      ],
      [
       -48.7982851,
       -25.5010772
      ],
      [
       -48.7982777,
       -25.5010778
      ],
      [
       -48.7982702,
       -25.5010782
      ],
      [
       -48.7982628,
       -25.5010784
      ],
      [
       -48.7982554,
       -25.5010783
      ],
      [
       -48.7982479,
       -25.5010779
      ],
      [
       -48.7982405,
       -25.5010773
      ],
      [
       -48.7980884,
       -25.5010624
      ],
      [
       -48.7980809,
       -25.5010616
      ],
      [
       -48.7980734,
       -25.5010604
      ],
      [
       -48.798066,
       -25.501059
      ],
      [
       -48.7980587,
       -25.5010574
      ],
      [
       -48.7980514,
       -25.5010555
      ],
      [
       -48.7980442,
       -25.5010534
      ],
      [
       -48.7979099,
       -25.5010108
      ],
      [
       -48.7977961,
       -25.5009527
      ],
      [
       -48.7977899,
       -25.5009494
      ],
      [
       -48.7977839,
       -25.500946
      ],
      [
       -48.797778,
       -25.5009423
      ],
      [
       -48.7977723,
       -25.5009385
      ],
      [
       -48.7977667,
       -25.5009344
      ],
      [
       -48.7977613,
       -25.5009302
      ],
      [
       -48.7976292,
       -25.5008235
      ],
      [
       -48.7975013,
       -25.5008814
      ],
      [
       -48.7974997,
       -25.5008821
      ],
      [
       -48.7974981,
       -25.5008828
      ],
      [
       -48.7974964,
       -25.5008835
      ],
      [
       -48.7974948,
       -25.5008841
      ],
      [
       -48.7974931,
       -25.5008847
      ],
      [
       -48.7974915,
       -25.5008853
      ],
      [
       -48.7972767,
       -25.5009576
      ],
      [
       -48.7972744,
       -25.5009584
      ],
      [
       -48.7972721,
       -25.5009591
      ],
      [
       -48.7972697,
       -25.5009597
      ],
      [
       -48.7972673,
       -25.5009603
      ],
      [
       -48.797265,
       -25.5009608
      ],
      [
       -48.7972625,
       -25.5009613
      ],
      [
       -48.7969724,
       -25.5010166
      ],
      [
       -48.7969695,
       -25.5010172
      ],
      [
       -48.7969666,
       -25.5010176
      ],
      [
       -48.7969637,
       -25.5010179
      ],
      [
       -48.7969607,
       -25.5010182
      ],
      [
       -48.7969577,
       -25.5010184
      ],
      [
       -48.7969548,
       -25.5010185
      ],
      [
       -48.7966441,
       -25.5010264
      ],
      [
       -48.7966394,
       -25.5013622
      ],
      [
       -48.7966388,
       -25.5013743
      ],
      [
       -48.7966373,
       -25.5013862
      ],
      [
       -48.796635,
       -25.501398
      ],
      [
       -48.7966317,
       -25.5014096
      ],
      [
       -48.7966277,
       -25.501421
      ],
      [
       -48.7966227,
       -25.5014323
      ],
      [
       -48.7966025,
       -25.5014742
      ],
      [
       -48.7966617,
       -25.5015098
      ],
      [
       -48.796664,
       -25.5015112
      ],
      [
       -48.7966662,
       -25.5015127
      ],
      [
       -48.7966684,
       -25.5015142
      ],
      [
       -48.7966705,
       -25.5015158
      ],
      [
       -48.7966726,
       -25.5015174
      ],
      [
       -48.7966746,
       -25.5015191
      ],
      [
       -48.7968572,
       -25.5016737
      ],
      [
       -48.7968595,
       -25.5016757
      ],
      [
       -48.7968617,
       -25.5016777
      ],
      [
       -48.7968638,
       -25.5016798
      ],
      [
       -48.7968659,
       -25.501682
      ],
      [
       -48.7968678,
       -25.5016842
      ],
      [
       -48.7968697,
       -25.5016865
      ],
      [
       -48.7968992,
       -25.5017232
      ],
      [
       -48.796902,
       -25.5017269
      ],
      [
       -48.7969046,
       -25.5017307
      ],
      [
       -48.7969069,
       -25.5017346
      ],
      [
       -48.7969091,
       -25.5017386
      ],
      [
       -48.796911,
       -25.5017426
      ],
      [
       -48.7969128,
       -25.5017468
      ],
      [
       -48.7969476,
       -25.501838
      ],
      [
       -48.7969488,
       -25.5018413
      ],
      [
       -48.7969498,
       -25.5018447
      ],
      [
       -48.7969507,
       -25.5018481
      ],
      [
       -48.7969515,
       -25.5018515
      ],
      [
       -48.7969521,
       -25.501855
      ],
      [
       -48.7969526,
       -25.5018585
      ],
      [
       -48.7969662,
       -25.5019808
      ],
      [
       -48.7969665,
       -25.5019834
      ],
      [
       -48.7969667,
       -25.5019861
      ],
      [
       -48.7969667,
       -25.5019887
      ],
      [
       -48.7969667,
       -25.5019913
      ],
      [
       -48.7969666,
       -25.501994
      ],
      [
       -48.7969665,
       -25.5019966
      ],
      [
       -48.7969554,
       -25.5021324
      ],
      [
       -48.7969553,
       -25.5021338
      ],
      [
       -48.7969551,
       -25.5021351
      ],
      [
       -48.7969549,
       -25.5021365
      ],
      [
       -48.7969548,
       -25.5021379
      ],
      [
       -48.7969545,
       -25.5021392
      ],
      [
       -48.7969543,
       -25.5021406
      ],
      [
       -48.7968912,
       -25.5024843
      ],
      [
       -48.7968905,
       -25.5024877
      ],
      [
       -48.7968897,
       -25.5024911
      ],
      [
       -48.7968887,
       -25.5024944
      ],
      [
       -48.7968875,
       -25.5024978
      ],
      [
       -48.7968863,
       -25.502501
      ],
      [
       -48.7968848,
       -25.5025043
      ],
      [
       -48.7968472,
       -25.5025858
      ],
      [
       -48.7968461,
       -25.5025882
      ],
      [
       -48.7968449,
       -25.5025905
      ],
      [
       -48.7968436,
       -25.5025927
      ],
      [
       -48.7968423,
       -25.502595
      ],
      [
       -48.7968409,
       -25.5025972
      ],
      [
       -48.7968394,
       -25.5025993
      ],
      [
       -48.7966739,
       -25.502836
      ],
      [
       -48.7969194,
       -25.5029914
      ],
      [
       -48.7969232,
       -25.5029939
      ],
      [
       -48.7969269,
       -25.5029964
      ],
      [
       -48.7969306,
       -25.502999
      ],
      [
       -48.7969342,
       -25.5030017
      ],
      [
       -48.7969377,
       -25.5030045
      ],
      [
       -48.7969412,
       -25.5030074
      ],
      [
       -48.7971207,
       -25.5031591
      ],
      [
       -48.7977792,
       -25.502847
      ],
      [
       -48.7977816,
       -25.5028459
      ],
      [
       -48.797784,
       -25.5028449
      ],
      [
       -48.7977864,
       -25.5028439
      ],
      [
       -48.7977888,
       -25.502843
      ],
      [
       -48.7977913,
       -25.5028421
      ],
      [
       -48.7977939,
       -25.5028414
      ],
      [
       -48.7980885,
       -25.5027525
      ],
      [
       -48.7980905,
       -25.5027519
      ],
      [
       -48.7980926,
       -25.5027514
      ],
      [
       -48.7980946,
       -25.5027509
      ],
      [
       -48.7980967,
       -25.5027504
      ],
      [
       -48.7980988,
       -25.5027499
      ],
      [
       -48.7981008,
       -25.5027496
      ],
      [
       -48.798275,
       -25.5027188
      ],
      [
       -48.7982782,
       -25.5027183
      ],
      [
       -48.7982813,
       -25.5027179
      ],
      [
       -48.7982844,
       -25.5027176
      ],
      [
       -48.7982876,
       -25.5027173
      ],
      [
       -48.7982907,
       -25.5027172
      ],
      [
       -48.7982939,
       -25.5027171
      ],
      [
       -48.7983943,
       -25.502717
      ],
      [
       -48.7983984,
       -25.5027171
      ],
      [
       -48.7984024,
       -25.5027173
      ],
      [
       -48.7984064,
       -25.5027177
      ],
      [
       -48.7984104,
       -25.5027182
      ],
      [
       -48.7984144,
       -25.5027189
      ],
      [
       -48.7984184,
       -25.5027197
      ],
      [
       -48.7984774,
       -25.502733
      ],
      [
       -48.7984804,
       -25.5027337
      ],
      [
       -48.7984834,
       -25.5027345
      ],
      [
       -48.7984864,
       -25.5027354
      ],
      [
       -48.7984894,
       -25.5027364
      ],
      [
       -48.7984923,
       -25.5027375
      ],
      [
       -48.7984951,
       -25.5027387
      ],
      [
       -48.7987017,
       -25.5028255
      ],
      [
       -48.7989162,
       -25.5024375
      ],
      [
       -48.7989647,
       -25.5023611
      ],
      [
       -48.7989703,
       -25.5023527
      ],
      [
       -48.7989764,
       -25.5023447
      ],
      [
       -48.7989829,
       -25.5023371
      ],
      [
       -48.7989899,
       -25.5023297
      ],
      [
       -48.7989973,
       -25.5023227
      ],
      [
       -48.7990052,
       -25.5023161
      ]
     ]
    ]
   },
   "properties": {
    "tipo": "quadra",
    "id": "quadra-148",
    "area_m2": 43420.03,
    "perimetro_m": 885.39,
    "fracaoDentroDaGleba": 1
   }
  },
  {
   "type": "Feature",
   "geometry": {
    "type": "Polygon",
    "coordinates": [
     [
      [
       -48.7987017,
       -25.5028255
      ],
      [
       -48.7984317,
       -25.5033523
      ],
      [
       -48.7984289,
       -25.5033578
      ],
      [
       -48.7984264,
       -25.5033634
      ],
      [
       -48.7984242,
       -25.5033691
      ],
      [
       -48.7984221,
       -25.5033748
      ],
      [
       -48.7984202,
       -25.5033806
      ],
      [
       -48.7984186,
       -25.5033865
      ],
      [
       -48.7983923,
       -25.5034863
      ],
      [
       -48.7984286,
       -25.5034826
      ],
      [
       -48.7984325,
       -25.5034823
      ],
      [
       -48.7984364,
       -25.5034821
      ],
      [
       -48.7984403,
       -25.503482
      ],
      [
       -48.7984441,
       -25.5034821
      ],
      [
       -48.798448,
       -25.5034823
      ],
      [
       -48.7984519,
       -25.5034827
      ],
      [
       -48.798659,
       -25.5035062
      ],
      [
       -48.7986616,
       -25.5035065
      ],
      [
       -48.7986642,
       -25.5035069
      ],
      [
       -48.7986668,
       -25.5035074
      ],
      [
       -48.7986693,
       -25.5035079
      ],
      [
       -48.7986719,
       -25.5035084
      ],
      [
       -48.7986744,
       -25.5035091
      ],
      [
       -48.7991201,
       -25.5036262
      ],
      [
       -48.7991217,
       -25.5036266
      ],
      [
       -48.7991232,
       -25.503627
      ],
      [
       -48.7991248,
       -25.5036274
      ],
      [
       -48.7991264,
       -25.5036277
      ],
      [
       -48.7991279,
       -25.503628
      ],
      [
       -48.7991295,
       -25.5036283
      ],
      [
       -48.7995448,
       -25.5036987
      ],
      [
       -48.7995519,
       -25.5036997
      ],
      [
       -48.799559,
       -25.5037002
      ],
      [
       -48.799566,
       -25.5037002
      ],
      [
       -48.7995731,
       -25.5036998
      ],
      [
       -48.7995801,
       -25.5036989
      ],
      [
       -48.7995871,
       -25.5036976
      ],
      [
       -48.7995985,
       -25.503695
      ],
      [
       -48.799604,
       -25.5036935
      ],
      [
       -48.7996091,
       -25.5036917
      ],
      [
       -48.7996141,
       -25.5036895
      ],
      [
       -48.7996187,
       -25.5036868
      ],
      [
       -48.7996232,
       -25.5036838
      ],
      [
       -48.7996274,
       -25.5036804
      ],
      [
       -48.7996274,
       -25.5036804
      ],
      [
       -48.7996313,
       -25.5036767
      ],
      [
       -48.7996349,
       -25.5036728
      ],
      [
       -48.7996382,
       -25.5036687
      ],
      [
       -48.7996412,
       -25.5036644
      ],
      [
       -48.7996438,
       -25.5036599
      ],
      [
       -48.7996462,
       -25.5036552
      ],
      [
       -48.7997171,
       -25.5034994
      ],
      [
       -48.7997183,
       -25.5034969
      ],
      [
       -48.7997195,
       -25.5034944
      ],
      [
       -48.7997209,
       -25.503492
      ],
      [
       -48.7997223,
       -25.5034896
      ],
      [
       -48.7997238,
       -25.5034872
      ],
      [
       -48.7997254,
       -25.5034849
      ],
      [
       -48.7998281,
       -25.5033402
      ],
      [
       -48.7997736,
       -25.5033025
      ],
      [
       -48.7997707,
       -25.5033005
      ],
      [
       -48.7997677,
       -25.5032987
      ],
      [
       -48.7997646,
       -25.5032969
      ],
      [
       -48.7997615,
       -25.5032953
      ],
      [
       -48.7997583,
       -25.5032937
      ],
      [
       -48.799755,
       -25.5032923
      ],
      [
       -48.7993793,
       -25.5031346
      ],
      [
       -48.7993783,
       -25.5031341
      ],
      [
       -48.7993773,
       -25.5031337
      ],
      [
       -48.7993763,
       -25.5031332
      ],
      [
       -48.7993753,
       -25.5031328
      ],
      [
       -48.7993743,
       -25.5031323
      ],
      [
       -48.7993733,
       -25.5031318
      ],
      [
       -48.799064,
       -25.5029783
      ],
      [
       -48.799063,
       -25.5029779
      ],
      [
       -48.7990621,
       -25.5029774
      ],
      [
       -48.7990611,
       -25.502977
      ],
      [
       -48.7990601,
       -25.5029765
      ],
      [
       -48.7990591,
       -25.5029761
      ],
      [
       -48.7990581,
       -25.5029757
      ],
      [
       -48.7987017,
       -25.5028255
      ]
     ]
    ]
   },
   "properties": {
    "tipo": "quadra",
    "id": "quadra-149",
    "area_m2": 7853.63,
    "perimetro_m": 377.2,
    "fracaoDentroDaGleba": 0.1656
   }
  },
  {
   "type": "Feature",
   "geometry": {
    "type": "Polygon",
    "coordinates": [
     [
      [
       -48.7984317,
       -25.5033523
      ],
      [
       -48.7987017,
       -25.5028255
      ],
      [
       -48.7984951,
       -25.5027387
      ],
      [
       -48.7984923,
       -25.5027375
      ],
      [
       -48.7984894,
       -25.5027364
      ],
      [
       -48.7984864,
       -25.5027354
      ],
      [
       -48.7984834,
       -25.5027345
      ],
      [
       -48.7984804,
       -25.5027337
      ],
      [
       -48.7984774,
       -25.502733
      ],
      [
       -48.7984184,
       -25.5027197
      ],
      [
       -48.7984144,
       -25.5027189
      ],
      [
       -48.7984104,
       -25.5027182
      ],
      [
       -48.7984064,
       -25.5027177
      ],
      [
       -48.7984024,
       -25.5027173
      ],
      [
       -48.7983984,
       -25.5027171
      ],
      [
       -48.7983943,
       -25.502717
      ],
      [
       -48.7982939,
       -25.5027171
      ],
      [
       -48.7982907,
       -25.5027172
      ],
      [
       -48.7982876,
       -25.5027173
      ],
      [
       -48.7982844,
       -25.5027176
      ],
      [
       -48.7982813,
       -25.5027179
      ],
      [
       -48.7982782,
       -25.5027183
      ],
      [
       -48.798275,
       -25.5027188
      ],
      [
       -48.7981008,
       -25.5027496
      ],
      [
       -48.7980988,
       -25.5027499
      ],
      [
       -48.7980967,
       -25.5027504
      ],
      [
       -48.7980946,
       -25.5027509
      ],
      [
       -48.7980926,
       -25.5027514
      ],
      [
       -48.7980905,
       -25.5027519
      ],
      [
       -48.7980885,
       -25.5027525
      ],
      [
       -48.7977939,
       -25.5028414
      ],
      [
       -48.7977913,
       -25.5028421
      ],
      [
       -48.7977888,
       -25.502843
      ],
      [
       -48.7977864,
       -25.5028439
      ],
      [
       -48.797784,
       -25.5028449
      ],
      [
       -48.7977816,
       -25.5028459
      ],
      [
       -48.7977792,
       -25.502847
      ],
      [
       -48.7971207,
       -25.5031591
      ],
      [
       -48.7968744,
       -25.5032809
      ],
      [
       -48.7969496,
       -25.5034015
      ],
      [
       -48.7969519,
       -25.5034052
      ],
      [
       -48.796954,
       -25.5034089
      ],
      [
       -48.7969561,
       -25.5034126
      ],
      [
       -48.796958,
       -25.5034165
      ],
      [
       -48.7969598,
       -25.5034203
      ],
      [
       -48.7969616,
       -25.5034242
      ],
      [
       -48.7970484,
       -25.5036239
      ],
      [
       -48.798033,
       -25.503543
      ],
      [
       -48.7980343,
       -25.5035429
      ],
      [
       -48.7980357,
       -25.5035428
      ],
      [
       -48.7980371,
       -25.5035426
      ],
      [
       -48.7980384,
       -25.5035425
      ],
      [
       -48.7980398,
       -25.5035423
      ],
      [
       -48.7980411,
       -25.5035421
      ],
      [
       -48.7983923,
       -25.5034863
      ],
      [
       -48.7984186,
       -25.5033865
      ],
      [
       -48.7984202,
       -25.5033806
      ],
      [
       -48.7984221,
       -25.5033748
      ],
      [
       -48.7984242,
       -25.5033691
      ],
      [
       -48.7984264,
       -25.5033634
      ],
      [
       -48.7984289,
       -25.5033578
      ],
      [
       -48.7984317,
       -25.5033523
      ]
     ]
    ]
   },
   "properties": {
    "tipo": "quadra",
    "id": "quadra-150",
    "area_m2": 11555.2,
    "perimetro_m": 457.9,
    "fracaoDentroDaGleba": 0.9016
   }
  },
  {
   "type": "Feature",
   "geometry": {
    "type": "Polygon",
    "coordinates": [
     [
      [
       -48.7991224,
       -25.5022218
      ],
      [
       -48.7992837,
       -25.5021205
      ],
      [
       -48.7992302,
       -25.5020388
      ],
      [
       -48.7992292,
       -25.5020372
      ],
      [
       -48.7992283,
       -25.5020357
      ],
      [
       -48.7992273,
       -25.5020341
      ],
      [
       -48.7992265,
       -25.5020325
      ],
      [
       -48.7992256,
       -25.5020309
      ],
      [
       -48.7992248,
       -25.5020293
      ],
      [
       -48.7991001,
       -25.5017744
      ],
      [
       -48.7990995,
       -25.5017732
      ],
      [
       -48.7990989,
       -25.501772
      ],
      [
       -48.7990982,
       -25.5017708
      ],
      [
       -48.7990976,
       -25.5017697
      ],
      [
       -48.7990969,
       -25.5017685
      ],
      [
       -48.7990962,
       -25.5017674
      ],
      [
       -48.7988901,
       -25.5014288
      ],
      [
       -48.7988892,
       -25.5014274
      ],
      [
       -48.7988884,
       -25.5014259
      ],
      [
       -48.7988876,
       -25.5014244
      ],
      [
       -48.7988868,
       -25.5014229
      ],
      [
       -48.798886,
       -25.5014214
      ],
      [
       -48.7988853,
       -25.5014199
      ],
      [
       -48.7986883,
       -25.5009905
      ],
      [
       -48.7986109,
       -25.501014
      ],
      [
       -48.798706,
       -25.5012792
      ],
      [
       -48.7987066,
       -25.5012808
      ],
      [
       -48.7987072,
       -25.5012823
      ],
      [
       -48.7987078,
       -25.5012838
      ],
      [
       -48.7987085,
       -25.5012853
      ],
      [
       -48.7987092,
       -25.5012868
      ],
      [
       -48.7987099,
       -25.5012883
      ],
      [
       -48.798853,
       -25.501577
      ],
      [
       -48.7988535,
       -25.501578
      ],
      [
       -48.798854,
       -25.5015791
      ],
      [
       -48.7988544,
       -25.5015802
      ],
      [
       -48.7988549,
       -25.5015812
      ],
      [
       -48.7988554,
       -25.5015823
      ],
      [
       -48.7988558,
       -25.5015834
      ],
      [
       -48.7990552,
       -25.5020843
      ],
      [
       -48.7990556,
       -25.5020853
      ],
      [
       -48.799056,
       -25.5020863
      ],
      [
       -48.7990564,
       -25.5020873
      ],
      [
       -48.7990569,
       -25.5020883
      ],
      [
       -48.7990574,
       -25.5020893
      ],
      [
       -48.7990578,
       -25.5020903
      ],
      [
       -48.7991224,
       -25.5022218
      ]
     ]
    ]
   },
   "properties": {
    "tipo": "quadra",
    "id": "quadra-151",
    "area_m2": 1855.21,
    "perimetro_m": 310.36,
    "fracaoDentroDaGleba": 1
   }
  },
  {
   "type": "Feature",
   "geometry": {
    "type": "Polygon",
    "coordinates": [
     [
      [
       -48.7982723,
       -25.4991987
      ],
      [
       -48.798293,
       -25.4992191
      ],
      [
       -48.7983002,
       -25.4992255
      ],
      [
       -48.7983078,
       -25.499231
      ],
      [
       -48.798316,
       -25.4992356
      ],
      [
       -48.7983248,
       -25.4992394
      ],
      [
       -48.798334,
       -25.4992423
      ],
      [
       -48.7983438,
       -25.4992443
      ],
      [
       -48.7984162,
       -25.4992558
      ],
      [
       -48.7984206,
       -25.4992566
      ],
      [
       -48.7984251,
       -25.4992574
      ],
      [
       -48.7984294,
       -25.4992584
      ],
      [
       -48.7984338,
       -25.4992594
      ],
      [
       -48.7984382,
       -25.4992605
      ],
      [
       -48.7984425,
       -25.4992617
      ],
      [
       -48.79861,
       -25.4993103
      ],
      [
       -48.7986511,
       -25.4992062
      ],
      [
       -48.7986017,
       -25.4991945
      ],
      [
       -48.7985944,
       -25.4991929
      ],
      [
       -48.798587,
       -25.4991916
      ],
      [
       -48.7985796,
       -25.4991905
      ],
      [
       -48.7985722,
       -25.4991897
      ],
      [
       -48.7985647,
       -25.4991891
      ],
      [
       -48.7985572,
       -25.4991888
      ],
      [
       -48.7984701,
       -25.4991866
      ],
      [
       -48.7982723,
       -25.4991987
      ]
     ]
    ]
   },
   "properties": {
    "tipo": "quadra",
    "id": "quadra-152",
    "area_m2": 299.04,
    "perimetro_m": 87.4,
    "fracaoDentroDaGleba": 1
   }
  },
  {
   "type": "Feature",
   "geometry": {
    "type": "Polygon",
    "coordinates": [
     [
      [
       -48.798293,
       -25.4992191
      ],
      [
       -48.7982723,
       -25.4991987
      ],
      [
       -48.7980805,
       -25.4992445
      ],
      [
       -48.7981612,
       -25.4997021
      ],
      [
       -48.798162,
       -25.4997058
      ],
      [
       -48.7981629,
       -25.4997095
      ],
      [
       -48.798164,
       -25.4997131
      ],
      [
       -48.7981652,
       -25.4997167
      ],
      [
       -48.7981666,
       -25.4997202
      ],
      [
       -48.7981682,
       -25.4997237
      ],
      [
       -48.7982881,
       -25.4999745
      ],
      [
       -48.7982886,
       -25.4999756
      ],
      [
       -48.7982891,
       -25.4999767
      ],
      [
       -48.7982896,
       -25.4999777
      ],
      [
       -48.7982901,
       -25.4999788
      ],
      [
       -48.7982905,
       -25.4999799
      ],
      [
       -48.7982909,
       -25.499981
      ],
      [
       -48.7984011,
       -25.5002717
      ],
      [
       -48.7984019,
       -25.5002738
      ],
      [
       -48.7984026,
       -25.500276
      ],
      [
       -48.7984033,
       -25.5002782
      ],
      [
       -48.7984039,
       -25.5002804
      ],
      [
       -48.7984045,
       -25.5002826
      ],
      [
       -48.7984049,
       -25.5002848
      ],
      [
       -48.7984396,
       -25.5004573
      ],
      [
       -48.79844,
       -25.500459
      ],
      [
       -48.7984404,
       -25.5004607
      ],
      [
       -48.7984408,
       -25.5004624
      ],
      [
       -48.7984413,
       -25.5004642
      ],
      [
       -48.7984418,
       -25.5004659
      ],
      [
       -48.7984424,
       -25.5004676
      ],
      [
       -48.7985089,
       -25.5006643
      ],
      [
       -48.7985095,
       -25.500666
      ],
      [
       -48.7985102,
       -25.5006677
      ],
      [
       -48.7985108,
       -25.5006694
      ],
      [
       -48.7985116,
       -25.5006711
      ],
      [
       -48.7985123,
       -25.5006728
      ],
      [
       -48.7985131,
       -25.5006744
      ],
      [
       -48.7985886,
       -25.5008288
      ],
      [
       -48.7985892,
       -25.5008301
      ],
      [
       -48.7985899,
       -25.5008314
      ],
      [
       -48.7985906,
       -25.5008326
      ],
      [
       -48.7985913,
       -25.5008339
      ],
      [
       -48.798592,
       -25.5008352
      ],
      [
       -48.7985928,
       -25.5008364
      ],
      [
       -48.7986883,
       -25.5009905
      ],
      [
       -48.7988741,
       -25.5009143
      ],
      [
       -48.7988798,
       -25.5009119
      ],
      [
       -48.7988854,
       -25.5009093
      ],
      [
       -48.7988909,
       -25.5009065
      ],
      [
       -48.7988963,
       -25.5009036
      ],
      [
       -48.7989016,
       -25.5009005
      ],
      [
       -48.7989069,
       -25.5008973
      ],
      [
       -48.7989668,
       -25.5008589
      ],
      [
       -48.7990199,
       -25.5008211
      ],
      [
       -48.7990247,
       -25.5008175
      ],
      [
       -48.7990294,
       -25.5008139
      ],
      [
       -48.7990339,
       -25.5008101
      ],
      [
       -48.7990383,
       -25.5008062
      ],
      [
       -48.7990426,
       -25.5008022
      ],
      [
       -48.7990467,
       -25.5007981
      ],
      [
       -48.7991189,
       -25.5007234
      ],
      [
       -48.7991241,
       -25.5007178
      ],
      [
       -48.799129,
       -25.5007121
      ],
      [
       -48.7991336,
       -25.5007062
      ],
      [
       -48.7991379,
       -25.5007002
      ],
      [
       -48.799142,
       -25.500694
      ],
      [
       -48.7991459,
       -25.5006876
      ],
      [
       -48.7992439,
       -25.5005166
      ],
      [
       -48.7990902,
       -25.5004926
      ],
      [
       -48.7990885,
       -25.5004923
      ],
      [
       -48.7990867,
       -25.500492
      ],
      [
       -48.799085,
       -25.5004916
      ],
      [
       -48.7990832,
       -25.5004912
      ],
      [
       -48.7990815,
       -25.5004908
      ],
      [
       -48.7990798,
       -25.5004904
      ],
      [
       -48.7987498,
       -25.5004048
      ],
      [
       -48.7987489,
       -25.5004045
      ],
      [
       -48.798748,
       -25.5004043
      ],
      [
       -48.7987471,
       -25.500404
      ],
      [
       -48.7987462,
       -25.5004037
      ],
      [
       -48.7987453,
       -25.5004035
      ],
      [
       -48.7987443,
       -25.5004032
      ],
      [
       -48.7985075,
       -25.500328
      ],
      [
       -48.7985013,
       -25.5003263
      ],
      [
       -48.798495,
       -25.5003249
      ],
      [
       -48.7984887,
       -25.5003239
      ],
      [
       -48.7984823,
       -25.5003232
      ],
      [
       -48.7984759,
       -25.500323
      ],
      [
       -48.7984694,
       -25.5003231
      ],
      [
       -48.7984473,
       -25.5003242
      ],
      [
       -48.7984365,
       -25.5003252
      ],
      [
       -48.7984262,
       -25.5003272
      ],
      [
       -48.7984163,
       -25.5003301
      ],
      [
       -48.7984068,
       -25.500334
      ],
      [
       -48.7983977,
       -25.5003389
      ],
      [
       -48.7983891,
       -25.5003448
      ],
      [
       -48.7983639,
       -25.5003637
      ],
      [
       -48.7983585,
       -25.5003681
      ],
      [
       -48.7983535,
       -25.5003728
      ],
      [
       -48.7983489,
       -25.5003777
      ],
      [
       -48.7983448,
       -25.500383
      ],
      [
       -48.798341,
       -25.5003885
      ],
      [
       -48.7983376,
       -25.5003944
      ],
      [
       -48.7982318,
       -25.5005957
      ],
      [
       -48.7982306,
       -25.500598
      ],
      [
       -48.7982292,
       -25.5006002
      ],
      [
       -48.7982278,
       -25.5006025
      ],
      [
       -48.7982264,
       -25.5006047
      ],
      [
       -48.7982248,
       -25.5006068
      ],
      [
       -48.7982232,
       -25.5006089
      ],
      [
       -48.7979099,
       -25.5010108
      ],
      [
       -48.7980442,
       -25.5010534
      ],
      [
       -48.7980514,
       -25.5010555
      ],
      [
       -48.7980587,
       -25.5010574
      ],
      [
       -48.798066,
       -25.501059
      ],
      [
       -48.7980734,
       -25.5010604
      ],
      [
       -48.7980809,
       -25.5010616
      ],
      [
       -48.7980884,
       -25.5010624
      ],
      [
       -48.7982405,
       -25.5010773
      ],
      [
       -48.7982479,
       -25.5010779
      ],
      [
       -48.7982554,
       -25.5010783
      ],
      [
       -48.7982628,
       -25.5010784
      ],
      [
       -48.7982702,
       -25.5010782
      ],
      [
       -48.7982777,
       -25.5010778
      ],
      [
       -48.7982851,
       -25.5010772
      ],
      [
       -48.7984403,
       -25.5010606
      ],
      [
       -48.7984468,
       -25.5010598
      ],
      [
       -48.7984532,
       -25.5010588
      ],
      [
       -48.7984596,
       -25.5010576
      ],
      [
       -48.7984659,
       -25.5010563
      ],
      [
       -48.7984722,
       -25.5010547
      ],
      [
       -48.7984784,
       -25.501053
      ],
      [
       -48.7986109,
       -25.501014
      ],
      [
       -48.7986883,
       -25.5009905
      ],
      [
       -48.7985928,
       -25.5008364
      ],
      [
       -48.798592,
       -25.5008352
      ],
      [
       -48.7985913,
       -25.5008339
      ],
      [
       -48.7985906,
       -25.5008326
      ],
      [
       -48.7985899,
       -25.5008314
      ],
      [
       -48.7985892,
       -25.5008301
      ],
      [
       -48.7985886,
       -25.5008288
      ],
      [
       -48.7985131,
       -25.5006744
      ],
      [
       -48.7985123,
       -25.5006728
      ],
      [
       -48.7985116,
       -25.5006711
      ],
      [
       -48.7985108,
       -25.5006694
      ],
      [
       -48.7985102,
       -25.5006677
      ],
      [
       -48.7985095,
       -25.500666
      ],
      [
       -48.7985089,
       -25.5006643
      ],
      [
       -48.7984424,
       -25.5004676
      ],
      [
       -48.7984418,
       -25.5004659
      ],
      [
       -48.7984413,
       -25.5004642
      ],
      [
       -48.7984408,
       -25.5004624
      ],
      [
       -48.7984404,
       -25.5004607
      ],
      [
       -48.79844,
       -25.500459
      ],
      [
       -48.7984396,
       -25.5004573
      ],
      [
       -48.7984049,
       -25.5002848
      ],
      [
       -48.7984045,
       -25.5002826
      ],
      [
       -48.7984039,
       -25.5002804
      ],
      [
       -48.7984033,
       -25.5002782
      ],
      [
       -48.7984026,
       -25.500276
      ],
      [
       -48.7984019,
       -25.5002738
      ],
      [
       -48.7984011,
       -25.5002717
      ],
      [
       -48.7982909,
       -25.499981
      ],
      [
       -48.7982905,
       -25.4999799
      ],
      [
       -48.7982901,
       -25.4999788
      ],
      [
       -48.7982896,
       -25.4999777
      ],
      [
       -48.7982891,
       -25.4999767
      ],
      [
       -48.7982886,
       -25.4999756
      ],
      [
       -48.7982881,
       -25.4999745
      ],
      [
       -48.7981682,
       -25.4997237
      ],
      [
       -48.7981666,
       -25.4997202
      ],
      [
       -48.7981652,
       -25.4997167
      ],
      [
       -48.798164,
       -25.4997131
      ],
      [
       -48.7981629,
       -25.4997095
      ],
      [
       -48.798162,
       -25.4997058
      ],
      [
       -48.7981612,
       -25.4997021
      ],
      [
       -48.7980805,
       -25.4992445
      ],
      [
       -48.7980079,
       -25.4992719
      ],
      [
       -48.7979377,
       -25.4993063
      ],
      [
       -48.7978426,
       -25.4993549
      ],
      [
       -48.7978365,
       -25.4993581
      ],
      [
       -48.7978306,
       -25.4993615
      ],
      [
       -48.7978248,
       -25.4993651
      ],
      [
       -48.7978191,
       -25.4993689
      ],
      [
       -48.7978136,
       -25.4993729
      ],
      [
       -48.7978083,
       -25.4993771
      ],
      [
       -48.7976545,
       -25.4995005
      ],
      [
       -48.7975311,
       -25.4996508
      ],
      [
       -48.7975272,
       -25.4996557
      ],
      [
       -48.7975234,
       -25.4996608
      ],
      [
       -48.7975199,
       -25.4996659
      ],
      [
       -48.7975166,
       -25.4996712
      ],
      [
       -48.7975134,
       -25.4996765
      ],
      [
       -48.7975105,
       -25.499682
      ],
      [
       -48.7974616,
       -25.4997764
      ],
      [
       -48.7974225,
       -25.4998736
      ],
      [
       -48.7973878,
       -25.5000153
      ],
      [
       -48.7973867,
       -25.5000201
      ],
      [
       -48.7973858,
       -25.5000248
      ],
      [
       -48.797385,
       -25.5000295
      ],
      [
       -48.7973843,
       -25.5000343
      ],
      [
       -48.7973838,
       -25.5000391
      ],
      [
       -48.7973834,
       -25.5000439
      ],
      [
       -48.7973747,
       -25.5001791
      ],
      [
       -48.7973744,
       -25.500184
      ],
      [
       -48.7973743,
       -25.5001889
      ],
      [
       -48.7973744,
       -25.5001937
      ],
      [
       -48.7973746,
       -25.5001986
      ],
      [
       -48.7973749,
       -25.5002035
      ],
      [
       -48.7973754,
       -25.5002083
      ],
      [
       -48.7973902,
       -25.5003373
      ],
      [
       -48.7974212,
       -25.5004746
      ],
      [
       -48.7974439,
       -25.5005387
      ],
      [
       -48.7974454,
       -25.5005428
      ],
      [
       -48.797447,
       -25.5005468
      ],
      [
       -48.7974487,
       -25.5005508
      ],
      [
       -48.7974505,
       -25.5005547
      ],
      [
       -48.7974524,
       -25.5005586
      ],
      [
       -48.7974545,
       -25.5005625
      ],
      [
       -48.7975195,
       -25.5006837
      ],
      [
       -48.7975222,
       -25.5006886
      ],
      [
       -48.7975251,
       -25.5006934
      ],
      [
       -48.7975282,
       -25.5006981
      ],
      [
       -48.7975314,
       -25.5007028
      ],
      [
       -48.7975348,
       -25.5007073
      ],
      [
       -48.7975383,
       -25.5007118
      ],
      [
       -48.7976292,
       -25.5008235
      ],
      [
       -48.7977613,
       -25.5009302
      ],
      [
       -48.7977667,
       -25.5009344
      ],
      [
       -48.7977723,
       -25.5009385
      ],
      [
       -48.797778,
       -25.5009423
      ],
      [
       -48.7977839,
       -25.500946
      ],
      [
       -48.7977899,
       -25.5009494
      ],
      [
       -48.7977961,
       -25.5009527
      ],
      [
       -48.7979099,
       -25.5010108
      ],
      [
       -48.7982232,
       -25.5006089
      ],
      [
       -48.7982248,
       -25.5006068
      ],
      [
       -48.7982264,
       -25.5006047
      ],
      [
       -48.7982278,
       -25.5006025
      ],
      [
       -48.7982292,
       -25.5006002
      ],
      [
       -48.7982306,
       -25.500598
      ],
      [
       -48.7982318,
       -25.5005957
      ],
      [
       -48.7983376,
       -25.5003944
      ],
      [
       -48.798341,
       -25.5003885
      ],
      [
       -48.7983448,
       -25.500383
      ],
      [
       -48.7983489,
       -25.5003777
      ],
      [
       -48.7983535,
       -25.5003728
      ],
      [
       -48.7983585,
       -25.5003681
      ],
      [
       -48.7983639,
       -25.5003637
      ],
      [
       -48.7983891,
       -25.5003448
      ],
      [
       -48.7983977,
       -25.5003389
      ],
      [
       -48.7984068,
       -25.500334
      ],
      [
       -48.7984163,
       -25.5003301
      ],
      [
       -48.7984262,
       -25.5003272
      ],
      [
       -48.7984365,
       -25.5003252
      ],
      [
       -48.7984473,
       -25.5003242
      ],
      [
       -48.7984694,
       -25.5003231
      ],
      [
       -48.7984759,
       -25.500323
      ],
      [
       -48.7984823,
       -25.5003232
      ],
      [
       -48.7984887,
       -25.5003239
      ],
      [
       -48.798495,
       -25.5003249
      ],
      [
       -48.7985013,
       -25.5003263
      ],
      [
       -48.7985075,
       -25.500328
      ],
      [
       -48.7987443,
       -25.5004032
      ],
      [
       -48.7987453,
       -25.5004035
      ],
      [
       -48.7987462,
       -25.5004037
      ],
      [
       -48.7987471,
       -25.500404
      ],
      [
       -48.798748,
       -25.5004043
      ],
      [
       -48.7987489,
       -25.5004045
      ],
      [
       -48.7987498,
       -25.5004048
      ],
      [
       -48.7990798,
       -25.5004904
      ],
      [
       -48.7990815,
       -25.5004908
      ],
      [
       -48.7990832,
       -25.5004912
      ],
      [
       -48.799085,
       -25.5004916
      ],
      [
       -48.7990867,
       -25.500492
      ],
      [
       -48.7990885,
       -25.5004923
      ],
      [
       -48.7990902,
       -25.5004926
      ],
      [
       -48.7992439,
       -25.5005166
      ],
      [
       -48.7992553,
       -25.5004813
      ],
      [
       -48.799284,
       -25.5003887
      ],
      [
       -48.7992857,
       -25.500383
      ],
      [
       -48.7992871,
       -25.5003772
      ],
      [
       -48.7992884,
       -25.5003714
      ],
      [
       -48.7992894,
       -25.5003656
      ],
      [
       -48.7992902,
       -25.5003598
      ],
      [
       -48.7992908,
       -25.5003539
      ],
      [
       -48.7993037,
       -25.500204
      ],
      [
       -48.7993041,
       -25.5001978
      ],
      [
       -48.7993043,
       -25.5001917
      ],
      [
       -48.7993042,
       -25.5001855
      ],
      [
       -48.7993039,
       -25.5001794
      ],
      [
       -48.7993034,
       -25.5001732
      ],
      [
       -48.7993027,
       -25.5001671
      ],
      [
       -48.7992837,
       -25.5000327
      ],
      [
       -48.7992827,
       -25.5000263
      ],
      [
       -48.7992814,
       -25.50002
      ],
      [
       -48.7992799,
       -25.5000137
      ],
      [
       -48.7992781,
       -25.5000075
      ],
      [
       -48.7992761,
       -25.5000013
      ],
      [
       -48.7992738,
       -25.4999952
      ],
      [
       -48.7992037,
       -25.4998161
      ],
      [
       -48.7991287,
       -25.4996884
      ],
      [
       -48.7990408,
       -25.4995848
      ],
      [
       -48.7990377,
       -25.4995813
      ],
      [
       -48.7990346,
       -25.4995779
      ],
      [
       -48.7990313,
       -25.4995745
      ],
      [
       -48.799028,
       -25.4995712
      ],
      [
       -48.7990246,
       -25.499568
      ],
      [
       -48.7990211,
       -25.4995649
      ],
      [
       -48.7989285,
       -25.4994842
      ],
      [
       -48.7989247,
       -25.4994809
      ],
      [
       -48.7989208,
       -25.4994777
      ],
      [
       -48.7989168,
       -25.4994747
      ],
      [
       -48.7989127,
       -25.4994717
      ],
      [
       -48.7989085,
       -25.4994688
      ],
      [
       -48.7989042,
       -25.499466
      ],
      [
       -48.7987719,
       -25.4993826
      ],
      [
       -48.7987674,
       -25.4993799
      ],
      [
       -48.7987629,
       -25.4993773
      ],
      [
       -48.7987584,
       -25.4993748
      ],
      [
       -48.7987537,
       -25.4993724
      ],
      [
       -48.798749,
       -25.4993701
      ],
      [
       -48.7987442,
       -25.499368
      ],
      [
       -48.7986464,
       -25.4993256
      ],
      [
       -48.79861,
       -25.4993103
      ],
      [
       -48.7984425,
       -25.4992617
      ],
      [
       -48.7984382,
       -25.4992605
      ],
      [
       -48.7984338,
       -25.4992594
      ],
      [
       -48.7984294,
       -25.4992584
      ],
      [
       -48.7984251,
       -25.4992574
      ],
      [
       -48.7984206,
       -25.4992566
      ],
      [
       -48.7984162,
       -25.4992558
      ],
      [
       -48.7983438,
       -25.4992443
      ],
      [
       -48.798334,
       -25.4992423
      ],
      [
       -48.7983248,
       -25.4992394
      ],
      [
       -48.798316,
       -25.4992356
      ],
      [
       -48.7983078,
       -25.499231
      ],
      [
       -48.7983002,
       -25.4992255
      ],
      [
       -48.798293,
       -25.4992191
      ]
     ]
    ]
   },
   "properties": {
    "tipo": "quadra",
    "id": "quadra-153",
    "area_m2": 30892.21,
    "perimetro_m": 1391.71,
    "fracaoDentroDaGleba": 1
   }
  },
  {
   "type": "Feature",
   "geometry": {
    "type": "Polygon",
    "coordinates": [
     [
      [
       -48.7986464,
       -25.4993256
      ],
      [
       -48.7987442,
       -25.499368
      ],
      [
       -48.798749,
       -25.4993701
      ],
      [
       -48.7987537,
       -25.4993724
      ],
      [
       -48.7987584,
       -25.4993748
      ],
      [
       -48.7987629,
       -25.4993773
      ],
      [
       -48.7987674,
       -25.4993799
      ],
      [
       -48.7987719,
       -25.4993826
      ],
      [
       -48.7989042,
       -25.499466
      ],
      [
       -48.7989085,
       -25.4994688
      ],
      [
       -48.7989127,
       -25.4994717
      ],
      [
       -48.7989168,
       -25.4994747
      ],
      [
       -48.7989208,
       -25.4994777
      ],
      [
       -48.7989247,
       -25.4994809
      ],
      [
       -48.7989285,
       -25.4994842
      ],
      [
       -48.7990211,
       -25.4995649
      ],
      [
       -48.7990246,
       -25.499568
      ],
      [
       -48.799028,
       -25.4995712
      ],
      [
       -48.7990313,
       -25.4995745
      ],
      [
       -48.7990346,
       -25.4995779
      ],
      [
       -48.7990377,
       -25.4995813
      ],
      [
       -48.7990408,
       -25.4995848
      ],
      [
       -48.7991287,
       -25.4996884
      ],
      [
       -48.7991968,
       -25.4996524
      ],
      [
       -48.7991997,
       -25.4996508
      ],
      [
       -48.7992026,
       -25.4996491
      ],
      [
       -48.7992053,
       -25.4996473
      ],
      [
       -48.7992081,
       -25.4996454
      ],
      [
       -48.7992107,
       -25.4996434
      ],
      [
       -48.7992133,
       -25.4996414
      ],
      [
       -48.799348,
       -25.4995309
      ],
      [
       -48.7992373,
       -25.4994476
      ],
      [
       -48.7992343,
       -25.4994453
      ],
      [
       -48.7992311,
       -25.4994431
      ],
      [
       -48.799228,
       -25.499441
      ],
      [
       -48.7992248,
       -25.4994389
      ],
      [
       -48.7992215,
       -25.4994368
      ],
      [
       -48.7992182,
       -25.4994349
      ],
      [
       -48.7990945,
       -25.4993625
      ],
      [
       -48.7988945,
       -25.4992772
      ],
      [
       -48.7988904,
       -25.4992755
      ],
      [
       -48.7988863,
       -25.4992739
      ],
      [
       -48.7988822,
       -25.4992724
      ],
      [
       -48.798878,
       -25.499271
      ],
      [
       -48.7988738,
       -25.4992697
      ],
      [
       -48.7988695,
       -25.4992684
      ],
      [
       -48.7986511,
       -25.4992062
      ],
      [
       -48.79861,
       -25.4993103
      ],
      [
       -48.7986464,
       -25.4993256
      ]
     ]
    ]
   },
   "properties": {
    "tipo": "quadra",
    "id": "quadra-154",
    "area_m2": 1443.04,
    "perimetro_m": 187.94,
    "fracaoDentroDaGleba": 1
   }
  },
  {
   "type": "Feature",
   "geometry": {
    "type": "Polygon",
    "coordinates": [
     [
      [
       -48.7991287,
       -25.4996884
      ],
      [
       -48.7992037,
       -25.4998161
      ],
      [
       -48.7994085,
       -25.4997141
      ],
      [
       -48.7994104,
       -25.4997131
      ],
      [
       -48.7994123,
       -25.4997121
      ],
      [
       -48.7994141,
       -25.4997111
      ],
      [
       -48.7994159,
       -25.49971
      ],
      [
       -48.7994177,
       -25.4997089
      ],
      [
       -48.7994194,
       -25.4997078
      ],
      [
       -48.7994881,
       -25.4996622
      ],
      [
       -48.799348,
       -25.4995309
      ],
      [
       -48.7992133,
       -25.4996414
      ],
      [
       -48.7992107,
       -25.4996434
      ],
      [
       -48.7992081,
       -25.4996454
      ],
      [
       -48.7992053,
       -25.4996473
      ],
      [
       -48.7992026,
       -25.4996491
      ],
      [
       -48.7991997,
       -25.4996508
      ],
      [
       -48.7991968,
       -25.4996524
      ],
      [
       -48.7991287,
       -25.4996884
      ]
     ]
    ]
   },
   "properties": {
    "tipo": "quadra",
    "id": "quadra-155",
    "area_m2": 546.45,
    "perimetro_m": 97.86,
    "fracaoDentroDaGleba": 1
   }
  },
  {
   "type": "Feature",
   "geometry": {
    "type": "Polygon",
    "coordinates": [
     [
      [
       -48.7976292,
       -25.5008235
      ],
      [
       -48.7975383,
       -25.5007118
      ],
      [
       -48.7975348,
       -25.5007073
      ],
      [
       -48.7975314,
       -25.5007028
      ],
      [
       -48.7975282,
       -25.5006981
      ],
      [
       -48.7975251,
       -25.5006934
      ],
      [
       -48.7975222,
       -25.5006886
      ],
      [
       -48.7975195,
       -25.5006837
      ],
      [
       -48.7974545,
       -25.5005625
      ],
      [
       -48.7974524,
       -25.5005586
      ],
      [
       -48.7974505,
       -25.5005547
      ],
      [
       -48.7974487,
       -25.5005508
      ],
      [
       -48.797447,
       -25.5005468
      ],
      [
       -48.7974454,
       -25.5005428
      ],
      [
       -48.7974439,
       -25.5005387
      ],
      [
       -48.7974212,
       -25.5004746
      ],
      [
       -48.7973058,
       -25.5005044
      ],
      [
       -48.7973037,
       -25.5005049
      ],
      [
       -48.7973016,
       -25.5005053
      ],
      [
       -48.7972996,
       -25.5005058
      ],
      [
       -48.7972975,
       -25.5005062
      ],
      [
       -48.7972954,
       -25.5005065
      ],
      [
       -48.7972933,
       -25.5005068
      ],
      [
       -48.7966344,
       -25.5005959
      ],
      [
       -48.7966425,
       -25.5009568
      ],
      [
       -48.7966441,
       -25.5010264
      ],
      [
       -48.7969548,
       -25.5010185
      ],
      [
       -48.7969577,
       -25.5010184
      ],
      [
       -48.7969607,
       -25.5010182
      ],
      [
       -48.7969637,
       -25.5010179
      ],
      [
       -48.7969666,
       -25.5010176
      ],
      [
       -48.7969695,
       -25.5010172
      ],
      [
       -48.7969724,
       -25.5010166
      ],
      [
       -48.7972625,
       -25.5009613
      ],
      [
       -48.797265,
       -25.5009608
      ],
      [
       -48.7972673,
       -25.5009603
      ],
      [
       -48.7972697,
       -25.5009597
      ],
      [
       -48.7972721,
       -25.5009591
      ],
      [
       -48.7972744,
       -25.5009584
      ],
      [
       -48.7972767,
       -25.5009576
      ],
      [
       -48.7974915,
       -25.5008853
      ],
      [
       -48.7974931,
       -25.5008847
      ],
      [
       -48.7974948,
       -25.5008841
      ],
      [
       -48.7974964,
       -25.5008835
      ],
      [
       -48.7974981,
       -25.5008828
      ],
      [
       -48.7974997,
       -25.5008821
      ],
      [
       -48.7975013,
       -25.5008814
      ],
      [
       -48.7976292,
       -25.5008235
      ]
     ]
    ]
   },
   "properties": {
    "tipo": "quadra",
    "id": "quadra-156",
    "area_m2": 4374.35,
    "perimetro_m": 275.09,
    "fracaoDentroDaGleba": 1
   }
  },
  {
   "type": "Feature",
   "geometry": {
    "type": "Polygon",
    "coordinates": [
     [
      [
       -48.7974212,
       -25.5004746
      ],
      [
       -48.7973902,
       -25.5003373
      ],
      [
       -48.7966278,
       -25.5003074
      ],
      [
       -48.7966344,
       -25.5005959
      ],
      [
       -48.7972933,
       -25.5005068
      ],
      [
       -48.7972954,
       -25.5005065
      ],
      [
       -48.7972975,
       -25.5005062
      ],
      [
       -48.7972996,
       -25.5005058
      ],
      [
       -48.7973016,
       -25.5005053
      ],
      [
       -48.7973037,
       -25.5005049
      ],
      [
       -48.7973058,
       -25.5005044
      ],
      [
       -48.7974212,
       -25.5004746
      ]
     ]
    ]
   },
   "properties": {
    "tipo": "quadra",
    "id": "quadra-157",
    "area_m2": 1901.64,
    "perimetro_m": 204.54,
    "fracaoDentroDaGleba": 1
   }
  },
  {
   "type": "Feature",
   "geometry": {
    "type": "Polygon",
    "coordinates": [
     [
      [
       -48.7973902,
       -25.5003373
      ],
      [
       -48.7973754,
       -25.5002083
      ],
      [
       -48.7973749,
       -25.5002035
      ],
      [
       -48.7973746,
       -25.5001986
      ],
      [
       -48.7973744,
       -25.5001937
      ],
      [
       -48.7973743,
       -25.5001889
      ],
      [
       -48.7973744,
       -25.500184
      ],
      [
       -48.7973747,
       -25.5001791
      ],
      [
       -48.7973834,
       -25.5000439
      ],
      [
       -48.7973838,
       -25.5000391
      ],
      [
       -48.7973843,
       -25.5000343
      ],
      [
       -48.797385,
       -25.5000295
      ],
      [
       -48.7973858,
       -25.5000248
      ],
      [
       -48.7973867,
       -25.5000201
      ],
      [
       -48.7973878,
       -25.5000153
      ],
      [
       -48.7974225,
       -25.4998736
      ],
      [
       -48.7973464,
       -25.4998576
      ],
      [
       -48.7973425,
       -25.4998567
      ],
      [
       -48.7973387,
       -25.4998557
      ],
      [
       -48.797335,
       -25.4998546
      ],
      [
       -48.7973313,
       -25.4998533
      ],
      [
       -48.7973276,
       -25.4998519
      ],
      [
       -48.7973241,
       -25.4998503
      ],
      [
       -48.7967819,
       -25.4996029
      ],
      [
       -48.7967684,
       -25.4996375
      ],
      [
       -48.7967039,
       -25.4998087
      ],
      [
       -48.7967026,
       -25.4998122
      ],
      [
       -48.7967014,
       -25.4998158
      ],
      [
       -48.7967003,
       -25.4998195
      ],
      [
       -48.7966992,
       -25.4998231
      ],
      [
       -48.7966982,
       -25.4998268
      ],
      [
       -48.7966974,
       -25.4998304
      ],
      [
       -48.7966563,
       -25.5000103
      ],
      [
       -48.7966556,
       -25.5000134
      ],
      [
       -48.796655,
       -25.5000166
      ],
      [
       -48.7966544,
       -25.5000197
      ],
      [
       -48.7966539,
       -25.5000229
      ],
      [
       -48.7966535,
       -25.5000261
      ],
      [
       -48.7966531,
       -25.5000293
      ],
      [
       -48.7966347,
       -25.5001993
      ],
      [
       -48.7966278,
       -25.5003074
      ],
      [
       -48.7973902,
       -25.5003373
      ]
     ]
    ]
   },
   "properties": {
    "tipo": "quadra",
    "id": "quadra-158",
    "area_m2": 4744.24,
    "perimetro_m": 279.87,
    "fracaoDentroDaGleba": 1
   }
  },
  {
   "type": "Feature",
   "geometry": {
    "type": "Polygon",
    "coordinates": [
     [
      [
       -48.7974225,
       -25.4998736
      ],
      [
       -48.7974616,
       -25.4997764
      ],
      [
       -48.7968653,
       -25.4994406
      ],
      [
       -48.7967819,
       -25.4996029
      ],
      [
       -48.7973241,
       -25.4998503
      ],
      [
       -48.7973276,
       -25.4998519
      ],
      [
       -48.7973313,
       -25.4998533
      ],
      [
       -48.797335,
       -25.4998546
      ],
      [
       -48.7973387,
       -25.4998557
      ],
      [
       -48.7973425,
       -25.4998567
      ],
      [
       -48.7973464,
       -25.4998576
      ],
      [
       -48.7974225,
       -25.4998736
      ]
     ]
    ]
   },
   "properties": {
    "tipo": "quadra",
    "id": "quadra-159",
    "area_m2": 1166.92,
    "perimetro_m": 173.1,
    "fracaoDentroDaGleba": 1
   }
  },
  {
   "type": "Feature",
   "geometry": {
    "type": "Polygon",
    "coordinates": [
     [
      [
       -48.7974616,
       -25.4997764
      ],
      [
       -48.7975105,
       -25.499682
      ],
      [
       -48.7975134,
       -25.4996765
      ],
      [
       -48.7975166,
       -25.4996712
      ],
      [
       -48.7975199,
       -25.4996659
      ],
      [
       -48.7975234,
       -25.4996608
      ],
      [
       -48.7975272,
       -25.4996557
      ],
      [
       -48.7975311,
       -25.4996508
      ],
      [
       -48.7976545,
       -25.4995005
      ],
      [
       -48.7972309,
       -25.4990199
      ],
      [
       -48.7971106,
       -25.4991142
      ],
      [
       -48.7969722,
       -25.4992709
      ],
      [
       -48.7969687,
       -25.4992749
      ],
      [
       -48.7969654,
       -25.499279
      ],
      [
       -48.7969622,
       -25.4992832
      ],
      [
       -48.7969591,
       -25.4992875
      ],
      [
       -48.7969562,
       -25.4992919
      ],
      [
       -48.7969534,
       -25.4992963
      ],
      [
       -48.7968653,
       -25.4994406
      ],
      [
       -48.7974616,
       -25.4997764
      ]
     ]
    ]
   },
   "properties": {
    "tipo": "quadra",
    "id": "quadra-160",
    "area_m2": 3347.27,
    "perimetro_m": 234.99,
    "fracaoDentroDaGleba": 1
   }
  },
  {
   "type": "Feature",
   "geometry": {
    "type": "Polygon",
    "coordinates": [
     [
      [
       -48.79799,
       -25.4970492
      ],
      [
       -48.7980345,
       -25.4970997
      ],
      [
       -48.7980387,
       -25.4971043
      ],
      [
       -48.7980431,
       -25.4971088
      ],
      [
       -48.7980476,
       -25.4971132
      ],
      [
       -48.7980523,
       -25.4971174
      ],
      [
       -48.7980572,
       -25.4971214
      ],
      [
       -48.7980622,
       -25.4971254
      ],
      [
       -48.7982013,
       -25.4972311
      ],
      [
       -48.7982073,
       -25.4972354
      ],
      [
       -48.7982134,
       -25.4972396
      ],
      [
       -48.7982197,
       -25.4972435
      ],
      [
       -48.7982261,
       -25.4972471
      ],
      [
       -48.7982327,
       -25.4972506
      ],
      [
       -48.7982394,
       -25.4972538
      ],
      [
       -48.7984372,
       -25.4973444
      ],
      [
       -48.7986641,
       -25.4974095
      ],
      [
       -48.7990551,
       -25.4974716
      ],
      [
       -48.7992363,
       -25.4974705
      ],
      [
       -48.7992421,
       -25.4974704
      ],
      [
       -48.7992479,
       -25.4974702
      ],
      [
       -48.7992537,
       -25.4974697
      ],
      [
       -48.7992595,
       -25.4974692
      ],
      [
       -48.7992652,
       -25.4974685
      ],
      [
       -48.7992709,
       -25.4974676
      ],
      [
       -48.7994458,
       -25.4974385
      ],
      [
       -48.7995902,
       -25.4973745
      ],
      [
       -48.7996936,
       -25.4972675
      ],
      [
       -48.7997247,
       -25.4972131
      ],
      [
       -48.7997275,
       -25.497208
      ],
      [
       -48.7997301,
       -25.4972028
      ],
      [
       -48.7997326,
       -25.4971976
      ],
      [
       -48.7997348,
       -25.4971923
      ],
      [
       -48.7997369,
       -25.4971869
      ],
      [
       -48.7997388,
       -25.4971815
      ],
      [
       -48.7997706,
       -25.4970846
      ],
      [
       -48.7997721,
       -25.49708
      ],
      [
       -48.7997734,
       -25.4970753
      ],
      [
       -48.7997745,
       -25.4970706
      ],
      [
       -48.7997756,
       -25.4970659
      ],
      [
       -48.7997765,
       -25.4970611
      ],
      [
       -48.7997772,
       -25.4970563
      ],
      [
       -48.7998071,
       -25.4968479
      ],
      [
       -48.799512,
       -25.4968031
      ],
      [
       -48.7995084,
       -25.4968025
      ],
      [
       -48.7995048,
       -25.4968017
      ],
      [
       -48.7995013,
       -25.4968009
      ],
      [
       -48.7994977,
       -25.4967999
      ],
      [
       -48.7994943,
       -25.4967988
      ],
      [
       -48.7994908,
       -25.4967976
      ],
      [
       -48.799216,
       -25.4966959
      ],
      [
       -48.7992129,
       -25.4966947
      ],
      [
       -48.7992099,
       -25.4966934
      ],
      [
       -48.7992069,
       -25.496692
      ],
      [
       -48.799204,
       -25.4966905
      ],
      [
       -48.7992011,
       -25.496689
      ],
      [
       -48.7991983,
       -25.4966873
      ],
      [
       -48.7990134,
       -25.4965752
      ],
      [
       -48.7990111,
       -25.4965737
      ],
      [
       -48.7990088,
       -25.4965722
      ],
      [
       -48.7990066,
       -25.4965707
      ],
      [
       -48.7990045,
       -25.496569
      ],
      [
       -48.7990023,
       -25.4965674
      ],
      [
       -48.7990003,
       -25.4965657
      ],
      [
       -48.798927,
       -25.4965027
      ],
      [
       -48.7989253,
       -25.4965012
      ],
      [
       -48.7989237,
       -25.4964997
      ],
      [
       -48.798922,
       -25.4964981
      ],
      [
       -48.7989205,
       -25.4964965
      ],
      [
       -48.7989189,
       -25.4964949
      ],
      [
       -48.7989174,
       -25.4964932
      ],
      [
       -48.7988352,
       -25.496399
      ],
      [
       -48.7988322,
       -25.4963957
      ],
      [
       -48.7988291,
       -25.4963925
      ],
      [
       -48.7988257,
       -25.4963895
      ],
      [
       -48.7988223,
       -25.4963867
      ],
      [
       -48.7988186,
       -25.496384
      ],
      [
       -48.7988149,
       -25.4963814
      ],
      [
       -48.798786,
       -25.4963628
      ],
      [
       -48.7987774,
       -25.4963582
      ],
      [
       -48.7987689,
       -25.4963555
      ],
      [
       -48.7987604,
       -25.4963547
      ],
      [
       -48.798752,
       -25.4963559
      ],
      [
       -48.7987436,
       -25.4963589
      ],
      [
       -48.7987353,
       -25.4963638
      ],
      [
       -48.7987322,
       -25.496366
      ],
      [
       -48.7987253,
       -25.4963714
      ],
      [
       -48.798719,
       -25.4963772
      ],
      [
       -48.7987134,
       -25.4963835
      ],
      [
       -48.7987084,
       -25.4963902
      ],
      [
       -48.7987041,
       -25.4963974
      ],
      [
       -48.7987005,
       -25.496405
      ],
      [
       -48.7986583,
       -25.4965055
      ],
      [
       -48.7986572,
       -25.496508
      ],
      [
       -48.7986559,
       -25.4965106
      ],
      [
       -48.7986546,
       -25.4965131
      ],
      [
       -48.7986533,
       -25.4965155
      ],
      [
       -48.7986518,
       -25.496518
      ],
      [
       -48.7986502,
       -25.4965204
      ],
      [
       -48.7985799,
       -25.4966249
      ],
      [
       -48.7985785,
       -25.4966269
      ],
      [
       -48.798577,
       -25.4966289
      ],
      [
       -48.7985755,
       -25.4966308
      ],
      [
       -48.7985739,
       -25.4966328
      ],
      [
       -48.7985723,
       -25.4966346
      ],
      [
       -48.7985706,
       -25.4966365
      ],
      [
       -48.7985009,
       -25.4967104
      ],
      [
       -48.7984996,
       -25.4967118
      ],
      [
       -48.7984982,
       -25.4967132
      ],
      [
       -48.7984968,
       -25.4967145
      ],
      [
       -48.7984954,
       -25.4967158
      ],
      [
       -48.798494,
       -25.4967171
      ],
      [
       -48.7984925,
       -25.4967183
      ],
      [
       -48.7983534,
       -25.496834
      ],
      [
       -48.7983517,
       -25.4968353
      ],
      [
       -48.79835,
       -25.4968366
      ],
      [
       -48.7983483,
       -25.4968379
      ],
      [
       -48.7983466,
       -25.4968391
      ],
      [
       -48.7983448,
       -25.4968403
      ],
      [
       -48.798343,
       -25.4968415
      ],
      [
       -48.7980702,
       -25.4970135
      ],
      [
       -48.7980679,
       -25.4970149
      ],
      [
       -48.7980656,
       -25.4970163
      ],
      [
       -48.7980632,
       -25.4970176
      ],
      [
       -48.7980608,
       -25.4970188
      ],
      [
       -48.7980584,
       -25.4970199
      ],
      [
       -48.7980559,
       -25.497021
      ],
      [
       -48.79799,
       -25.4970492
      ]
     ]
    ]
   },
   "properties": {
    "tipo": "quadra",
    "id": "quadra-161",
    "area_m2": 12842.48,
    "perimetro_m": 474.3,
    "fracaoDentroDaGleba": 1
   }
  },
  {
   "type": "Feature",
   "geometry": {
    "type": "Polygon",
    "coordinates": [
     [
      [
       -48.7959273,
       -25.5026168
      ],
      [
       -48.7960486,
       -25.5026277
      ],
      [
       -48.7961237,
       -25.5026361
      ],
      [
       -48.7961282,
       -25.5026366
      ],
      [
       -48.7961327,
       -25.5026372
      ],
      [
       -48.7961371,
       -25.502638
      ],
      [
       -48.7961415,
       -25.5026388
      ],
      [
       -48.7961459,
       -25.5026397
      ],
      [
       -48.7961503,
       -25.5026407
      ],
      [
       -48.7963481,
       -25.5026881
      ],
      [
       -48.7963532,
       -25.5026894
      ],
      [
       -48.7963582,
       -25.5026908
      ],
      [
       -48.7963631,
       -25.5026923
      ],
      [
       -48.796368,
       -25.5026939
      ],
      [
       -48.7963729,
       -25.5026956
      ],
      [
       -48.7963777,
       -25.5026975
      ],
      [
       -48.7965285,
       -25.502758
      ],
      [
       -48.7965324,
       -25.5027595
      ],
      [
       -48.7965362,
       -25.5027612
      ],
      [
       -48.79654,
       -25.502763
      ],
      [
       -48.7965437,
       -25.5027648
      ],
      [
       -48.7965474,
       -25.5027666
      ],
      [
       -48.7965511,
       -25.5027686
      ],
      [
       -48.7966739,
       -25.502836
      ],
      [
       -48.7968394,
       -25.5025993
      ],
      [
       -48.7968409,
       -25.5025972
      ],
      [
       -48.7968423,
       -25.502595
      ],
      [
       -48.7968436,
       -25.5025927
      ],
      [
       -48.7968449,
       -25.5025905
      ],
      [
       -48.7968461,
       -25.5025882
      ],
      [
       -48.7968472,
       -25.5025858
      ],
      [
       -48.7968848,
       -25.5025043
      ],
      [
       -48.7968863,
       -25.502501
      ],
      [
       -48.7968875,
       -25.5024978
      ],
      [
       -48.7968887,
       -25.5024944
      ],
      [
       -48.7968897,
       -25.5024911
      ],
      [
       -48.7968905,
       -25.5024877
      ],
      [
       -48.7968912,
       -25.5024843
      ],
      [
       -48.7969543,
       -25.5021406
      ],
      [
       -48.7969545,
       -25.5021392
      ],
      [
       -48.7969548,
       -25.5021379
      ],
      [
       -48.7969549,
       -25.5021365
      ],
      [
       -48.7969551,
       -25.5021351
      ],
      [
       -48.7969553,
       -25.5021338
      ],
      [
       -48.7969554,
       -25.5021324
      ],
      [
       -48.7969665,
       -25.5019966
      ],
      [
       -48.7969666,
       -25.501994
      ],
      [
       -48.7969667,
       -25.5019913
      ],
      [
       -48.7969667,
       -25.5019887
      ],
      [
       -48.7969667,
       -25.5019861
      ],
      [
       -48.7969665,
       -25.5019834
      ],
      [
       -48.7969662,
       -25.5019808
      ],
      [
       -48.7969526,
       -25.5018585
      ],
      [
       -48.7969521,
       -25.501855
      ],
      [
       -48.7969515,
       -25.5018515
      ],
      [
       -48.7969507,
       -25.5018481
      ],
      [
       -48.7969498,
       -25.5018447
      ],
      [
       -48.7969488,
       -25.5018413
      ],
      [
       -48.7969476,
       -25.501838
      ],
      [
       -48.7969128,
       -25.5017468
      ],
      [
       -48.796911,
       -25.5017426
      ],
      [
       -48.7969091,
       -25.5017386
      ],
      [
       -48.7969069,
       -25.5017346
      ],
      [
       -48.7969046,
       -25.5017307
      ],
      [
       -48.796902,
       -25.5017269
      ],
      [
       -48.7968992,
       -25.5017232
      ],
      [
       -48.7968697,
       -25.5016865
      ],
      [
       -48.7968678,
       -25.5016842
      ],
      [
       -48.7968659,
       -25.501682
      ],
      [
       -48.7968638,
       -25.5016798
      ],
      [
       -48.7968617,
       -25.5016777
      ],
      [
       -48.7968595,
       -25.5016757
      ],
      [
       -48.7968572,
       -25.5016737
      ],
      [
       -48.7966746,
       -25.5015191
      ],
      [
       -48.7966726,
       -25.5015174
      ],
      [
       -48.7966705,
       -25.5015158
      ],
      [
       -48.7966684,
       -25.5015142
      ],
      [
       -48.7966662,
       -25.5015127
      ],
      [
       -48.796664,
       -25.5015112
      ],
      [
       -48.7966617,
       -25.5015098
      ],
      [
       -48.7966025,
       -25.5014742
      ],
      [
       -48.7963526,
       -25.501351
      ],
      [
       -48.7962406,
       -25.5015146
      ],
      [
       -48.7962367,
       -25.5015201
      ],
      [
       -48.7962326,
       -25.5015254
      ],
      [
       -48.7962283,
       -25.5015306
      ],
      [
       -48.7962238,
       -25.5015357
      ],
      [
       -48.7962191,
       -25.5015406
      ],
      [
       -48.7962142,
       -25.5015453
      ],
      [
       -48.7961746,
       -25.5015822
      ],
      [
       -48.7961662,
       -25.5015896
      ],
      [
       -48.7961574,
       -25.5015965
      ],
      [
       -48.7961481,
       -25.5016029
      ],
      [
       -48.7961385,
       -25.5016088
      ],
      [
       -48.7961284,
       -25.5016142
      ],
      [
       -48.796118,
       -25.5016191
      ],
      [
       -48.7958461,
       -25.5017371
      ],
      [
       -48.7958642,
       -25.5017997
      ],
      [
       -48.7958658,
       -25.5018066
      ],
      [
       -48.7958669,
       -25.5018135
      ],
      [
       -48.7958674,
       -25.5018204
      ],
      [
       -48.7958673,
       -25.5018273
      ],
      [
       -48.7958666,
       -25.5018342
      ],
      [
       -48.7958653,
       -25.5018411
      ],
      [
       -48.7958508,
       -25.5019035
      ],
      [
       -48.7958497,
       -25.5019092
      ],
      [
       -48.795849,
       -25.5019149
      ],
      [
       -48.7958487,
       -25.5019206
      ],
      [
       -48.7958488,
       -25.5019262
      ],
      [
       -48.7958493,
       -25.5019319
      ],
      [
       -48.7958502,
       -25.5019376
      ],
      [
       -48.7958838,
       -25.502112
      ],
      [
       -48.7958841,
       -25.5021134
      ],
      [
       -48.7958843,
       -25.5021149
      ],
      [
       -48.7958845,
       -25.5021163
      ],
      [
       -48.7958847,
       -25.5021177
      ],
      [
       -48.7958849,
       -25.5021192
      ],
      [
       -48.795885,
       -25.5021206
      ],
      [
       -48.7959273,
       -25.5026168
      ]
     ]
    ]
   },
   "properties": {
    "tipo": "quadra",
    "id": "quadra-162",
    "area_m2": 13192.09,
    "perimetro_m": 447.18,
    "fracaoDentroDaGleba": 0.8845
   }
  },
  {
   "type": "Feature",
   "geometry": {
    "type": "Polygon",
    "coordinates": [
     [
      [
       -48.7960486,
       -25.5026277
      ],
      [
       -48.7959273,
       -25.5026168
      ],
      [
       -48.7959449,
       -25.5030487
      ],
      [
       -48.7959449,
       -25.5030494
      ],
      [
       -48.795945,
       -25.5030501
      ],
      [
       -48.795945,
       -25.5030508
      ],
      [
       -48.795945,
       -25.5030515
      ],
      [
       -48.795945,
       -25.5030522
      ],
      [
       -48.795945,
       -25.5030529
      ],
      [
       -48.7959412,
       -25.5034019
      ],
      [
       -48.7959411,
       -25.503404
      ],
      [
       -48.795941,
       -25.5034061
      ],
      [
       -48.7959409,
       -25.5034082
      ],
      [
       -48.7959407,
       -25.5034103
      ],
      [
       -48.7959404,
       -25.5034124
      ],
      [
       -48.7959401,
       -25.5034145
      ],
      [
       -48.7959055,
       -25.5036229
      ],
      [
       -48.7959046,
       -25.5036296
      ],
      [
       -48.7959044,
       -25.5036362
      ],
      [
       -48.7959046,
       -25.5036428
      ],
      [
       -48.7959054,
       -25.5036494
      ],
      [
       -48.7959067,
       -25.5036559
      ],
      [
       -48.7959086,
       -25.5036624
      ],
      [
       -48.7959171,
       -25.503688
      ],
      [
       -48.7959187,
       -25.5036915
      ],
      [
       -48.7959207,
       -25.5036941
      ],
      [
       -48.7959232,
       -25.5036959
      ],
      [
       -48.7959263,
       -25.5036969
      ],
      [
       -48.7959298,
       -25.503697
      ],
      [
       -48.7959338,
       -25.5036963
      ],
      [
       -48.7959338,
       -25.5036963
      ],
      [
       -48.795938,
       -25.503695
      ],
      [
       -48.795942,
       -25.5036935
      ],
      [
       -48.7959458,
       -25.5036916
      ],
      [
       -48.7959494,
       -25.5036895
      ],
      [
       -48.7959528,
       -25.503687
      ],
      [
       -48.795956,
       -25.5036843
      ],
      [
       -48.7963048,
       -25.5033586
      ],
      [
       -48.7963071,
       -25.5033564
      ],
      [
       -48.7963094,
       -25.5033541
      ],
      [
       -48.7963115,
       -25.5033517
      ],
      [
       -48.7963136,
       -25.5033493
      ],
      [
       -48.7963155,
       -25.5033468
      ],
      [
       -48.7963174,
       -25.5033442
      ],
      [
       -48.7965896,
       -25.5029563
      ],
      [
       -48.7966739,
       -25.502836
      ],
      [
       -48.7965511,
       -25.5027686
      ],
      [
       -48.7965474,
       -25.5027666
      ],
      [
       -48.7965437,
       -25.5027648
      ],
      [
       -48.79654,
       -25.502763
      ],
      [
       -48.7965362,
       -25.5027612
      ],
      [
       -48.7965324,
       -25.5027595
      ],
      [
       -48.7965285,
       -25.502758
      ],
      [
       -48.7963777,
       -25.5026975
      ],
      [
       -48.7963729,
       -25.5026956
      ],
      [
       -48.796368,
       -25.5026939
      ],
      [
       -48.7963631,
       -25.5026923
      ],
      [
       -48.7963582,
       -25.5026908
      ],
      [
       -48.7963532,
       -25.5026894
      ],
      [
       -48.7963481,
       -25.5026881
      ],
      [
       -48.7961503,
       -25.5026407
      ],
      [
       -48.7961459,
       -25.5026397
      ],
      [
       -48.7961415,
       -25.5026388
      ],
      [
       -48.7961371,
       -25.502638
      ],
      [
       -48.7961327,
       -25.5026372
      ],
      [
       -48.7961282,
       -25.5026366
      ],
      [
       -48.7961237,
       -25.5026361
      ],
      [
       -48.7960486,
       -25.5026277
      ]
     ]
    ]
   },
   "properties": {
    "tipo": "quadra",
    "id": "quadra-163",
    "area_m2": 5126.55,
    "perimetro_m": 322.92,
    "fracaoDentroDaGleba": 0.1306
   }
  },
  {
   "type": "Feature",
   "geometry": {
    "type": "Polygon",
    "coordinates": [
     [
      [
       -48.7969194,
       -25.5029914
      ],
      [
       -48.7966739,
       -25.502836
      ],
      [
       -48.7965896,
       -25.5029563
      ],
      [
       -48.7966821,
       -25.5030313
      ],
      [
       -48.7966882,
       -25.5030365
      ],
      [
       -48.796694,
       -25.5030418
      ],
      [
       -48.7966996,
       -25.5030474
      ],
      [
       -48.7967049,
       -25.5030531
      ],
      [
       -48.7967099,
       -25.5030591
      ],
      [
       -48.7967147,
       -25.5030653
      ],
      [
       -48.7968744,
       -25.5032809
      ],
      [
       -48.7971207,
       -25.5031591
      ],
      [
       -48.7969412,
       -25.5030074
      ],
      [
       -48.7969377,
       -25.5030045
      ],
      [
       -48.7969342,
       -25.5030017
      ],
      [
       -48.7969306,
       -25.502999
      ],
      [
       -48.7969269,
       -25.5029964
      ],
      [
       -48.7969232,
       -25.5029939
      ],
      [
       -48.7969194,
       -25.5029914
      ]
     ]
    ]
   },
   "properties": {
    "tipo": "quadra",
    "id": "quadra-164",
    "area_m2": 1089.24,
    "perimetro_m": 147.82,
    "fracaoDentroDaGleba": 0.9722
   }
  },
  {
   "type": "Feature",
   "geometry": {
    "type": "Polygon",
    "coordinates": [
     [
      [
       -48.7966025,
       -25.5014742
      ],
      [
       -48.7966227,
       -25.5014323
      ],
      [
       -48.7966277,
       -25.501421
      ],
      [
       -48.7966317,
       -25.5014096
      ],
      [
       -48.796635,
       -25.501398
      ],
      [
       -48.7966373,
       -25.5013862
      ],
      [
       -48.7966388,
       -25.5013743
      ],
      [
       -48.7966394,
       -25.5013622
      ],
      [
       -48.7966441,
       -25.5010264
      ],
      [
       -48.7964867,
       -25.5010298
      ],
      [
       -48.796461,
       -25.5011495
      ],
      [
       -48.7964589,
       -25.5011583
      ],
      [
       -48.7964563,
       -25.5011669
      ],
      [
       -48.7964532,
       -25.5011754
      ],
      [
       -48.7964497,
       -25.5011837
      ],
      [
       -48.7964457,
       -25.5011919
      ],
      [
       -48.7964413,
       -25.5012
      ],
      [
       -48.7963526,
       -25.501351
      ],
      [
       -48.7966025,
       -25.5014742
      ]
     ]
    ]
   },
   "properties": {
    "tipo": "quadra",
    "id": "quadra-165",
    "area_m2": 950.15,
    "perimetro_m": 133.11,
    "fracaoDentroDaGleba": 1
   }
  },
  {
   "type": "Feature",
   "geometry": {
    "type": "Polygon",
    "coordinates": [
     [
      [
       -48.7969496,
       -25.5034015
      ],
      [
       -48.7968744,
       -25.5032809
      ],
      [
       -48.7963873,
       -25.5035218
      ],
      [
       -48.796417,
       -25.5036965
      ],
      [
       -48.7970484,
       -25.5036239
      ],
      [
       -48.7969616,
       -25.5034242
      ],
      [
       -48.7969598,
       -25.5034203
      ],
      [
       -48.796958,
       -25.5034165
      ],
      [
       -48.7969561,
       -25.5034126
      ],
      [
       -48.796954,
       -25.5034089
      ],
      [
       -48.7969519,
       -25.5034052
      ],
      [
       -48.7969496,
       -25.5034015
      ]
     ]
    ]
   },
   "properties": {
    "tipo": "quadra",
    "id": "quadra-166",
    "area_m2": 1819.54,
    "perimetro_m": 181.27,
    "fracaoDentroDaGleba": 0
   }
  }
 ]
}
