{
 "type": "FeatureCollection",
 "archilly": {
  "schema": "archilly-terreno",
  "versao": "1.1",
  "origem": "archilly-lab LAB-01 · gerar-terrenos.ts",
  "geradoEm": "2026-09-10T00:00:00.000Z",
  "estudoId": "completo",
  "empreendimento": {
   "nome": "Fazenda Recanto das Águas",
   "id": "completo"
  },
  "crsTrabalho": null,
  "procedencia": "Números do estudo de prova \"completo\" do Archilly Geo (src/lib/geo/relatorio/__tests__/estudos-de-prova.ts, SINTESE_COMPLETA): área bruta 1.417.577,87 m² (141,76 ha), 20 vértices, UTM 22S, Antonina/PR, matrícula 10123, SIGEF 7020130007283, área de documento 1.417.609 m², cota 4,2 a 118,75 m (desnível 114,55 m), curvas de 5 m, zonas ZR-3 e ZR-2, e as três restrições com as áreas exatas de lá (APP hídrica 51.230,4 m², reserva legal do CAR 283.515,6 m², APP de encosta 8.904,15 m²). Aquele estudo NÃO tem geometria, então a poligonal de 20 vértices foi construída e escalada para a área bater, e as restrições foram posicionadas dentro dela com as áreas declaradas. O perímetro do estudo é 5.842,4 m; o desta poligonal é o que a geometria dá, e está registrado no arquivo.",
  "sintese": {
   "areaBruta_m2": 1417577.87,
   "areaLiquida_m2": 1073927.72,
   "areaParcelavel_m2": 1073927.72,
   "restricoes": [
    {
     "tipo": "app_rio",
     "area_m2": 51230.4,
     "desconta": true
    },
    {
     "tipo": "reserva_legal",
     "area_m2": 283515.6,
     "desconta": true
    },
    {
     "tipo": "app_declividade",
     "area_m2": 8904.15,
     "desconta": true
    }
   ],
   "restricoesDetalhadas": [
    {
     "id": "app-hidrica",
     "nome": "APP hídrica — faixa de 30 m",
     "area_m2": 51230.4,
     "padraoLigada": true
    },
    {
     "id": "car-reserva",
     "nome": "Reserva legal (CAR)",
     "area_m2": 283515.6,
     "padraoLigada": true
    },
    {
     "id": "app-relevo",
     "nome": "APP de encosta",
     "area_m2": 8904.15,
     "padraoLigada": true
    }
   ],
   "relevo": {
    "cotaMin": 4.2,
    "cotaMax": 118.75,
    "desnivel": 114.55,
    "classesDeclividade": [],
    "fonteMdt": "superfície analítica do gerador do LAB-01",
    "resolucao_m": 9.390425891613807
   }
  }
 },
 "features": [
  {
   "type": "Feature",
   "geometry": {
    "type": "Polygon",
    "coordinates": [
     [
      [
       -48.699482215,
       -25.42
      ],
      [
       -48.702769441,
       -25.421536167
      ],
      [
       -48.705923714,
       -25.421936494
      ],
      [
       -48.705920594,
       -25.423671354
      ],
      [
       -48.70752338,
       -25.424983951
      ],
      [
       -48.71,
       -25.426045858
      ],
      [
       -48.712657471,
       -25.425347895
      ],
      [
       -48.715022405,
       -25.424520028
      ],
      [
       -48.717064408,
       -25.423356041
      ],
      [
       -48.715280664,
       -25.421121902
      ],
      [
       -48.715892872,
       -25.42
      ],
      [
       -48.717781617,
       -25.418346758
      ],
      [
       -48.718150277,
       -25.416128102
      ],
      [
       -48.715810609,
       -25.41477061
      ],
      [
       -48.712073971,
       -25.415826339
      ],
      [
       -48.71,
       -25.415315445
      ],
      [
       -48.707779719,
       -25.415531906
      ],
      [
       -48.706139287,
       -25.416525463
      ],
      [
       -48.703451971,
       -25.416889272
      ],
      [
       -48.701275384,
       -25.418146414
      ],
      [
       -48.699482215,
       -25.42
      ]
     ]
    ]
   },
   "properties": {
    "tipo": "terreno",
    "nome": "Fazenda Recanto das Águas",
    "origem": "sigef",
    "areaDocumento_m2": 1417609,
    "areaCalculada_m2": 1417577.87,
    "metodoArea": "plano_local",
    "perimetro_m": 5228.32,
    "vertices": 20,
    "datum": "SIRGAS 2000",
    "zonaUtm": "UTM 22S",
    "matricula": "10123",
    "cartorioCns": "07.971-5",
    "codigoIncra": null,
    "certificacaoSigef": "7020130007283",
    "numeroCar": "PR-4101408-A1B2",
    "municipio": "Antonina",
    "uf": "PR",
    "rural": true
   }
  },
  {
   "type": "Feature",
   "geometry": {
    "type": "LineString",
    "coordinates": [
     [
      -48.708503475,
      -25.413414337
     ],
     [
      -48.708442885,
      -25.413462285
     ],
     [
      -48.708382406,
      -25.413499104
     ],
     [
      -48.708349545,
      -25.413517345
     ],
     [
      -48.708256204,
      -25.413551687
     ],
     [
      -48.708162864,
      -25.413567639
     ],
     [
      -48.708069524,
      -25.413564535
     ],
     [
      -48.707976183,
      -25.413542537
     ],
     [
      -48.707882843,
      -25.413502616
     ],
     [
      -48.707789503,
      -25.41344037
     ],
     [
      -48.707758899,
      -25.413414337
     ]
    ]
   },
   "properties": {
    "tipo": "curva_nivel",
    "cota_m": 5,
    "equidistancia_m": 5
   }
  },
  {
   "type": "Feature",
   "geometry": {
    "type": "LineString",
    "coordinates": [
     [
      -48.709170094,
      -25.413414337
     ],
     [
      -48.709113466,
      -25.413499104
     ],
     [
      -48.709096267,
      -25.413524302
     ],
     [
      -48.709053593,
      -25.413583871
     ],
     [
      -48.709002927,
      -25.413653697
     ],
     [
      -48.709002927,
      -25.413653697
     ]
    ]
   },
   "properties": {
    "tipo": "curva_nivel",
    "cota_m": 10,
    "equidistancia_m": 5
   }
  },
  {
   "type": "Feature",
   "geometry": {
    "type": "LineString",
    "coordinates": [
     [
      -48.707117156,
      -25.413414337
     ],
     [
      -48.707136121,
      -25.41344393
     ],
     [
      -48.707173187,
      -25.413499104
     ],
     [
      -48.707229461,
      -25.413581369
     ],
     [
      -48.707231281,
      -25.413583871
     ],
     [
      -48.707294895,
      -25.413668638
     ],
     [
      -48.707322801,
      -25.413705344
     ],
     [
      -48.707362364,
      -25.413753405
     ],
     [
      -48.707416142,
      -25.41381793
     ],
     [
      -48.707434747,
      -25.413838172
     ],
     [
      -48.707509482,
      -25.413918511
     ],
     [
      -48.707514127,
      -25.413922939
     ],
     [
      -48.707602822,
      -25.414006555
     ],
     [
      -48.707604239,
      -25.414007706
     ],
     [
      -48.707696163,
      -25.414081691
     ],
     [
      -48.707712312,
      -25.414092473
     ],
     [
      -48.707789503,
      -25.414143636
     ],
     [
      -48.707854112,
      -25.41417724
     ],
     [
      -48.707854112,
      -25.41417724
     ]
    ]
   },
   "properties": {
    "tipo": "curva_nivel",
    "cota_m": 10,
    "equidistancia_m": 5
   }
  },
  {
   "type": "Feature",
   "geometry": {
    "type": "LineString",
    "coordinates": [
     [
      -48.708991369,
      -25.413668638
     ],
     [
      -48.708924539,
      -25.413753405
     ],
     [
      -48.708909587,
      -25.413772141
     ],
     [
      -48.708852193,
      -25.413838172
     ],
     [
      -48.708816246,
      -25.413879124
     ],
     [
      -48.708773427,
      -25.413922939
     ],
     [
      -48.708722906,
      -25.413974081
     ],
     [
      -48.70868488,
      -25.414007706
     ],
     [
      -48.708629566,
      -25.414056069
     ],
     [
      -48.70858009,
      -25.414092473
     ],
     [
      -48.708536225,
      -25.414124382
     ],
     [
      -48.708445101,
      -25.41417724
     ],
     [
      -48.708442885,
      -25.414178512
     ],
     [
      -48.708349545,
      -25.414217735
     ],
     [
      -48.708256204,
      -25.414242214
     ],
     [
      -48.708162864,
      -25.414251771
     ],
     [
      -48.708069524,
      -25.414246428
     ],
     [
      -48.707976183,
      -25.414226405
     ],
     [
      -48.707882843,
      -25.414192115
     ]
    ]
   },
   "properties": {
    "tipo": "curva_nivel",
    "cota_m": 10,
    "equidistancia_m": 5
   }
  },
  {
   "type": "Feature",
   "geometry": {
    "type": "LineString",
    "coordinates": [
     [
      -48.70959228,
      -25.413414337
     ],
     [
      -48.709562969,
      -25.413458213
     ],
     [
      -48.709535537,
      -25.413499104
     ],
     [
      -48.709479232,
      -25.413583871
     ],
     [
      -48.709469628,
      -25.413598407
     ],
     [
      -48.709422436,
      -25.413668638
     ],
     [
      -48.709376288,
      -25.413738509
     ],
     [
      -48.709376288,
      -25.413738509
     ]
    ]
   },
   "properties": {
    "tipo": "curva_nivel",
    "cota_m": 15,
    "equidistancia_m": 5
   }
  },
  {
   "type": "Feature",
   "geometry": {
    "type": "LineString",
    "coordinates": [
     [
      -48.70672546,
      -25.413414337
     ],
     [
      -48.706762759,
      -25.413473037
     ],
     [
      -48.706779576,
      -25.413499104
     ],
     [
      -48.706834424,
      -25.413583871
     ],
     [
      -48.706834424,
      -25.413583871
     ]
    ]
   },
   "properties": {
    "tipo": "curva_nivel",
    "cota_m": 15,
    "equidistancia_m": 5
   }
  },
  {
   "type": "Feature",
   "geometry": {
    "type": "LineString",
    "coordinates": [
     [
      -48.7068561,
      -25.413617497
     ],
     [
      -48.706889977,
      -25.413668638
     ],
     [
      -48.70694559,
      -25.413753405
     ],
     [
      -48.707003277,
      -25.413838172
     ],
     [
      -48.70704278,
      -25.413896862
     ],
     [
      -48.707061232,
      -25.413922939
     ],
     [
      -48.707120742,
      -25.414007706
     ],
     [
      -48.707120742,
      -25.414007706
     ]
    ]
   },
   "properties": {
    "tipo": "curva_nivel",
    "cota_m": 15,
    "equidistancia_m": 5
   }
  },
  {
   "type": "Feature",
   "geometry": {
    "type": "LineString",
    "coordinates": [
     [
      -48.709366179,
      -25.413753405
     ],
     [
      -48.709309064,
      -25.413838172
     ],
     [
      -48.709282948,
      -25.413877558
     ],
     [
      -48.709251597,
      -25.413922939
     ],
     [
      -48.70919399,
      -25.414007706
     ],
     [
      -48.709189607,
      -25.414014243
     ],
     [
      -48.709134139,
      -25.414092473
     ],
     [
      -48.709096267,
      -25.414146866
     ],
     [
      -48.709096267,
      -25.414146866
     ]
    ]
   },
   "properties": {
    "tipo": "curva_nivel",
    "cota_m": 15,
    "equidistancia_m": 5
   }
  },
  {
   "type": "Feature",
   "geometry": {
    "type": "LineString",
    "coordinates": [
     [
      -48.707136121,
      -25.414029839
     ],
     [
      -48.707182491,
      -25.414092473
     ],
     [
      -48.707229461,
      -25.414156861
     ],
     [
      -48.707245503,
      -25.41417724
     ],
     [
      -48.707311449,
      -25.414262007
     ],
     [
      -48.707311449,
      -25.414262007
     ]
    ]
   },
   "properties": {
    "tipo": "curva_nivel",
    "cota_m": 15,
    "equidistancia_m": 5
   }
  },
  {
   "type": "Feature",
   "geometry": {
    "type": "LineString",
    "coordinates": [
     [
      -48.70907359,
      -25.41417724
     ],
     [
      -48.709011251,
      -25.414262007
     ],
     [
      -48.709002927,
      -25.414273512
     ],
     [
      -48.708944994,
      -25.414346774
     ],
     [
      -48.708909587,
      -25.414392217
     ],
     [
      -48.708875452,
      -25.414431542
     ],
     [
      -48.708816246,
      -25.414500549
     ],
     [
      -48.708816246,
      -25.414500549
     ]
    ]
   },
   "properties": {
    "tipo": "curva_nivel",
    "cota_m": 15,
    "equidistancia_m": 5
   }
  },
  {
   "type": "Feature",
   "geometry": {
    "type": "LineString",
    "coordinates": [
     [
      -48.707322801,
      -25.4142768
     ],
     [
      -48.707381686,
      -25.414346774
     ],
     [
      -48.707416142,
      -25.414388367
     ],
     [
      -48.707456018,
      -25.414431542
     ],
     [
      -48.707509482,
      -25.414490309
     ],
     [
      -48.707536388,
      -25.414516309
     ],
     [
      -48.707602822,
      -25.414581469
     ],
     [
      -48.707626138,
      -25.414601076
     ],
     [
      -48.707696163,
      -25.41466085
     ],
     [
      -48.707731454,
      -25.414685843
     ],
     [
      -48.707789503,
      -25.414727596
     ],
     [
      -48.707864978,
      -25.41477061
     ],
     [
      -48.707864978,
      -25.41477061
     ]
    ]
   },
   "properties": {
    "tipo": "curva_nivel",
    "cota_m": 15,
    "equidistancia_m": 5
   }
  },
  {
   "type": "Feature",
   "geometry": {
    "type": "LineString",
    "coordinates": [
     [
      -48.708800821,
      -25.414516309
     ],
     [
      -48.708722906,
      -25.414596603
     ],
     [
      -48.708722906,
      -25.414596603
     ],
     [
      -48.708629566,
      -25.414678803
     ],
     [
      -48.708629566,
      -25.414678803
     ]
    ]
   },
   "properties": {
    "tipo": "curva_nivel",
    "cota_m": 15,
    "equidistancia_m": 5
   }
  },
  {
   "type": "Feature",
   "geometry": {
    "type": "LineString",
    "coordinates": [
     [
      -48.708619754,
      -25.414685843
     ],
     [
      -48.708536225,
      -25.41474596
     ],
     [
      -48.708491383,
      -25.41477061
     ],
     [
      -48.708442885,
      -25.41479729
     ],
     [
      -48.708349545,
      -25.414832706
     ],
     [
      -48.708256204,
      -25.41485232
     ],
     [
      -48.708189696,
      -25.414855377
     ],
     [
      -48.708162864,
      -25.414856609
     ],
     [
      -48.708152305,
      -25.414855377
     ],
     [
      -48.708069524,
      -25.414845922
     ],
     [
      -48.707976183,
      -25.414820622
     ],
     [
      -48.707882843,
      -25.414780961
     ]
    ]
   },
   "properties": {
    "tipo": "curva_nivel",
    "cota_m": 15,
    "equidistancia_m": 5
   }
  },
  {
   "type": "Feature",
   "geometry": {
    "type": "LineString",
    "coordinates": [
     [
      -48.709957453,
      -25.413414337
     ],
     [
      -48.70993633,
      -25.413442687
     ],
     [
      -48.709895027,
      -25.413499104
     ],
     [
      -48.70984299,
      -25.413572324
     ],
     [
      -48.70984299,
      -25.413572324
     ]
    ]
   },
   "properties": {
    "tipo": "curva_nivel",
    "cota_m": 20,
    "equidistancia_m": 5
   }
  },
  {
   "type": "Feature",
   "geometry": {
    "type": "LineString",
    "coordinates": [
     [
      -48.706398454,
      -25.413414337
     ],
     [
      -48.706456302,
      -25.413499104
     ],
     [
      -48.706482738,
      -25.413538664
     ],
     [
      -48.706512984,
      -25.413583871
     ],
     [
      -48.706568483,
      -25.413668638
     ],
     [
      -48.706568483,
      -25.413668638
     ]
    ]
   },
   "properties": {
    "tipo": "curva_nivel",
    "cota_m": 20,
    "equidistancia_m": 5
   }
  },
  {
   "type": "Feature",
   "geometry": {
    "type": "LineString",
    "coordinates": [
     [
      -48.709834861,
      -25.413583871
     ],
     [
      -48.709776319,
      -25.413668638
     ],
     [
      -48.709749649,
      -25.413708445
     ],
     [
      -48.709719484,
      -25.413753405
     ],
     [
      -48.709664343,
      -25.413838172
     ],
     [
      -48.709656309,
      -25.413850863
     ],
     [
      -48.7096101,
      -25.413922939
     ],
     [
      -48.709562969,
      -25.413999175
     ],
     [
      -48.709562969,
      -25.413999175
     ]
    ]
   },
   "properties": {
    "tipo": "curva_nivel",
    "cota_m": 20,
    "equidistancia_m": 5
   }
  },
  {
   "type": "Feature",
   "geometry": {
    "type": "LineString",
    "coordinates": [
     [
      -48.706576079,
      -25.413680401
     ],
     [
      -48.706623765,
      -25.413753405
     ],
     [
      -48.706669419,
      -25.413825239
     ],
     [
      -48.706677801,
      -25.413838172
     ],
     [
      -48.706731908,
      -25.413922939
     ],
     [
      -48.706762759,
      -25.413972551
     ],
     [
      -48.706785286,
      -25.414007706
     ],
     [
      -48.706838379,
      -25.414092473
     ],
     [
      -48.706838379,
      -25.414092473
     ]
    ]
   },
   "properties": {
    "tipo": "curva_nivel",
    "cota_m": 20,
    "equidistancia_m": 5
   }
  },
  {
   "type": "Feature",
   "geometry": {
    "type": "LineString",
    "coordinates": [
     [
      -48.70955758,
      -25.414007706
     ],
     [
      -48.70950551,
      -25.414092473
     ],
     [
      -48.709469628,
      -25.41415308
     ],
     [
      -48.709469628,
      -25.41415308
     ]
    ]
   },
   "properties": {
    "tipo": "curva_nivel",
    "cota_m": 20,
    "equidistancia_m": 5
   }
  },
  {
   "type": "Feature",
   "geometry": {
    "type": "LineString",
    "coordinates": [
     [
      -48.7068561,
      -25.41412145
     ],
     [
      -48.706891633,
      -25.41417724
     ],
     [
      -48.706944156,
      -25.414262007
     ],
     [
      -48.706997916,
      -25.414346774
     ],
     [
      -48.70704278,
      -25.414419177
     ],
     [
      -48.707050927,
      -25.414431542
     ],
     [
      -48.707105496,
      -25.414516309
     ],
     [
      -48.707136121,
      -25.414565136
     ],
     [
      -48.707160383,
      -25.414601076
     ],
     [
      -48.707216266,
      -25.414685843
     ],
     [
      -48.707216266,
      -25.414685843
     ]
    ]
   },
   "properties": {
    "tipo": "curva_nivel",
    "cota_m": 20,
    "equidistancia_m": 5
   }
  },
  {
   "type": "Feature",
   "geometry": {
    "type": "LineString",
    "coordinates": [
     [
      -48.709454836,
      -25.41417724
     ],
     [
      -48.709404611,
      -25.414262007
     ],
     [
      -48.709376288,
      -25.414311582
     ],
     [
      -48.709376288,
      -25.414311582
     ]
    ]
   },
   "properties": {
    "tipo": "curva_nivel",
    "cota_m": 20,
    "equidistancia_m": 5
   }
  },
  {
   "type": "Feature",
   "geometry": {
    "type": "LineString",
    "coordinates": [
     [
      -48.709355224,
      -25.414346774
     ],
     [
      -48.709306209,
      -25.414431542
     ],
     [
      -48.709282948,
      -25.41447323
     ],
     [
      -48.709257406,
      -25.414516309
     ],
     [
      -48.709208772,
      -25.414601076
     ],
     [
      -48.709189607,
      -25.414635607
     ],
     [
      -48.709159506,
      -25.414685843
     ],
     [
      -48.709110057,
      -25.41477061
     ],
     [
      -48.709096267,
      -25.414794926
     ],
     [
      -48.709058565,
      -25.414855377
     ],
     [
      -48.709006433,
      -25.414940144
     ],
     [
      -48.709002927,
      -25.414945967
     ],
     [
      -48.708949478,
      -25.415024911
     ],
     [
      -48.708909587,
      -25.415083737
     ],
     [
      -48.708909587,
      -25.415083737
     ]
    ]
   },
   "properties": {
    "tipo": "curva_nivel",
    "cota_m": 20,
    "equidistancia_m": 5
   }
  },
  {
   "type": "Feature",
   "geometry": {
    "type": "LineString",
    "coordinates": [
     [
      -48.707229461,
      -25.41470632
     ],
     [
      -48.707274633,
      -25.41477061
     ],
     [
      -48.707322801,
      -25.414840578
     ],
     [
      -48.707334056,
      -25.414855377
     ],
     [
      -48.707397377,
      -25.414940144
     ],
     [
      -48.707397377,
      -25.414940144
     ]
    ]
   },
   "properties": {
    "tipo": "curva_nivel",
    "cota_m": 20,
    "equidistancia_m": 5
   }
  },
  {
   "type": "Feature",
   "geometry": {
    "type": "LineString",
    "coordinates": [
     [
      -48.707416142,
      -25.414965649
     ],
     [
      -48.707465064,
      -25.415024911
     ],
     [
      -48.707509482,
      -25.415079328
     ],
     [
      -48.70753776,
      -25.415109678
     ],
     [
      -48.707602822,
      -25.415180074
     ],
     [
      -48.707618298,
      -25.415194445
     ],
     [
      -48.707696163,
      -25.41526713
     ],
     [
      -48.707711635,
      -25.415279212
     ],
     [
      -48.707789503,
      -25.415340194
     ],
     [
      -48.707827041,
      -25.415363979
     ],
     [
      -48.707882843,
      -25.415399375
     ],
     [
      -48.707976183,
      -25.415445091
     ],
     [
      -48.707986751,
      -25.415448746
     ],
     [
      -48.708069524,
      -25.415477491
     ],
     [
      -48.708162864,
      -25.415496851
     ],
     [
      -48.708256204,
      -25.415502962
     ],
     [
      -48.708349545,
      -25.415495257
     ],
     [
      -48.708442885,
      -25.415472776
     ],
     [
      -48.708501635,
      -25.415448746
     ],
     [
      -48.708536225,
      -25.415434078
     ],
     [
      -48.708629566,
      -25.415377295
     ],
     [
      -48.708722906,
      -25.415300631
     ],
     [
      -48.708816246,
      -25.415202586
     ],
     [
      -48.708889346,
      -25.415109678
     ]
    ]
   },
   "properties": {
    "tipo": "curva_nivel",
    "cota_m": 20,
    "equidistancia_m": 5
   }
  },
  {
   "type": "Feature",
   "geometry": {
    "type": "LineString",
    "coordinates": [
     [
      -48.716574766,
      -25.413414337
     ],
     [
      -48.716563492,
      -25.41347231
     ],
     [
      -48.716563492,
      -25.41347231
     ]
    ]
   },
   "properties": {
    "tipo": "curva_nivel",
    "cota_m": 25,
    "equidistancia_m": 5
   }
  },
  {
   "type": "Feature",
   "geometry": {
    "type": "LineString",
    "coordinates": [
     [
      -48.714985935,
      -25.413414337
     ],
     [
      -48.715026655,
      -25.413499104
     ],
     [
      -48.715067416,
      -25.413583871
     ],
     [
      -48.715111836,
      -25.413668638
     ],
     [
      -48.715155793,
      -25.413753405
     ],
     [
      -48.715155793,
      -25.413753405
     ]
    ]
   },
   "properties": {
    "tipo": "curva_nivel",
    "cota_m": 25,
    "equidistancia_m": 5
   }
  },
  {
   "type": "Feature",
   "geometry": {
    "type": "LineString",
    "coordinates": [
     [
      -48.710306505,
      -25.413414337
     ],
     [
      -48.710234892,
      -25.413499104
     ],
     [
      -48.710216351,
      -25.41352185
     ],
     [
      -48.710167233,
      -25.413583871
     ],
     [
      -48.710123011,
      -25.413641957
     ],
     [
      -48.710123011,
      -25.413641957
     ]
    ]
   },
   "properties": {
    "tipo": "curva_nivel",
    "cota_m": 25,
    "equidistancia_m": 5
   }
  },
  {
   "type": "Feature",
   "geometry": {
    "type": "LineString",
    "coordinates": [
     [
      -48.706099952,
      -25.413414337
     ],
     [
      -48.706109377,
      -25.413426721
     ],
     [
      -48.70616339,
      -25.413499104
     ],
     [
      -48.706202718,
      -25.413553594
     ],
     [
      -48.706224294,
      -25.413583871
     ],
     [
      -48.706283036,
      -25.413668638
     ],
     [
      -48.706283036,
      -25.413668638
     ]
    ]
   },
   "properties": {
    "tipo": "curva_nivel",
    "cota_m": 25,
    "equidistancia_m": 5
   }
  },
  {
   "type": "Feature",
   "geometry": {
    "type": "LineString",
    "coordinates": [
     [
      -48.716557819,
      -25.413499104
     ],
     [
      -48.716534925,
      -25.413583871
     ],
     [
      -48.716508441,
      -25.413668638
     ],
     [
      -48.716479208,
      -25.413753405
     ],
     [
      -48.716470152,
      -25.413777593
     ],
     [
      -48.716444565,
      -25.413838172
     ],
     [
      -48.716406889,
      -25.413922939
     ],
     [
      -48.716376812,
      -25.413988591
     ],
     [
      -48.716376812,
      -25.413988591
     ]
    ]
   },
   "properties": {
    "tipo": "curva_nivel",
    "cota_m": 25,
    "equidistancia_m": 5
   }
  },
  {
   "type": "Feature",
   "geometry": {
    "type": "LineString",
    "coordinates": [
     [
      -48.71010313,
      -25.413668638
     ],
     [
      -48.710042268,
      -25.413753405
     ],
     [
      -48.71002967,
      -25.413771641
     ],
     [
      -48.709984234,
      -25.413838172
     ],
     [
      -48.70993633,
      -25.413911669
     ],
     [
      -48.70993633,
      -25.413911669
     ]
    ]
   },
   "properties": {
    "tipo": "curva_nivel",
    "cota_m": 25,
    "equidistancia_m": 5
   }
  },
  {
   "type": "Feature",
   "geometry": {
    "type": "LineString",
    "coordinates": [
     [
      -48.706296058,
      -25.413687943
     ],
     [
      -48.706340073,
      -25.413753405
     ],
     [
      -48.706389398,
      -25.413829506
     ],
     [
      -48.706395037,
      -25.413838172
     ],
     [
      -48.706448862,
      -25.413922939
     ],
     [
      -48.706482738,
      -25.413978308
     ],
     [
      -48.706500965,
      -25.414007706
     ],
     [
      -48.706551893,
      -25.414092473
     ],
     [
      -48.706576079,
      -25.414134187
     ],
     [
      -48.706601612,
      -25.41417724
     ],
     [
      -48.706650142,
      -25.414262007
     ],
     [
      -48.706650142,
      -25.414262007
     ]
    ]
   },
   "properties": {
    "tipo": "curva_nivel",
    "cota_m": 25,
    "equidistancia_m": 5
   }
  },
  {
   "type": "Feature",
   "geometry": {
    "type": "LineString",
    "coordinates": [
     [
      -48.715163387,
      -25.413767952
     ],
     [
      -48.715203195,
      -25.413838172
     ],
     [
      -48.715250168,
      -25.413922939
     ],
     [
      -48.715250168,
      -25.413922939
     ]
    ]
   },
   "properties": {
    "tipo": "curva_nivel",
    "cota_m": 25,
    "equidistancia_m": 5
   }
  },
  {
   "type": "Feature",
   "geometry": {
    "type": "LineString",
    "coordinates": [
     [
      -48.715256728,
      -25.413934895
     ],
     [
      -48.715301485,
      -25.414007706
     ],
     [
      -48.715350068,
      -25.41408943
     ],
     [
      -48.715352168,
      -25.414092473
     ],
     [
      -48.715409556,
      -25.41417724
     ],
     [
      -48.715443408,
      -25.414229216
     ],
     [
      -48.71546956,
      -25.414262007
     ],
     [
      -48.715534708,
      -25.414346774
     ],
     [
      -48.715617219,
      -25.414431542
     ],
     [
      -48.715617219,
      -25.414431542
     ]
    ]
   },
   "properties": {
    "tipo": "curva_nivel",
    "cota_m": 25,
    "equidistancia_m": 5
   }
  },
  {
   "type": "Feature",
   "geometry": {
    "type": "LineString",
    "coordinates": [
     [
      -48.709929012,
      -25.413922939
     ],
     [
      -48.709876099,
      -25.414007706
     ],
     [
      -48.70984299,
      -25.414063436
     ],
     [
      -48.70984299,
      -25.414063436
     ]
    ]
   },
   "properties": {
    "tipo": "curva_nivel",
    "cota_m": 25,
    "equidistancia_m": 5
   }
  },
  {
   "type": "Feature",
   "geometry": {
    "type": "LineString",
    "coordinates": [
     [
      -48.71636659,
      -25.414007706
     ],
     [
      -48.716320091,
      -25.414092473
     ],
     [
      -48.716283471,
      -25.414159044
     ],
     [
      -48.716283471,
      -25.414159044
     ]
    ]
   },
   "properties": {
    "tipo": "curva_nivel",
    "cota_m": 25,
    "equidistancia_m": 5
   }
  },
  {
   "type": "Feature",
   "geometry": {
    "type": "LineString",
    "coordinates": [
     [
      -48.709825627,
      -25.414092473
     ],
     [
      -48.709777247,
      -25.41417724
     ],
     [
      -48.709749649,
      -25.414228164
     ],
     [
      -48.709749649,
      -25.414228164
     ]
    ]
   },
   "properties": {
    "tipo": "curva_nivel",
    "cota_m": 25,
    "equidistancia_m": 5
   }
  },
  {
   "type": "Feature",
   "geometry": {
    "type": "LineString",
    "coordinates": [
     [
      -48.716271256,
      -25.41417724
     ],
     [
      -48.716214376,
      -25.414262007
     ],
     [
      -48.716190131,
      -25.414298685
     ],
     [
      -48.71614878,
      -25.414346774
     ],
     [
      -48.716096791,
      -25.414408688
     ],
     [
      -48.716096791,
      -25.414408688
     ]
    ]
   },
   "properties": {
    "tipo": "curva_nivel",
    "cota_m": 25,
    "equidistancia_m": 5
   }
  },
  {
   "type": "Feature",
   "geometry": {
    "type": "LineString",
    "coordinates": [
     [
      -48.709730992,
      -25.414262007
     ],
     [
      -48.709686592,
      -25.414346774
     ],
     [
      -48.709656309,
      -25.414407841
     ],
     [
      -48.709656309,
      -25.414407841
     ]
    ]
   },
   "properties": {
    "tipo": "curva_nivel",
    "cota_m": 25,
    "equidistancia_m": 5
   }
  },
  {
   "type": "Feature",
   "geometry": {
    "type": "LineString",
    "coordinates": [
     [
      -48.706669419,
      -25.414296907
     ],
     [
      -48.706697861,
      -25.414346774
     ],
     [
      -48.706744471,
      -25.414431542
     ],
     [
      -48.706744471,
      -25.414431542
     ]
    ]
   },
   "properties": {
    "tipo": "curva_nivel",
    "cota_m": 25,
    "equidistancia_m": 5
   }
  },
  {
   "type": "Feature",
   "geometry": {
    "type": "LineString",
    "coordinates": [
     [
      -48.716069054,
      -25.414431542
     ],
     [
      -48.71600345,
      -25.414487349
     ],
     [
      -48.715941542,
      -25.414516309
     ],
     [
      -48.71591011,
      -25.414531648
     ],
     [
      -48.71581677,
      -25.41453952
     ],
     [
      -48.715744352,
      -25.414516309
     ],
     [
      -48.715744352,
      -25.414516309
     ]
    ]
   },
   "properties": {
    "tipo": "curva_nivel",
    "cota_m": 25,
    "equidistancia_m": 5
   }
  },
  {
   "type": "Feature",
   "geometry": {
    "type": "LineString",
    "coordinates": [
     [
      -48.70964422,
      -25.414431542
     ],
     [
      -48.709603291,
      -25.414516309
     ],
     [
      -48.709564555,
      -25.414601076
     ],
     [
      -48.709562969,
      -25.414604768
     ],
     [
      -48.709526624,
      -25.414685843
     ],
     [
      -48.709490616,
      -25.41477061
     ],
     [
      -48.709469628,
      -25.414822908
     ],
     [
      -48.709469628,
      -25.414822908
     ]
    ]
   },
   "properties": {
    "tipo": "curva_nivel",
    "cota_m": 25,
    "equidistancia_m": 5
   }
  },
  {
   "type": "Feature",
   "geometry": {
    "type": "LineString",
    "coordinates": [
     [
      -48.706762759,
      -25.414466029
     ],
     [
      -48.706790555,
      -25.414516309
     ],
     [
      -48.706835769,
      -25.414601076
     ],
     [
      -48.7068561,
      -25.414640562
     ],
     [
      -48.706880646,
      -25.414685843
     ],
     [
      -48.7069251,
      -25.41477061
     ],
     [
      -48.70694944,
      -25.414818509
     ],
     [
      -48.706969366,
      -25.414855377
     ],
     [
      -48.707013901,
      -25.414940144
     ],
     [
      -48.70704278,
      -25.414996443
     ],
     [
      -48.707058477,
      -25.415024911
     ],
     [
      -48.707104258,
      -25.415109678
     ],
     [
      -48.707136121,
      -25.415169417
     ],
     [
      -48.707150629,
      -25.415194445
     ],
     [
      -48.707199311,
      -25.415279212
     ],
     [
      -48.707229461,
      -25.415331634
     ],
     [
      -48.707249911,
      -25.415363979
     ],
     [
      -48.707303886,
      -25.415448746
     ],
     [
      -48.707303886,
      -25.415448746
     ]
    ]
   },
   "properties": {
    "tipo": "curva_nivel",
    "cota_m": 25,
    "equidistancia_m": 5
   }
  },
  {
   "type": "Feature",
   "geometry": {
    "type": "LineString",
    "coordinates": [
     [
      -48.70945585,
      -25.414855377
     ],
     [
      -48.709421858,
      -25.414940144
     ],
     [
      -48.709389331,
      -25.415024911
     ],
     [
      -48.709376288,
      -25.415060676
     ],
     [
      -48.709357043,
      -25.415109678
     ],
     [
      -48.70932499,
      -25.415194445
     ],
     [
      -48.70929348,
      -25.415279212
     ],
     [
      -48.709282948,
      -25.415308257
     ],
     [
      -48.709260699,
      -25.415363979
     ],
     [
      -48.70922668,
      -25.415448746
     ],
     [
      -48.70919135,
      -25.415533514
     ],
     [
      -48.709189607,
      -25.415537627
     ],
     [
      -48.70915089,
      -25.415618281
     ],
     [
      -48.709106429,
      -25.415703048
     ],
     [
      -48.709096267,
      -25.41572111
     ],
     [
      -48.709052372,
      -25.415787815
     ],
     [
      -48.709002927,
      -25.415854241
     ],
     [
      -48.709002927,
      -25.415854241
     ]
    ]
   },
   "properties": {
    "tipo": "curva_nivel",
    "cota_m": 25,
    "equidistancia_m": 5
   }
  },
  {
   "type": "Feature",
   "geometry": {
    "type": "LineString",
    "coordinates": [
     [
      -48.707322801,
      -25.415478014
     ],
     [
      -48.707362695,
      -25.415533514
     ],
     [
      -48.707416142,
      -25.415605918
     ],
     [
      -48.70742641,
      -25.415618281
     ],
     [
      -48.707498895,
      -25.415703048
     ],
     [
      -48.707498895,
      -25.415703048
     ]
    ]
   },
   "properties": {
    "tipo": "curva_nivel",
    "cota_m": 25,
    "equidistancia_m": 5
   }
  },
  {
   "type": "Feature",
   "geometry": {
    "type": "LineString",
    "coordinates": [
     [
      -48.707509482,
      -25.415714981
     ],
     [
      -48.707583082,
      -25.415787815
     ],
     [
      -48.707583082,
      -25.415787815
     ]
    ]
   },
   "properties": {
    "tipo": "curva_nivel",
    "cota_m": 25,
    "equidistancia_m": 5
   }
  },
  {
   "type": "Feature",
   "geometry": {
    "type": "LineString",
    "coordinates": [
     [
      -48.707602822,
      -25.415806543
     ],
     [
      -48.707683147,
      -25.415872582
     ],
     [
      -48.707683147,
      -25.415872582
     ]
    ]
   },
   "properties": {
    "tipo": "curva_nivel",
    "cota_m": 25,
    "equidistancia_m": 5
   }
  },
  {
   "type": "Feature",
   "geometry": {
    "type": "LineString",
    "coordinates": [
     [
      -48.708986443,
      -25.415872582
     ],
     [
      -48.708909587,
      -25.41594827
     ],
     [
      -48.708909587,
      -25.41594827
     ]
    ]
   },
   "properties": {
    "tipo": "curva_nivel",
    "cota_m": 25,
    "equidistancia_m": 5
   }
  },
  {
   "type": "Feature",
   "geometry": {
    "type": "LineString",
    "coordinates": [
     [
      -48.707696163,
      -25.415882823
     ],
     [
      -48.707789503,
      -25.415945684
     ],
     [
      -48.707810173,
      -25.415957349
     ],
     [
      -48.707882843,
      -25.415996783
     ],
     [
      -48.707976183,
      -25.41603835
     ],
     [
      -48.707986901,
      -25.416042116
     ],
     [
      -48.708069524,
      -25.416070195
     ],
     [
      -48.708162864,
      -25.416094027
     ],
     [
      -48.708256204,
      -25.41611012
     ],
     [
      -48.708349545,
      -25.41611836
     ],
     [
      -48.708442885,
      -25.416118373
     ],
     [
      -48.708536225,
      -25.416109468
     ],
     [
      -48.708629566,
      -25.416090549
     ],
     [
      -48.708722906,
      -25.416059969
     ],
     [
      -48.708816246,
      -25.416014032
     ],
     [
      -48.708897959,
      -25.415957349
     ]
    ]
   },
   "properties": {
    "tipo": "curva_nivel",
    "cota_m": 25,
    "equidistancia_m": 5
   }
  },
  {
   "type": "Feature",
   "geometry": {
    "type": "LineString",
    "coordinates": [
     [
      -48.717104601,
      -25.413414337
     ],
     [
      -48.717078422,
      -25.413499104
     ],
     [
      -48.717051452,
      -25.413583871
     ],
     [
      -48.717030194,
      -25.413649191
     ],
     [
      -48.717030194,
      -25.413649191
     ]
    ]
   },
   "properties": {
    "tipo": "curva_nivel",
    "cota_m": 30,
    "equidistancia_m": 5
   }
  },
  {
   "type": "Feature",
   "geometry": {
    "type": "LineString",
    "coordinates": [
     [
      -48.714364611,
      -25.413414337
     ],
     [
      -48.714416665,
      -25.413490625
     ],
     [
      -48.714422283,
      -25.413499104
     ],
     [
      -48.714476821,
      -25.413583871
     ],
     [
      -48.714510005,
      -25.413638649
     ],
     [
      -48.714527982,
      -25.413668638
     ],
     [
      -48.714576529,
      -25.413753405
     ],
     [
      -48.714603346,
      -25.41380309
     ],
     [
      -48.714622408,
      -25.413838172
     ],
     [
      -48.714666047,
      -25.413922939
     ],
     [
      -48.714696686,
      -25.41398672
     ],
     [
      -48.714707006,
      -25.414007706
     ],
     [
      -48.71474631,
      -25.414092473
     ],
     [
      -48.714782529,
      -25.41417724
     ],
     [
      -48.714782529,
      -25.41417724
     ]
    ]
   },
   "properties": {
    "tipo": "curva_nivel",
    "cota_m": 30,
    "equidistancia_m": 5
   }
  },
  {
   "type": "Feature",
   "geometry": {
    "type": "LineString",
    "coordinates": [
     [
      -48.710665258,
      -25.413414337
     ],
     [
      -48.710589712,
      -25.413488301
     ],
     [
      -48.710589712,
      -25.413488301
     ]
    ]
   },
   "properties": {
    "tipo": "curva_nivel",
    "cota_m": 30,
    "equidistancia_m": 5
   }
  },
  {
   "type": "Feature",
   "geometry": {
    "type": "LineString",
    "coordinates": [
     [
      -48.705812418,
      -25.413414337
     ],
     [
      -48.705829356,
      -25.413434081
     ],
     [
      -48.705883392,
      -25.413499104
     ],
     [
      -48.705922697,
      -25.413548205
     ],
     [
      -48.705950537,
      -25.413583871
     ],
     [
      -48.706014214,
      -25.413668638
     ],
     [
      -48.706075001,
      -25.413753405
     ],
     [
      -48.706109377,
      -25.413803483
     ],
     [
      -48.706132963,
      -25.413838172
     ],
     [
      -48.706188381,
      -25.413922939
     ],
     [
      -48.706188381,
      -25.413922939
     ]
    ]
   },
   "properties": {
    "tipo": "curva_nivel",
    "cota_m": 30,
    "equidistancia_m": 5
   }
  },
  {
   "type": "Feature",
   "geometry": {
    "type": "LineString",
    "coordinates": [
     [
      -48.700455257,
      -25.413414337
     ],
     [
      -48.700415618,
      -25.413470028
     ],
     [
      -48.700415618,
      -25.413470028
     ]
    ]
   },
   "properties": {
    "tipo": "curva_nivel",
    "cota_m": 30,
    "equidistancia_m": 5
   }
  },
  {
   "type": "Feature",
   "geometry": {
    "type": "LineString",
    "coordinates": [
     [
      -48.698926008,
      -25.413414337
     ],
     [
      -48.698974774,
      -25.413499104
     ],
     [
      -48.699015514,
      -25.413566579
     ],
     [
      -48.699026992,
      -25.413583871
     ],
     [
      -48.699086474,
      -25.413668638
     ],
     [
      -48.699086474,
      -25.413668638
     ]
    ]
   },
   "properties": {
    "tipo": "curva_nivel",
    "cota_m": 30,
    "equidistancia_m": 5
   }
  },
  {
   "type": "Feature",
   "geometry": {
    "type": "LineString",
    "coordinates": [
     [
      -48.710579216,
      -25.413499104
     ],
     [
      -48.710499917,
      -25.413583871
     ],
     [
      -48.710496372,
      -25.413587816
     ],
     [
      -48.710426599,
      -25.413668638
     ],
     [
      -48.710403032,
      -25.413697254
     ],
     [
      -48.710358292,
      -25.413753405
     ],
     [
      -48.710309691,
      -25.413817562
     ],
     [
      -48.710309691,
      -25.413817562
     ]
    ]
   },
   "properties": {
    "tipo": "curva_nivel",
    "cota_m": 30,
    "equidistancia_m": 5
   }
  },
  {
   "type": "Feature",
   "geometry": {
    "type": "LineString",
    "coordinates": [
     [
      -48.700393622,
      -25.413499104
     ],
     [
      -48.700328302,
      -25.413583871
     ],
     [
      -48.700322278,
      -25.413591535
     ],
     [
      -48.700256112,
      -25.413668638
     ],
     [
      -48.700228938,
      -25.41370018
     ],
     [
      -48.700177478,
      -25.413753405
     ],
     [
      -48.700135597,
      -25.413796579
     ],
     [
      -48.700088701,
      -25.413838172
     ],
     [
      -48.700042257,
      -25.413879293
     ],
     [
      -48.699982122,
      -25.413922939
     ],
     [
      -48.699948917,
      -25.413947062
     ],
     [
      -48.699855576,
      -25.413998444
     ],
     [
      -48.699855576,
      -25.413998444
     ]
    ]
   },
   "properties": {
    "tipo": "curva_nivel",
    "cota_m": 30,
    "equidistancia_m": 5
   }
  },
  {
   "type": "Feature",
   "geometry": {
    "type": "LineString",
    "coordinates": [
     [
      -48.717023665,
      -25.413668638
     ],
     [
      -48.716994394,
      -25.413753405
     ],
     [
      -48.71696526,
      -25.413838172
     ],
     [
      -48.716936853,
      -25.413921907
     ],
     [
      -48.716936853,
      -25.413921907
     ],
     [
      -48.716906259,
      -25.414007706
     ],
     [
      -48.716876858,
      -25.414092473
     ],
     [
      -48.716848452,
      -25.41417724
     ],
     [
      -48.716843513,
      -25.414192432
     ],
     [
      -48.716819284,
      -25.414262007
     ],
     [
      -48.716791048,
      -25.414346774
     ],
     [
      -48.716764258,
      -25.414431542
     ],
     [
      -48.716750173,
      -25.414478644
     ],
     [
      -48.716750173,
      -25.414478644
     ]
    ]
   },
   "properties": {
    "tipo": "curva_nivel",
    "cota_m": 30,
    "equidistancia_m": 5
   }
  },
  {
   "type": "Feature",
   "geometry": {
    "type": "LineString",
    "coordinates": [
     [
      -48.699108854,
      -25.413699382
     ],
     [
      -48.699153742,
      -25.413753405
     ],
     [
      -48.699202194,
      -25.413809893
     ],
     [
      -48.699231118,
      -25.413838172
     ],
     [
      -48.699295534,
      -25.413899254
     ],
     [
      -48.69932731,
      -25.413922939
     ],
     [
      -48.699388875,
      -25.413967543
     ],
     [
      -48.699467638,
      -25.414007706
     ],
     [
      -48.699467638,
      -25.414007706
     ]
    ]
   },
   "properties": {
    "tipo": "curva_nivel",
    "cota_m": 30,
    "equidistancia_m": 5
   }
  },
  {
   "type": "Feature",
   "geometry": {
    "type": "LineString",
    "coordinates": [
     [
      -48.710294477,
      -25.413838172
     ],
     [
      -48.710234884,
      -25.413922939
     ],
     [
      -48.710216351,
      -25.413950773
     ],
     [
      -48.710179055,
      -25.414007706
     ],
     [
      -48.71012675,
      -25.414092473
     ],
     [
      -48.710123011,
      -25.414098897
     ],
     [
      -48.710077708,
      -25.41417724
     ],
     [
      -48.710031853,
      -25.414262007
     ],
     [
      -48.71002967,
      -25.414266321
     ],
     [
      -48.709988828,
      -25.414346774
     ],
     [
      -48.70994878,
      -25.414431542
     ],
     [
      -48.70993633,
      -25.414459984
     ],
     [
      -48.709911342,
      -25.414516309
     ],
     [
      -48.70987659,
      -25.414601076
     ],
     [
      -48.709844572,
      -25.414685843
     ],
     [
      -48.70984299,
      -25.41469045
     ],
     [
      -48.709814717,
      -25.41477061
     ],
     [
      -48.709787415,
      -25.414855377
     ],
     [
      -48.709762592,
      -25.414940144
     ],
     [
      -48.709749649,
      -25.414989369
     ],
     [
      -48.709749649,
      -25.414989369
     ]
    ]
   },
   "properties": {
    "tipo": "curva_nivel",
    "cota_m": 30,
    "equidistancia_m": 5
   }
  },
  {
   "type": "Feature",
   "geometry": {
    "type": "LineString",
    "coordinates": [
     [
      -48.706202718,
      -25.413945741
     ],
     [
      -48.706241646,
      -25.414007706
     ],
     [
      -48.706292497,
      -25.414092473
     ],
     [
      -48.706341756,
      -25.41417724
     ],
     [
      -48.706388681,
      -25.414262007
     ],
     [
      -48.706434413,
      -25.414346774
     ],
     [
      -48.706477957,
      -25.414431542
     ],
     [
      -48.706520506,
      -25.414516309
     ],
     [
      -48.706561186,
      -25.414601076
     ],
     [
      -48.706561186,
      -25.414601076
     ]
    ]
   },
   "properties": {
    "tipo": "curva_nivel",
    "cota_m": 30,
    "equidistancia_m": 5
   }
  },
  {
   "type": "Feature",
   "geometry": {
    "type": "LineString",
    "coordinates": [
     [
      -48.699829757,
      -25.414007706
     ],
     [
      -48.699762236,
      -25.414031914
     ],
     [
      -48.699668896,
      -25.414046426
     ],
     [
      -48.699575555,
      -25.414040983
     ],
     [
      -48.699482215,
      -25.414014953
     ]
    ]
   },
   "properties": {
    "tipo": "curva_nivel",
    "cota_m": 30,
    "equidistancia_m": 5
   }
  },
  {
   "type": "Feature",
   "geometry": {
    "type": "LineString",
    "coordinates": [
     [
      -48.714790026,
      -25.414196148
     ],
     [
      -48.714817308,
      -25.414262007
     ],
     [
      -48.714849443,
      -25.414346774
     ],
     [
      -48.71487855,
      -25.414431542
     ],
     [
      -48.714906232,
      -25.414516309
     ],
     [
      -48.714931147,
      -25.414601076
     ],
     [
      -48.714953006,
      -25.414685843
     ],
     [
      -48.714971867,
      -25.41477061
     ],
     [
      -48.714988765,
      -25.414855377
     ],
     [
      -48.715002984,
      -25.414940144
     ],
     [
      -48.715014185,
      -25.415024911
     ],
     [
      -48.715022461,
      -25.415109678
     ],
     [
      -48.71502792,
      -25.415194445
     ],
     [
      -48.715030689,
      -25.415279212
     ],
     [
      -48.715030918,
      -25.415363979
     ],
     [
      -48.715028789,
      -25.415448746
     ],
     [
      -48.71502452,
      -25.415533514
     ],
     [
      -48.715018382,
      -25.415618281
     ],
     [
      -48.715010713,
      -25.415703048
     ],
     [
      -48.715001943,
      -25.415787815
     ],
     [
      -48.714992634,
      -25.415872582
     ],
     [
      -48.714983539,
      -25.415957349
     ],
     [
      -48.714976707,
      -25.416031988
     ],
     [
      -48.714976707,
      -25.416031988
     ]
    ]
   },
   "properties": {
    "tipo": "curva_nivel",
    "cota_m": 30,
    "equidistancia_m": 5
   }
  },
  {
   "type": "Feature",
   "geometry": {
    "type": "LineString",
    "coordinates": [
     [
      -48.716737895,
      -25.414516309
     ],
     [
      -48.716711875,
      -25.414601076
     ],
     [
      -48.716687586,
      -25.414685843
     ],
     [
      -48.716665013,
      -25.41477061
     ],
     [
      -48.716656832,
      -25.414803785
     ],
     [
      -48.716642693,
      -25.414855377
     ],
     [
      -48.716621243,
      -25.414940144
     ],
     [
      -48.716601445,
      -25.415024911
     ],
     [
      -48.716583126,
      -25.415109678
     ],
     [
      -48.716566071,
      -25.415194445
     ],
     [
      -48.716563492,
      -25.415208157
     ],
     [
      -48.716548344,
      -25.415279212
     ],
     [
      -48.716531111,
      -25.415363979
     ],
     [
      -48.716514289,
      -25.415448746
     ],
     [
      -48.716497406,
      -25.415533514
     ],
     [
      -48.716479926,
      -25.415618281
     ],
     [
      -48.716470152,
      -25.415662927
     ],
     [
      -48.716470152,
      -25.415662927
     ]
    ]
   },
   "properties": {
    "tipo": "curva_nivel",
    "cota_m": 30,
    "equidistancia_m": 5
   }
  },
  {
   "type": "Feature",
   "geometry": {
    "type": "LineString",
    "coordinates": [
     [
      -48.706576079,
      -25.414633604
     ],
     [
      -48.706600823,
      -25.414685843
     ],
     [
      -48.706639186,
      -25.41477061
     ],
     [
      -48.706669419,
      -25.414840412
     ],
     [
      -48.706676185,
      -25.414855377
     ],
     [
      -48.706712877,
      -25.414940144
     ],
     [
      -48.706748258,
      -25.415024911
     ],
     [
      -48.706748258,
      -25.415024911
     ]
    ]
   },
   "properties": {
    "tipo": "curva_nivel",
    "cota_m": 30,
    "equidistancia_m": 5
   }
  },
  {
   "type": "Feature",
   "geometry": {
    "type": "LineString",
    "coordinates": [
     [
      -48.709739909,
      -25.415024911
     ],
     [
      -48.709719211,
      -25.415109678
     ],
     [
      -48.709700659,
      -25.415194445
     ],
     [
      -48.709684093,
      -25.415279212
     ],
     [
      -48.70966933,
      -25.415363979
     ],
     [
      -48.709656309,
      -25.41544779
     ],
     [
      -48.709656309,
      -25.41544779
     ],
     [
      -48.709643925,
      -25.415533514
     ],
     [
      -48.709632742,
      -25.415618281
     ],
     [
      -48.70962221,
      -25.415703048
     ],
     [
      -48.709611838,
      -25.415787815
     ],
     [
      -48.709600999,
      -25.415872582
     ],
     [
      -48.70958887,
      -25.415957349
     ],
     [
      -48.709574351,
      -25.416042116
     ],
     [
      -48.709562969,
      -25.416096144
     ],
     [
      -48.709562969,
      -25.416096144
     ]
    ]
   },
   "properties": {
    "tipo": "curva_nivel",
    "cota_m": 30,
    "equidistancia_m": 5
   }
  },
  {
   "type": "Feature",
   "geometry": {
    "type": "LineString",
    "coordinates": [
     [
      -48.706762759,
      -25.415060951
     ],
     [
      -48.706783448,
      -25.415109678
     ],
     [
      -48.706818405,
      -25.415194445
     ],
     [
      -48.706852768,
      -25.415279212
     ],
     [
      -48.706888413,
      -25.415363979
     ],
     [
      -48.706924311,
      -25.415448746
     ],
     [
      -48.70694944,
      -25.41550758
     ],
     [
      -48.706961369,
      -25.415533514
     ],
     [
      -48.70700089,
      -25.415618281
     ],
     [
      -48.707042054,
      -25.415703048
     ],
     [
      -48.707088155,
      -25.415787815
     ],
     [
      -48.707136121,
      -25.415870229
     ],
     [
      -48.707137624,
      -25.415872582
     ],
     [
      -48.707194732,
      -25.415957349
     ],
     [
      -48.707229461,
      -25.416005036
     ],
     [
      -48.707259365,
      -25.416042116
     ],
     [
      -48.707322801,
      -25.416114823
     ],
     [
      -48.707334541,
      -25.416126883
     ],
     [
      -48.707416142,
      -25.416204478
     ],
     [
      -48.707424616,
      -25.41621165
     ],
     [
      -48.707509482,
      -25.416278312
     ],
     [
      -48.707535539,
      -25.416296417
     ],
     [
      -48.707602822,
      -25.416339956
     ],
     [
      -48.707675182,
      -25.416381184
     ],
     [
      -48.707675182,
      -25.416381184
     ]
    ]
   },
   "properties": {
    "tipo": "curva_nivel",
    "cota_m": 30,
    "equidistancia_m": 5
   }
  },
  {
   "type": "Feature",
   "geometry": {
    "type": "LineString",
    "coordinates": [
     [
      -48.716460038,
      -25.415703048
     ],
     [
      -48.716436769,
      -25.415787815
     ],
     [
      -48.716410606,
      -25.415872582
     ],
     [
      -48.716380601,
      -25.415957349
     ],
     [
      -48.716376812,
      -25.415966708
     ],
     [
      -48.716341336,
      -25.416042116
     ],
     [
      -48.716295013,
      -25.416126883
     ],
     [
      -48.716283471,
      -25.416145192
     ],
     [
      -48.716234423,
      -25.41621165
     ],
     [
      -48.716190131,
      -25.416263921
     ],
     [
      -48.716157588,
      -25.416296417
     ],
     [
      -48.716096791,
      -25.416350101
     ],
     [
      -48.716054898,
      -25.416381184
     ],
     [
      -48.71600345,
      -25.4164154
     ],
     [
      -48.715912804,
      -25.416465951
     ],
     [
      -48.71591011,
      -25.416467315
     ],
     [
      -48.71581677,
      -25.416505925
     ],
     [
      -48.715723429,
      -25.416537319
     ],
     [
      -48.715671028,
      -25.416550718
     ],
     [
      -48.715630089,
      -25.416560465
     ],
     [
      -48.715536749,
      -25.416575582
     ],
     [
      -48.715443408,
      -25.416583583
     ],
     [
      -48.715350068,
      -25.416583257
     ],
     [
      -48.715256728,
      -25.416572357
     ],
     [
      -48.715176301,
      -25.416550718
     ],
     [
      -48.715176301,
      -25.416550718
     ],
     [
      -48.715070047,
      -25.416485252
     ],
     [
      -48.715051327,
      -25.416465951
     ],
     [
      -48.715002123,
      -25.416381184
     ],
     [
      -48.714978985,
      -25.416296417
     ],
     [
      -48.714978985,
      -25.416296417
     ]
    ]
   },
   "properties": {
    "tipo": "curva_nivel",
    "cota_m": 30,
    "equidistancia_m": 5
   }
  },
  {
   "type": "Feature",
   "geometry": {
    "type": "LineString",
    "coordinates": [
     [
      -48.714975802,
      -25.416042116
     ],
     [
      -48.714971262,
      -25.416126883
     ],
     [
      -48.714971213,
      -25.41621165
     ],
     [
      -48.714976707,
      -25.416275734
     ]
    ]
   },
   "properties": {
    "tipo": "curva_nivel",
    "cota_m": 30,
    "equidistancia_m": 5
   }
  },
  {
   "type": "Feature",
   "geometry": {
    "type": "LineString",
    "coordinates": [
     [
      -48.709555576,
      -25.416126883
     ],
     [
      -48.70952978,
      -25.41621165
     ],
     [
      -48.70949394,
      -25.416296417
     ],
     [
      -48.709469628,
      -25.416339202
     ],
     [
      -48.709440524,
      -25.416381184
     ],
     [
      -48.709376288,
      -25.416449178
     ],
     [
      -48.709376288,
      -25.416449178
     ]
    ]
   },
   "properties": {
    "tipo": "curva_nivel",
    "cota_m": 30,
    "equidistancia_m": 5
   }
  },
  {
   "type": "Feature",
   "geometry": {
    "type": "LineString",
    "coordinates": [
     [
      -48.707696163,
      -25.416392362
     ],
     [
      -48.707789503,
      -25.416436343
     ],
     [
      -48.707861342,
      -25.416465951
     ],
     [
      -48.707861342,
      -25.416465951
     ]
    ]
   },
   "properties": {
    "tipo": "curva_nivel",
    "cota_m": 30,
    "equidistancia_m": 5
   }
  },
  {
   "type": "Feature",
   "geometry": {
    "type": "LineString",
    "coordinates": [
     [
      -48.709355941,
      -25.416465951
     ],
     [
      -48.709282948,
      -25.41651294
     ],
     [
      -48.709201264,
      -25.416550718
     ],
     [
      -48.709189607,
      -25.41655511
     ],
     [
      -48.709096267,
      -25.416582228
     ],
     [
      -48.709002927,
      -25.416600704
     ],
     [
      -48.708909587,
      -25.416612497
     ],
     [
      -48.708816246,
      -25.41661889
     ],
     [
      -48.708722906,
      -25.416620742
     ],
     [
      -48.708629566,
      -25.416618623
     ],
     [
      -48.708536225,
      -25.416612905
     ],
     [
      -48.708442885,
      -25.416603813
     ],
     [
      -48.708349545,
      -25.416591456
     ],
     [
      -48.708256204,
      -25.416575848
     ],
     [
      -48.708162864,
      -25.41655692
     ],
     [
      -48.708137219,
      -25.416550718
     ],
     [
      -48.708069524,
      -25.416533621
     ],
     [
      -48.707976183,
      -25.416506086
     ],
     [
      -48.707882843,
      -25.416474319
     ]
    ]
   },
   "properties": {
    "tipo": "curva_nivel",
    "cota_m": 30,
    "equidistancia_m": 5
   }
  },
  {
   "type": "Feature",
   "geometry": {
    "type": "LineString",
    "coordinates": [
     [
      -48.711709796,
      -25.417395807
     ],
     [
      -48.711709796,
      -25.417395807
     ],
     [
      -48.711803136,
      -25.417380278
     ],
     [
      -48.711896477,
      -25.417367674
     ],
     [
      -48.711989817,
      -25.417357504
     ],
     [
      -48.712083157,
      -25.41734942
     ],
     [
      -48.712176497,
      -25.417343179
     ],
     [
      -48.712269838,
      -25.417338624
     ],
     [
      -48.712363178,
      -25.417335672
     ],
     [
      -48.712456518,
      -25.417334303
     ],
     [
      -48.712549859,
      -25.417334569
     ],
     [
      -48.712643199,
      -25.417336594
     ],
     [
      -48.712736539,
      -25.417340598
     ],
     [
      -48.71282988,
      -25.41734692
     ],
     [
      -48.71292322,
      -25.417356073
     ],
     [
      -48.71301656,
      -25.417368823
     ],
     [
      -48.713109901,
      -25.417386334
     ],
     [
      -48.713159001,
      -25.417398389
     ],
     [
      -48.713203241,
      -25.417412658
     ],
     [
      -48.713296581,
      -25.417453885
     ],
     [
      -48.713344329,
      -25.417483156
     ],
     [
      -48.713389922,
      -25.417528632
     ],
     [
      -48.713419294,
      -25.417567923
     ],
     [
      -48.713448837,
      -25.41765269
     ],
     [
      -48.713454121,
      -25.417737458
     ],
     [
      -48.71344419,
      -25.417822225
     ],
     [
      -48.713424151,
      -25.417906992
     ],
     [
      -48.713397126,
      -25.417991759
     ],
     [
      -48.713389922,
      -25.418009597
     ],
     [
      -48.713363604,
      -25.418076526
     ],
     [
      -48.713325886,
      -25.418161293
     ],
     [
      -48.713296581,
      -25.418221538
     ],
     [
      -48.713296581,
      -25.418221538
     ]
    ]
   },
   "properties": {
    "tipo": "curva_nivel",
    "cota_m": 30,
    "equidistancia_m": 5
   }
  },
  {
   "type": "Feature",
   "geometry": {
    "type": "LineString",
    "coordinates": [
     [
      -48.711696705,
      -25.417398389
     ],
     [
      -48.711616456,
      -25.417417008
     ],
     [
      -48.711523115,
      -25.417444011
     ],
     [
      -48.711429775,
      -25.417478418
     ],
     [
      -48.711429775,
      -25.417478418
     ]
    ]
   },
   "properties": {
    "tipo": "curva_nivel",
    "cota_m": 30,
    "equidistancia_m": 5
   }
  },
  {
   "type": "Feature",
   "geometry": {
    "type": "LineString",
    "coordinates": [
     [
      -48.711419035,
      -25.417483156
     ],
     [
      -48.711336435,
      -25.417530795
     ],
     [
      -48.711286446,
      -25.417567923
     ],
     [
      -48.711243094,
      -25.417615302
     ],
     [
      -48.711215669,
      -25.41765269
     ],
     [
      -48.711179684,
      -25.417737458
     ],
     [
      -48.711165116,
      -25.417822225
     ],
     [
      -48.711165668,
      -25.417906992
     ],
     [
      -48.711177227,
      -25.417991759
     ],
     [
      -48.71119698,
      -25.418076526
     ],
     [
      -48.711222925,
      -25.418161293
     ],
     [
      -48.711243094,
      -25.418215798
     ],
     [
      -48.711254458,
      -25.41824606
     ],
     [
      -48.711291575,
      -25.418330827
     ],
     [
      -48.711331667,
      -25.418415594
     ],
     [
      -48.711377579,
      -25.418500361
     ],
     [
      -48.711425744,
      -25.418585128
     ],
     [
      -48.711480182,
      -25.418669895
     ],
     [
      -48.711523115,
      -25.418734537
     ],
     [
      -48.711537634,
      -25.418754662
     ],
     [
      -48.71160118,
      -25.41883943
     ],
     [
      -48.71160118,
      -25.41883943
     ]
    ]
   },
   "properties": {
    "tipo": "curva_nivel",
    "cota_m": 30,
    "equidistancia_m": 5
   }
  },
  {
   "type": "Feature",
   "geometry": {
    "type": "LineString",
    "coordinates": [
     [
      -48.713284684,
      -25.41824606
     ],
     [
      -48.713239375,
      -25.418330827
     ],
     [
      -48.713203241,
      -25.418395507
     ],
     [
      -48.713203241,
      -25.418395507
     ]
    ]
   },
   "properties": {
    "tipo": "curva_nivel",
    "cota_m": 30,
    "equidistancia_m": 5
   }
  },
  {
   "type": "Feature",
   "geometry": {
    "type": "LineString",
    "coordinates": [
     [
      -48.713191797,
      -25.418415594
     ],
     [
      -48.713140303,
      -25.418500361
     ],
     [
      -48.713109901,
      -25.418548851
     ],
     [
      -48.713109901,
      -25.418548851
     ]
    ]
   },
   "properties": {
    "tipo": "curva_nivel",
    "cota_m": 30,
    "equidistancia_m": 5
   }
  },
  {
   "type": "Feature",
   "geometry": {
    "type": "LineString",
    "coordinates": [
     [
      -48.71308619,
      -25.418585128
     ],
     [
      -48.713028947,
      -25.418669895
     ],
     [
      -48.71301656,
      -25.418687675
     ],
     [
      -48.712966773,
      -25.418754662
     ],
     [
      -48.71292322,
      -25.418812331
     ],
     [
      -48.71292322,
      -25.418812331
     ]
    ]
   },
   "properties": {
    "tipo": "curva_nivel",
    "cota_m": 30,
    "equidistancia_m": 5
   }
  },
  {
   "type": "Feature",
   "geometry": {
    "type": "LineString",
    "coordinates": [
     [
      -48.712900895,
      -25.41883943
     ],
     [
      -48.71282988,
      -25.418924095
     ],
     [
      -48.71282988,
      -25.418924095
     ],
     [
      -48.712748164,
      -25.419008964
     ],
     [
      -48.712736539,
      -25.419020895
     ],
     [
      -48.712653716,
      -25.419093731
     ],
     [
      -48.712643199,
      -25.41910286
     ],
     [
      -48.712549859,
      -25.419168645
     ],
     [
      -48.712549859,
      -25.419168645
     ]
    ]
   },
   "properties": {
    "tipo": "curva_nivel",
    "cota_m": 30,
    "equidistancia_m": 5
   }
  },
  {
   "type": "Feature",
   "geometry": {
    "type": "LineString",
    "coordinates": [
     [
      -48.711616456,
      -25.418859255
     ],
     [
      -48.711672284,
      -25.418924197
     ],
     [
      -48.711709796,
      -25.418966983
     ],
     [
      -48.711752109,
      -25.419008964
     ],
     [
      -48.711803136,
      -25.419058638
     ],
     [
      -48.711846287,
      -25.419093731
     ],
     [
      -48.711896477,
      -25.419133838
     ],
     [
      -48.711967453,
      -25.419178498
     ],
     [
      -48.711967453,
      -25.419178498
     ]
    ]
   },
   "properties": {
    "tipo": "curva_nivel",
    "cota_m": 30,
    "equidistancia_m": 5
   }
  },
  {
   "type": "Feature",
   "geometry": {
    "type": "LineString",
    "coordinates": [
     [
      -48.71253127,
      -25.419178498
     ],
     [
      -48.712456518,
      -25.41921731
     ],
     [
      -48.712363178,
      -25.41924857
     ],
     [
      -48.712269838,
      -25.419261795
     ],
     [
      -48.712176497,
      -25.419256612
     ],
     [
      -48.712083157,
      -25.419233216
     ],
     [
      -48.711989817,
      -25.419192355
     ]
    ]
   },
   "properties": {
    "tipo": "curva_nivel",
    "cota_m": 30,
    "equidistancia_m": 5
   }
  },
  {
   "type": "Feature",
   "geometry": {
    "type": "LineString",
    "coordinates": [
     [
      -48.717503041,
      -25.413414337
     ],
     [
      -48.717496895,
      -25.413428783
     ],
     [
      -48.717467285,
      -25.413499104
     ],
     [
      -48.717432477,
      -25.413583871
     ],
     [
      -48.717403555,
      -25.413656477
     ],
     [
      -48.717403555,
      -25.413656477
     ]
    ]
   },
   "properties": {
    "tipo": "curva_nivel",
    "cota_m": 35,
    "equidistancia_m": 5
   }
  },
  {
   "type": "Feature",
   "geometry": {
    "type": "LineString",
    "coordinates": [
     [
      -48.713827495,
      -25.413414337
     ],
     [
      -48.713856623,
      -25.413441775
     ],
     [
      -48.713913187,
      -25.413499104
     ],
     [
      -48.713949963,
      -25.413538873
     ],
     [
      -48.713989183,
      -25.413583871
     ],
     [
      -48.714043304,
      -25.413650498
     ],
     [
      -48.71405737,
      -25.413668638
     ],
     [
      -48.71411898,
      -25.413753405
     ],
     [
      -48.71411898,
      -25.413753405
     ]
    ]
   },
   "properties": {
    "tipo": "curva_nivel",
    "cota_m": 35,
    "equidistancia_m": 5
   }
  },
  {
   "type": "Feature",
   "geometry": {
    "type": "LineString",
    "coordinates": [
     [
      -48.711065835,
      -25.413414337
     ],
     [
      -48.711056414,
      -25.413421029
     ],
     [
      -48.710963073,
      -25.413492445
     ],
     [
      -48.710963073,
      -25.413492445
     ]
    ]
   },
   "properties": {
    "tipo": "curva_nivel",
    "cota_m": 35,
    "equidistancia_m": 5
   }
  },
  {
   "type": "Feature",
   "geometry": {
    "type": "LineString",
    "coordinates": [
     [
      -48.705523605,
      -25.413414337
     ],
     [
      -48.705549335,
      -25.413440417
     ],
     [
      -48.705604759,
      -25.413499104
     ],
     [
      -48.705642676,
      -25.413540857
     ],
     [
      -48.705680312,
      -25.413583871
     ],
     [
      -48.705736016,
      -25.413650254
     ],
     [
      -48.705750976,
      -25.413668638
     ],
     [
      -48.705817254,
      -25.413753405
     ],
     [
      -48.705817254,
      -25.413753405
     ]
    ]
   },
   "properties": {
    "tipo": "curva_nivel",
    "cota_m": 35,
    "equidistancia_m": 5
   }
  },
  {
   "type": "Feature",
   "geometry": {
    "type": "LineString",
    "coordinates": [
     [
      -48.701046741,
      -25.413414337
     ],
     [
      -48.700982424,
      -25.413499104
     ],
     [
      -48.70097566,
      -25.413508214
     ],
     [
      -48.700919502,
      -25.413583871
     ],
     [
      -48.70088232,
      -25.413635931
     ],
     [
      -48.70088232,
      -25.413635931
     ]
    ]
   },
   "properties": {
    "tipo": "curva_nivel",
    "cota_m": 35,
    "equidistancia_m": 5
   }
  },
  {
   "type": "Feature",
   "geometry": {
    "type": "LineString",
    "coordinates": [
     [
      -48.698318868,
      -25.413414337
     ],
     [
      -48.698362131,
      -25.41348838
     ],
     [
      -48.69836839,
      -25.413499104
     ],
     [
      -48.698417818,
      -25.413583871
     ],
     [
      -48.698455472,
      -25.413650377
     ],
     [
      -48.698465984,
      -25.413668638
     ],
     [
      -48.698514171,
      -25.413753405
     ],
     [
      -48.698548812,
      -25.413816331
     ],
     [
      -48.698561253,
      -25.413838172
     ],
     [
      -48.698608484,
      -25.413922939
     ],
     [
      -48.698642152,
      -25.413985634
     ],
     [
      -48.698654644,
      -25.414007706
     ],
     [
      -48.69870117,
      -25.414092473
     ],
     [
      -48.698735493,
      -25.414157696
     ],
     [
      -48.698746548,
      -25.41417724
     ],
     [
      -48.698792684,
      -25.414262007
     ],
     [
      -48.698828833,
      -25.414331604
     ],
     [
      -48.698837497,
      -25.414346774
     ],
     [
      -48.698883729,
      -25.414431542
     ],
     [
      -48.698922173,
      -25.414505594
     ],
     [
      -48.698928457,
      -25.414516309
     ],
     [
      -48.698975643,
      -25.414601076
     ],
     [
      -48.699015514,
      -25.414676258
     ],
     [
      -48.699021457,
      -25.414685843
     ],
     [
      -48.699071241,
      -25.41477061
     ],
     [
      -48.699108854,
      -25.414837486
     ],
     [
      -48.699121197,
      -25.414855377
     ],
     [
      -48.699177056,
      -25.414940144
     ],
     [
      -48.699202194,
      -25.414979661
     ],
     [
      -48.699240213,
      -25.415024911
     ],
     [
      -48.699295534,
      -25.415092013
     ],
     [
      -48.699317145,
      -25.415109678
     ],
     [
      -48.699388875,
      -25.415168877
     ],
     [
      -48.699449077,
      -25.415194445
     ],
     [
      -48.699449077,
      -25.415194445
     ]
    ]
   },
   "properties": {
    "tipo": "curva_nivel",
    "cota_m": 35,
    "equidistancia_m": 5
   }
  },
  {
   "type": "Feature",
   "geometry": {
    "type": "LineString",
    "coordinates": [
     [
      -48.710954946,
      -25.413499104
     ],
     [
      -48.710869733,
      -25.413571658
     ],
     [
      -48.710869733,
      -25.413571658
     ]
    ]
   },
   "properties": {
    "tipo": "curva_nivel",
    "cota_m": 35,
    "equidistancia_m": 5
   }
  },
  {
   "type": "Feature",
   "geometry": {
    "type": "LineString",
    "coordinates": [
     [
      -48.710856262,
      -25.413583871
     ],
     [
      -48.710776393,
      -25.413659512
     ],
     [
      -48.710776393,
      -25.413659512
     ]
    ]
   },
   "properties": {
    "tipo": "curva_nivel",
    "cota_m": 35,
    "equidistancia_m": 5
   }
  },
  {
   "type": "Feature",
   "geometry": {
    "type": "LineString",
    "coordinates": [
     [
      -48.717398697,
      -25.413668638
     ],
     [
      -48.717365191,
      -25.413753405
     ],
     [
      -48.717333043,
      -25.413838172
     ],
     [
      -48.717310215,
      -25.413900777
     ],
     [
      -48.717310215,
      -25.413900777
     ]
    ]
   },
   "properties": {
    "tipo": "curva_nivel",
    "cota_m": 35,
    "equidistancia_m": 5
   }
  },
  {
   "type": "Feature",
   "geometry": {
    "type": "LineString",
    "coordinates": [
     [
      -48.710767275,
      -25.413668638
     ],
     [
      -48.710686534,
      -25.413753405
     ],
     [
      -48.710683052,
      -25.413757255
     ],
     [
      -48.710613135,
      -25.413838172
     ],
     [
      -48.710589712,
      -25.413866919
     ],
     [
      -48.710545785,
      -25.413922939
     ],
     [
      -48.710496372,
      -25.413990073
     ],
     [
      -48.710496372,
      -25.413990073
     ]
    ]
   },
   "properties": {
    "tipo": "curva_nivel",
    "cota_m": 35,
    "equidistancia_m": 5
   }
  },
  {
   "type": "Feature",
   "geometry": {
    "type": "LineString",
    "coordinates": [
     [
      -48.700858685,
      -25.413668638
     ],
     [
      -48.700799328,
      -25.413753405
     ],
     [
      -48.700788979,
      -25.413768603
     ],
     [
      -48.700740288,
      -25.413838172
     ],
     [
      -48.700695639,
      -25.413904736
     ],
     [
      -48.700695639,
      -25.413904736
     ]
    ]
   },
   "properties": {
    "tipo": "curva_nivel",
    "cota_m": 35,
    "equidistancia_m": 5
   }
  },
  {
   "type": "Feature",
   "geometry": {
    "type": "LineString",
    "coordinates": [
     [
      -48.714136644,
      -25.41377957
     ],
     [
      -48.714175044,
      -25.413838172
     ],
     [
      -48.714226004,
      -25.413922939
     ],
     [
      -48.714272682,
      -25.414007706
     ],
     [
      -48.714314935,
      -25.414092473
     ],
     [
      -48.714314935,
      -25.414092473
     ]
    ]
   },
   "properties": {
    "tipo": "curva_nivel",
    "cota_m": 35,
    "equidistancia_m": 5
   }
  },
  {
   "type": "Feature",
   "geometry": {
    "type": "LineString",
    "coordinates": [
     [
      -48.705829356,
      -25.413769552
     ],
     [
      -48.70587967,
      -25.413838172
     ],
     [
      -48.705922697,
      -25.41389982
     ],
     [
      -48.705938582,
      -25.413922939
     ],
     [
      -48.705994285,
      -25.414007706
     ],
     [
      -48.705994285,
      -25.414007706
     ]
    ]
   },
   "properties": {
    "tipo": "curva_nivel",
    "cota_m": 35,
    "equidistancia_m": 5
   }
  },
  {
   "type": "Feature",
   "geometry": {
    "type": "LineString",
    "coordinates": [
     [
      -48.717301983,
      -25.413922939
     ],
     [
      -48.717271497,
      -25.414007706
     ],
     [
      -48.7172426,
      -25.414092473
     ],
     [
      -48.717216874,
      -25.414172406
     ],
     [
      -48.717216874,
      -25.414172406
     ],
     [
      -48.717188423,
      -25.414262007
     ],
     [
      -48.71716337,
      -25.414346774
     ],
     [
      -48.717140129,
      -25.414431542
     ],
     [
      -48.717123534,
      -25.41449713
     ],
     [
      -48.717123534,
      -25.41449713
     ]
    ]
   },
   "properties": {
    "tipo": "curva_nivel",
    "cota_m": 35,
    "equidistancia_m": 5
   }
  },
  {
   "type": "Feature",
   "geometry": {
    "type": "LineString",
    "coordinates": [
     [
      -48.700682932,
      -25.413922939
     ],
     [
      -48.700625563,
      -25.414007706
     ],
     [
      -48.700602299,
      -25.414043521
     ],
     [
      -48.700568678,
      -25.414092473
     ],
     [
      -48.700513055,
      -25.41417724
     ],
     [
      -48.700508959,
      -25.414183729
     ],
     [
      -48.70045584,
      -25.414262007
     ],
     [
      -48.700415618,
      -25.41432446
     ],
     [
      -48.700415618,
      -25.41432446
     ]
    ]
   },
   "properties": {
    "tipo": "curva_nivel",
    "cota_m": 35,
    "equidistancia_m": 5
   }
  },
  {
   "type": "Feature",
   "geometry": {
    "type": "LineString",
    "coordinates": [
     [
      -48.71048379,
      -25.414007706
     ],
     [
      -48.710427024,
      -25.414092473
     ],
     [
      -48.710403032,
      -25.414130958
     ],
     [
      -48.710374794,
      -25.41417724
     ],
     [
      -48.710326845,
      -25.414262007
     ],
     [
      -48.710309691,
      -25.414294908
     ],
     [
      -48.710282971,
      -25.414346774
     ],
     [
      -48.710242945,
      -25.414431542
     ],
     [
      -48.710216351,
      -25.414493468
     ],
     [
      -48.710216351,
      -25.414493468
     ]
    ]
   },
   "properties": {
    "tipo": "curva_nivel",
    "cota_m": 35,
    "equidistancia_m": 5
   }
  },
  {
   "type": "Feature",
   "geometry": {
    "type": "LineString",
    "coordinates": [
     [
      -48.706016037,
      -25.414042488
     ],
     [
      -48.706047072,
      -25.414092473
     ],
     [
      -48.706097033,
      -25.41417724
     ],
     [
      -48.706097033,
      -25.41417724
     ]
    ]
   },
   "properties": {
    "tipo": "curva_nivel",
    "cota_m": 35,
    "equidistancia_m": 5
   }
  },
  {
   "type": "Feature",
   "geometry": {
    "type": "LineString",
    "coordinates": [
     [
      -48.714323325,
      -25.414110897
     ],
     [
      -48.714353519,
      -25.41417724
     ],
     [
      -48.714388181,
      -25.414262007
     ],
     [
      -48.714416665,
      -25.414340455
     ],
     [
      -48.71441899,
      -25.414346774
     ],
     [
      -48.714446651,
      -25.414431542
     ],
     [
      -48.714470538,
      -25.414516309
     ],
     [
      -48.714490729,
      -25.414601076
     ],
     [
      -48.714507281,
      -25.414685843
     ],
     [
      -48.714520581,
      -25.41477061
     ],
     [
      -48.714530284,
      -25.414855377
     ],
     [
      -48.714536307,
      -25.414940144
     ],
     [
      -48.714538643,
      -25.415024911
     ],
     [
      -48.714537274,
      -25.415109678
     ],
     [
      -48.71453216,
      -25.415194445
     ],
     [
      -48.714523246,
      -25.415279212
     ],
     [
      -48.71451045,
      -25.415363979
     ],
     [
      -48.714510005,
      -25.415366293
     ],
     [
      -48.714494249,
      -25.415448746
     ],
     [
      -48.714474094,
      -25.415533514
     ],
     [
      -48.714449792,
      -25.415618281
     ],
     [
      -48.714421104,
      -25.415703048
     ],
     [
      -48.714416665,
      -25.415714807
     ],
     [
      -48.714388616,
      -25.415787815
     ],
     [
      -48.714351354,
      -25.415872582
     ],
     [
      -48.714323325,
      -25.415929357
     ],
     [
      -48.714323325,
      -25.415929357
     ]
    ]
   },
   "properties": {
    "tipo": "curva_nivel",
    "cota_m": 35,
    "equidistancia_m": 5
   }
  },
  {
   "type": "Feature",
   "geometry": {
    "type": "LineString",
    "coordinates": [
     [
      -48.706109377,
      -25.414199275
     ],
     [
      -48.70614456,
      -25.414262007
     ],
     [
      -48.706189524,
      -25.414346774
     ],
     [
      -48.706189524,
      -25.414346774
     ]
    ]
   },
   "properties": {
    "tipo": "curva_nivel",
    "cota_m": 35,
    "equidistancia_m": 5
   }
  },
  {
   "type": "Feature",
   "geometry": {
    "type": "LineString",
    "coordinates": [
     [
      -48.706202718,
      -25.414373044
     ],
     [
      -48.706232373,
      -25.414431542
     ],
     [
      -48.706272959,
      -25.414516309
     ],
     [
      -48.706296058,
      -25.414567454
     ],
     [
      -48.706311513,
      -25.414601076
     ],
     [
      -48.706348276,
      -25.414685843
     ],
     [
      -48.706382942,
      -25.41477061
     ],
     [
      -48.706382942,
      -25.41477061
     ]
    ]
   },
   "properties": {
    "tipo": "curva_nivel",
    "cota_m": 35,
    "equidistancia_m": 5
   }
  },
  {
   "type": "Feature",
   "geometry": {
    "type": "LineString",
    "coordinates": [
     [
      -48.700399924,
      -25.414346774
     ],
     [
      -48.700343039,
      -25.414431542
     ],
     [
      -48.700322278,
      -25.414464152
     ],
     [
      -48.700285296,
      -25.414516309
     ],
     [
      -48.700228938,
      -25.414600507
     ],
     [
      -48.700228938,
      -25.414600507
     ],
     [
      -48.700167249,
      -25.414685843
     ],
     [
      -48.700135597,
      -25.414732423
     ],
     [
      -48.70010527,
      -25.41477061
     ],
     [
      -48.700042257,
      -25.41485509
     ],
     [
      -48.700042257,
      -25.41485509
     ],
     [
      -48.699970076,
      -25.414940144
     ],
     [
      -48.699948917,
      -25.414966751
     ],
     [
      -48.699890516,
      -25.415024911
     ],
     [
      -48.699855576,
      -25.415062095
     ],
     [
      -48.699795156,
      -25.415109678
     ],
     [
      -48.699762236,
      -25.41513745
     ],
     [
      -48.699668896,
      -25.415189062
     ],
     [
      -48.699668896,
      -25.415189062
     ]
    ]
   },
   "properties": {
    "tipo": "curva_nivel",
    "cota_m": 35,
    "equidistancia_m": 5
   }
  },
  {
   "type": "Feature",
   "geometry": {
    "type": "LineString",
    "coordinates": [
     [
      -48.717118439,
      -25.414516309
     ],
     [
      -48.717097733,
      -25.414601076
     ],
     [
      -48.717078938,
      -25.414685843
     ],
     [
      -48.717062023,
      -25.41477061
     ],
     [
      -48.71704694,
      -25.414855377
     ],
     [
      -48.717033623,
      -25.414940144
     ],
     [
      -48.717030194,
      -25.414965223
     ],
     [
      -48.717021463,
      -25.415024911
     ],
     [
      -48.717010763,
      -25.415109678
     ],
     [
      -48.717001605,
      -25.415194445
     ],
     [
      -48.716993825,
      -25.415279212
     ],
     [
      -48.716987227,
      -25.415363979
     ],
     [
      -48.716981583,
      -25.415448746
     ],
     [
      -48.71697663,
      -25.415533514
     ],
     [
      -48.716972061,
      -25.415618281
     ],
     [
      -48.716967523,
      -25.415703048
     ],
     [
      -48.716962607,
      -25.415787815
     ],
     [
      -48.716956844,
      -25.415872582
     ],
     [
      -48.716949686,
      -25.415957349
     ],
     [
      -48.716940499,
      -25.416042116
     ],
     [
      -48.716936853,
      -25.416068578
     ],
     [
      -48.716928027,
      -25.416126883
     ],
     [
      -48.7169115,
      -25.41621165
     ],
     [
      -48.71689008,
      -25.416296417
     ],
     [
      -48.716862499,
      -25.416381184
     ],
     [
      -48.716843513,
      -25.416427784
     ],
     [
      -48.716843513,
      -25.416427784
     ]
    ]
   },
   "properties": {
    "tipo": "curva_nivel",
    "cota_m": 35,
    "equidistancia_m": 5
   }
  },
  {
   "type": "Feature",
   "geometry": {
    "type": "LineString",
    "coordinates": [
     [
      -48.710206563,
      -25.414516309
     ],
     [
      -48.710173808,
      -25.414601076
     ],
     [
      -48.710144495,
      -25.414685843
     ],
     [
      -48.710123011,
      -25.414756202
     ],
     [
      -48.710123011,
      -25.414756202
     ]
    ]
   },
   "properties": {
    "tipo": "curva_nivel",
    "cota_m": 35,
    "equidistancia_m": 5
   }
  },
  {
   "type": "Feature",
   "geometry": {
    "type": "LineString",
    "coordinates": [
     [
      -48.710118565,
      -25.41477061
     ],
     [
      -48.710095956,
      -25.414855377
     ],
     [
      -48.710076641,
      -25.414940144
     ],
     [
      -48.710060582,
      -25.415024911
     ],
     [
      -48.710047751,
      -25.415109678
     ],
     [
      -48.710038122,
      -25.415194445
     ],
     [
      -48.71003168,
      -25.415279212
     ],
     [
      -48.71002967,
      -25.415332008
     ],
     [
      -48.71002967,
      -25.415332008
     ]
    ]
   },
   "properties": {
    "tipo": "curva_nivel",
    "cota_m": 35,
    "equidistancia_m": 5
   }
  },
  {
   "type": "Feature",
   "geometry": {
    "type": "LineString",
    "coordinates": [
     [
      -48.706389398,
      -25.414787398
     ],
     [
      -48.70641628,
      -25.414855377
     ],
     [
      -48.706447927,
      -25.414940144
     ],
     [
      -48.706477902,
      -25.415024911
     ],
     [
      -48.706507055,
      -25.415109678
     ],
     [
      -48.706535017,
      -25.415194445
     ],
     [
      -48.706561887,
      -25.415279212
     ],
     [
      -48.706576079,
      -25.415325771
     ],
     [
      -48.706588307,
      -25.415363979
     ],
     [
      -48.706614616,
      -25.415448746
     ],
     [
      -48.706640694,
      -25.415533514
     ],
     [
      -48.706666928,
      -25.415618281
     ],
     [
      -48.706694638,
      -25.415703048
     ],
     [
      -48.706723565,
      -25.415787815
     ],
     [
      -48.706754229,
      -25.415872582
     ],
     [
      -48.706754229,
      -25.415872582
     ]
    ]
   },
   "properties": {
    "tipo": "curva_nivel",
    "cota_m": 35,
    "equidistancia_m": 5
   }
  },
  {
   "type": "Feature",
   "geometry": {
    "type": "LineString",
    "coordinates": [
     [
      -48.69964761,
      -25.415194445
     ],
     [
      -48.699575555,
      -25.415214223
     ],
     [
      -48.699482215,
      -25.415208537
     ]
    ]
   },
   "properties": {
    "tipo": "curva_nivel",
    "cota_m": 35,
    "equidistancia_m": 5
   }
  },
  {
   "type": "Feature",
   "geometry": {
    "type": "LineString",
    "coordinates": [
     [
      -48.710028407,
      -25.415363979
     ],
     [
      -48.710028322,
      -25.415448746
     ],
     [
      -48.710031443,
      -25.415533514
     ],
     [
      -48.71003778,
      -25.415618281
     ],
     [
      -48.710047397,
      -25.415703048
     ],
     [
      -48.710060381,
      -25.415787815
     ],
     [
      -48.710076858,
      -25.415872582
     ],
     [
      -48.710097019,
      -25.415957349
     ],
     [
      -48.710121144,
      -25.416042116
     ],
     [
      -48.710149525,
      -25.416126883
     ],
     [
      -48.710182822,
      -25.41621165
     ],
     [
      -48.710216351,
      -25.416285295
     ],
     [
      -48.710221955,
      -25.416296417
     ],
     [
      -48.710268307,
      -25.416381184
     ],
     [
      -48.710309691,
      -25.416446097
     ],
     [
      -48.710324216,
      -25.416465951
     ],
     [
      -48.710393738,
      -25.416550718
     ],
     [
      -48.710393738,
      -25.416550718
     ]
    ]
   },
   "properties": {
    "tipo": "curva_nivel",
    "cota_m": 35,
    "equidistancia_m": 5
   }
  },
  {
   "type": "Feature",
   "geometry": {
    "type": "LineString",
    "coordinates": [
     [
      -48.706762759,
      -25.415894971
     ],
     [
      -48.706788317,
      -25.415957349
     ],
     [
      -48.70682612,
      -25.416042116
     ],
     [
      -48.7068561,
      -25.416103019
     ],
     [
      -48.706868848,
      -25.416126883
     ],
     [
      -48.706918669,
      -25.41621165
     ],
     [
      -48.70694944,
      -25.416258284
     ],
     [
      -48.706976986,
      -25.416296417
     ],
     [
      -48.70704278,
      -25.41637728
     ],
     [
      -48.707046279,
      -25.416381184
     ],
     [
      -48.707130894,
      -25.416465951
     ],
     [
      -48.707229461,
      -25.416546419
     ],
     [
      -48.707235335,
      -25.416550718
     ],
     [
      -48.707322801,
      -25.416608975
     ],
     [
      -48.707367185,
      -25.416635486
     ],
     [
      -48.707416142,
      -25.416662307
     ],
     [
      -48.707509482,
      -25.416708452
     ],
     [
      -48.707535744,
      -25.416720253
     ],
     [
      -48.707602822,
      -25.416748275
     ],
     [
      -48.707696163,
      -25.416783697
     ],
     [
      -48.707757744,
      -25.41680502
     ],
     [
      -48.707757744,
      -25.41680502
     ]
    ]
   },
   "properties": {
    "tipo": "curva_nivel",
    "cota_m": 35,
    "equidistancia_m": 5
   }
  },
  {
   "type": "Feature",
   "geometry": {
    "type": "LineString",
    "coordinates": [
     [
      -48.714309021,
      -25.415957349
     ],
     [
      -48.714261449,
      -25.416042116
     ],
     [
      -48.714229984,
      -25.416092613
     ],
     [
      -48.714229984,
      -25.416092613
     ]
    ]
   },
   "properties": {
    "tipo": "curva_nivel",
    "cota_m": 35,
    "equidistancia_m": 5
   }
  },
  {
   "type": "Feature",
   "geometry": {
    "type": "LineString",
    "coordinates": [
     [
      -48.714207452,
      -25.416126883
     ],
     [
      -48.714146108,
      -25.41621165
     ],
     [
      -48.714136644,
      -25.416223863
     ],
     [
      -48.714075914,
      -25.416296417
     ],
     [
      -48.714043304,
      -25.41633215
     ],
     [
      -48.713994146,
      -25.416381184
     ],
     [
      -48.713949963,
      -25.416422121
     ],
     [
      -48.713897003,
      -25.416465951
     ],
     [
      -48.713856623,
      -25.416497356
     ],
     [
      -48.713778089,
      -25.416550718
     ],
     [
      -48.713763283,
      -25.416560276
     ],
     [
      -48.713669942,
      -25.416613757
     ],
     [
      -48.713625899,
      -25.416635486
     ],
     [
      -48.713576602,
      -25.416658936
     ],
     [
      -48.713483262,
      -25.416697292
     ],
     [
      -48.713417953,
      -25.416720253
     ],
     [
      -48.713389922,
      -25.416729887
     ],
     [
      -48.713296581,
      -25.416758322
     ],
     [
      -48.713203241,
      -25.416782417
     ],
     [
      -48.713109901,
      -25.416802994
     ],
     [
      -48.713109901,
      -25.416802994
     ]
    ]
   },
   "properties": {
    "tipo": "curva_nivel",
    "cota_m": 35,
    "equidistancia_m": 5
   }
  },
  {
   "type": "Feature",
   "geometry": {
    "type": "LineString",
    "coordinates": [
     [
      -48.716826253,
      -25.416465951
     ],
     [
      -48.716778943,
      -25.416550718
     ],
     [
      -48.716750173,
      -25.416592829
     ],
     [
      -48.716717677,
      -25.416635486
     ],
     [
      -48.716656832,
      -25.416702083
     ],
     [
      -48.716656832,
      -25.416702083
     ]
    ]
   },
   "properties": {
    "tipo": "curva_nivel",
    "cota_m": 35,
    "equidistancia_m": 5
   }
  },
  {
   "type": "Feature",
   "geometry": {
    "type": "LineString",
    "coordinates": [
     [
      -48.710403032,
      -25.416561031
     ],
     [
      -48.71048469,
      -25.416635486
     ],
     [
      -48.71048469,
      -25.416635486
     ]
    ]
   },
   "properties": {
    "tipo": "curva_nivel",
    "cota_m": 35,
    "equidistancia_m": 5
   }
  },
  {
   "type": "Feature",
   "geometry": {
    "type": "LineString",
    "coordinates": [
     [
      -48.710496372,
      -25.416645094
     ],
     [
      -48.710589712,
      -25.416707432
     ],
     [
      -48.710613851,
      -25.416720253
     ],
     [
      -48.710683052,
      -25.416754643
     ],
     [
      -48.710776393,
      -25.416790018
     ],
     [
      -48.710826081,
      -25.41680502
     ],
     [
      -48.710826081,
      -25.41680502
     ]
    ]
   },
   "properties": {
    "tipo": "curva_nivel",
    "cota_m": 35,
    "equidistancia_m": 5
   }
  },
  {
   "type": "Feature",
   "geometry": {
    "type": "LineString",
    "coordinates": [
     [
      -48.716638293,
      -25.416720253
     ],
     [
      -48.716563492,
      -25.416783141
     ],
     [
      -48.716563492,
      -25.416783141
     ]
    ]
   },
   "properties": {
    "tipo": "curva_nivel",
    "cota_m": 35,
    "equidistancia_m": 5
   }
  },
  {
   "type": "Feature",
   "geometry": {
    "type": "LineString",
    "coordinates": [
     [
      -48.716534467,
      -25.41680502
     ],
     [
      -48.716470152,
      -25.416847543
     ],
     [
      -48.716399254,
      -25.416889787
     ],
     [
      -48.716376812,
      -25.416901731
     ],
     [
      -48.716283471,
      -25.416947387
     ],
     [
      -48.716223023,
      -25.416974554
     ],
     [
      -48.716190131,
      -25.416988059
     ],
     [
      -48.716096791,
      -25.41702388
     ],
     [
      -48.71600345,
      -25.417057627
     ],
     [
      -48.71600345,
      -25.417057627
     ],
     [
      -48.71591011,
      -25.417087615
     ],
     [
      -48.71581677,
      -25.41711652
     ],
     [
      -48.715726097,
      -25.417144088
     ],
     [
      -48.715723429,
      -25.417144857
     ],
     [
      -48.715630089,
      -25.417171127
     ],
     [
      -48.715536749,
      -25.417197673
     ],
     [
      -48.715443408,
      -25.417224957
     ],
     [
      -48.715443408,
      -25.417224957
     ]
    ]
   },
   "properties": {
    "tipo": "curva_nivel",
    "cota_m": 35,
    "equidistancia_m": 5
   }
  },
  {
   "type": "Feature",
   "geometry": {
    "type": "LineString",
    "coordinates": [
     [
      -48.713099638,
      -25.41680502
     ],
     [
      -48.71301656,
      -25.416821385
     ],
     [
      -48.71292322,
      -25.416837235
     ],
     [
      -48.71282988,
      -25.416850857
     ],
     [
      -48.712736539,
      -25.416862567
     ],
     [
      -48.712643199,
      -25.41687261
     ],
     [
      -48.712549859,
      -25.416881178
     ],
     [
      -48.712456518,
      -25.41688842
     ],
     [
      -48.712456518,
      -25.41688842
     ]
    ]
   },
   "properties": {
    "tipo": "curva_nivel",
    "cota_m": 35,
    "equidistancia_m": 5
   }
  },
  {
   "type": "Feature",
   "geometry": {
    "type": "LineString",
    "coordinates": [
     [
      -48.712435544,
      -25.416889787
     ],
     [
      -48.712363178,
      -25.416894651
     ],
     [
      -48.712269838,
      -25.416899762
     ],
     [
      -48.712176497,
      -25.416903767
     ],
     [
      -48.712083157,
      -25.41690671
     ],
     [
      -48.711989817,
      -25.416908617
     ],
     [
      -48.711896477,
      -25.416909488
     ],
     [
      -48.711803136,
      -25.416909302
     ],
     [
      -48.711709796,
      -25.416908012
     ],
     [
      -48.711616456,
      -25.416905539
     ],
     [
      -48.711523115,
      -25.416901767
     ],
     [
      -48.711429775,
      -25.41689653
     ],
     [
      -48.711336435,
      -25.416889606
     ],
     [
      -48.711338871,
      -25.416889787
     ],
     [
      -48.711243094,
      -25.416881151
     ],
     [
      -48.711149754,
      -25.416870437
     ],
     [
      -48.711056414,
      -25.416856903
     ],
     [
      -48.710963073,
      -25.416839729
     ],
     [
      -48.710869733,
      -25.416817673
     ]
    ]
   },
   "properties": {
    "tipo": "curva_nivel",
    "cota_m": 35,
    "equidistancia_m": 5
   }
  },
  {
   "type": "Feature",
   "geometry": {
    "type": "LineString",
    "coordinates": [
     [
      -48.707789503,
      -25.416815365
     ],
     [
      -48.707882843,
      -25.416843377
     ],
     [
      -48.707976183,
      -25.416869185
     ],
     [
      -48.708056597,
      -25.416889787
     ],
     [
      -48.708056597,
      -25.416889787
     ]
    ]
   },
   "properties": {
    "tipo": "curva_nivel",
    "cota_m": 35,
    "equidistancia_m": 5
   }
  },
  {
   "type": "Feature",
   "geometry": {
    "type": "LineString",
    "coordinates": [
     [
      -48.708971671,
      -25.417059321
     ],
     [
      -48.708971671,
      -25.417059321
     ],
     [
      -48.708909587,
      -25.417049158
     ],
     [
      -48.708816246,
      -25.417033862
     ],
     [
      -48.708722906,
      -25.417018596
     ],
     [
      -48.708629566,
      -25.417003155
     ],
     [
      -48.708536225,
      -25.416987353
     ],
     [
      -48.708442885,
      -25.416970827
     ],
     [
      -48.70846351,
      -25.416974554
     ],
     [
      -48.708349545,
      -25.416952898
     ],
     [
      -48.708256204,
      -25.416934076
     ],
     [
      -48.708162864,
      -25.416914164
     ],
     [
      -48.708069524,
      -25.416892949
     ]
    ]
   },
   "properties": {
    "tipo": "curva_nivel",
    "cota_m": 35,
    "equidistancia_m": 5
   }
  },
  {
   "type": "Feature",
   "geometry": {
    "type": "LineString",
    "coordinates": [
     [
      -48.709002927,
      -25.417064397
     ],
     [
      -48.709096267,
      -25.417079476
     ],
     [
      -48.709189607,
      -25.417095279
     ],
     [
      -48.709282948,
      -25.417112198
     ],
     [
      -48.709376288,
      -25.417130756
     ],
     [
      -48.709437762,
      -25.417144088
     ],
     [
      -48.709437762,
      -25.417144088
     ]
    ]
   },
   "properties": {
    "tipo": "curva_nivel",
    "cota_m": 35,
    "equidistancia_m": 5
   }
  },
  {
   "type": "Feature",
   "geometry": {
    "type": "LineString",
    "coordinates": [
     [
      -48.709469628,
      -25.417151074
     ],
     [
      -48.709562969,
      -25.417173222
     ],
     [
      -48.709656309,
      -25.41719943
     ],
     [
      -48.70974249,
      -25.417228855
     ],
     [
      -48.70974249,
      -25.417228855
     ]
    ]
   },
   "properties": {
    "tipo": "curva_nivel",
    "cota_m": 35,
    "equidistancia_m": 5
   }
  },
  {
   "type": "Feature",
   "geometry": {
    "type": "LineString",
    "coordinates": [
     [
      -48.715430169,
      -25.417228855
     ],
     [
      -48.715350068,
      -25.417251653
     ],
     [
      -48.715256728,
      -25.417279624
     ],
     [
      -48.715163387,
      -25.417309815
     ],
     [
      -48.715163387,
      -25.417309815
     ]
    ]
   },
   "properties": {
    "tipo": "curva_nivel",
    "cota_m": 35,
    "equidistancia_m": 5
   }
  },
  {
   "type": "Feature",
   "geometry": {
    "type": "LineString",
    "coordinates": [
     [
      -48.709749649,
      -25.417231355
     ],
     [
      -48.70984299,
      -25.417267866
     ],
     [
      -48.70993299,
      -25.417313622
     ],
     [
      -48.71002967,
      -25.417371915
     ],
     [
      -48.710064952,
      -25.417398389
     ],
     [
      -48.710123011,
      -25.41744343
     ],
     [
      -48.710165917,
      -25.417483156
     ],
     [
      -48.710216351,
      -25.417531358
     ],
     [
      -48.710249444,
      -25.417567923
     ],
     [
      -48.710309691,
      -25.417636478
     ],
     [
      -48.71032233,
      -25.41765269
     ],
     [
      -48.710388608,
      -25.417737458
     ],
     [
      -48.710388608,
      -25.417737458
     ]
    ]
   },
   "properties": {
    "tipo": "curva_nivel",
    "cota_m": 35,
    "equidistancia_m": 5
   }
  },
  {
   "type": "Feature",
   "geometry": {
    "type": "LineString",
    "coordinates": [
     [
      -48.715152082,
      -25.417313622
     ],
     [
      -48.715070047,
      -25.417340674
     ],
     [
      -48.714976707,
      -25.417374691
     ],
     [
      -48.71491783,
      -25.417398389
     ],
     [
      -48.714883367,
      -25.417412086
     ],
     [
      -48.714790026,
      -25.417452809
     ],
     [
      -48.714728779,
      -25.417483156
     ],
     [
      -48.714696686,
      -25.417498973
     ],
     [
      -48.714603346,
      -25.417550456
     ],
     [
      -48.714603346,
      -25.417550456
     ]
    ]
   },
   "properties": {
    "tipo": "curva_nivel",
    "cota_m": 35,
    "equidistancia_m": 5
   }
  },
  {
   "type": "Feature",
   "geometry": {
    "type": "LineString",
    "coordinates": [
     [
      -48.714575122,
      -25.417567923
     ],
     [
      -48.714510005,
      -25.417608253
     ],
     [
      -48.714446973,
      -25.41765269
     ],
     [
      -48.714416665,
      -25.417674149
     ],
     [
      -48.714336944,
      -25.417737458
     ],
     [
      -48.714323325,
      -25.417748353
     ],
     [
      -48.714239856,
      -25.417822225
     ],
     [
      -48.714229984,
      -25.417831051
     ],
     [
      -48.714152199,
      -25.417906992
     ],
     [
      -48.714136644,
      -25.417922369
     ],
     [
      -48.714071567,
      -25.417991759
     ],
     [
      -48.714043304,
      -25.418022333
     ],
     [
      -48.713996309,
      -25.418076526
     ],
     [
      -48.713949963,
      -25.418130825
     ],
     [
      -48.713949963,
      -25.418130825
     ]
    ]
   },
   "properties": {
    "tipo": "curva_nivel",
    "cota_m": 35,
    "equidistancia_m": 5
   }
  },
  {
   "type": "Feature",
   "geometry": {
    "type": "LineString",
    "coordinates": [
     [
      -48.710403032,
      -25.417755939
     ],
     [
      -48.710450574,
      -25.417822225
     ],
     [
      -48.710496372,
      -25.41788744
     ],
     [
      -48.710509187,
      -25.417906992
     ],
     [
      -48.71056594,
      -25.417991759
     ],
     [
      -48.71056594,
      -25.417991759
     ]
    ]
   },
   "properties": {
    "tipo": "curva_nivel",
    "cota_m": 35,
    "equidistancia_m": 5
   }
  },
  {
   "type": "Feature",
   "geometry": {
    "type": "LineString",
    "coordinates": [
     [
      -48.710589712,
      -25.418027268
     ],
     [
      -48.710621191,
      -25.418076526
     ],
     [
      -48.710675092,
      -25.418161293
     ],
     [
      -48.710675092,
      -25.418161293
     ]
    ]
   },
   "properties": {
    "tipo": "curva_nivel",
    "cota_m": 35,
    "equidistancia_m": 5
   }
  },
  {
   "type": "Feature",
   "geometry": {
    "type": "LineString",
    "coordinates": [
     [
      -48.713925292,
      -25.418161293
     ],
     [
      -48.71385772,
      -25.41824606
     ],
     [
      -48.713856623,
      -25.418247432
     ],
     [
      -48.713792284,
      -25.418330827
     ],
     [
      -48.713763283,
      -25.418369218
     ],
     [
      -48.71372913,
      -25.418415594
     ],
     [
      -48.713669942,
      -25.418497703
     ],
     [
      -48.713669942,
      -25.418497703
     ],
     [
      -48.713607649,
      -25.418585128
     ],
     [
      -48.713576602,
      -25.418629753
     ],
     [
      -48.713548677,
      -25.418669895
     ],
     [
      -48.713490867,
      -25.418754662
     ],
     [
      -48.713483262,
      -25.41876594
     ],
     [
      -48.713432982,
      -25.41883943
     ],
     [
      -48.713389922,
      -25.418904177
     ],
     [
      -48.713389922,
      -25.418904177
     ]
    ]
   },
   "properties": {
    "tipo": "curva_nivel",
    "cota_m": 35,
    "equidistancia_m": 5
   }
  },
  {
   "type": "Feature",
   "geometry": {
    "type": "LineString",
    "coordinates": [
     [
      -48.710683052,
      -25.41817355
     ],
     [
      -48.71072884,
      -25.41824606
     ],
     [
      -48.710776393,
      -25.418322585
     ],
     [
      -48.710781428,
      -25.418330827
     ],
     [
      -48.710834484,
      -25.418415594
     ],
     [
      -48.710869733,
      -25.418472605
     ],
     [
      -48.710886866,
      -25.418500361
     ],
     [
      -48.710939506,
      -25.418585128
     ],
     [
      -48.710963073,
      -25.418623263
     ],
     [
      -48.710992266,
      -25.418669895
     ],
     [
      -48.711044867,
      -25.418754662
     ],
     [
      -48.711044867,
      -25.418754662
     ]
    ]
   },
   "properties": {
    "tipo": "curva_nivel",
    "cota_m": 35,
    "equidistancia_m": 5
   }
  },
  {
   "type": "Feature",
   "geometry": {
    "type": "LineString",
    "coordinates": [
     [
      -48.711056414,
      -25.418773287
     ],
     [
      -48.711098539,
      -25.41883943
     ],
     [
      -48.711149754,
      -25.418921466
     ],
     [
      -48.711151525,
      -25.418924197
     ],
     [
      -48.711206596,
      -25.419008964
     ],
     [
      -48.711243094,
      -25.419066371
     ],
     [
      -48.711261437,
      -25.419093731
     ],
     [
      -48.711317547,
      -25.419178498
     ],
     [
      -48.711317547,
      -25.419178498
     ]
    ]
   },
   "properties": {
    "tipo": "curva_nivel",
    "cota_m": 35,
    "equidistancia_m": 5
   }
  },
  {
   "type": "Feature",
   "geometry": {
    "type": "LineString",
    "coordinates": [
     [
      -48.71337626,
      -25.418924197
     ],
     [
      -48.713319322,
      -25.419008964
     ],
     [
      -48.713296581,
      -25.419043662
     ],
     [
      -48.713262382,
      -25.419093731
     ],
     [
      -48.713206099,
      -25.419178498
     ],
     [
      -48.713203241,
      -25.419182891
     ],
     [
      -48.713147818,
      -25.419263265
     ],
     [
      -48.713109901,
      -25.419319968
     ],
     [
      -48.713109901,
      -25.419319968
     ]
    ]
   },
   "properties": {
    "tipo": "curva_nivel",
    "cota_m": 35,
    "equidistancia_m": 5
   }
  },
  {
   "type": "Feature",
   "geometry": {
    "type": "LineString",
    "coordinates": [
     [
      -48.711336435,
      -25.419207525
     ],
     [
      -48.711375286,
      -25.419263265
     ],
     [
      -48.711429775,
      -25.419343298
     ],
     [
      -48.71143328,
      -25.419348032
     ],
     [
      -48.711495176,
      -25.419432799
     ],
     [
      -48.711523115,
      -25.419472004
     ],
     [
      -48.711559121,
      -25.419517566
     ],
     [
      -48.711616456,
      -25.419591877
     ],
     [
      -48.711625594,
      -25.419602333
     ],
     [
      -48.711698162,
      -25.4196871
     ],
     [
      -48.711698162,
      -25.4196871
     ]
    ]
   },
   "properties": {
    "tipo": "curva_nivel",
    "cota_m": 35,
    "equidistancia_m": 5
   }
  },
  {
   "type": "Feature",
   "geometry": {
    "type": "LineString",
    "coordinates": [
     [
      -48.713089697,
      -25.419348032
     ],
     [
      -48.713030181,
      -25.419432799
     ],
     [
      -48.71301656,
      -25.419452719
     ],
     [
      -48.712967779,
      -25.419517566
     ],
     [
      -48.71292322,
      -25.419578414
     ],
     [
      -48.71292322,
      -25.419578414
     ]
    ]
   },
   "properties": {
    "tipo": "curva_nivel",
    "cota_m": 35,
    "equidistancia_m": 5
   }
  },
  {
   "type": "Feature",
   "geometry": {
    "type": "LineString",
    "coordinates": [
     [
      -48.712903509,
      -25.419602333
     ],
     [
      -48.71283522,
      -25.4196871
     ],
     [
      -48.71282988,
      -25.419693884
     ],
     [
      -48.712758476,
      -25.419771867
     ],
     [
      -48.712736539,
      -25.419796284
     ],
     [
      -48.712670894,
      -25.419856634
     ],
     [
      -48.712643199,
      -25.419882456
     ],
     [
      -48.712561957,
      -25.419941402
     ],
     [
      -48.712549859,
      -25.419950261
     ],
     [
      -48.712456518,
      -25.419998704
     ],
     [
      -48.71236546,
      -25.420026169
     ],
     [
      -48.712363178,
      -25.420026859
     ],
     [
      -48.712269838,
      -25.420035212
     ],
     [
      -48.712195726,
      -25.420026169
     ],
     [
      -48.712195726,
      -25.420026169
     ],
     [
      -48.712083157,
      -25.419993688
     ],
     [
      -48.711989817,
      -25.419945047
     ],
     [
      -48.711896477,
      -25.419879303
     ],
     [
      -48.711871054,
      -25.419856634
     ],
     [
      -48.711803136,
      -25.419797434
     ],
     [
      -48.711778814,
      -25.419771867
     ],
     [
      -48.711709796,
      -25.419701009
     ]
    ]
   },
   "properties": {
    "tipo": "curva_nivel",
    "cota_m": 35,
    "equidistancia_m": 5
   }
  },
  {
   "type": "Feature",
   "geometry": {
    "type": "LineString",
    "coordinates": [
     [
      -48.717857698,
      -25.413414337
     ],
     [
      -48.717811277,
      -25.413499104
     ],
     [
      -48.717776916,
      -25.413565361
     ],
     [
      -48.717776916,
      -25.413565361
     ]
    ]
   },
   "properties": {
    "tipo": "curva_nivel",
    "cota_m": 40,
    "equidistancia_m": 5
   }
  },
  {
   "type": "Feature",
   "geometry": {
    "type": "LineString",
    "coordinates": [
     [
      -48.713208858,
      -25.413414337
     ],
     [
      -48.713296581,
      -25.413460626
     ],
     [
      -48.71336031,
      -25.413499104
     ],
     [
      -48.71336031,
      -25.413499104
     ]
    ]
   },
   "properties": {
    "tipo": "curva_nivel",
    "cota_m": 40,
    "equidistancia_m": 5
   }
  },
  {
   "type": "Feature",
   "geometry": {
    "type": "LineString",
    "coordinates": [
     [
      -48.711595777,
      -25.413414337
     ],
     [
      -48.711523115,
      -25.413446896
     ],
     [
      -48.711429775,
      -25.413493886
     ],
     [
      -48.711429775,
      -25.413493886
     ]
    ]
   },
   "properties": {
    "tipo": "curva_nivel",
    "cota_m": 40,
    "equidistancia_m": 5
   }
  },
  {
   "type": "Feature",
   "geometry": {
    "type": "LineString",
    "coordinates": [
     [
      -48.705220951,
      -25.413414337
     ],
     [
      -48.705269314,
      -25.413456065
     ],
     [
      -48.705316472,
      -25.413499104
     ],
     [
      -48.705362655,
      -25.413542935
     ],
     [
      -48.705403703,
      -25.413583871
     ],
     [
      -48.705455995,
      -25.413638293
     ],
     [
      -48.705483926,
      -25.413668638
     ],
     [
      -48.705549335,
      -25.413743044
     ],
     [
      -48.705558117,
      -25.413753405
     ],
     [
      -48.705626843,
      -25.413838172
     ],
     [
      -48.705626843,
      -25.413838172
     ]
    ]
   },
   "properties": {
    "tipo": "curva_nivel",
    "cota_m": 40,
    "equidistancia_m": 5
   }
  },
  {
   "type": "Feature",
   "geometry": {
    "type": "LineString",
    "coordinates": [
     [
      -48.701507225,
      -25.413414337
     ],
     [
      -48.701442362,
      -25.413483843
     ],
     [
      -48.701442362,
      -25.413483843
     ]
    ]
   },
   "properties": {
    "tipo": "curva_nivel",
    "cota_m": 40,
    "equidistancia_m": 5
   }
  },
  {
   "type": "Feature",
   "geometry": {
    "type": "LineString",
    "coordinates": [
     [
      -48.713389922,
      -25.413518059
     ],
     [
      -48.713481732,
      -25.413583871
     ],
     [
      -48.713576602,
      -25.41366342
     ],
     [
      -48.713582311,
      -25.413668638
     ],
     [
      -48.713668453,
      -25.413753405
     ],
     [
      -48.713743075,
      -25.413838172
     ],
     [
      -48.713743075,
      -25.413838172
     ]
    ]
   },
   "properties": {
    "tipo": "curva_nivel",
    "cota_m": 40,
    "equidistancia_m": 5
   }
  },
  {
   "type": "Feature",
   "geometry": {
    "type": "LineString",
    "coordinates": [
     [
      -48.711420396,
      -25.413499104
     ],
     [
      -48.711336435,
      -25.413547442
     ],
     [
      -48.711279007,
      -25.413583871
     ],
     [
      -48.711243094,
      -25.413607599
     ],
     [
      -48.711158448,
      -25.413668638
     ],
     [
      -48.711149754,
      -25.413675211
     ],
     [
      -48.711056414,
      -25.413751502
     ],
     [
      -48.711056414,
      -25.413751502
     ],
     [
      -48.710963073,
      -25.413837767
     ],
     [
      -48.710963073,
      -25.413837767
     ],
     [
      -48.710881525,
      -25.413922939
     ],
     [
      -48.710869733,
      -25.413936112
     ],
     [
      -48.710808948,
      -25.414007706
     ],
     [
      -48.710776393,
      -25.414048974
     ],
     [
      -48.710743589,
      -25.414092473
     ],
     [
      -48.71068456,
      -25.41417724
     ],
     [
      -48.710683052,
      -25.414179597
     ],
     [
      -48.710632156,
      -25.414262007
     ],
     [
      -48.710589712,
      -25.414337582
     ],
     [
      -48.710589712,
      -25.414337582
     ]
    ]
   },
   "properties": {
    "tipo": "curva_nivel",
    "cota_m": 40,
    "equidistancia_m": 5
   }
  },
  {
   "type": "Feature",
   "geometry": {
    "type": "LineString",
    "coordinates": [
     [
      -48.701428648,
      -25.413499104
     ],
     [
      -48.701355786,
      -25.413583871
     ],
     [
      -48.701349021,
      -25.413592094
     ],
     [
      -48.701287423,
      -25.413668638
     ],
     [
      -48.701255681,
      -25.413710273
     ],
     [
      -48.701223185,
      -25.413753405
     ],
     [
      -48.701162767,
      -25.413838172
     ],
     [
      -48.701162341,
      -25.413838796
     ],
     [
      -48.701104754,
      -25.413922939
     ],
     [
      -48.701069,
      -25.413978471
     ],
     [
      -48.701069,
      -25.413978471
     ]
    ]
   },
   "properties": {
    "tipo": "curva_nivel",
    "cota_m": 40,
    "equidistancia_m": 5
   }
  },
  {
   "type": "Feature",
   "geometry": {
    "type": "LineString",
    "coordinates": [
     [
      -48.717767532,
      -25.413583871
     ],
     [
      -48.717725961,
      -25.413668638
     ],
     [
      -48.717686892,
      -25.413753405
     ],
     [
      -48.717683576,
      -25.41376089
     ],
     [
      -48.717649576,
      -25.413838172
     ],
     [
      -48.717614553,
      -25.413922939
     ],
     [
      -48.717590236,
      -25.413985599
     ],
     [
      -48.717590236,
      -25.413985599
     ]
    ]
   },
   "properties": {
    "tipo": "curva_nivel",
    "cota_m": 40,
    "equidistancia_m": 5
   }
  },
  {
   "type": "Feature",
   "geometry": {
    "type": "LineString",
    "coordinates": [
     [
      -48.69798877,
      -25.413632234
     ],
     [
      -48.698012527,
      -25.413668638
     ],
     [
      -48.698065168,
      -25.413753405
     ],
     [
      -48.698065168,
      -25.413753405
     ]
    ]
   },
   "properties": {
    "tipo": "curva_nivel",
    "cota_m": 40,
    "equidistancia_m": 5
   }
  },
  {
   "type": "Feature",
   "geometry": {
    "type": "LineString",
    "coordinates": [
     [
      -48.69808211,
      -25.413782136
     ],
     [
      -48.698114961,
      -25.413838172
     ],
     [
      -48.698161765,
      -25.413922939
     ],
     [
      -48.698161765,
      -25.413922939
     ]
    ]
   },
   "properties": {
    "tipo": "curva_nivel",
    "cota_m": 40,
    "equidistancia_m": 5
   }
  },
  {
   "type": "Feature",
   "geometry": {
    "type": "LineString",
    "coordinates": [
     [
      -48.713763283,
      -25.413863322
     ],
     [
      -48.713808693,
      -25.413922939
     ],
     [
      -48.713856623,
      -25.413992409
     ],
     [
      -48.713866744,
      -25.414007706
     ],
     [
      -48.713917814,
      -25.414092473
     ],
     [
      -48.713949963,
      -25.414152346
     ],
     [
      -48.713962971,
      -25.41417724
     ],
     [
      -48.71400247,
      -25.414262007
     ],
     [
      -48.714036839,
      -25.414346774
     ],
     [
      -48.714036839,
      -25.414346774
     ]
    ]
   },
   "properties": {
    "tipo": "curva_nivel",
    "cota_m": 40,
    "equidistancia_m": 5
   }
  },
  {
   "type": "Feature",
   "geometry": {
    "type": "LineString",
    "coordinates": [
     [
      -48.705642676,
      -25.413858703
     ],
     [
      -48.705690844,
      -25.413922939
     ],
     [
      -48.705736016,
      -25.413986606
     ],
     [
      -48.705750664,
      -25.414007706
     ],
     [
      -48.705806527,
      -25.414092473
     ],
     [
      -48.705806527,
      -25.414092473
     ]
    ]
   },
   "properties": {
    "tipo": "curva_nivel",
    "cota_m": 40,
    "equidistancia_m": 5
   }
  },
  {
   "type": "Feature",
   "geometry": {
    "type": "LineString",
    "coordinates": [
     [
      -48.698175451,
      -25.413949198
     ],
     [
      -48.698206205,
      -25.414007706
     ],
     [
      -48.6982479,
      -25.414092473
     ],
     [
      -48.698268791,
      -25.414138018
     ],
     [
      -48.698287195,
      -25.41417724
     ],
     [
      -48.69832418,
      -25.414262007
     ],
     [
      -48.698358193,
      -25.414346774
     ],
     [
      -48.698390465,
      -25.414431542
     ],
     [
      -48.698419914,
      -25.414516309
     ],
     [
      -48.698446399,
      -25.414601076
     ],
     [
      -48.698446399,
      -25.414601076
     ]
    ]
   },
   "properties": {
    "tipo": "curva_nivel",
    "cota_m": 40,
    "equidistancia_m": 5
   }
  },
  {
   "type": "Feature",
   "geometry": {
    "type": "LineString",
    "coordinates": [
     [
      -48.717581622,
      -25.414007706
     ],
     [
      -48.717550392,
      -25.414092473
     ],
     [
      -48.717521435,
      -25.41417724
     ],
     [
      -48.717496895,
      -25.414255028
     ],
     [
      -48.717496895,
      -25.414255028
     ]
    ]
   },
   "properties": {
    "tipo": "curva_nivel",
    "cota_m": 40,
    "equidistancia_m": 5
   }
  },
  {
   "type": "Feature",
   "geometry": {
    "type": "LineString",
    "coordinates": [
     [
      -48.701049966,
      -25.414007706
     ],
     [
      -48.700997587,
      -25.414092473
     ],
     [
      -48.70097566,
      -25.414130083
     ],
     [
      -48.700947507,
      -25.41417724
     ],
     [
      -48.700899883,
      -25.414262007
     ],
     [
      -48.70088232,
      -25.414295242
     ],
     [
      -48.70085409,
      -25.414346774
     ],
     [
      -48.700810603,
      -25.414431542
     ],
     [
      -48.700788979,
      -25.414476645
     ],
     [
      -48.700769024,
      -25.414516309
     ],
     [
      -48.700729201,
      -25.414601076
     ],
     [
      -48.700695639,
      -25.414678045
     ],
     [
      -48.700695639,
      -25.414678045
     ]
    ]
   },
   "properties": {
    "tipo": "curva_nivel",
    "cota_m": 40,
    "equidistancia_m": 5
   }
  },
  {
   "type": "Feature",
   "geometry": {
    "type": "LineString",
    "coordinates": [
     [
      -48.705829356,
      -25.414129176
     ],
     [
      -48.705858851,
      -25.41417724
     ],
     [
      -48.705907835,
      -25.414262007
     ],
     [
      -48.705907835,
      -25.414262007
     ]
    ]
   },
   "properties": {
    "tipo": "curva_nivel",
    "cota_m": 40,
    "equidistancia_m": 5
   }
  },
  {
   "type": "Feature",
   "geometry": {
    "type": "LineString",
    "coordinates": [
     [
      -48.717494656,
      -25.414262007
     ],
     [
      -48.717469409,
      -25.414346774
     ],
     [
      -48.717446424,
      -25.414431542
     ],
     [
      -48.717425676,
      -25.414516309
     ],
     [
      -48.717407137,
      -25.414601076
     ],
     [
      -48.717403555,
      -25.414619603
     ],
     [
      -48.717390308,
      -25.414685843
     ],
     [
      -48.717375564,
      -25.41477061
     ],
     [
      -48.717362992,
      -25.414855377
     ],
     [
      -48.717352534,
      -25.414940144
     ],
     [
      -48.717344124,
      -25.415024911
     ],
     [
      -48.717337685,
      -25.415109678
     ],
     [
      -48.717333126,
      -25.415194445
     ],
     [
      -48.71733034,
      -25.415279212
     ],
     [
      -48.717329206,
      -25.415363979
     ],
     [
      -48.717329584,
      -25.415448746
     ],
     [
      -48.717331312,
      -25.415533514
     ],
     [
      -48.717334206,
      -25.415618281
     ],
     [
      -48.717338053,
      -25.415703048
     ],
     [
      -48.717342609,
      -25.415787815
     ],
     [
      -48.717347592,
      -25.415872582
     ],
     [
      -48.717352675,
      -25.415957349
     ],
     [
      -48.717357477,
      -25.416042116
     ],
     [
      -48.717361553,
      -25.416126883
     ],
     [
      -48.717364373,
      -25.41621165
     ],
     [
      -48.717365307,
      -25.416296417
     ],
     [
      -48.71736359,
      -25.416381184
     ],
     [
      -48.717358288,
      -25.416465951
     ],
     [
      -48.717348239,
      -25.416550718
     ],
     [
      -48.717331972,
      -25.416635486
     ],
     [
      -48.717310215,
      -25.416711688
     ],
     [
      -48.717310215,
      -25.416711688
     ]
    ]
   },
   "properties": {
    "tipo": "curva_nivel",
    "cota_m": 40,
    "equidistancia_m": 5
   }
  },
  {
   "type": "Feature",
   "geometry": {
    "type": "LineString",
    "coordinates": [
     [
      -48.705922697,
      -25.414289344
     ],
     [
      -48.705953751,
      -25.414346774
     ],
     [
      -48.705996712,
      -25.414431542
     ],
     [
      -48.706016037,
      -25.414472305
     ],
     [
      -48.706036955,
      -25.414516309
     ],
     [
      -48.706074588,
      -25.414601076
     ],
     [
      -48.706109377,
      -25.41468523
     ],
     [
      -48.706109633,
      -25.414685843
     ],
     [
      -48.70614254,
      -25.41477061
     ],
     [
      -48.706173094,
      -25.414855377
     ],
     [
      -48.706201437,
      -25.414940144
     ],
     [
      -48.70622806,
      -25.415024911
     ],
     [
      -48.706252758,
      -25.415109678
     ],
     [
      -48.706275683,
      -25.415194445
     ],
     [
      -48.706296058,
      -25.415275447
     ],
     [
      -48.706297037,
      -25.415279212
     ],
     [
      -48.706317338,
      -25.415363979
     ],
     [
      -48.706336451,
      -25.415448746
     ],
     [
      -48.706354632,
      -25.415533514
     ],
     [
      -48.706372173,
      -25.415618281
     ],
     [
      -48.706389398,
      -25.415703022
     ],
     [
      -48.706389404,
      -25.415703048
     ],
     [
      -48.706407059,
      -25.415787815
     ],
     [
      -48.706425221,
      -25.415872582
     ],
     [
      -48.706444411,
      -25.415957349
     ],
     [
      -48.706465248,
      -25.416042116
     ],
     [
      -48.706482738,
      -25.416106633
     ],
     [
      -48.706488599,
      -25.416126883
     ],
     [
      -48.706515677,
      -25.41621165
     ],
     [
      -48.706547169,
      -25.416296417
     ],
     [
      -48.706576079,
      -25.416362966
     ],
     [
      -48.706584643,
      -25.416381184
     ],
     [
      -48.706630442,
      -25.416465951
     ],
     [
      -48.706669419,
      -25.416526521
     ],
     [
      -48.706686451,
      -25.416550718
     ],
     [
      -48.706756289,
      -25.416635486
     ],
     [
      -48.706756289,
      -25.416635486
     ]
    ]
   },
   "properties": {
    "tipo": "curva_nivel",
    "cota_m": 40,
    "equidistancia_m": 5
   }
  },
  {
   "type": "Feature",
   "geometry": {
    "type": "LineString",
    "coordinates": [
     [
      -48.714043304,
      -25.414365246
     ],
     [
      -48.714066266,
      -25.414431542
     ],
     [
      -48.714090938,
      -25.414516309
     ],
     [
      -48.714110976,
      -25.414601076
     ],
     [
      -48.714126456,
      -25.414685843
     ],
     [
      -48.714136644,
      -25.414764588
     ],
     [
      -48.71413743,
      -25.41477061
     ],
     [
      -48.714143943,
      -25.414855377
     ],
     [
      -48.714145916,
      -25.414940144
     ],
     [
      -48.7141433,
      -25.415024911
     ],
     [
      -48.714136644,
      -25.41510242
     ],
     [
      -48.714136644,
      -25.41510242
     ]
    ]
   },
   "properties": {
    "tipo": "curva_nivel",
    "cota_m": 40,
    "equidistancia_m": 5
   }
  },
  {
   "type": "Feature",
   "geometry": {
    "type": "LineString",
    "coordinates": [
     [
      -48.71058469,
      -25.414346774
     ],
     [
      -48.710542849,
      -25.414431542
     ],
     [
      -48.710505487,
      -25.414516309
     ],
     [
      -48.710496372,
      -25.414539848
     ],
     [
      -48.710473028,
      -25.414601076
     ],
     [
      -48.710445052,
      -25.414685843
     ],
     [
      -48.710421351,
      -25.41477061
     ],
     [
      -48.710403032,
      -25.414850594
     ],
     [
      -48.710403032,
      -25.414850594
     ],
     [
      -48.710387026,
      -25.414940144
     ],
     [
      -48.710376368,
      -25.415024911
     ],
     [
      -48.710370022,
      -25.415109678
     ],
     [
      -48.710368069,
      -25.415194445
     ],
     [
      -48.710370622,
      -25.415279212
     ],
     [
      -48.710377829,
      -25.415363979
     ],
     [
      -48.710389889,
      -25.415448746
     ],
     [
      -48.710403032,
      -25.415514199
     ],
     [
      -48.710407119,
      -25.415533514
     ],
     [
      -48.710430071,
      -25.415618281
     ],
     [
      -48.710458985,
      -25.415703048
     ],
     [
      -48.710494439,
      -25.415787815
     ],
     [
      -48.710538043,
      -25.415872582
     ],
     [
      -48.710589712,
      -25.415956633
     ],
     [
      -48.710590193,
      -25.415957349
     ],
     [
      -48.710653909,
      -25.416042116
     ],
     [
      -48.710683052,
      -25.416076224
     ],
     [
      -48.710731386,
      -25.416126883
     ],
     [
      -48.710776393,
      -25.416169296
     ],
     [
      -48.710827407,
      -25.41621165
     ],
     [
      -48.710869733,
      -25.416243835
     ],
     [
      -48.710949728,
      -25.416296417
     ],
     [
      -48.710949728,
      -25.416296417
     ]
    ]
   },
   "properties": {
    "tipo": "curva_nivel",
    "cota_m": 40,
    "equidistancia_m": 5
   }
  },
  {
   "type": "Feature",
   "geometry": {
    "type": "LineString",
    "coordinates": [
     [
      -48.698455472,
      -25.414633872
     ],
     [
      -48.698470733,
      -25.414685843
     ],
     [
      -48.698492515,
      -25.41477061
     ],
     [
      -48.698511285,
      -25.414855377
     ],
     [
      -48.698527076,
      -25.414940144
     ],
     [
      -48.698539921,
      -25.415024911
     ],
     [
      -48.698548812,
      -25.415100916
     ],
     [
      -48.698549933,
      -25.415109678
     ],
     [
      -48.698557503,
      -25.415194445
     ],
     [
      -48.698562085,
      -25.415279212
     ],
     [
      -48.698563738,
      -25.415363979
     ],
     [
      -48.698562532,
      -25.415448746
     ],
     [
      -48.698558548,
      -25.415533514
     ],
     [
      -48.698551882,
      -25.415618281
     ],
     [
      -48.698548812,
      -25.415647596
     ],
     [
      -48.698543093,
      -25.415703048
     ],
     [
      -48.698532307,
      -25.415787815
     ],
     [
      -48.698519495,
      -25.415872582
     ],
     [
      -48.698504898,
      -25.415957349
     ],
     [
      -48.698488838,
      -25.416042116
     ],
     [
      -48.698471767,
      -25.416126883
     ],
     [
      -48.698455472,
      -25.416206828
     ],
     [
      -48.698455472,
      -25.416206828
     ],
     [
      -48.698439156,
      -25.416296417
     ],
     [
      -48.698426554,
      -25.416381184
     ],
     [
      -48.698420176,
      -25.416465951
     ],
     [
      -48.69842808,
      -25.416550718
     ],
     [
      -48.698455472,
      -25.416608998
     ],
     [
      -48.698477362,
      -25.416635486
     ],
     [
      -48.698548812,
      -25.416672907
     ],
     [
      -48.698642152,
      -25.416693794
     ],
     [
      -48.698735493,
      -25.41670052
     ],
     [
      -48.698828833,
      -25.416699435
     ],
     [
      -48.698922173,
      -25.416693182
     ],
     [
      -48.699015514,
      -25.416682998
     ],
     [
      -48.699108854,
      -25.416669477
     ],
     [
      -48.699202194,
      -25.416652873
     ],
     [
      -48.699284275,
      -25.416635486
     ],
     [
      -48.699295534,
      -25.416632992
     ],
     [
      -48.699388875,
      -25.416607895
     ],
     [
      -48.699482215,
      -25.416579286
     ],
     [
      -48.699563936,
      -25.416550718
     ],
     [
      -48.699575555,
      -25.416546383
     ],
     [
      -48.699668896,
      -25.41650587
     ],
     [
      -48.699749796,
      -25.416465951
     ],
     [
      -48.699762236,
      -25.4164593
     ],
     [
      -48.699855576,
      -25.41640179
     ],
     [
      -48.699948917,
      -25.416331426
     ],
     [
      -48.699988261,
      -25.416296417
     ],
     [
      -48.699948917,
      -25.416331426
     ]
    ]
   },
   "properties": {
    "tipo": "curva_nivel",
    "cota_m": 40,
    "equidistancia_m": 5
   }
  },
  {
   "type": "Feature",
   "geometry": {
    "type": "LineString",
    "coordinates": [
     [
      -48.700692026,
      -25.414685843
     ],
     [
      -48.700655439,
      -25.41477061
     ],
     [
      -48.700621558,
      -25.414855377
     ],
     [
      -48.700602299,
      -25.414907391
     ],
     [
      -48.700602299,
      -25.414907391
     ]
    ]
   },
   "properties": {
    "tipo": "curva_nivel",
    "cota_m": 40,
    "equidistancia_m": 5
   }
  },
  {
   "type": "Feature",
   "geometry": {
    "type": "LineString",
    "coordinates": [
     [
      -48.700589225,
      -25.414940144
     ],
     [
      -48.700557862,
      -25.415024911
     ],
     [
      -48.700528701,
      -25.415109678
     ],
     [
      -48.700508959,
      -25.415171195
     ],
     [
      -48.700508959,
      -25.415171195
     ]
    ]
   },
   "properties": {
    "tipo": "curva_nivel",
    "cota_m": 40,
    "equidistancia_m": 5
   }
  },
  {
   "type": "Feature",
   "geometry": {
    "type": "LineString",
    "coordinates": [
     [
      -48.714136016,
      -25.415109678
     ],
     [
      -48.714124026,
      -25.415194445
     ],
     [
      -48.714107128,
      -25.415279212
     ],
     [
      -48.714085114,
      -25.415363979
     ],
     [
      -48.714057716,
      -25.415448746
     ],
     [
      -48.714043304,
      -25.415486308
     ],
     [
      -48.714024637,
      -25.415533514
     ],
     [
      -48.713985462,
      -25.415618281
     ],
     [
      -48.713949963,
      -25.415684495
     ],
     [
      -48.713949963,
      -25.415684495
     ]
    ]
   },
   "properties": {
    "tipo": "curva_nivel",
    "cota_m": 40,
    "equidistancia_m": 5
   }
  },
  {
   "type": "Feature",
   "geometry": {
    "type": "LineString",
    "coordinates": [
     [
      -48.700500799,
      -25.415194445
     ],
     [
      -48.700472947,
      -25.415279212
     ],
     [
      -48.700446481,
      -25.415363979
     ],
     [
      -48.700420968,
      -25.415448746
     ],
     [
      -48.700415618,
      -25.41546706
     ],
     [
      -48.70039408,
      -25.415533514
     ],
     [
      -48.700366695,
      -25.415618281
     ],
     [
      -48.700338669,
      -25.415703048
     ],
     [
      -48.700322278,
      -25.415750708
     ],
     [
      -48.700322278,
      -25.415750708
     ]
    ]
   },
   "properties": {
    "tipo": "curva_nivel",
    "cota_m": 40,
    "equidistancia_m": 5
   }
  },
  {
   "type": "Feature",
   "geometry": {
    "type": "LineString",
    "coordinates": [
     [
      -48.713939572,
      -25.415703048
     ],
     [
      -48.713886181,
      -25.415787815
     ],
     [
      -48.713856623,
      -25.415829494
     ],
     [
      -48.713824213,
      -25.415872582
     ],
     [
      -48.713763283,
      -25.415945147
     ],
     [
      -48.713763283,
      -25.415945147
     ]
    ]
   },
   "properties": {
    "tipo": "curva_nivel",
    "cota_m": 40,
    "equidistancia_m": 5
   }
  },
  {
   "type": "Feature",
   "geometry": {
    "type": "LineString",
    "coordinates": [
     [
      -48.700307949,
      -25.415787815
     ],
     [
      -48.700273265,
      -25.415872582
     ],
     [
      -48.700235321,
      -25.415957349
     ],
     [
      -48.700228938,
      -25.415970393
     ],
     [
      -48.700189192,
      -25.416042116
     ],
     [
      -48.700136501,
      -25.416126883
     ],
     [
      -48.700135597,
      -25.416128191
     ],
     [
      -48.700069918,
      -25.41621165
     ],
     [
      -48.700042257,
      -25.416242972
     ]
    ]
   },
   "properties": {
    "tipo": "curva_nivel",
    "cota_m": 40,
    "equidistancia_m": 5
   }
  },
  {
   "type": "Feature",
   "geometry": {
    "type": "LineString",
    "coordinates": [
     [
      -48.713752293,
      -25.415957349
     ],
     [
      -48.713669942,
      -25.416040503
     ],
     [
      -48.713669942,
      -25.416040503
     ],
     [
      -48.713576602,
      -25.41612065
     ],
     [
      -48.713576602,
      -25.41612065
     ]
    ]
   },
   "properties": {
    "tipo": "curva_nivel",
    "cota_m": 40,
    "equidistancia_m": 5
   }
  },
  {
   "type": "Feature",
   "geometry": {
    "type": "LineString",
    "coordinates": [
     [
      -48.713568607,
      -25.416126883
     ],
     [
      -48.713483262,
      -25.416188946
     ],
     [
      -48.713483262,
      -25.416188946
     ]
    ]
   },
   "properties": {
    "tipo": "curva_nivel",
    "cota_m": 40,
    "equidistancia_m": 5
   }
  },
  {
   "type": "Feature",
   "geometry": {
    "type": "LineString",
    "coordinates": [
     [
      -48.713448446,
      -25.41621165
     ],
     [
      -48.713389922,
      -25.416247642
     ],
     [
      -48.7133001,
      -25.416296417
     ],
     [
      -48.713296581,
      -25.416298238
     ],
     [
      -48.713203241,
      -25.416342038
     ],
     [
      -48.713109901,
      -25.416379869
     ],
     [
      -48.713109901,
      -25.416379869
     ],
     [
      -48.71301656,
      -25.416412719
     ],
     [
      -48.71292322,
      -25.416440972
     ],
     [
      -48.71282988,
      -25.416465169
     ],
     [
      -48.71282988,
      -25.416465169
     ],
     [
      -48.712736539,
      -25.416485933
     ],
     [
      -48.712643199,
      -25.416503367
     ],
     [
      -48.712549859,
      -25.416517755
     ],
     [
      -48.712456518,
      -25.416529318
     ],
     [
      -48.712363178,
      -25.416538223
     ],
     [
      -48.712269838,
      -25.416544583
     ],
     [
      -48.712176497,
      -25.416548467
     ],
     [
      -48.712083157,
      -25.416549899
     ],
     [
      -48.711989817,
      -25.416548857
     ],
     [
      -48.711896477,
      -25.416545276
     ],
     [
      -48.711803136,
      -25.416539037
     ],
     [
      -48.711709796,
      -25.416529966
     ],
     [
      -48.711616456,
      -25.41651782
     ],
     [
      -48.711523115,
      -25.416502273
     ],
     [
      -48.711429775,
      -25.416482893
     ],
     [
      -48.711362494,
      -25.416465951
     ],
     [
      -48.711362494,
      -25.416465951
     ]
    ]
   },
   "properties": {
    "tipo": "curva_nivel",
    "cota_m": 40,
    "equidistancia_m": 5
   }
  },
  {
   "type": "Feature",
   "geometry": {
    "type": "LineString",
    "coordinates": [
     [
      -48.710963073,
      -25.41630458
     ],
     [
      -48.711056414,
      -25.416354621
     ],
     [
      -48.711115028,
      -25.416381184
     ],
     [
      -48.711115028,
      -25.416381184
     ]
    ]
   },
   "properties": {
    "tipo": "curva_nivel",
    "cota_m": 40,
    "equidistancia_m": 5
   }
  },
  {
   "type": "Feature",
   "geometry": {
    "type": "LineString",
    "coordinates": [
     [
      -48.711336435,
      -25.416459188
     ],
     [
      -48.711243094,
      -25.416430629
     ],
     [
      -48.711149754,
      -25.416396122
     ]
    ]
   },
   "properties": {
    "tipo": "curva_nivel",
    "cota_m": 40,
    "equidistancia_m": 5
   }
  },
  {
   "type": "Feature",
   "geometry": {
    "type": "LineString",
    "coordinates": [
     [
      -48.706762759,
      -25.416642293
     ],
     [
      -48.706844708,
      -25.416720253
     ],
     [
      -48.706844708,
      -25.416720253
     ]
    ]
   },
   "properties": {
    "tipo": "curva_nivel",
    "cota_m": 40,
    "equidistancia_m": 5
   }
  },
  {
   "type": "Feature",
   "geometry": {
    "type": "LineString",
    "coordinates": [
     [
      -48.71730752,
      -25.416720253
     ],
     [
      -48.717271641,
      -25.41680502
     ],
     [
      -48.717221641,
      -25.416889787
     ],
     [
      -48.717216874,
      -25.416896184
     ],
     [
      -48.717151461,
      -25.416974554
     ],
     [
      -48.717123534,
      -25.417001091
     ],
     [
      -48.717054585,
      -25.417059321
     ],
     [
      -48.717030194,
      -25.417076423
     ],
     [
      -48.716936853,
      -25.417135087
     ],
     [
      -48.716936853,
      -25.417135087
     ]
    ]
   },
   "properties": {
    "tipo": "curva_nivel",
    "cota_m": 40,
    "equidistancia_m": 5
   }
  },
  {
   "type": "Feature",
   "geometry": {
    "type": "LineString",
    "coordinates": [
     [
      -48.7068561,
      -25.416729664
     ],
     [
      -48.70694944,
      -25.416799357
     ],
     [
      -48.706957812,
      -25.41680502
     ],
     [
      -48.70704278,
      -25.416856272
     ],
     [
      -48.707104832,
      -25.416889787
     ],
     [
      -48.707104832,
      -25.416889787
     ]
    ]
   },
   "properties": {
    "tipo": "curva_nivel",
    "cota_m": 40,
    "equidistancia_m": 5
   }
  },
  {
   "type": "Feature",
   "geometry": {
    "type": "LineString",
    "coordinates": [
     [
      -48.707136121,
      -25.416905047
     ],
     [
      -48.707229461,
      -25.416946851
     ],
     [
      -48.707297485,
      -25.416974554
     ],
     [
      -48.707297485,
      -25.416974554
     ]
    ]
   },
   "properties": {
    "tipo": "curva_nivel",
    "cota_m": 40,
    "equidistancia_m": 5
   }
  },
  {
   "type": "Feature",
   "geometry": {
    "type": "LineString",
    "coordinates": [
     [
      -48.707322801,
      -25.416984031
     ],
     [
      -48.707416142,
      -25.417016678
     ],
     [
      -48.707509482,
      -25.417046776
     ],
     [
      -48.707550866,
      -25.417059321
     ],
     [
      -48.707602822,
      -25.417074087
     ],
     [
      -48.707696163,
      -25.417099239
     ],
     [
      -48.707789503,
      -25.417123137
     ],
     [
      -48.707874754,
      -25.417144088
     ],
     [
      -48.707874754,
      -25.417144088
     ]
    ]
   },
   "properties": {
    "tipo": "curva_nivel",
    "cota_m": 40,
    "equidistancia_m": 5
   }
  },
  {
   "type": "Feature",
   "geometry": {
    "type": "LineString",
    "coordinates": [
     [
      -48.716921072,
      -25.417144088
     ],
     [
      -48.716843513,
      -25.417182566
     ],
     [
      -48.716750173,
      -25.417224192
     ],
     [
      -48.716750173,
      -25.417224192
     ]
    ]
   },
   "properties": {
    "tipo": "curva_nivel",
    "cota_m": 40,
    "equidistancia_m": 5
   }
  },
  {
   "type": "Feature",
   "geometry": {
    "type": "LineString",
    "coordinates": [
     [
      -48.707882843,
      -25.417145981
     ],
     [
      -48.707976183,
      -25.417167241
     ],
     [
      -48.708069524,
      -25.417188049
     ],
     [
      -48.708162864,
      -25.417208624
     ],
     [
      -48.708254726,
      -25.417228855
     ],
     [
      -48.708349545,
      -25.41724905
     ],
     [
      -48.708442885,
      -25.417269317
     ],
     [
      -48.708536225,
      -25.417290207
     ],
     [
      -48.708629566,
      -25.417311976
     ],
     [
      -48.708636456,
      -25.417313622
     ],
     [
      -48.708722906,
      -25.417333971
     ],
     [
      -48.708816246,
      -25.417357267
     ],
     [
      -48.708909587,
      -25.417382298
     ],
     [
      -48.708965776,
      -25.417398389
     ],
     [
      -48.708965776,
      -25.417398389
     ]
    ]
   },
   "properties": {
    "tipo": "curva_nivel",
    "cota_m": 40,
    "equidistancia_m": 5
   }
  },
  {
   "type": "Feature",
   "geometry": {
    "type": "LineString",
    "coordinates": [
     [
      -48.716739025,
      -25.417228855
     ],
     [
      -48.716656832,
      -25.417259708
     ],
     [
      -48.716563492,
      -25.417292318
     ],
     [
      -48.716499187,
      -25.417313622
     ],
     [
      -48.716470152,
      -25.417322456
     ],
     [
      -48.716376812,
      -25.417350081
     ],
     [
      -48.716283471,
      -25.417376915
     ],
     [
      -48.71620773,
      -25.417398389
     ],
     [
      -48.716190131,
      -25.417403079
     ],
     [
      -48.716096791,
      -25.417428057
     ],
     [
      -48.71600345,
      -25.417453308
     ],
     [
      -48.71591011,
      -25.417479146
     ],
     [
      -48.71591011,
      -25.417479146
     ]
    ]
   },
   "properties": {
    "tipo": "curva_nivel",
    "cota_m": 40,
    "equidistancia_m": 5
   }
  },
  {
   "type": "Feature",
   "geometry": {
    "type": "LineString",
    "coordinates": [
     [
      -48.709002927,
      -25.417408977
     ],
     [
      -48.709096267,
      -25.417437379
     ],
     [
      -48.709189607,
      -25.417468808
     ],
     [
      -48.709228961,
      -25.417483156
     ],
     [
      -48.709282948,
      -25.417502923
     ],
     [
      -48.709376288,
      -25.417540535
     ],
     [
      -48.709437369,
      -25.417567923
     ],
     [
      -48.709437369,
      -25.417567923
     ]
    ]
   },
   "properties": {
    "tipo": "curva_nivel",
    "cota_m": 40,
    "equidistancia_m": 5
   }
  },
  {
   "type": "Feature",
   "geometry": {
    "type": "LineString",
    "coordinates": [
     [
      -48.715895988,
      -25.417483156
     ],
     [
      -48.71581677,
      -25.417504767
     ],
     [
      -48.715723429,
      -25.417531349
     ],
     [
      -48.715630089,
      -25.417559436
     ],
     [
      -48.715630089,
      -25.417559436
     ]
    ]
   },
   "properties": {
    "tipo": "curva_nivel",
    "cota_m": 40,
    "equidistancia_m": 5
   }
  },
  {
   "type": "Feature",
   "geometry": {
    "type": "LineString",
    "coordinates": [
     [
      -48.715603223,
      -25.417567923
     ],
     [
      -48.715536749,
      -25.417588384
     ],
     [
      -48.715443408,
      -25.417619077
     ],
     [
      -48.715350068,
      -25.417652387
     ],
     [
      -48.715350068,
      -25.417652387
     ],
     [
      -48.715256728,
      -25.417687116
     ],
     [
      -48.715163387,
      -25.417725319
     ],
     [
      -48.715163387,
      -25.417725319
     ]
    ]
   },
   "properties": {
    "tipo": "curva_nivel",
    "cota_m": 40,
    "equidistancia_m": 5
   }
  },
  {
   "type": "Feature",
   "geometry": {
    "type": "LineString",
    "coordinates": [
     [
      -48.709469628,
      -25.417582534
     ],
     [
      -48.709562969,
      -25.417628976
     ],
     [
      -48.709605878,
      -25.41765269
     ],
     [
      -48.709656309,
      -25.41768099
     ],
     [
      -48.709746073,
      -25.417737458
     ],
     [
      -48.70984299,
      -25.417804603
     ],
     [
      -48.709866004,
      -25.417822225
     ],
     [
      -48.70993633,
      -25.417877259
     ],
     [
      -48.70997113,
      -25.417906992
     ],
     [
      -48.71002967,
      -25.417958212
     ],
     [
      -48.710065191,
      -25.417991759
     ],
     [
      -48.710123011,
      -25.418047776
     ],
     [
      -48.710150797,
      -25.418076526
     ],
     [
      -48.710216351,
      -25.418146201
     ],
     [
      -48.710229782,
      -25.418161293
     ],
     [
      -48.710303544,
      -25.41824606
     ],
     [
      -48.710373305,
      -25.418330827
     ],
     [
      -48.710403032,
      -25.418368215
     ],
     [
      -48.710439529,
      -25.418415594
     ],
     [
      -48.710496372,
      -25.418491757
     ],
     [
      -48.710502648,
      -25.418500361
     ],
     [
      -48.710563738,
      -25.418585128
     ],
     [
      -48.710589712,
      -25.418622276
     ],
     [
      -48.710622665,
      -25.418669895
     ],
     [
      -48.710679447,
      -25.418754662
     ],
     [
      -48.71073537,
      -25.41883943
     ],
     [
      -48.710776393,
      -25.418904009
     ],
     [
      -48.710789343,
      -25.418924197
     ],
     [
      -48.710842517,
      -25.419008964
     ],
     [
      -48.710869733,
      -25.419053836
     ],
     [
      -48.71089445,
      -25.419093731
     ],
     [
      -48.710945337,
      -25.419178498
     ],
     [
      -48.710945337,
      -25.419178498
     ]
    ]
   },
   "properties": {
    "tipo": "curva_nivel",
    "cota_m": 40,
    "equidistancia_m": 5
   }
  },
  {
   "type": "Feature",
   "geometry": {
    "type": "LineString",
    "coordinates": [
     [
      -48.715135836,
      -25.417737458
     ],
     [
      -48.715070047,
      -25.417766277
     ],
     [
      -48.714976707,
      -25.417811279
     ],
     [
      -48.714976707,
      -25.417811279
     ]
    ]
   },
   "properties": {
    "tipo": "curva_nivel",
    "cota_m": 40,
    "equidistancia_m": 5
   }
  },
  {
   "type": "Feature",
   "geometry": {
    "type": "LineString",
    "coordinates": [
     [
      -48.714955675,
      -25.417822225
     ],
     [
      -48.714883367,
      -25.417859918
     ],
     [
      -48.714801709,
      -25.417906992
     ],
     [
      -48.714790026,
      -25.417913771
     ],
     [
      -48.714696686,
      -25.417972202
     ],
     [
      -48.714696686,
      -25.417972202
     ]
    ]
   },
   "properties": {
    "tipo": "curva_nivel",
    "cota_m": 40,
    "equidistancia_m": 5
   }
  },
  {
   "type": "Feature",
   "geometry": {
    "type": "LineString",
    "coordinates": [
     [
      -48.714667987,
      -25.417991759
     ],
     [
      -48.714603346,
      -25.41803637
     ],
     [
      -48.714549791,
      -25.418076526
     ],
     [
      -48.714510005,
      -25.418106867
     ],
     [
      -48.714443753,
      -25.418161293
     ],
     [
      -48.714416665,
      -25.418184016
     ],
     [
      -48.714347409,
      -25.41824606
     ],
     [
      -48.714323325,
      -25.418268174
     ],
     [
      -48.714258881,
      -25.418330827
     ],
     [
      -48.714229984,
      -25.41835972
     ],
     [
      -48.714176753,
      -25.418415594
     ],
     [
      -48.714136644,
      -25.418459025
     ],
     [
      -48.714099969,
      -25.418500361
     ],
     [
      -48.714043304,
      -25.418566429
     ],
     [
      -48.714043304,
      -25.418566429
     ]
    ]
   },
   "properties": {
    "tipo": "curva_nivel",
    "cota_m": 40,
    "equidistancia_m": 5
   }
  },
  {
   "type": "Feature",
   "geometry": {
    "type": "LineString",
    "coordinates": [
     [
      -48.714027763,
      -25.418585128
     ],
     [
      -48.713959427,
      -25.418669895
     ],
     [
      -48.713949963,
      -25.418682002
     ],
     [
      -48.713894252,
      -25.418754662
     ],
     [
      -48.713856623,
      -25.418805841
     ],
     [
      -48.713856623,
      -25.418805841
     ]
    ]
   },
   "properties": {
    "tipo": "curva_nivel",
    "cota_m": 40,
    "equidistancia_m": 5
   }
  },
  {
   "type": "Feature",
   "geometry": {
    "type": "LineString",
    "coordinates": [
     [
      -48.713832189,
      -25.41883943
     ],
     [
      -48.713772852,
      -25.418924197
     ],
     [
      -48.713763283,
      -25.418938354
     ],
     [
      -48.713715497,
      -25.419008964
     ],
     [
      -48.713669942,
      -25.419079599
     ],
     [
      -48.713669942,
      -25.419079599
     ]
    ]
   },
   "properties": {
    "tipo": "curva_nivel",
    "cota_m": 40,
    "equidistancia_m": 5
   }
  },
  {
   "type": "Feature",
   "geometry": {
    "type": "LineString",
    "coordinates": [
     [
      -48.713660734,
      -25.419093731
     ],
     [
      -48.71360745,
      -25.419178498
     ],
     [
      -48.713576602,
      -25.419230012
     ],
     [
      -48.713576602,
      -25.419230012
     ]
    ]
   },
   "properties": {
    "tipo": "curva_nivel",
    "cota_m": 40,
    "equidistancia_m": 5
   }
  },
  {
   "type": "Feature",
   "geometry": {
    "type": "LineString",
    "coordinates": [
     [
      -48.710963073,
      -25.419208988
     ],
     [
      -48.710995696,
      -25.419263265
     ],
     [
      -48.711044787,
      -25.419348032
     ],
     [
      -48.711044787,
      -25.419348032
     ]
    ]
   },
   "properties": {
    "tipo": "curva_nivel",
    "cota_m": 40,
    "equidistancia_m": 5
   }
  },
  {
   "type": "Feature",
   "geometry": {
    "type": "LineString",
    "coordinates": [
     [
      -48.713556231,
      -25.419263265
     ],
     [
      -48.713506544,
      -25.419348032
     ],
     [
      -48.713483262,
      -25.419389722
     ],
     [
      -48.713458332,
      -25.419432799
     ],
     [
      -48.713411578,
      -25.419517566
     ],
     [
      -48.713389922,
      -25.419558844
     ],
     [
      -48.713365945,
      -25.419602333
     ],
     [
      -48.713321447,
      -25.4196871
     ],
     [
      -48.713296581,
      -25.419736913
     ],
     [
      -48.713296581,
      -25.419736913
     ]
    ]
   },
   "properties": {
    "tipo": "curva_nivel",
    "cota_m": 40,
    "equidistancia_m": 5
   }
  },
  {
   "type": "Feature",
   "geometry": {
    "type": "LineString",
    "coordinates": [
     [
      -48.711056414,
      -25.419368758
     ],
     [
      -48.711093971,
      -25.419432799
     ],
     [
      -48.711141735,
      -25.419517566
     ],
     [
      -48.711141735,
      -25.419517566
     ]
    ]
   },
   "properties": {
    "tipo": "curva_nivel",
    "cota_m": 40,
    "equidistancia_m": 5
   }
  },
  {
   "type": "Feature",
   "geometry": {
    "type": "LineString",
    "coordinates": [
     [
      -48.711149754,
      -25.419532273
     ],
     [
      -48.711190172,
      -25.419602333
     ],
     [
      -48.711237139,
      -25.4196871
     ],
     [
      -48.711285388,
      -25.419771867
     ],
     [
      -48.711332232,
      -25.419856634
     ],
     [
      -48.711381152,
      -25.419941402
     ],
     [
      -48.711428806,
      -25.420026169
     ],
     [
      -48.711479809,
      -25.420110936
     ],
     [
      -48.711523115,
      -25.420184618
     ],
     [
      -48.711530411,
      -25.420195703
     ],
     [
      -48.711585128,
      -25.42028047
     ],
     [
      -48.711616456,
      -25.420329691
     ],
     [
      -48.71164227,
      -25.420365237
     ],
     [
      -48.711703355,
      -25.420450004
     ],
     [
      -48.711703355,
      -25.420450004
     ]
    ]
   },
   "properties": {
    "tipo": "curva_nivel",
    "cota_m": 40,
    "equidistancia_m": 5
   }
  },
  {
   "type": "Feature",
   "geometry": {
    "type": "LineString",
    "coordinates": [
     [
      -48.713277964,
      -25.419771867
     ],
     [
      -48.71323491,
      -25.419856634
     ],
     [
      -48.713203241,
      -25.419921938
     ],
     [
      -48.713203241,
      -25.419921938
     ]
    ]
   },
   "properties": {
    "tipo": "curva_nivel",
    "cota_m": 40,
    "equidistancia_m": 5
   }
  },
  {
   "type": "Feature",
   "geometry": {
    "type": "LineString",
    "coordinates": [
     [
      -48.713192995,
      -25.419941402
     ],
     [
      -48.71315027,
      -25.420026169
     ],
     [
      -48.713109901,
      -25.420109106
     ],
     [
      -48.713109901,
      -25.420109106
     ],
     [
      -48.713064821,
      -25.420195703
     ],
     [
      -48.713021442,
      -25.42028047
     ],
     [
      -48.71301656,
      -25.420290221
     ],
     [
      -48.712973725,
      -25.420365237
     ],
     [
      -48.712924858,
      -25.420450004
     ],
     [
      -48.71292322,
      -25.420452842
     ],
     [
      -48.712867449,
      -25.420534771
     ],
     [
      -48.71282988,
      -25.420587944
     ],
     [
      -48.71282988,
      -25.420587944
     ]
    ]
   },
   "properties": {
    "tipo": "curva_nivel",
    "cota_m": 40,
    "equidistancia_m": 5
   }
  },
  {
   "type": "Feature",
   "geometry": {
    "type": "LineString",
    "coordinates": [
     [
      -48.711709796,
      -25.420458953
     ],
     [
      -48.711773402,
      -25.420534771
     ],
     [
      -48.711803136,
      -25.420570003
     ],
     [
      -48.71185318,
      -25.420619538
     ],
     [
      -48.711896477,
      -25.420661905
     ],
     [
      -48.711950189,
      -25.420704305
     ],
     [
      -48.711989817,
      -25.42073509
     ],
     [
      -48.712080285,
      -25.420789072
     ],
     [
      -48.712176497,
      -25.420829116
     ],
     [
      -48.712269838,
      -25.420851623
     ],
     [
      -48.712363178,
      -25.420857908
     ],
     [
      -48.712456518,
      -25.420847123
     ],
     [
      -48.712549859,
      -25.420817834
     ],
     [
      -48.71260455,
      -25.420789072
     ],
     [
      -48.712643199,
      -25.420767403
     ],
     [
      -48.712722107,
      -25.420704305
     ],
     [
      -48.712736539,
      -25.420692078
     ],
     [
      -48.712802515,
      -25.420619538
     ]
    ]
   },
   "properties": {
    "tipo": "curva_nivel",
    "cota_m": 40,
    "equidistancia_m": 5
   }
  },
  {
   "type": "Feature",
   "geometry": {
    "type": "LineString",
    "coordinates": [
     [
      -48.718200822,
      -25.413414337
     ],
     [
      -48.718150277,
      -25.413485346
     ],
     [
      -48.718150277,
      -25.413485346
     ]
    ]
   },
   "properties": {
    "tipo": "curva_nivel",
    "cota_m": 45,
    "equidistancia_m": 5
   }
  },
  {
   "type": "Feature",
   "geometry": {
    "type": "LineString",
    "coordinates": [
     [
      -48.704886015,
      -25.413414337
     ],
     [
      -48.704895953,
      -25.413420967
     ],
     [
      -48.704989293,
      -25.413487885
     ],
     [
      -48.705003912,
      -25.413499104
     ],
     [
      -48.705082634,
      -25.413561844
     ],
     [
      -48.705108579,
      -25.413583871
     ],
     [
      -48.705175974,
      -25.413643545
     ],
     [
      -48.705202762,
      -25.413668638
     ],
     [
      -48.705269314,
      -25.413733927
     ],
     [
      -48.70528821,
      -25.413753405
     ],
     [
      -48.705362655,
      -25.413834093
     ],
     [
      -48.705366259,
      -25.413838172
     ],
     [
      -48.705437566,
      -25.413922939
     ],
     [
      -48.705437566,
      -25.413922939
     ]
    ]
   },
   "properties": {
    "tipo": "curva_nivel",
    "cota_m": 45,
    "equidistancia_m": 5
   }
  },
  {
   "type": "Feature",
   "geometry": {
    "type": "LineString",
    "coordinates": [
     [
      -48.701947462,
      -25.413414337
     ],
     [
      -48.701909063,
      -25.413444985
     ],
     [
      -48.701845757,
      -25.413499104
     ],
     [
      -48.701815723,
      -25.413526149
     ],
     [
      -48.701755148,
      -25.413583871
     ],
     [
      -48.701722383,
      -25.413616875
     ],
     [
      -48.701673283,
      -25.413668638
     ],
     [
      -48.701629042,
      -25.413718108
     ],
     [
      -48.701598571,
      -25.413753405
     ],
     [
      -48.701535702,
      -25.413830895
     ],
     [
      -48.701535702,
      -25.413830895
     ]
    ]
   },
   "properties": {
    "tipo": "curva_nivel",
    "cota_m": 45,
    "equidistancia_m": 5
   }
  },
  {
   "type": "Feature",
   "geometry": {
    "type": "LineString",
    "coordinates": [
     [
      -48.718140937,
      -25.413499104
     ],
     [
      -48.718085972,
      -25.413583871
     ],
     [
      -48.718056937,
      -25.413631618
     ],
     [
      -48.718056937,
      -25.413631618
     ]
    ]
   },
   "properties": {
    "tipo": "curva_nivel",
    "cota_m": 45,
    "equidistancia_m": 5
   }
  },
  {
   "type": "Feature",
   "geometry": {
    "type": "LineString",
    "coordinates": [
     [
      -48.711989817,
      -25.413581369
     ],
     [
      -48.711989817,
      -25.413581369
     ],
     [
      -48.712083157,
      -25.413563645
     ],
     [
      -48.712176497,
      -25.413551105
     ],
     [
      -48.712269838,
      -25.413543754
     ],
     [
      -48.712363178,
      -25.413541637
     ],
     [
      -48.712456518,
      -25.41354484
     ],
     [
      -48.712549859,
      -25.413553496
     ],
     [
      -48.712643199,
      -25.413567785
     ],
     [
      -48.712717988,
      -25.413583871
     ],
     [
      -48.712717988,
      -25.413583871
     ]
    ]
   },
   "properties": {
    "tipo": "curva_nivel",
    "cota_m": 45,
    "equidistancia_m": 5
   }
  },
  {
   "type": "Feature",
   "geometry": {
    "type": "LineString",
    "coordinates": [
     [
      -48.712736539,
      -25.413588077
     ],
     [
      -48.71282988,
      -25.413615247
     ],
     [
      -48.71292322,
      -25.413649104
     ],
     [
      -48.712968357,
      -25.413668638
     ],
     [
      -48.71301656,
      -25.413690905
     ],
     [
      -48.713109901,
      -25.413741303
     ],
     [
      -48.713129595,
      -25.413753405
     ],
     [
      -48.713203241,
      -25.413802237
     ],
     [
      -48.713251363,
      -25.413838172
     ],
     [
      -48.713296581,
      -25.413874968
     ],
     [
      -48.713349936,
      -25.413922939
     ],
     [
      -48.713389922,
      -25.413962533
     ],
     [
      -48.713431887,
      -25.414007706
     ],
     [
      -48.713483262,
      -25.41406933
     ],
     [
      -48.713501265,
      -25.414092473
     ],
     [
      -48.713560024,
      -25.41417724
     ],
     [
      -48.713560024,
      -25.41417724
     ]
    ]
   },
   "properties": {
    "tipo": "curva_nivel",
    "cota_m": 45,
    "equidistancia_m": 5
   }
  },
  {
   "type": "Feature",
   "geometry": {
    "type": "LineString",
    "coordinates": [
     [
      -48.711979656,
      -25.413583871
     ],
     [
      -48.711896477,
      -25.413604996
     ],
     [
      -48.711803136,
      -25.413634151
     ],
     [
      -48.711710359,
      -25.413668638
     ],
     [
      -48.711709796,
      -25.413668856
     ],
     [
      -48.711616456,
      -25.413710805
     ],
     [
      -48.711533477,
      -25.413753405
     ],
     [
      -48.711523115,
      -25.413759
     ],
     [
      -48.711429775,
      -25.413815572
     ],
     [
      -48.711429775,
      -25.413815572
     ]
    ]
   },
   "properties": {
    "tipo": "curva_nivel",
    "cota_m": 45,
    "equidistancia_m": 5
   }
  },
  {
   "type": "Feature",
   "geometry": {
    "type": "LineString",
    "coordinates": [
     [
      -48.718035182,
      -25.413668638
     ],
     [
      -48.717988205,
      -25.413753405
     ],
     [
      -48.717963597,
      -25.413800847
     ],
     [
      -48.717963597,
      -25.413800847
     ]
    ]
   },
   "properties": {
    "tipo": "curva_nivel",
    "cota_m": 45,
    "equidistancia_m": 5
   }
  },
  {
   "type": "Feature",
   "geometry": {
    "type": "LineString",
    "coordinates": [
     [
      -48.717944664,
      -25.413838172
     ],
     [
      -48.717904324,
      -25.413922939
     ],
     [
      -48.717870256,
      -25.414000446
     ],
     [
      -48.717870256,
      -25.414000446
     ]
    ]
   },
   "properties": {
    "tipo": "curva_nivel",
    "cota_m": 45,
    "equidistancia_m": 5
   }
  },
  {
   "type": "Feature",
   "geometry": {
    "type": "LineString",
    "coordinates": [
     [
      -48.711396185,
      -25.413838172
     ],
     [
      -48.711336435,
      -25.413880837
     ],
     [
      -48.711282725,
      -25.413922939
     ],
     [
      -48.711243094,
      -25.413956181
     ],
     [
      -48.711186527,
      -25.414007706
     ],
     [
      -48.711149754,
      -25.414043854
     ],
     [
      -48.711103746,
      -25.414092473
     ],
     [
      -48.711056414,
      -25.414146931
     ],
     [
      -48.711056414,
      -25.414146931
     ]
    ]
   },
   "properties": {
    "tipo": "curva_nivel",
    "cota_m": 45,
    "equidistancia_m": 5
   }
  },
  {
   "type": "Feature",
   "geometry": {
    "type": "LineString",
    "coordinates": [
     [
      -48.701529947,
      -25.413838172
     ],
     [
      -48.70146641,
      -25.413922939
     ],
     [
      -48.701442362,
      -25.413957239
     ],
     [
      -48.70140743,
      -25.414007706
     ],
     [
      -48.701352761,
      -25.414092473
     ],
     [
      -48.701349021,
      -25.414098647
     ],
     [
      -48.701301459,
      -25.41417724
     ],
     [
      -48.701255681,
      -25.414259153
     ],
     [
      -48.701255681,
      -25.414259153
     ],
     [
      -48.701209398,
      -25.414346774
     ],
     [
      -48.701168338,
      -25.414431542
     ],
     [
      -48.701162341,
      -25.414444934
     ],
     [
      -48.701129704,
      -25.414516309
     ],
     [
      -48.701094201,
      -25.414601076
     ],
     [
      -48.701069,
      -25.414666994
     ],
     [
      -48.701069,
      -25.414666994
     ]
    ]
   },
   "properties": {
    "tipo": "curva_nivel",
    "cota_m": 45,
    "equidistancia_m": 5
   }
  },
  {
   "type": "Feature",
   "geometry": {
    "type": "LineString",
    "coordinates": [
     [
      -48.705455995,
      -25.413946136
     ],
     [
      -48.705503252,
      -25.414007706
     ],
     [
      -48.705549335,
      -25.414071558
     ],
     [
      -48.705564012,
      -25.414092473
     ],
     [
      -48.705620018,
      -25.41417724
     ],
     [
      -48.705620018,
      -25.41417724
     ]
    ]
   },
   "properties": {
    "tipo": "curva_nivel",
    "cota_m": 45,
    "equidistancia_m": 5
   }
  },
  {
   "type": "Feature",
   "geometry": {
    "type": "LineString",
    "coordinates": [
     [
      -48.717867101,
      -25.414007706
     ],
     [
      -48.717832577,
      -25.414092473
     ],
     [
      -48.717800979,
      -25.41417724
     ],
     [
      -48.717776916,
      -25.414247998
     ],
     [
      -48.717776916,
      -25.414247998
     ]
    ]
   },
   "properties": {
    "tipo": "curva_nivel",
    "cota_m": 45,
    "equidistancia_m": 5
   }
  },
  {
   "type": "Feature",
   "geometry": {
    "type": "LineString",
    "coordinates": [
     [
      -48.713576602,
      -25.414204479
     ],
     [
      -48.713609818,
      -25.414262007
     ],
     [
      -48.713652016,
      -25.414346774
     ],
     [
      -48.713669942,
      -25.414389328
     ],
     [
      -48.713687065,
      -25.414431542
     ],
     [
      -48.713715403,
      -25.414516309
     ],
     [
      -48.713737693,
      -25.414601076
     ],
     [
      -48.713754057,
      -25.414685843
     ],
     [
      -48.713763283,
      -25.414760312
     ],
     [
      -48.713764536,
      -25.41477061
     ],
     [
      -48.713769111,
      -25.414855377
     ],
     [
      -48.713767925,
      -25.414940144
     ],
     [
      -48.713763283,
      -25.414996335
     ],
     [
      -48.713763283,
      -25.414996335
     ]
    ]
   },
   "properties": {
    "tipo": "curva_nivel",
    "cota_m": 45,
    "equidistancia_m": 5
   }
  },
  {
   "type": "Feature",
   "geometry": {
    "type": "LineString",
    "coordinates": [
     [
      -48.711031675,
      -25.41417724
     ],
     [
      -48.710968693,
      -25.414262007
     ],
     [
      -48.710963073,
      -25.414270408
     ],
     [
      -48.710914579,
      -25.414346774
     ],
     [
      -48.710869733,
      -25.414426186
     ],
     [
      -48.710869733,
      -25.414426186
     ]
    ]
   },
   "properties": {
    "tipo": "curva_nivel",
    "cota_m": 45,
    "equidistancia_m": 5
   }
  },
  {
   "type": "Feature",
   "geometry": {
    "type": "LineString",
    "coordinates": [
     [
      -48.705642676,
      -25.414213882
     ],
     [
      -48.705671847,
      -25.414262007
     ],
     [
      -48.705719791,
      -25.414346774
     ],
     [
      -48.705719791,
      -25.414346774
     ]
    ]
   },
   "properties": {
    "tipo": "curva_nivel",
    "cota_m": 45,
    "equidistancia_m": 5
   }
  },
  {
   "type": "Feature",
   "geometry": {
    "type": "LineString",
    "coordinates": [
     [
      -48.717772145,
      -25.414262007
     ],
     [
      -48.717745747,
      -25.414346774
     ],
     [
      -48.717722084,
      -25.414431542
     ],
     [
      -48.717701102,
      -25.414516309
     ],
     [
      -48.717683576,
      -25.414597241
     ],
     [
      -48.717683576,
      -25.414597241
     ],
     [
      -48.717666639,
      -25.414685843
     ],
     [
      -48.717653134,
      -25.41477061
     ],
     [
      -48.717642168,
      -25.414855377
     ],
     [
      -48.717633694,
      -25.414940144
     ],
     [
      -48.71762766,
      -25.415024911
     ],
     [
      -48.71762401,
      -25.415109678
     ],
     [
      -48.717622683,
      -25.415194445
     ],
     [
      -48.717623614,
      -25.415279212
     ],
     [
      -48.71762673,
      -25.415363979
     ],
     [
      -48.71763195,
      -25.415448746
     ],
     [
      -48.717639184,
      -25.415533514
     ],
     [
      -48.717648333,
      -25.415618281
     ],
     [
      -48.717659287,
      -25.415703048
     ],
     [
      -48.717671922,
      -25.415787815
     ],
     [
      -48.717683576,
      -25.415857859
     ],
     [
      -48.717686054,
      -25.415872582
     ],
     [
      -48.717701339,
      -25.415957349
     ],
     [
      -48.717717825,
      -25.416042116
     ],
     [
      -48.717735318,
      -25.416126883
     ],
     [
      -48.717753594,
      -25.41621165
     ],
     [
      -48.717772394,
      -25.416296417
     ],
     [
      -48.717791239,
      -25.416381184
     ],
     [
      -48.717809899,
      -25.416465951
     ],
     [
      -48.717827993,
      -25.416550718
     ],
     [
      -48.71784497,
      -25.416635486
     ],
     [
      -48.717860127,
      -25.416720253
     ],
     [
      -48.717870256,
      -25.416790485
     ],
     [
      -48.717872525,
      -25.41680502
     ],
     [
      -48.71788089,
      -25.416889787
     ],
     [
      -48.71788349,
      -25.416974554
     ],
     [
      -48.717877658,
      -25.417059321
     ],
     [
      -48.717870256,
      -25.417096159
     ],
     [
      -48.717859221,
      -25.417144088
     ],
     [
      -48.717821311,
      -25.417228855
     ],
     [
      -48.717776916,
      -25.417286327
     ],
     [
      -48.717776916,
      -25.417286327
     ]
    ]
   },
   "properties": {
    "tipo": "curva_nivel",
    "cota_m": 45,
    "equidistancia_m": 5
   }
  },
  {
   "type": "Feature",
   "geometry": {
    "type": "LineString",
    "coordinates": [
     [
      -48.705736016,
      -25.414377606
     ],
     [
      -48.705764067,
      -25.414431542
     ],
     [
      -48.705804928,
      -25.414516309
     ],
     [
      -48.705829356,
      -25.41457122
     ],
     [
      -48.705842588,
      -25.414601076
     ],
     [
      -48.705877151,
      -25.414685843
     ],
     [
      -48.705908816,
      -25.41477061
     ],
     [
      -48.705922697,
      -25.414811444
     ],
     [
      -48.705937723,
      -25.414855377
     ],
     [
      -48.705963985,
      -25.414940144
     ],
     [
      -48.705987717,
      -25.415024911
     ],
     [
      -48.706009047,
      -25.415109678
     ],
     [
      -48.706009047,
      -25.415109678
     ]
    ]
   },
   "properties": {
    "tipo": "curva_nivel",
    "cota_m": 45,
    "equidistancia_m": 5
   }
  },
  {
   "type": "Feature",
   "geometry": {
    "type": "LineString",
    "coordinates": [
     [
      -48.69798877,
      -25.414401206
     ],
     [
      -48.697999337,
      -25.414431542
     ],
     [
      -48.698025122,
      -25.414516309
     ],
     [
      -48.698047141,
      -25.414601076
     ],
     [
      -48.698065407,
      -25.414685843
     ],
     [
      -48.698079914,
      -25.41477061
     ],
     [
      -48.698090835,
      -25.414855377
     ],
     [
      -48.6980979,
      -25.414940144
     ],
     [
      -48.69810099,
      -25.415024911
     ],
     [
      -48.698100011,
      -25.415109678
     ],
     [
      -48.698094839,
      -25.415194445
     ],
     [
      -48.698085312,
      -25.415279212
     ],
     [
      -48.69808211,
      -25.415298966
     ],
     [
      -48.698071482,
      -25.415363979
     ],
     [
      -48.69805302,
      -25.415448746
     ],
     [
      -48.698029513,
      -25.415533514
     ],
     [
      -48.698000516,
      -25.415618281
     ],
     [
      -48.69798877,
      -25.415647672
     ]
    ]
   },
   "properties": {
    "tipo": "curva_nivel",
    "cota_m": 45,
    "equidistancia_m": 5
   }
  },
  {
   "type": "Feature",
   "geometry": {
    "type": "LineString",
    "coordinates": [
     [
      -48.710866837,
      -25.414431542
     ],
     [
      -48.710826701,
      -25.414516309
     ],
     [
      -48.710792205,
      -25.414601076
     ],
     [
      -48.710776393,
      -25.41464768
     ],
     [
      -48.710776393,
      -25.41464768
     ]
    ]
   },
   "properties": {
    "tipo": "curva_nivel",
    "cota_m": 45,
    "equidistancia_m": 5
   }
  },
  {
   "type": "Feature",
   "geometry": {
    "type": "LineString",
    "coordinates": [
     [
      -48.710763834,
      -25.414685843
     ],
     [
      -48.710741513,
      -25.41477061
     ],
     [
      -48.710724697,
      -25.414855377
     ],
     [
      -48.71071347,
      -25.414940144
     ],
     [
      -48.710707948,
      -25.415024911
     ],
     [
      -48.710708291,
      -25.415109678
     ],
     [
      -48.710714708,
      -25.415194445
     ],
     [
      -48.710727464,
      -25.415279212
     ],
     [
      -48.710746899,
      -25.415363979
     ],
     [
      -48.71077344,
      -25.415448746
     ],
     [
      -48.710808898,
      -25.415533514
     ],
     [
      -48.710853161,
      -25.415618281
     ],
     [
      -48.710853161,
      -25.415618281
     ]
    ]
   },
   "properties": {
    "tipo": "curva_nivel",
    "cota_m": 45,
    "equidistancia_m": 5
   }
  },
  {
   "type": "Feature",
   "geometry": {
    "type": "LineString",
    "coordinates": [
     [
      -48.701061564,
      -25.414685843
     ],
     [
      -48.701031069,
      -25.41477061
     ],
     [
      -48.70100347,
      -25.414855377
     ],
     [
      -48.700978585,
      -25.414940144
     ],
     [
      -48.70097566,
      -25.414951284
     ],
     [
      -48.700955413,
      -25.415024911
     ],
     [
      -48.700934575,
      -25.415109678
     ],
     [
      -48.700915986,
      -25.415194445
     ],
     [
      -48.700899421,
      -25.415279212
     ],
     [
      -48.700884637,
      -25.415363979
     ],
     [
      -48.70088232,
      -25.41537898
     ],
     [
      -48.700870852,
      -25.415448746
     ],
     [
      -48.700858247,
      -25.415533514
     ],
     [
      -48.700846581,
      -25.415618281
     ],
     [
      -48.70083546,
      -25.415703048
     ],
     [
      -48.700824436,
      -25.415787815
     ],
     [
      -48.700812995,
      -25.415872582
     ],
     [
      -48.70080054,
      -25.415957349
     ],
     [
      -48.700788979,
      -25.416026974
     ],
     [
      -48.700788979,
      -25.416026974
     ]
    ]
   },
   "properties": {
    "tipo": "curva_nivel",
    "cota_m": 45,
    "equidistancia_m": 5
   }
  },
  {
   "type": "Feature",
   "geometry": {
    "type": "LineString",
    "coordinates": [
     [
      -48.713760851,
      -25.415024911
     ],
     [
      -48.713747603,
      -25.415109678
     ],
     [
      -48.713728078,
      -25.415194445
     ],
     [
      -48.713702016,
      -25.415279212
     ],
     [
      -48.713669942,
      -25.415361806
     ],
     [
      -48.713669942,
      -25.415361806
     ],
     [
      -48.713627842,
      -25.415448746
     ],
     [
      -48.713578601,
      -25.415533514
     ],
     [
      -48.713576602,
      -25.415536536
     ],
     [
      -48.71351892,
      -25.415618281
     ],
     [
      -48.713483262,
      -25.415662509
     ],
     [
      -48.713448008,
      -25.415703048
     ],
     [
      -48.713389922,
      -25.41576265
     ],
     [
      -48.713389922,
      -25.41576265
     ]
    ]
   },
   "properties": {
    "tipo": "curva_nivel",
    "cota_m": 45,
    "equidistancia_m": 5
   }
  },
  {
   "type": "Feature",
   "geometry": {
    "type": "LineString",
    "coordinates": [
     [
      -48.706016037,
      -25.415141026
     ],
     [
      -48.706028168,
      -25.415194445
     ],
     [
      -48.706045184,
      -25.415279212
     ],
     [
      -48.706060217,
      -25.415363979
     ],
     [
      -48.706073436,
      -25.415448746
     ],
     [
      -48.706085025,
      -25.415533514
     ],
     [
      -48.706095188,
      -25.415618281
     ],
     [
      -48.706104153,
      -25.415703048
     ],
     [
      -48.706109377,
      -25.415758809
     ],
     [
      -48.706112201,
      -25.415787815
     ],
     [
      -48.706119638,
      -25.415872582
     ],
     [
      -48.706126769,
      -25.415957349
     ],
     [
      -48.706133998,
      -25.416042116
     ],
     [
      -48.706141802,
      -25.416126883
     ],
     [
      -48.706150755,
      -25.41621165
     ],
     [
      -48.706161556,
      -25.416296417
     ],
     [
      -48.706175074,
      -25.416381184
     ],
     [
      -48.706192405,
      -25.416465951
     ],
     [
      -48.706192405,
      -25.416465951
     ]
    ]
   },
   "properties": {
    "tipo": "curva_nivel",
    "cota_m": 45,
    "equidistancia_m": 5
   }
  },
  {
   "type": "Feature",
   "geometry": {
    "type": "LineString",
    "coordinates": [
     [
      -48.710869733,
      -25.415645193
     ],
     [
      -48.710908834,
      -25.415703048
     ],
     [
      -48.710963073,
      -25.415771528
     ],
     [
      -48.710977418,
      -25.415787815
     ],
     [
      -48.711056414,
      -25.415866544
     ],
     [
      -48.71106325,
      -25.415872582
     ],
     [
      -48.711149754,
      -25.415941157
     ],
     [
      -48.711173198,
      -25.415957349
     ],
     [
      -48.711243094,
      -25.416001493
     ],
     [
      -48.711318395,
      -25.416042116
     ],
     [
      -48.711318395,
      -25.416042116
     ]
    ]
   },
   "properties": {
    "tipo": "curva_nivel",
    "cota_m": 45,
    "equidistancia_m": 5
   }
  },
  {
   "type": "Feature",
   "geometry": {
    "type": "LineString",
    "coordinates": [
     [
      -48.713363155,
      -25.415787815
     ],
     [
      -48.713296581,
      -25.415844586
     ],
     [
      -48.713260294,
      -25.415872582
     ],
     [
      -48.713203241,
      -25.415913078
     ],
     [
      -48.713133332,
      -25.415957349
     ],
     [
      -48.713109901,
      -25.415971176
     ],
     [
      -48.71301656,
      -25.416020291
     ],
     [
      -48.712969216,
      -25.416042116
     ],
     [
      -48.71292322,
      -25.416062172
     ],
     [
      -48.71282988,
      -25.416097586
     ],
     [
      -48.71273895,
      -25.416126883
     ],
     [
      -48.712736539,
      -25.416127628
     ],
     [
      -48.712643199,
      -25.416152256
     ],
     [
      -48.712549859,
      -25.416172381
     ],
     [
      -48.712456518,
      -25.416188273
     ],
     [
      -48.712363178,
      -25.416200125
     ],
     [
      -48.712269838,
      -25.416208068
     ],
     [
      -48.712188242,
      -25.41621165
     ],
     [
      -48.712176497,
      -25.416212158
     ],
     [
      -48.712083157,
      -25.416212413
     ],
     [
      -48.712063185,
      -25.41621165
     ],
     [
      -48.711989817,
      -25.416208785
     ],
     [
      -48.711896477,
      -25.416201123
     ],
     [
      -48.711803136,
      -25.416189241
     ],
     [
      -48.711709796,
      -25.416172858
     ],
     [
      -48.711616456,
      -25.416151597
     ],
     [
      -48.711529681,
      -25.416126883
     ],
     [
      -48.711529681,
      -25.416126883
     ],
     [
      -48.711429775,
      -25.416091526
     ],
     [
      -48.711336435,
      -25.416051157
     ]
    ]
   },
   "properties": {
    "tipo": "curva_nivel",
    "cota_m": 45,
    "equidistancia_m": 5
   }
  },
  {
   "type": "Feature",
   "geometry": {
    "type": "LineString",
    "coordinates": [
     [
      -48.700786251,
      -25.416042116
     ],
     [
      -48.700768793,
      -25.416126883
     ],
     [
      -48.700747712,
      -25.41621165
     ],
     [
      -48.700721792,
      -25.416296417
     ],
     [
      -48.700695639,
      -25.416365809
     ],
     [
      -48.700695639,
      -25.416365809
     ]
    ]
   },
   "properties": {
    "tipo": "curva_nivel",
    "cota_m": 45,
    "equidistancia_m": 5
   }
  },
  {
   "type": "Feature",
   "geometry": {
    "type": "LineString",
    "coordinates": [
     [
      -48.700689271,
      -25.416381184
     ],
     [
      -48.700647152,
      -25.416465951
     ],
     [
      -48.700602299,
      -25.416538633
     ],
     [
      -48.700602299,
      -25.416538633
     ]
    ]
   },
   "properties": {
    "tipo": "curva_nivel",
    "cota_m": 45,
    "equidistancia_m": 5
   }
  },
  {
   "type": "Feature",
   "geometry": {
    "type": "LineString",
    "coordinates": [
     [
      -48.706202718,
      -25.416506169
     ],
     [
      -48.706215042,
      -25.416550718
     ],
     [
      -48.706244843,
      -25.416635486
     ],
     [
      -48.706284231,
      -25.416720253
     ],
     [
      -48.706284231,
      -25.416720253
     ]
    ]
   },
   "properties": {
    "tipo": "curva_nivel",
    "cota_m": 45,
    "equidistancia_m": 5
   }
  },
  {
   "type": "Feature",
   "geometry": {
    "type": "LineString",
    "coordinates": [
     [
      -48.700594048,
      -25.416550718
     ],
     [
      -48.700525063,
      -25.416635486
     ],
     [
      -48.700508959,
      -25.416652141
     ],
     [
      -48.700435869,
      -25.416720253
     ],
     [
      -48.700415618,
      -25.416736444
     ],
     [
      -48.700322278,
      -25.416803816
     ],
     [
      -48.700322278,
      -25.416803816
     ],
     [
      -48.700228938,
      -25.416858479
     ],
     [
      -48.700170063,
      -25.416889787
     ],
     [
      -48.700135597,
      -25.416906283
     ],
     [
      -48.700042257,
      -25.41694796
     ],
     [
      -48.699978622,
      -25.416974554
     ],
     [
      -48.699948917,
      -25.41698596
     ],
     [
      -48.699855576,
      -25.41702019
     ],
     [
      -48.699762236,
      -25.417053136
     ],
     [
      -48.699762236,
      -25.417053136
     ]
    ]
   },
   "properties": {
    "tipo": "curva_nivel",
    "cota_m": 45,
    "equidistancia_m": 5
   }
  },
  {
   "type": "Feature",
   "geometry": {
    "type": "LineString",
    "coordinates": [
     [
      -48.706296058,
      -25.416740769
     ],
     [
      -48.706336941,
      -25.41680502
     ],
     [
      -48.706389398,
      -25.416869483
     ],
     [
      -48.706407825,
      -25.416889787
     ],
     [
      -48.706482738,
      -25.416957256
     ],
     [
      -48.706504386,
      -25.416974554
     ],
     [
      -48.706576079,
      -25.417022904
     ],
     [
      -48.70663758,
      -25.417059321
     ],
     [
      -48.70663758,
      -25.417059321
     ]
    ]
   },
   "properties": {
    "tipo": "curva_nivel",
    "cota_m": 45,
    "equidistancia_m": 5
   }
  },
  {
   "type": "Feature",
   "geometry": {
    "type": "LineString",
    "coordinates": [
     [
      -48.706669419,
      -25.417075628
     ],
     [
      -48.706762759,
      -25.41711892
     ],
     [
      -48.706823468,
      -25.417144088
     ],
     [
      -48.706823468,
      -25.417144088
     ]
    ]
   },
   "properties": {
    "tipo": "curva_nivel",
    "cota_m": 45,
    "equidistancia_m": 5
   }
  },
  {
   "type": "Feature",
   "geometry": {
    "type": "LineString",
    "coordinates": [
     [
      -48.699744214,
      -25.417059321
     ],
     [
      -48.699668896,
      -25.417083603
     ],
     [
      -48.699575555,
      -25.417113431
     ],
     [
      -48.699482215,
      -25.41714352
     ],
     [
      -48.699482215,
      -25.41714352
     ],
     [
      -48.699388875,
      -25.417172381
     ],
     [
      -48.699295534,
      -25.417202369
     ],
     [
      -48.699217217,
      -25.417228855
     ],
     [
      -48.699202194,
      -25.41723377
     ],
     [
      -48.699108854,
      -25.417265636
     ],
     [
      -48.699015514,
      -25.417300411
     ],
     [
      -48.699015514,
      -25.417300411
     ]
    ]
   },
   "properties": {
    "tipo": "curva_nivel",
    "cota_m": 45,
    "equidistancia_m": 5
   }
  },
  {
   "type": "Feature",
   "geometry": {
    "type": "LineString",
    "coordinates": [
     [
      -48.7068561,
      -25.417156148
     ],
     [
      -48.70694944,
      -25.417188162
     ],
     [
      -48.70704278,
      -25.417217187
     ],
     [
      -48.707082741,
      -25.417228855
     ],
     [
      -48.707136121,
      -25.41724316
     ],
     [
      -48.707229461,
      -25.417266873
     ],
     [
      -48.707322801,
      -25.417289249
     ],
     [
      -48.707416142,
      -25.417310605
     ],
     [
      -48.707429579,
      -25.417313622
     ],
     [
      -48.707509482,
      -25.417330523
     ],
     [
      -48.707602822,
      -25.417349858
     ],
     [
      -48.707696163,
      -25.417368936
     ],
     [
      -48.707789503,
      -25.417387948
     ],
     [
      -48.707840336,
      -25.417398389
     ],
     [
      -48.707840336,
      -25.417398389
     ]
    ]
   },
   "properties": {
    "tipo": "curva_nivel",
    "cota_m": 45,
    "equidistancia_m": 5
   }
  },
  {
   "type": "Feature",
   "geometry": {
    "type": "LineString",
    "coordinates": [
     [
      -48.717751648,
      -25.417313622
     ],
     [
      -48.717683576,
      -25.417364417
     ],
     [
      -48.717627361,
      -25.417398389
     ],
     [
      -48.717590236,
      -25.417415593
     ],
     [
      -48.717496895,
      -25.417452942
     ],
     [
      -48.717406038,
      -25.417483156
     ],
     [
      -48.717403555,
      -25.417483846
     ],
     [
      -48.717310215,
      -25.417508487
     ],
     [
      -48.717216874,
      -25.417530562
     ],
     [
      -48.717123534,
      -25.417550832
     ],
     [
      -48.717040175,
      -25.417567923
     ],
     [
      -48.717030194,
      -25.417569757
     ],
     [
      -48.716936853,
      -25.417587044
     ],
     [
      -48.716843513,
      -25.417603981
     ],
     [
      -48.716750173,
      -25.417620824
     ],
     [
      -48.716656832,
      -25.4176378
     ],
     [
      -48.716576818,
      -25.41765269
     ],
     [
      -48.716563492,
      -25.417655013
     ],
     [
      -48.716470152,
      -25.417672142
     ],
     [
      -48.716376812,
      -25.417689982
     ],
     [
      -48.716283471,
      -25.417708704
     ],
     [
      -48.716190131,
      -25.417728492
     ],
     [
      -48.716190131,
      -25.417728492
     ]
    ]
   },
   "properties": {
    "tipo": "curva_nivel",
    "cota_m": 45,
    "equidistancia_m": 5
   }
  },
  {
   "type": "Feature",
   "geometry": {
    "type": "LineString",
    "coordinates": [
     [
      -48.69898248,
      -25.417313622
     ],
     [
      -48.698922173,
      -25.417337291
     ],
     [
      -48.698828833,
      -25.417377743
     ],
     [
      -48.698785698,
      -25.417398389
     ],
     [
      -48.698735493,
      -25.417422199
     ],
     [
      -48.698642152,
      -25.417471937
     ],
     [
      -48.698642152,
      -25.417471937
     ]
    ]
   },
   "properties": {
    "tipo": "curva_nivel",
    "cota_m": 45,
    "equidistancia_m": 5
   }
  },
  {
   "type": "Feature",
   "geometry": {
    "type": "LineString",
    "coordinates": [
     [
      -48.707882843,
      -25.417406773
     ],
     [
      -48.707976183,
      -25.41742552
     ],
     [
      -48.708069524,
      -25.417444734
     ],
     [
      -48.708162864,
      -25.417464596
     ],
     [
      -48.708246616,
      -25.417483156
     ],
     [
      -48.708246616,
      -25.417483156
     ]
    ]
   },
   "properties": {
    "tipo": "curva_nivel",
    "cota_m": 45,
    "equidistancia_m": 5
   }
  },
  {
   "type": "Feature",
   "geometry": {
    "type": "LineString",
    "coordinates": [
     [
      -48.708256204,
      -25.417485229
     ],
     [
      -48.708349545,
      -25.41750624
     ],
     [
      -48.708442885,
      -25.417528462
     ],
     [
      -48.708536225,
      -25.417552138
     ],
     [
      -48.708594718,
      -25.417567923
     ],
     [
      -48.708594718,
      -25.417567923
     ]
    ]
   },
   "properties": {
    "tipo": "curva_nivel",
    "cota_m": 45,
    "equidistancia_m": 5
   }
  },
  {
   "type": "Feature",
   "geometry": {
    "type": "LineString",
    "coordinates": [
     [
      -48.698623107,
      -25.417483156
     ],
     [
      -48.698548812,
      -25.417526918
     ],
     [
      -48.698487529,
      -25.417567923
     ],
     [
      -48.698455472,
      -25.417589485
     ],
     [
      -48.698372019,
      -25.41765269
     ],
     [
      -48.698362131,
      -25.417660257
     ],
     [
      -48.698271703,
      -25.417737458
     ],
     [
      -48.698268791,
      -25.417739982
     ],
     [
      -48.698182946,
      -25.417822225
     ],
     [
      -48.698175451,
      -25.417829552
     ],
     [
      -48.698103089,
      -25.417906992
     ],
     [
      -48.69808211,
      -25.417930006
     ],
     [
      -48.698030215,
      -25.417991759
     ],
     [
      -48.69798877,
      -25.418042538
     ]
    ]
   },
   "properties": {
    "tipo": "curva_nivel",
    "cota_m": 45,
    "equidistancia_m": 5
   }
  },
  {
   "type": "Feature",
   "geometry": {
    "type": "LineString",
    "coordinates": [
     [
      -48.708629566,
      -25.417577221
     ],
     [
      -48.708722906,
      -25.41760371
     ],
     [
      -48.708816246,
      -25.417632465
     ],
     [
      -48.708877027,
      -25.41765269
     ],
     [
      -48.708877027,
      -25.41765269
     ]
    ]
   },
   "properties": {
    "tipo": "curva_nivel",
    "cota_m": 45,
    "equidistancia_m": 5
   }
  },
  {
   "type": "Feature",
   "geometry": {
    "type": "LineString",
    "coordinates": [
     [
      -48.709451927,
      -25.417906992
     ],
     [
      -48.709451927,
      -25.417906992
     ],
     [
      -48.709376288,
      -25.417864393
     ],
     [
      -48.709293545,
      -25.417822225
     ],
     [
      -48.709282948,
      -25.417816892
     ],
     [
      -48.709189607,
      -25.417773066
     ],
     [
      -48.709096267,
      -25.41773357
     ],
     [
      -48.709105511,
      -25.417737458
     ],
     [
      -48.709002927,
      -25.417696812
     ],
     [
      -48.708909587,
      -25.417663504
     ]
    ]
   },
   "properties": {
    "tipo": "curva_nivel",
    "cota_m": 45,
    "equidistancia_m": 5
   }
  },
  {
   "type": "Feature",
   "geometry": {
    "type": "LineString",
    "coordinates": [
     [
      -48.716150425,
      -25.417737458
     ],
     [
      -48.716096791,
      -25.417749122
     ],
     [
      -48.71600345,
      -25.417770857
     ],
     [
      -48.71591011,
      -25.417794215
     ],
     [
      -48.71581677,
      -25.417819438
     ],
     [
      -48.71581677,
      -25.417819438
     ]
    ]
   },
   "properties": {
    "tipo": "curva_nivel",
    "cota_m": 45,
    "equidistancia_m": 5
   }
  },
  {
   "type": "Feature",
   "geometry": {
    "type": "LineString",
    "coordinates": [
     [
      -48.71580716,
      -25.417822225
     ],
     [
      -48.715723429,
      -25.417846026
     ],
     [
      -48.715630089,
      -25.417874852
     ],
     [
      -48.715536749,
      -25.417906333
     ],
     [
      -48.715536749,
      -25.417906333
     ],
     [
      -48.715443408,
      -25.417939849
     ],
     [
      -48.715350068,
      -25.417976632
     ],
     [
      -48.715350068,
      -25.417976632
     ]
    ]
   },
   "properties": {
    "tipo": "curva_nivel",
    "cota_m": 45,
    "equidistancia_m": 5
   }
  },
  {
   "type": "Feature",
   "geometry": {
    "type": "LineString",
    "coordinates": [
     [
      -48.709469628,
      -25.417917124
     ],
     [
      -48.709562969,
      -25.417974794
     ],
     [
      -48.709588324,
      -25.417991759
     ],
     [
      -48.709656309,
      -25.418038221
     ],
     [
      -48.709708022,
      -25.418076526
     ],
     [
      -48.709749649,
      -25.418108123
     ],
     [
      -48.709814836,
      -25.418161293
     ],
     [
      -48.709814836,
      -25.418161293
     ]
    ]
   },
   "properties": {
    "tipo": "curva_nivel",
    "cota_m": 45,
    "equidistancia_m": 5
   }
  },
  {
   "type": "Feature",
   "geometry": {
    "type": "LineString",
    "coordinates": [
     [
      -48.715314627,
      -25.417991759
     ],
     [
      -48.715256728,
      -25.418016483
     ],
     [
      -48.715163387,
      -25.418060012
     ],
     [
      -48.715163387,
      -25.418060012
     ]
    ]
   },
   "properties": {
    "tipo": "curva_nivel",
    "cota_m": 45,
    "equidistancia_m": 5
   }
  },
  {
   "type": "Feature",
   "geometry": {
    "type": "LineString",
    "coordinates": [
     [
      -48.715130686,
      -25.418076526
     ],
     [
      -48.715070047,
      -25.4181074
     ],
     [
      -48.714976707,
      -25.418159439
     ],
     [
      -48.714976707,
      -25.418159439
     ],
     [
      -48.714883367,
      -25.418215923
     ],
     [
      -48.714837533,
      -25.41824606
     ],
     [
      -48.714790026,
      -25.418277938
     ],
     [
      -48.714716936,
      -25.418330827
     ],
     [
      -48.714696686,
      -25.418345854
     ],
     [
      -48.714608895,
      -25.418415594
     ],
     [
      -48.714603346,
      -25.418420136
     ],
     [
      -48.7145111,
      -25.418500361
     ],
     [
      -48.714510005,
      -25.418501347
     ],
     [
      -48.714421746,
      -25.418585128
     ],
     [
      -48.714416665,
      -25.418590142
     ],
     [
      -48.714339441,
      -25.418669895
     ],
     [
      -48.714323325,
      -25.418687267
     ],
     [
      -48.71426313,
      -25.418754662
     ],
     [
      -48.714229984,
      -25.418793541
     ],
     [
      -48.714192033,
      -25.41883943
     ],
     [
      -48.714136644,
      -25.418909836
     ],
     [
      -48.714136644,
      -25.418909836
     ]
    ]
   },
   "properties": {
    "tipo": "curva_nivel",
    "cota_m": 45,
    "equidistancia_m": 5
   }
  },
  {
   "type": "Feature",
   "geometry": {
    "type": "LineString",
    "coordinates": [
     [
      -48.70984299,
      -25.418184897
     ],
     [
      -48.709911453,
      -25.41824606
     ],
     [
      -48.709911453,
      -25.41824606
     ]
    ]
   },
   "properties": {
    "tipo": "curva_nivel",
    "cota_m": 45,
    "equidistancia_m": 5
   }
  },
  {
   "type": "Feature",
   "geometry": {
    "type": "LineString",
    "coordinates": [
     [
      -48.70993633,
      -25.418268969
     ],
     [
      -48.709999886,
      -25.418330827
     ],
     [
      -48.709999886,
      -25.418330827
     ]
    ]
   },
   "properties": {
    "tipo": "curva_nivel",
    "cota_m": 45,
    "equidistancia_m": 5
   }
  },
  {
   "type": "Feature",
   "geometry": {
    "type": "LineString",
    "coordinates": [
     [
      -48.719550382,
      -25.418488554
     ],
     [
      -48.719550382,
      -25.418488554
     ],
     [
      -48.719585748,
      -25.418415594
     ],
     [
      -48.719643722,
      -25.418364078
     ]
    ]
   },
   "properties": {
    "tipo": "curva_nivel",
    "cota_m": 45,
    "equidistancia_m": 5
   }
  },
  {
   "type": "Feature",
   "geometry": {
    "type": "LineString",
    "coordinates": [
     [
      -48.71002967,
      -25.418360789
     ],
     [
      -48.710081633,
      -25.418415594
     ],
     [
      -48.710123011,
      -25.418460809
     ],
     [
      -48.710157806,
      -25.418500361
     ],
     [
      -48.710216351,
      -25.418569463
     ],
     [
      -48.710229209,
      -25.418585128
     ],
     [
      -48.710296633,
      -25.418669895
     ],
     [
      -48.710296633,
      -25.418669895
     ]
    ]
   },
   "properties": {
    "tipo": "curva_nivel",
    "cota_m": 45,
    "equidistancia_m": 5
   }
  },
  {
   "type": "Feature",
   "geometry": {
    "type": "LineString",
    "coordinates": [
     [
      -48.71954693,
      -25.418500361
     ],
     [
      -48.719542365,
      -25.418585128
     ],
     [
      -48.719550382,
      -25.418652467
     ],
     [
      -48.719552861,
      -25.418669895
     ],
     [
      -48.719577644,
      -25.418754662
     ],
     [
      -48.719609237,
      -25.41883943
     ],
     [
      -48.719643722,
      -25.418921677
     ]
    ]
   },
   "properties": {
    "tipo": "curva_nivel",
    "cota_m": 45,
    "equidistancia_m": 5
   }
  },
  {
   "type": "Feature",
   "geometry": {
    "type": "LineString",
    "coordinates": [
     [
      -48.710309691,
      -25.418686891
     ],
     [
      -48.710360693,
      -25.418754662
     ],
     [
      -48.710403032,
      -25.41881345
     ],
     [
      -48.710421496,
      -25.41883943
     ],
     [
      -48.710479609,
      -25.418924197
     ],
     [
      -48.710479609,
      -25.418924197
     ]
    ]
   },
   "properties": {
    "tipo": "curva_nivel",
    "cota_m": 45,
    "equidistancia_m": 5
   }
  },
  {
   "type": "Feature",
   "geometry": {
    "type": "LineString",
    "coordinates": [
     [
      -48.7141256,
      -25.418924197
     ],
     [
      -48.714063239,
      -25.419008964
     ],
     [
      -48.714043304,
      -25.419037527
     ],
     [
      -48.714004546,
      -25.419093731
     ],
     [
      -48.713949963,
      -25.419177768
     ],
     [
      -48.713949963,
      -25.419177768
     ],
     [
      -48.713897203,
      -25.419263265
     ],
     [
      -48.713856623,
      -25.419333539
     ],
     [
      -48.713856623,
      -25.419333539
     ]
    ]
   },
   "properties": {
    "tipo": "curva_nivel",
    "cota_m": 45,
    "equidistancia_m": 5
   }
  },
  {
   "type": "Feature",
   "geometry": {
    "type": "LineString",
    "coordinates": [
     [
      -48.710496372,
      -25.418949606
     ],
     [
      -48.710535415,
      -25.419008964
     ],
     [
      -48.710588528,
      -25.419093731
     ],
     [
      -48.710640246,
      -25.419178498
     ],
     [
      -48.710683052,
      -25.419252427
     ],
     [
      -48.71068942,
      -25.419263265
     ],
     [
      -48.710737415,
      -25.419348032
     ],
     [
      -48.710776393,
      -25.419420576
     ],
     [
      -48.710783123,
      -25.419432799
     ],
     [
      -48.710827952,
      -25.419517566
     ],
     [
      -48.710869733,
      -25.419600926
     ],
     [
      -48.710870463,
      -25.419602333
     ],
     [
      -48.710912665,
      -25.4196871
     ],
     [
      -48.710952718,
      -25.419771867
     ],
     [
      -48.710952718,
      -25.419771867
     ]
    ]
   },
   "properties": {
    "tipo": "curva_nivel",
    "cota_m": 45,
    "equidistancia_m": 5
   }
  },
  {
   "type": "Feature",
   "geometry": {
    "type": "LineString",
    "coordinates": [
     [
      -48.713848197,
      -25.419348032
     ],
     [
      -48.71380162,
      -25.419432799
     ],
     [
      -48.713763283,
      -25.419507545
     ],
     [
      -48.713763283,
      -25.419507545
     ]
    ]
   },
   "properties": {
    "tipo": "curva_nivel",
    "cota_m": 45,
    "equidistancia_m": 5
   }
  },
  {
   "type": "Feature",
   "geometry": {
    "type": "LineString",
    "coordinates": [
     [
      -48.71375805,
      -25.419517566
     ],
     [
      -48.713716455,
      -25.419602333
     ],
     [
      -48.713677754,
      -25.4196871
     ],
     [
      -48.713669942,
      -25.419705474
     ],
     [
      -48.713640797,
      -25.419771867
     ],
     [
      -48.713606221,
      -25.419856634
     ],
     [
      -48.713576602,
      -25.419934884
     ],
     [
      -48.713576602,
      -25.419934884
     ]
    ]
   },
   "properties": {
    "tipo": "curva_nivel",
    "cota_m": 45,
    "equidistancia_m": 5
   }
  },
  {
   "type": "Feature",
   "geometry": {
    "type": "LineString",
    "coordinates": [
     [
      -48.710963073,
      -25.419794822
     ],
     [
      -48.710992293,
      -25.419856634
     ],
     [
      -48.711030513,
      -25.419941402
     ],
     [
      -48.711056414,
      -25.420001516
     ],
     [
      -48.711067661,
      -25.420026169
     ],
     [
      -48.71110478,
      -25.420110936
     ],
     [
      -48.711140514,
      -25.420195703
     ],
     [
      -48.711140514,
      -25.420195703
     ]
    ]
   },
   "properties": {
    "tipo": "curva_nivel",
    "cota_m": 45,
    "equidistancia_m": 5
   }
  },
  {
   "type": "Feature",
   "geometry": {
    "type": "LineString",
    "coordinates": [
     [
      -48.713574023,
      -25.419941402
     ],
     [
      -48.713542967,
      -25.420026169
     ],
     [
      -48.713514112,
      -25.420110936
     ],
     [
      -48.713487248,
      -25.420195703
     ],
     [
      -48.713483262,
      -25.42020932
     ],
     [
      -48.713461055,
      -25.42028047
     ],
     [
      -48.713436222,
      -25.420365237
     ],
     [
      -48.713412648,
      -25.420450004
     ],
     [
      -48.713389983,
      -25.420534771
     ],
     [
      -48.713389922,
      -25.420535013
     ],
     [
      -48.713366425,
      -25.420619538
     ],
     [
      -48.713342855,
      -25.420704305
     ],
     [
      -48.713318666,
      -25.420789072
     ],
     [
      -48.713296581,
      -25.420862725
     ],
     [
      -48.713296581,
      -25.420862725
     ]
    ]
   },
   "properties": {
    "tipo": "curva_nivel",
    "cota_m": 45,
    "equidistancia_m": 5
   }
  },
  {
   "type": "Feature",
   "geometry": {
    "type": "LineString",
    "coordinates": [
     [
      -48.711149754,
      -25.420218385
     ],
     [
      -48.71117687,
      -25.42028047
     ],
     [
      -48.711212941,
      -25.420365237
     ],
     [
      -48.711243094,
      -25.420437339
     ],
     [
      -48.711248838,
      -25.420450004
     ],
     [
      -48.711286803,
      -25.420534771
     ],
     [
      -48.711324931,
      -25.420619538
     ],
     [
      -48.711324931,
      -25.420619538
     ]
    ]
   },
   "properties": {
    "tipo": "curva_nivel",
    "cota_m": 45,
    "equidistancia_m": 5
   }
  },
  {
   "type": "Feature",
   "geometry": {
    "type": "LineString",
    "coordinates": [
     [
      -48.711336435,
      -25.420644895
     ],
     [
      -48.711366042,
      -25.420704305
     ],
     [
      -48.711409365,
      -25.420789072
     ],
     [
      -48.711429775,
      -25.420827673
     ],
     [
      -48.711456915,
      -25.420873839
     ],
     [
      -48.711509136,
      -25.420958606
     ],
     [
      -48.711509136,
      -25.420958606
     ]
    ]
   },
   "properties": {
    "tipo": "curva_nivel",
    "cota_m": 45,
    "equidistancia_m": 5
   }
  },
  {
   "type": "Feature",
   "geometry": {
    "type": "LineString",
    "coordinates": [
     [
      -48.713292847,
      -25.420873839
     ],
     [
      -48.713262825,
      -25.420958606
     ],
     [
      -48.713229024,
      -25.421043374
     ],
     [
      -48.713203241,
      -25.421100206
     ],
     [
      -48.713203241,
      -25.421100206
     ]
    ]
   },
   "properties": {
    "tipo": "curva_nivel",
    "cota_m": 45,
    "equidistancia_m": 5
   }
  },
  {
   "type": "Feature",
   "geometry": {
    "type": "LineString",
    "coordinates": [
     [
      -48.711523115,
      -25.420980131
     ],
     [
      -48.711569343,
      -25.421043374
     ],
     [
      -48.711616456,
      -25.421103764
     ],
     [
      -48.711638131,
      -25.421128141
     ],
     [
      -48.711709796,
      -25.421203504
     ],
     [
      -48.711720131,
      -25.421212908
     ],
     [
      -48.711803136,
      -25.421283513
     ],
     [
      -48.711822675,
      -25.421297675
     ],
     [
      -48.711896477,
      -25.421347738
     ],
     [
      -48.711957535,
      -25.421382442
     ],
     [
      -48.711957535,
      -25.421382442
     ]
    ]
   },
   "properties": {
    "tipo": "curva_nivel",
    "cota_m": 45,
    "equidistancia_m": 5
   }
  },
  {
   "type": "Feature",
   "geometry": {
    "type": "LineString",
    "coordinates": [
     [
      -48.713188525,
      -25.421128141
     ],
     [
      -48.713137112,
      -25.421212908
     ],
     [
      -48.713109901,
      -25.421250985
     ],
     [
      -48.71306951,
      -25.421297675
     ],
     [
      -48.71301656,
      -25.421349397
     ],
     [
      -48.712973727,
      -25.421382442
     ],
     [
      -48.71292322,
      -25.421415856
     ],
     [
      -48.71282988,
      -25.421461786
     ],
     [
      -48.71282988,
      -25.421461786
     ]
    ]
   },
   "properties": {
    "tipo": "curva_nivel",
    "cota_m": 45,
    "equidistancia_m": 5
   }
  },
  {
   "type": "Feature",
   "geometry": {
    "type": "LineString",
    "coordinates": [
     [
      -48.711989817,
      -25.421399652
     ],
     [
      -48.712083157,
      -25.421440516
     ],
     [
      -48.712160051,
      -25.421467209
     ],
     [
      -48.712160051,
      -25.421467209
     ]
    ]
   },
   "properties": {
    "tipo": "curva_nivel",
    "cota_m": 45,
    "equidistancia_m": 5
   }
  },
  {
   "type": "Feature",
   "geometry": {
    "type": "LineString",
    "coordinates": [
     [
      -48.712814548,
      -25.421467209
     ],
     [
      -48.712736539,
      -25.421491487
     ],
     [
      -48.712643199,
      -25.421509754
     ],
     [
      -48.712549859,
      -25.42151846
     ],
     [
      -48.712456518,
      -25.421518606
     ],
     [
      -48.712363178,
      -25.421510824
     ],
     [
      -48.712269838,
      -25.421495458
     ],
     [
      -48.712176497,
      -25.421472608
     ]
    ]
   },
   "properties": {
    "tipo": "curva_nivel",
    "cota_m": 45,
    "equidistancia_m": 5
   }
  },
  {
   "type": "Feature",
   "geometry": {
    "type": "LineString",
    "coordinates": [
     [
      -48.718556071,
      -25.413414337
     ],
     [
      -48.718523639,
      -25.413447839
     ],
     [
      -48.718477362,
      -25.413499104
     ],
     [
      -48.718430298,
      -25.413554673
     ],
     [
      -48.718430298,
      -25.413554673
     ]
    ]
   },
   "properties": {
    "tipo": "curva_nivel",
    "cota_m": 50,
    "equidistancia_m": 5
   }
  },
  {
   "type": "Feature",
   "geometry": {
    "type": "LineString",
    "coordinates": [
     [
      -48.704474534,
      -25.413414337
     ],
     [
      -48.704522592,
      -25.413437325
     ],
     [
      -48.704615932,
      -25.413486635
     ],
     [
      -48.70463754,
      -25.413499104
     ],
     [
      -48.704709273,
      -25.413541944
     ],
     [
      -48.704773673,
      -25.413583871
     ],
     [
      -48.704773673,
      -25.413583871
     ]
    ]
   },
   "properties": {
    "tipo": "curva_nivel",
    "cota_m": 50,
    "equidistancia_m": 5
   }
  },
  {
   "type": "Feature",
   "geometry": {
    "type": "LineString",
    "coordinates": [
     [
      -48.702435589,
      -25.413414337
     ],
     [
      -48.702375765,
      -25.41344651
     ],
     [
      -48.702288084,
      -25.413499104
     ],
     [
      -48.702282424,
      -25.413502671
     ],
     [
      -48.702189084,
      -25.41356661
     ],
     [
      -48.702189084,
      -25.41356661
     ]
    ]
   },
   "properties": {
    "tipo": "curva_nivel",
    "cota_m": 50,
    "equidistancia_m": 5
   }
  },
  {
   "type": "Feature",
   "geometry": {
    "type": "LineString",
    "coordinates": [
     [
      -48.718406997,
      -25.413583871
     ],
     [
      -48.718343638,
      -25.413668638
     ],
     [
      -48.718336958,
      -25.413678145
     ],
     [
      -48.71828646,
      -25.413753405
     ],
     [
      -48.718243618,
      -25.41382259
     ],
     [
      -48.718243618,
      -25.41382259
     ]
    ]
   },
   "properties": {
    "tipo": "curva_nivel",
    "cota_m": 50,
    "equidistancia_m": 5
   }
  },
  {
   "type": "Feature",
   "geometry": {
    "type": "LineString",
    "coordinates": [
     [
      -48.704802613,
      -25.41360347
     ],
     [
      -48.704891606,
      -25.413668638
     ],
     [
      -48.704989293,
      -25.413748551
     ],
     [
      -48.704994844,
      -25.413753405
     ],
     [
      -48.705082634,
      -25.413834108
     ],
     [
      -48.705086808,
      -25.413838172
     ],
     [
      -48.705169361,
      -25.413922939
     ],
     [
      -48.705169361,
      -25.413922939
     ]
    ]
   },
   "properties": {
    "tipo": "curva_nivel",
    "cota_m": 50,
    "equidistancia_m": 5
   }
  },
  {
   "type": "Feature",
   "geometry": {
    "type": "LineString",
    "coordinates": [
     [
      -48.70216588,
      -25.413583871
     ],
     [
      -48.702095744,
      -25.413638991
     ],
     [
      -48.70206062,
      -25.413668638
     ],
     [
      -48.702002403,
      -25.413720791
     ],
     [
      -48.701968107,
      -25.413753405
     ],
     [
      -48.701909063,
      -25.413813265
     ],
     [
      -48.701909063,
      -25.413813265
     ]
    ]
   },
   "properties": {
    "tipo": "curva_nivel",
    "cota_m": 50,
    "equidistancia_m": 5
   }
  },
  {
   "type": "Feature",
   "geometry": {
    "type": "LineString",
    "coordinates": [
     [
      -48.718234323,
      -25.413838172
     ],
     [
      -48.71818702,
      -25.413922939
     ],
     [
      -48.718150277,
      -25.413994844
     ],
     [
      -48.718150277,
      -25.413994844
     ]
    ]
   },
   "properties": {
    "tipo": "curva_nivel",
    "cota_m": 50,
    "equidistancia_m": 5
   }
  },
  {
   "type": "Feature",
   "geometry": {
    "type": "LineString",
    "coordinates": [
     [
      -48.711989817,
      -25.413913004
     ],
     [
      -48.711989817,
      -25.413913004
     ],
     [
      -48.712083157,
      -25.41389344
     ],
     [
      -48.712176497,
      -25.413880785
     ],
     [
      -48.712269838,
      -25.413875104
     ],
     [
      -48.712363178,
      -25.4138765
     ],
     [
      -48.712456518,
      -25.413885118
     ],
     [
      -48.712549859,
      -25.41390115
     ],
     [
      -48.712635851,
      -25.413922939
     ],
     [
      -48.712635851,
      -25.413922939
     ]
    ]
   },
   "properties": {
    "tipo": "curva_nivel",
    "cota_m": 50,
    "equidistancia_m": 5
   }
  },
  {
   "type": "Feature",
   "geometry": {
    "type": "LineString",
    "coordinates": [
     [
      -48.701885669,
      -25.413838172
     ],
     [
      -48.701815723,
      -25.41391792
     ],
     [
      -48.701815723,
      -25.41391792
     ]
    ]
   },
   "properties": {
    "tipo": "curva_nivel",
    "cota_m": 50,
    "equidistancia_m": 5
   }
  },
  {
   "type": "Feature",
   "geometry": {
    "type": "LineString",
    "coordinates": [
     [
      -48.712643199,
      -25.413924967
     ],
     [
      -48.712736539,
      -25.413958831
     ],
     [
      -48.71282988,
      -25.414001544
     ],
     [
      -48.712841164,
      -25.414007706
     ],
     [
      -48.71292322,
      -25.414057323
     ],
     [
      -48.712972906,
      -25.414092473
     ],
     [
      -48.71301656,
      -25.414127193
     ],
     [
      -48.713071865,
      -25.41417724
     ],
     [
      -48.713109901,
      -25.414216625
     ],
     [
      -48.713149281,
      -25.414262007
     ],
     [
      -48.713203241,
      -25.414334689
     ],
     [
      -48.713211452,
      -25.414346774
     ],
     [
      -48.713259898,
      -25.414431542
     ],
     [
      -48.713296581,
      -25.414511242
     ],
     [
      -48.713298757,
      -25.414516309
     ],
     [
      -48.713326924,
      -25.414601076
     ],
     [
      -48.713346773,
      -25.414685843
     ],
     [
      -48.713358433,
      -25.41477061
     ],
     [
      -48.713361953,
      -25.414855377
     ],
     [
      -48.713357302,
      -25.414940144
     ],
     [
      -48.71334437,
      -25.415024911
     ],
     [
      -48.713322964,
      -25.415109678
     ],
     [
      -48.713296581,
      -25.415183955
     ],
     [
      -48.713296581,
      -25.415183955
     ]
    ]
   },
   "properties": {
    "tipo": "curva_nivel",
    "cota_m": 50,
    "equidistancia_m": 5
   }
  },
  {
   "type": "Feature",
   "geometry": {
    "type": "LineString",
    "coordinates": [
     [
      -48.711954826,
      -25.413922939
     ],
     [
      -48.711896477,
      -25.413940587
     ],
     [
      -48.711803136,
      -25.413976178
     ],
     [
      -48.711734591,
      -25.414007706
     ],
     [
      -48.711709796,
      -25.414020003
     ],
     [
      -48.711616456,
      -25.414074206
     ],
     [
      -48.711616456,
      -25.414074206
     ]
    ]
   },
   "properties": {
    "tipo": "curva_nivel",
    "cota_m": 50,
    "equidistancia_m": 5
   }
  },
  {
   "type": "Feature",
   "geometry": {
    "type": "LineString",
    "coordinates": [
     [
      -48.705175974,
      -25.413930139
     ],
     [
      -48.705243849,
      -25.414007706
     ],
     [
      -48.705243849,
      -25.414007706
     ]
    ]
   },
   "properties": {
    "tipo": "curva_nivel",
    "cota_m": 50,
    "equidistancia_m": 5
   }
  },
  {
   "type": "Feature",
   "geometry": {
    "type": "LineString",
    "coordinates": [
     [
      -48.701811489,
      -25.413922939
     ],
     [
      -48.701744413,
      -25.414007706
     ],
     [
      -48.701722383,
      -25.414037754
     ],
     [
      -48.701683306,
      -25.414092473
     ],
     [
      -48.701629042,
      -25.414174974
     ],
     [
      -48.701629042,
      -25.414174974
     ],
     [
      -48.701576624,
      -25.414262007
     ],
     [
      -48.701535702,
      -25.414336634
     ],
     [
      -48.701535702,
      -25.414336634
     ]
    ]
   },
   "properties": {
    "tipo": "curva_nivel",
    "cota_m": 50,
    "equidistancia_m": 5
   }
  },
  {
   "type": "Feature",
   "geometry": {
    "type": "LineString",
    "coordinates": [
     [
      -48.718143875,
      -25.414007706
     ],
     [
      -48.718104757,
      -25.414092473
     ],
     [
      -48.718069317,
      -25.41417724
     ],
     [
      -48.718056937,
      -25.41420984
     ],
     [
      -48.718037384,
      -25.414262007
     ],
     [
      -48.718008834,
      -25.414346774
     ],
     [
      -48.717983573,
      -25.414431542
     ],
     [
      -48.717963597,
      -25.414508252
     ],
     [
      -48.717963597,
      -25.414508252
     ]
    ]
   },
   "properties": {
    "tipo": "curva_nivel",
    "cota_m": 50,
    "equidistancia_m": 5
   }
  },
  {
   "type": "Feature",
   "geometry": {
    "type": "LineString",
    "coordinates": [
     [
      -48.705269314,
      -25.41403873
     ],
     [
      -48.705311627,
      -25.414092473
     ],
     [
      -48.705362655,
      -25.414161872
     ],
     [
      -48.705373566,
      -25.41417724
     ],
     [
      -48.705429762,
      -25.414262007
     ],
     [
      -48.705455995,
      -25.414304717
     ],
     [
      -48.705481146,
      -25.414346774
     ],
     [
      -48.705527962,
      -25.414431542
     ],
     [
      -48.705549335,
      -25.414473688
     ],
     [
      -48.705570553,
      -25.414516309
     ],
     [
      -48.705609122,
      -25.414601076
     ],
     [
      -48.705642676,
      -25.4146823
     ],
     [
      -48.705644124,
      -25.414685843
     ],
     [
      -48.705675338,
      -25.41477061
     ],
     [
      -48.705703276,
      -25.414855377
     ],
     [
      -48.705728046,
      -25.414940144
     ],
     [
      -48.705728046,
      -25.414940144
     ]
    ]
   },
   "properties": {
    "tipo": "curva_nivel",
    "cota_m": 50,
    "equidistancia_m": 5
   }
  },
  {
   "type": "Feature",
   "geometry": {
    "type": "LineString",
    "coordinates": [
     [
      -48.711588969,
      -25.414092473
     ],
     [
      -48.711523115,
      -25.414140234
     ],
     [
      -48.711477713,
      -25.41417724
     ],
     [
      -48.711429775,
      -25.414220422
     ],
     [
      -48.711388051,
      -25.414262007
     ],
     [
      -48.711336435,
      -25.414319668
     ],
     [
      -48.711336435,
      -25.414319668
     ]
    ]
   },
   "properties": {
    "tipo": "curva_nivel",
    "cota_m": 50,
    "equidistancia_m": 5
   }
  },
  {
   "type": "Feature",
   "geometry": {
    "type": "LineString",
    "coordinates": [
     [
      -48.711314203,
      -25.414346774
     ],
     [
      -48.711253184,
      -25.414431542
     ],
     [
      -48.711243094,
      -25.414447886
     ],
     [
      -48.711203857,
      -25.414516309
     ],
     [
      -48.711163217,
      -25.414601076
     ],
     [
      -48.711149754,
      -25.414636229
     ],
     [
      -48.711131868,
      -25.414685843
     ],
     [
      -48.711109017,
      -25.41477061
     ],
     [
      -48.711093908,
      -25.414855377
     ],
     [
      -48.711086743,
      -25.414940144
     ],
     [
      -48.711087781,
      -25.415024911
     ],
     [
      -48.711097352,
      -25.415109678
     ],
     [
      -48.71111587,
      -25.415194445
     ],
     [
      -48.711143851,
      -25.415279212
     ],
     [
      -48.711184365,
      -25.415363979
     ],
     [
      -48.711237085,
      -25.415448746
     ],
     [
      -48.711307921,
      -25.415533514
     ],
     [
      -48.711307921,
      -25.415533514
     ]
    ]
   },
   "properties": {
    "tipo": "curva_nivel",
    "cota_m": 50,
    "equidistancia_m": 5
   }
  },
  {
   "type": "Feature",
   "geometry": {
    "type": "LineString",
    "coordinates": [
     [
      -48.701530177,
      -25.414346774
     ],
     [
      -48.701487699,
      -25.414431542
     ],
     [
      -48.701449251,
      -25.414516309
     ],
     [
      -48.701442362,
      -25.414533078
     ],
     [
      -48.701414244,
      -25.414601076
     ],
     [
      -48.701382803,
      -25.414685843
     ],
     [
      -48.701354835,
      -25.41477061
     ],
     [
      -48.701349021,
      -25.414790601
     ],
     [
      -48.701329825,
      -25.414855377
     ],
     [
      -48.701307916,
      -25.414940144
     ],
     [
      -48.701289054,
      -25.415024911
     ],
     [
      -48.701273087,
      -25.415109678
     ],
     [
      -48.701259857,
      -25.415194445
     ],
     [
      -48.701255681,
      -25.415227945
     ],
     [
      -48.70124906,
      -25.415279212
     ],
     [
      -48.701240643,
      -25.415363979
     ],
     [
      -48.701234522,
      -25.415448746
     ],
     [
      -48.701230505,
      -25.415533514
     ],
     [
      -48.701228384,
      -25.415618281
     ],
     [
      -48.701227929,
      -25.415703048
     ],
     [
      -48.701228886,
      -25.415787815
     ],
     [
      -48.701230966,
      -25.415872582
     ],
     [
      -48.70123384,
      -25.415957349
     ],
     [
      -48.701237127,
      -25.416042116
     ],
     [
      -48.701240381,
      -25.416126883
     ],
     [
      -48.701243068,
      -25.41621165
     ],
     [
      -48.701244541,
      -25.416296417
     ],
     [
      -48.701244004,
      -25.416381184
     ],
     [
      -48.701240451,
      -25.416465951
     ],
     [
      -48.701232589,
      -25.416550718
     ],
     [
      -48.701218711,
      -25.416635486
     ],
     [
      -48.701196498,
      -25.416720253
     ],
     [
      -48.701162697,
      -25.41680502
     ],
     [
      -48.701162341,
      -25.416805691
     ],
     [
      -48.701112342,
      -25.416889787
     ],
     [
      -48.701069,
      -25.416942212
     ],
     [
      -48.701038802,
      -25.416974554
     ],
     [
      -48.70097566,
      -25.417027234
     ],
     [
      -48.700931883,
      -25.417059321
     ],
     [
      -48.70088232,
      -25.41708909
     ],
     [
      -48.700788979,
      -25.417138524
     ],
     [
      -48.700788979,
      -25.417138524
     ]
    ]
   },
   "properties": {
    "tipo": "curva_nivel",
    "cota_m": 50,
    "equidistancia_m": 5
   }
  },
  {
   "type": "Feature",
   "geometry": {
    "type": "LineString",
    "coordinates": [
     [
      -48.717961501,
      -25.414516309
     ],
     [
      -48.717942456,
      -25.414601076
     ],
     [
      -48.717926491,
      -25.414685843
     ],
     [
      -48.71791355,
      -25.41477061
     ],
     [
      -48.717903584,
      -25.414855377
     ],
     [
      -48.717896548,
      -25.414940144
     ],
     [
      -48.717892402,
      -25.415024911
     ],
     [
      -48.717891109,
      -25.415109678
     ],
     [
      -48.717892633,
      -25.415194445
     ],
     [
      -48.71789694,
      -25.415279212
     ],
     [
      -48.717904,
      -25.415363979
     ],
     [
      -48.717913783,
      -25.415448746
     ],
     [
      -48.717926263,
      -25.415533514
     ],
     [
      -48.717941416,
      -25.415618281
     ],
     [
      -48.717959222,
      -25.415703048
     ],
     [
      -48.717979577,
      -25.415787815
     ],
     [
      -48.718002529,
      -25.415872582
     ],
     [
      -48.718028107,
      -25.415957349
     ],
     [
      -48.71805633,
      -25.416042116
     ],
     [
      -48.718087207,
      -25.416126883
     ],
     [
      -48.71812083,
      -25.41621165
     ],
     [
      -48.718150277,
      -25.416280742
     ],
     [
      -48.718157318,
      -25.416296417
     ],
     [
      -48.718196907,
      -25.416381184
     ],
     [
      -48.7182397,
      -25.416465951
     ],
     [
      -48.718286319,
      -25.416550718
     ],
     [
      -48.718336914,
      -25.416635486
     ],
     [
      -48.718392698,
      -25.416720253
     ],
     [
      -48.718430298,
      -25.416774008
     ],
     [
      -48.71845431,
      -25.41680502
     ],
     [
      -48.718523329,
      -25.416889787
     ],
     [
      -48.718602525,
      -25.416974554
     ],
     [
      -48.718602525,
      -25.416974554
     ]
    ]
   },
   "properties": {
    "tipo": "curva_nivel",
    "cota_m": 50,
    "equidistancia_m": 5
   }
  },
  {
   "type": "Feature",
   "geometry": {
    "type": "LineString",
    "coordinates": [
     [
      -48.705736016,
      -25.414971458
     ],
     [
      -48.705749645,
      -25.415024911
     ],
     [
      -48.705768245,
      -25.415109678
     ],
     [
      -48.705784011,
      -25.415194445
     ],
     [
      -48.705797049,
      -25.415279212
     ],
     [
      -48.705807467,
      -25.415363979
     ],
     [
      -48.705815375,
      -25.415448746
     ],
     [
      -48.705820889,
      -25.415533514
     ],
     [
      -48.705824133,
      -25.415618281
     ],
     [
      -48.705825239,
      -25.415703048
     ],
     [
      -48.705824348,
      -25.415787815
     ],
     [
      -48.705821616,
      -25.415872582
     ],
     [
      -48.705817216,
      -25.415957349
     ],
     [
      -48.705811341,
      -25.416042116
     ],
     [
      -48.705804211,
      -25.416126883
     ],
     [
      -48.705796077,
      -25.41621165
     ],
     [
      -48.70578724,
      -25.416296417
     ],
     [
      -48.705778055,
      -25.416381184
     ],
     [
      -48.70576896,
      -25.416465951
     ],
     [
      -48.705760505,
      -25.416550718
     ],
     [
      -48.705753403,
      -25.416635486
     ],
     [
      -48.705748606,
      -25.416720253
     ],
     [
      -48.705747434,
      -25.41680502
     ],
     [
      -48.705751799,
      -25.416889787
     ],
     [
      -48.70576461,
      -25.416974554
     ],
     [
      -48.705790573,
      -25.417059321
     ],
     [
      -48.705829356,
      -25.417130839
     ],
     [
      -48.705837752,
      -25.417144088
     ],
     [
      -48.705920484,
      -25.417228855
     ],
     [
      -48.706016037,
      -25.417288209
     ],
     [
      -48.706067583,
      -25.417313622
     ],
     [
      -48.706067583,
      -25.417313622
     ]
    ]
   },
   "properties": {
    "tipo": "curva_nivel",
    "cota_m": 50,
    "equidistancia_m": 5
   }
  },
  {
   "type": "Feature",
   "geometry": {
    "type": "LineString",
    "coordinates": [
     [
      -48.713292576,
      -25.415194445
     ],
     [
      -48.713250995,
      -25.415279212
     ],
     [
      -48.713203241,
      -25.415357548
     ],
     [
      -48.713203241,
      -25.415357548
     ]
    ]
   },
   "properties": {
    "tipo": "curva_nivel",
    "cota_m": 50,
    "equidistancia_m": 5
   }
  },
  {
   "type": "Feature",
   "geometry": {
    "type": "LineString",
    "coordinates": [
     [
      -48.713198962,
      -25.415363979
     ],
     [
      -48.713132128,
      -25.415448746
     ],
     [
      -48.713109901,
      -25.415473006
     ],
     [
      -48.713048347,
      -25.415533514
     ],
     [
      -48.71301656,
      -25.415561019
     ],
     [
      -48.712941916,
      -25.415618281
     ],
     [
      -48.71292322,
      -25.415631158
     ],
     [
      -48.71282988,
      -25.415687483
     ],
     [
      -48.71282988,
      -25.415687483
     ]
    ]
   },
   "properties": {
    "tipo": "curva_nivel",
    "cota_m": 50,
    "equidistancia_m": 5
   }
  },
  {
   "type": "Feature",
   "geometry": {
    "type": "LineString",
    "coordinates": [
     [
      -48.711336435,
      -25.415562124
     ],
     [
      -48.711400896,
      -25.415618281
     ],
     [
      -48.711400896,
      -25.415618281
     ]
    ]
   },
   "properties": {
    "tipo": "curva_nivel",
    "cota_m": 50,
    "equidistancia_m": 5
   }
  },
  {
   "type": "Feature",
   "geometry": {
    "type": "LineString",
    "coordinates": [
     [
      -48.712799852,
      -25.415703048
     ],
     [
      -48.712736539,
      -25.415733116
     ],
     [
      -48.712643199,
      -25.415770285
     ],
     [
      -48.712549859,
      -25.415799776
     ],
     [
      -48.712456518,
      -25.415822026
     ],
     [
      -48.712363178,
      -25.415838247
     ],
     [
      -48.712269838,
      -25.415848586
     ],
     [
      -48.712176497,
      -25.415853104
     ],
     [
      -48.712083157,
      -25.415851769
     ],
     [
      -48.711989817,
      -25.415844458
     ],
     [
      -48.711896477,
      -25.415830949
     ],
     [
      -48.711803136,
      -25.415810905
     ],
     [
      -48.711723199,
      -25.415787815
     ],
     [
      -48.711709796,
      -25.415783615
     ],
     [
      -48.711616456,
      -25.415746752
     ],
     [
      -48.711523115,
      -25.415700721
     ],
     [
      -48.711527385,
      -25.415703048
     ],
     [
      -48.711429775,
      -25.415640273
     ]
    ]
   },
   "properties": {
    "tipo": "curva_nivel",
    "cota_m": 50,
    "equidistancia_m": 5
   }
  },
  {
   "type": "Feature",
   "geometry": {
    "type": "LineString",
    "coordinates": [
     [
      -48.718616979,
      -25.41698944
     ],
     [
      -48.718695216,
      -25.417059321
     ],
     [
      -48.718695216,
      -25.417059321
     ]
    ]
   },
   "properties": {
    "tipo": "curva_nivel",
    "cota_m": 50,
    "equidistancia_m": 5
   }
  },
  {
   "type": "Feature",
   "geometry": {
    "type": "LineString",
    "coordinates": [
     [
      -48.719138058,
      -25.417313622
     ],
     [
      -48.719138058,
      -25.417313622
     ],
     [
      -48.719083681,
      -25.41729258
     ],
     [
      -48.71899034,
      -25.41725041
     ],
     [
      -48.718949491,
      -25.417228855
     ],
     [
      -48.718897,
      -25.417201029
     ],
     [
      -48.71880366,
      -25.417141698
     ],
     [
      -48.71880737,
      -25.417144088
     ],
     [
      -48.718710319,
      -25.417072431
     ]
    ]
   },
   "properties": {
    "tipo": "curva_nivel",
    "cota_m": 50,
    "equidistancia_m": 5
   }
  },
  {
   "type": "Feature",
   "geometry": {
    "type": "LineString",
    "coordinates": [
     [
      -48.700777559,
      -25.417144088
     ],
     [
      -48.700695639,
      -25.417178516
     ],
     [
      -48.700602299,
      -25.417213938
     ],
     [
      -48.700602299,
      -25.417213938
     ]
    ]
   },
   "properties": {
    "tipo": "curva_nivel",
    "cota_m": 50,
    "equidistancia_m": 5
   }
  },
  {
   "type": "Feature",
   "geometry": {
    "type": "LineString",
    "coordinates": [
     [
      -48.700560377,
      -25.417228855
     ],
     [
      -48.700508959,
      -25.417245177
     ],
     [
      -48.700415618,
      -25.417273474
     ],
     [
      -48.700322278,
      -25.41730041
     ],
     [
      -48.700275531,
      -25.417313622
     ],
     [
      -48.700228938,
      -25.417325745
     ],
     [
      -48.700135597,
      -25.417349937
     ],
     [
      -48.700042257,
      -25.417374069
     ],
     [
      -48.699949185,
      -25.417398389
     ],
     [
      -48.699948917,
      -25.417398455
     ],
     [
      -48.699855576,
      -25.417422191
     ],
     [
      -48.699762236,
      -25.417446772
     ],
     [
      -48.699668896,
      -25.41747251
     ],
     [
      -48.699668896,
      -25.41747251
     ]
    ]
   },
   "properties": {
    "tipo": "curva_nivel",
    "cota_m": 50,
    "equidistancia_m": 5
   }
  },
  {
   "type": "Feature",
   "geometry": {
    "type": "LineString",
    "coordinates": [
     [
      -48.719177021,
      -25.417328843
     ],
     [
      -48.719270361,
      -25.417361042
     ],
     [
      -48.719363701,
      -25.417388827
     ],
     [
      -48.719398906,
      -25.417398389
     ],
     [
      -48.719457042,
      -25.417414633
     ],
     [
      -48.719550382,
      -25.417438541
     ],
     [
      -48.719643722,
      -25.417460506
     ]
    ]
   },
   "properties": {
    "tipo": "curva_nivel",
    "cota_m": 50,
    "equidistancia_m": 5
   }
  },
  {
   "type": "Feature",
   "geometry": {
    "type": "LineString",
    "coordinates": [
     [
      -48.706109377,
      -25.417329909
     ],
     [
      -48.706202718,
      -25.417361419
     ],
     [
      -48.706296058,
      -25.417387645
     ],
     [
      -48.706338631,
      -25.417398389
     ],
     [
      -48.706389398,
      -25.417409397
     ],
     [
      -48.706482738,
      -25.417428077
     ],
     [
      -48.706576079,
      -25.417445011
     ],
     [
      -48.706669419,
      -25.417460657
     ],
     [
      -48.706762759,
      -25.417475365
     ],
     [
      -48.706813393,
      -25.417483156
     ],
     [
      -48.706813393,
      -25.417483156
     ]
    ]
   },
   "properties": {
    "tipo": "curva_nivel",
    "cota_m": 50,
    "equidistancia_m": 5
   }
  },
  {
   "type": "Feature",
   "geometry": {
    "type": "LineString",
    "coordinates": [
     [
      -48.707942391,
      -25.41765269
     ],
     [
      -48.707942391,
      -25.41765269
     ],
     [
      -48.707882843,
      -25.417641595
     ],
     [
      -48.707789503,
      -25.417625236
     ],
     [
      -48.707696163,
      -25.417609771
     ],
     [
      -48.707602822,
      -25.417595079
     ],
     [
      -48.707509482,
      -25.417581044
     ],
     [
      -48.707416142,
      -25.417567546
     ],
     [
      -48.707418632,
      -25.417567923
     ],
     [
      -48.707322801,
      -25.417554073
     ],
     [
      -48.707229461,
      -25.417540926
     ],
     [
      -48.707136121,
      -25.417527989
     ],
     [
      -48.70704278,
      -25.417515139
     ],
     [
      -48.70694944,
      -25.417502244
     ],
     [
      -48.7068561,
      -25.417489155
     ]
    ]
   },
   "properties": {
    "tipo": "curva_nivel",
    "cota_m": 50,
    "equidistancia_m": 5
   }
  },
  {
   "type": "Feature",
   "geometry": {
    "type": "LineString",
    "coordinates": [
     [
      -48.699632205,
      -25.417483156
     ],
     [
      -48.699575555,
      -25.417498984
     ],
     [
      -48.699482215,
      -25.417526728
     ],
     [
      -48.699388875,
      -25.417556617
     ],
     [
      -48.699388875,
      -25.417556617
     ]
    ]
   },
   "properties": {
    "tipo": "curva_nivel",
    "cota_m": 50,
    "equidistancia_m": 5
   }
  },
  {
   "type": "Feature",
   "geometry": {
    "type": "LineString",
    "coordinates": [
     [
      -48.699355933,
      -25.417567923
     ],
     [
      -48.699295534,
      -25.417588179
     ],
     [
      -48.699202194,
      -25.417622178
     ],
     [
      -48.699125849,
      -25.41765269
     ],
     [
      -48.699108854,
      -25.417659394
     ],
     [
      -48.699015514,
      -25.417699282
     ],
     [
      -48.69893516,
      -25.417737458
     ],
     [
      -48.698922173,
      -25.417743604
     ],
     [
      -48.698828833,
      -25.417791664
     ],
     [
      -48.698775301,
      -25.417822225
     ],
     [
      -48.698735493,
      -25.417845064
     ],
     [
      -48.698642152,
      -25.417904325
     ],
     [
      -48.698642152,
      -25.417904325
     ],
     [
      -48.698548812,
      -25.417969478
     ],
     [
      -48.698548812,
      -25.417969478
     ]
    ]
   },
   "properties": {
    "tipo": "curva_nivel",
    "cota_m": 50,
    "equidistancia_m": 5
   }
  },
  {
   "type": "Feature",
   "geometry": {
    "type": "LineString",
    "coordinates": [
     [
      -48.707976183,
      -25.417658813
     ],
     [
      -48.708069524,
      -25.417676874
     ],
     [
      -48.708162864,
      -25.417696223
     ],
     [
      -48.708256204,
      -25.417717032
     ],
     [
      -48.708341173,
      -25.417737458
     ],
     [
      -48.708341173,
      -25.417737458
     ]
    ]
   },
   "properties": {
    "tipo": "curva_nivel",
    "cota_m": 50,
    "equidistancia_m": 5
   }
  },
  {
   "type": "Feature",
   "geometry": {
    "type": "LineString",
    "coordinates": [
     [
      -48.708349545,
      -25.417739442
     ],
     [
      -48.708442885,
      -25.417763156
     ],
     [
      -48.708536225,
      -25.417788904
     ],
     [
      -48.708629566,
      -25.417816955
     ],
     [
      -48.708645915,
      -25.417822225
     ],
     [
      -48.708722906,
      -25.417847001
     ],
     [
      -48.708816246,
      -25.417879764
     ],
     [
      -48.70888734,
      -25.417906992
     ],
     [
      -48.70888734,
      -25.417906992
     ]
    ]
   },
   "properties": {
    "tipo": "curva_nivel",
    "cota_m": 50,
    "equidistancia_m": 5
   }
  },
  {
   "type": "Feature",
   "geometry": {
    "type": "LineString",
    "coordinates": [
     [
      -48.715630089,
      -25.418158728
     ],
     [
      -48.715630089,
      -25.418158728
     ],
     [
      -48.715723429,
      -25.418128066
     ],
     [
      -48.71581677,
      -25.418100413
     ],
     [
      -48.71591011,
      -25.418075498
     ],
     [
      -48.71591011,
      -25.418075498
     ],
     [
      -48.71600345,
      -25.418052777
     ],
     [
      -48.716096791,
      -25.418032455
     ],
     [
      -48.716190131,
      -25.418014365
     ],
     [
      -48.716283471,
      -25.41799837
     ],
     [
      -48.716327725,
      -25.417991759
     ],
     [
      -48.716376812,
      -25.417984202
     ],
     [
      -48.716470152,
      -25.417971823
     ],
     [
      -48.716563492,
      -25.417961301
     ],
     [
      -48.716656832,
      -25.417952591
     ],
     [
      -48.716750173,
      -25.417945674
     ],
     [
      -48.716843513,
      -25.417940554
     ],
     [
      -48.716936853,
      -25.417937265
     ],
     [
      -48.717030194,
      -25.417935875
     ],
     [
      -48.717123534,
      -25.417936486
     ],
     [
      -48.717216874,
      -25.417939249
     ],
     [
      -48.717310215,
      -25.41794437
     ],
     [
      -48.717403555,
      -25.417952129
     ],
     [
      -48.717496895,
      -25.417962906
     ],
     [
      -48.717590236,
      -25.417977211
     ],
     [
      -48.717664695,
      -25.417991759
     ],
     [
      -48.717664695,
      -25.417991759
     ]
    ]
   },
   "properties": {
    "tipo": "curva_nivel",
    "cota_m": 50,
    "equidistancia_m": 5
   }
  },
  {
   "type": "Feature",
   "geometry": {
    "type": "LineString",
    "coordinates": [
     [
      -48.708909587,
      -25.417915557
     ],
     [
      -48.709002927,
      -25.417954264
     ],
     [
      -48.709085193,
      -25.417991759
     ],
     [
      -48.709085193,
      -25.417991759
     ]
    ]
   },
   "properties": {
    "tipo": "curva_nivel",
    "cota_m": 50,
    "equidistancia_m": 5
   }
  },
  {
   "type": "Feature",
   "geometry": {
    "type": "LineString",
    "coordinates": [
     [
      -48.717683576,
      -25.417995556
     ],
     [
      -48.717776916,
      -25.418018011
     ],
     [
      -48.717870256,
      -25.418046324
     ],
     [
      -48.717950254,
      -25.418076526
     ],
     [
      -48.717950254,
      -25.418076526
     ]
    ]
   },
   "properties": {
    "tipo": "curva_nivel",
    "cota_m": 50,
    "equidistancia_m": 5
   }
  },
  {
   "type": "Feature",
   "geometry": {
    "type": "LineString",
    "coordinates": [
     [
      -48.709096267,
      -25.417996866
     ],
     [
      -48.709189607,
      -25.418043049
     ],
     [
      -48.709251495,
      -25.418076526
     ],
     [
      -48.709251495,
      -25.418076526
     ]
    ]
   },
   "properties": {
    "tipo": "curva_nivel",
    "cota_m": 50,
    "equidistancia_m": 5
   }
  },
  {
   "type": "Feature",
   "geometry": {
    "type": "LineString",
    "coordinates": [
     [
      -48.698519794,
      -25.417991759
     ],
     [
      -48.698455472,
      -25.418042084
     ],
     [
      -48.698415141,
      -25.418076526
     ],
     [
      -48.698362131,
      -25.418122907
     ],
     [
      -48.698321637,
      -25.418161293
     ],
     [
      -48.698268791,
      -25.418212895
     ],
     [
      -48.698237204,
      -25.41824606
     ],
     [
      -48.698175451,
      -25.418313203
     ],
     [
      -48.698175451,
      -25.418313203
     ]
    ]
   },
   "properties": {
    "tipo": "curva_nivel",
    "cota_m": 50,
    "equidistancia_m": 5
   }
  },
  {
   "type": "Feature",
   "geometry": {
    "type": "LineString",
    "coordinates": [
     [
      -48.717963597,
      -25.418081774
     ],
     [
      -48.718056937,
      -25.418124291
     ],
     [
      -48.71812336,
      -25.418161293
     ],
     [
      -48.71812336,
      -25.418161293
     ]
    ]
   },
   "properties": {
    "tipo": "curva_nivel",
    "cota_m": 50,
    "equidistancia_m": 5
   }
  },
  {
   "type": "Feature",
   "geometry": {
    "type": "LineString",
    "coordinates": [
     [
      -48.709282948,
      -25.418093843
     ],
     [
      -48.709376288,
      -25.418149393
     ],
     [
      -48.709394924,
      -25.418161293
     ],
     [
      -48.709469628,
      -25.418210114
     ],
     [
      -48.709520599,
      -25.41824606
     ],
     [
      -48.709562969,
      -25.418276757
     ],
     [
      -48.709632639,
      -25.418330827
     ],
     [
      -48.709632639,
      -25.418330827
     ]
    ]
   },
   "properties": {
    "tipo": "curva_nivel",
    "cota_m": 50,
    "equidistancia_m": 5
   }
  },
  {
   "type": "Feature",
   "geometry": {
    "type": "LineString",
    "coordinates": [
     [
      -48.703775869,
      -25.418152013
     ],
     [
      -48.703775869,
      -25.418152013
     ],
     [
      -48.70386921,
      -25.418145937
     ],
     [
      -48.70395997,
      -25.418161293
     ],
     [
      -48.70405589,
      -25.418239017
     ],
     [
      -48.704060501,
      -25.41824606
     ],
     [
      -48.704075396,
      -25.418330827
     ],
     [
      -48.70405981,
      -25.418415594
     ],
     [
      -48.70405589,
      -25.41842425
     ],
     [
      -48.704011419,
      -25.418500361
     ],
     [
      -48.70396255,
      -25.418560753
     ],
     [
      -48.70396255,
      -25.418560753
     ]
    ]
   },
   "properties": {
    "tipo": "curva_nivel",
    "cota_m": 50,
    "equidistancia_m": 5
   }
  },
  {
   "type": "Feature",
   "geometry": {
    "type": "LineString",
    "coordinates": [
     [
      -48.718150277,
      -25.418177055
     ],
     [
      -48.718243618,
      -25.418241
     ],
     [
      -48.718250139,
      -25.41824606
     ],
     [
      -48.718336958,
      -25.418317467
     ],
     [
      -48.718351344,
      -25.418330827
     ],
     [
      -48.718430298,
      -25.418408974
     ],
     [
      -48.718436386,
      -25.418415594
     ],
     [
      -48.718510496,
      -25.418500361
     ],
     [
      -48.718510496,
      -25.418500361
     ]
    ]
   },
   "properties": {
    "tipo": "curva_nivel",
    "cota_m": 50,
    "equidistancia_m": 5
   }
  },
  {
   "type": "Feature",
   "geometry": {
    "type": "LineString",
    "coordinates": [
     [
      -48.715622939,
      -25.418161293
     ],
     [
      -48.715536749,
      -25.418192267
     ],
     [
      -48.715443408,
      -25.418229311
     ],
     [
      -48.715443408,
      -25.418229311
     ]
    ]
   },
   "properties": {
    "tipo": "curva_nivel",
    "cota_m": 50,
    "equidistancia_m": 5
   }
  },
  {
   "type": "Feature",
   "geometry": {
    "type": "LineString",
    "coordinates": [
     [
      -48.703742662,
      -25.418161293
     ],
     [
      -48.703682529,
      -25.41818611
     ],
     [
      -48.70360329,
      -25.41824606
     ],
     [
      -48.703589189,
      -25.41826685
     ],
     [
      -48.703560999,
      -25.418330827
     ],
     [
      -48.703556654,
      -25.418415594
     ],
     [
      -48.703579554,
      -25.418500361
     ],
     [
      -48.703579554,
      -25.418500361
     ]
    ]
   },
   "properties": {
    "tipo": "curva_nivel",
    "cota_m": 50,
    "equidistancia_m": 5
   }
  },
  {
   "type": "Feature",
   "geometry": {
    "type": "LineString",
    "coordinates": [
     [
      -48.715404768,
      -25.41824606
     ],
     [
      -48.715350068,
      -25.418270013
     ],
     [
      -48.715256728,
      -25.41831476
     ],
     [
      -48.715256728,
      -25.41831476
     ]
    ]
   },
   "properties": {
    "tipo": "curva_nivel",
    "cota_m": 50,
    "equidistancia_m": 5
   }
  },
  {
   "type": "Feature",
   "geometry": {
    "type": "LineString",
    "coordinates": [
     [
      -48.71522585,
      -25.418330827
     ],
     [
      -48.715163387,
      -25.41836392
     ],
     [
      -48.715074096,
      -25.418415594
     ],
     [
      -48.715070047,
      -25.418417994
     ],
     [
      -48.714976707,
      -25.418477361
     ],
     [
      -48.714976707,
      -25.418477361
     ]
    ]
   },
   "properties": {
    "tipo": "curva_nivel",
    "cota_m": 50,
    "equidistancia_m": 5
   }
  },
  {
   "type": "Feature",
   "geometry": {
    "type": "LineString",
    "coordinates": [
     [
      -48.709656309,
      -25.418349768
     ],
     [
      -48.709733667,
      -25.418415594
     ],
     [
      -48.709733667,
      -25.418415594
     ]
    ]
   },
   "properties": {
    "tipo": "curva_nivel",
    "cota_m": 50,
    "equidistancia_m": 5
   }
  },
  {
   "type": "Feature",
   "geometry": {
    "type": "LineString",
    "coordinates": [
     [
      -48.698160262,
      -25.418330827
     ],
     [
      -48.698089723,
      -25.418415594
     ],
     [
      -48.69808211,
      -25.418425061
     ],
     [
      -48.698024745,
      -25.418500361
     ],
     [
      -48.69798877,
      -25.418549962
     ]
    ]
   },
   "properties": {
    "tipo": "curva_nivel",
    "cota_m": 50,
    "equidistancia_m": 5
   }
  },
  {
   "type": "Feature",
   "geometry": {
    "type": "LineString",
    "coordinates": [
     [
      -48.709749649,
      -25.418429667
     ],
     [
      -48.709825703,
      -25.418500361
     ],
     [
      -48.709825703,
      -25.418500361
     ]
    ]
   },
   "properties": {
    "tipo": "curva_nivel",
    "cota_m": 50,
    "equidistancia_m": 5
   }
  },
  {
   "type": "Feature",
   "geometry": {
    "type": "LineString",
    "coordinates": [
     [
      -48.718523639,
      -25.418516404
     ],
     [
      -48.718576681,
      -25.418585128
     ],
     [
      -48.718616979,
      -25.418641599
     ],
     [
      -48.718636347,
      -25.418669895
     ],
     [
      -48.718691056,
      -25.418754662
     ],
     [
      -48.718691056,
      -25.418754662
     ]
    ]
   },
   "properties": {
    "tipo": "curva_nivel",
    "cota_m": 50,
    "equidistancia_m": 5
   }
  },
  {
   "type": "Feature",
   "geometry": {
    "type": "LineString",
    "coordinates": [
     [
      -48.714943191,
      -25.418500361
     ],
     [
      -48.714883367,
      -25.418542697
     ],
     [
      -48.714827471,
      -25.418585128
     ],
     [
      -48.714790026,
      -25.418614597
     ],
     [
      -48.714724048,
      -25.418669895
     ],
     [
      -48.714696686,
      -25.418693795
     ],
     [
      -48.714630776,
      -25.418754662
     ],
     [
      -48.714603346,
      -25.418781196
     ],
     [
      -48.714545991,
      -25.41883943
     ],
     [
      -48.714510005,
      -25.418877888
     ],
     [
      -48.714468422,
      -25.418924197
     ],
     [
      -48.714416665,
      -25.418985153
     ],
     [
      -48.714416665,
      -25.418985153
     ]
    ]
   },
   "properties": {
    "tipo": "curva_nivel",
    "cota_m": 50,
    "equidistancia_m": 5
   }
  },
  {
   "type": "Feature",
   "geometry": {
    "type": "LineString",
    "coordinates": [
     [
      -48.70984299,
      -25.418517045
     ],
     [
      -48.709910296,
      -25.418585128
     ],
     [
      -48.709910296,
      -25.418585128
     ]
    ]
   },
   "properties": {
    "tipo": "curva_nivel",
    "cota_m": 50,
    "equidistancia_m": 5
   }
  },
  {
   "type": "Feature",
   "geometry": {
    "type": "LineString",
    "coordinates": [
     [
      -48.703589189,
      -25.418517982
     ],
     [
      -48.703646085,
      -25.418585128
     ],
     [
      -48.703682529,
      -25.418614471
     ],
     [
      -48.703775869,
      -25.418642413
     ],
     [
      -48.70386921,
      -25.418623943
     ],
     [
      -48.70393182,
      -25.418585128
     ]
    ]
   },
   "properties": {
    "tipo": "curva_nivel",
    "cota_m": 50,
    "equidistancia_m": 5
   }
  },
  {
   "type": "Feature",
   "geometry": {
    "type": "LineString",
    "coordinates": [
     [
      -48.70993633,
      -25.41861256
     ],
     [
      -48.709988616,
      -25.418669895
     ],
     [
      -48.71002967,
      -25.418716928
     ],
     [
      -48.710061542,
      -25.418754662
     ],
     [
      -48.710123011,
      -25.418830904
     ],
     [
      -48.710129708,
      -25.41883943
     ],
     [
      -48.710193825,
      -25.418924197
     ],
     [
      -48.710193825,
      -25.418924197
     ]
    ]
   },
   "properties": {
    "tipo": "curva_nivel",
    "cota_m": 50,
    "equidistancia_m": 5
   }
  },
  {
   "type": "Feature",
   "geometry": {
    "type": "LineString",
    "coordinates": [
     [
      -48.718710319,
      -25.418786553
     ],
     [
      -48.718741692,
      -25.41883943
     ],
     [
      -48.718788262,
      -25.418924197
     ],
     [
      -48.718788262,
      -25.418924197
     ]
    ]
   },
   "properties": {
    "tipo": "curva_nivel",
    "cota_m": 50,
    "equidistancia_m": 5
   }
  },
  {
   "type": "Feature",
   "geometry": {
    "type": "LineString",
    "coordinates": [
     [
      -48.71880366,
      -25.418954178
     ],
     [
      -48.718831881,
      -25.419008964
     ],
     [
      -48.718872116,
      -25.419093731
     ],
     [
      -48.718897,
      -25.419151037
     ],
     [
      -48.718909196,
      -25.419178498
     ],
     [
      -48.718943969,
      -25.419263265
     ],
     [
      -48.718975071,
      -25.419348032
     ],
     [
      -48.71899034,
      -25.41939439
     ],
     [
      -48.719003584,
      -25.419432799
     ],
     [
      -48.719029601,
      -25.419517566
     ],
     [
      -48.719052109,
      -25.419602333
     ],
     [
      -48.719071212,
      -25.4196871
     ],
     [
      -48.719083681,
      -25.41975387
     ],
     [
      -48.719087295,
      -25.419771867
     ],
     [
      -48.719100961,
      -25.419856634
     ],
     [
      -48.719111203,
      -25.419941402
     ],
     [
      -48.719118105,
      -25.420026169
     ],
     [
      -48.719121753,
      -25.420110936
     ],
     [
      -48.719122236,
      -25.420195703
     ],
     [
      -48.719119647,
      -25.42028047
     ],
     [
      -48.719114087,
      -25.420365237
     ],
     [
      -48.719105668,
      -25.420450004
     ],
     [
      -48.719094512,
      -25.420534771
     ],
     [
      -48.719083681,
      -25.420601852
     ],
     [
      -48.719083681,
      -25.420601852
     ]
    ]
   },
   "properties": {
    "tipo": "curva_nivel",
    "cota_m": 50,
    "equidistancia_m": 5
   }
  },
  {
   "type": "Feature",
   "geometry": {
    "type": "LineString",
    "coordinates": [
     [
      -48.710216351,
      -25.418955472
     ],
     [
      -48.710254256,
      -25.419008964
     ],
     [
      -48.710309691,
      -25.419091553
     ],
     [
      -48.71031114,
      -25.419093731
     ],
     [
      -48.710365313,
      -25.419178498
     ],
     [
      -48.710403032,
      -25.419241072
     ],
     [
      -48.710416407,
      -25.419263265
     ],
     [
      -48.710465088,
      -25.419348032
     ],
     [
      -48.710496372,
      -25.419405769
     ],
     [
      -48.710511149,
      -25.419432799
     ],
     [
      -48.71055513,
      -25.419517566
     ],
     [
      -48.710589712,
      -25.419588424
     ],
     [
      -48.710596624,
      -25.419602333
     ],
     [
      -48.710636558,
      -25.4196871
     ],
     [
      -48.710674064,
      -25.419771867
     ],
     [
      -48.710674064,
      -25.419771867
     ]
    ]
   },
   "properties": {
    "tipo": "curva_nivel",
    "cota_m": 50,
    "equidistancia_m": 5
   }
  },
  {
   "type": "Feature",
   "geometry": {
    "type": "LineString",
    "coordinates": [
     [
      -48.714397121,
      -25.419008964
     ],
     [
      -48.714331433,
      -25.419093731
     ],
     [
      -48.714323325,
      -25.419104827
     ],
     [
      -48.714270767,
      -25.419178498
     ],
     [
      -48.714229984,
      -25.419239786
     ],
     [
      -48.714229984,
      -25.419239786
     ]
    ]
   },
   "properties": {
    "tipo": "curva_nivel",
    "cota_m": 50,
    "equidistancia_m": 5
   }
  },
  {
   "type": "Feature",
   "geometry": {
    "type": "LineString",
    "coordinates": [
     [
      -48.714214618,
      -25.419263265
     ],
     [
      -48.714162667,
      -25.419348032
     ],
     [
      -48.714136644,
      -25.419393775
     ],
     [
      -48.71411459,
      -25.419432799
     ],
     [
      -48.714070176,
      -25.419517566
     ],
     [
      -48.714043304,
      -25.419573269
     ],
     [
      -48.714043304,
      -25.419573269
     ]
    ]
   },
   "properties": {
    "tipo": "curva_nivel",
    "cota_m": 50,
    "equidistancia_m": 5
   }
  },
  {
   "type": "Feature",
   "geometry": {
    "type": "LineString",
    "coordinates": [
     [
      -48.714029234,
      -25.419602333
     ],
     [
      -48.713991488,
      -25.4196871
     ],
     [
      -48.713957073,
      -25.419771867
     ],
     [
      -48.713949963,
      -25.419791161
     ],
     [
      -48.713925438,
      -25.419856634
     ],
     [
      -48.713896769,
      -25.419941402
     ],
     [
      -48.713871038,
      -25.420026169
     ],
     [
      -48.713856623,
      -25.420079595
     ],
     [
      -48.713856623,
      -25.420079595
     ]
    ]
   },
   "properties": {
    "tipo": "curva_nivel",
    "cota_m": 50,
    "equidistancia_m": 5
   }
  },
  {
   "type": "Feature",
   "geometry": {
    "type": "LineString",
    "coordinates": [
     [
      -48.710683052,
      -25.419793398
     ],
     [
      -48.71071023,
      -25.419856634
     ],
     [
      -48.710744541,
      -25.419941402
     ],
     [
      -48.710776393,
      -25.420024932
     ],
     [
      -48.710776883,
      -25.420026169
     ],
     [
      -48.710808635,
      -25.420110936
     ],
     [
      -48.710838713,
      -25.420195703
     ],
     [
      -48.710867339,
      -25.42028047
     ],
     [
      -48.710895895,
      -25.420365237
     ],
     [
      -48.710923552,
      -25.420450004
     ],
     [
      -48.710950497,
      -25.420534771
     ],
     [
      -48.710950497,
      -25.420534771
     ]
    ]
   },
   "properties": {
    "tipo": "curva_nivel",
    "cota_m": 50,
    "equidistancia_m": 5
   }
  },
  {
   "type": "Feature",
   "geometry": {
    "type": "LineString",
    "coordinates": [
     [
      -48.71384791,
      -25.420110936
     ],
     [
      -48.713827163,
      -25.420195703
     ],
     [
      -48.713808969,
      -25.42028047
     ],
     [
      -48.713793166,
      -25.420365237
     ],
     [
      -48.713779582,
      -25.420450004
     ],
     [
      -48.713768028,
      -25.420534771
     ],
     [
      -48.713763283,
      -25.420576633
     ],
     [
      -48.713758145,
      -25.420619538
     ],
     [
      -48.713749751,
      -25.420704305
     ],
     [
      -48.713742713,
      -25.420789072
     ],
     [
      -48.713736711,
      -25.420873839
     ],
     [
      -48.713731368,
      -25.420958606
     ],
     [
      -48.713726232,
      -25.421043374
     ],
     [
      -48.713720747,
      -25.421128141
     ],
     [
      -48.71371422,
      -25.421212908
     ],
     [
      -48.713705763,
      -25.421297675
     ],
     [
      -48.71369421,
      -25.421382442
     ],
     [
      -48.713677987,
      -25.421467209
     ],
     [
      -48.713669942,
      -25.421498461
     ],
     [
      -48.713654177,
      -25.421551976
     ],
     [
      -48.71361933,
      -25.421636743
     ],
     [
      -48.713576602,
      -25.421709391
     ],
     [
      -48.713576602,
      -25.421709391
     ]
    ]
   },
   "properties": {
    "tipo": "curva_nivel",
    "cota_m": 50,
    "equidistancia_m": 5
   }
  },
  {
   "type": "Feature",
   "geometry": {
    "type": "LineString",
    "coordinates": [
     [
      -48.710963073,
      -25.42057516
     ],
     [
      -48.710977775,
      -25.420619538
     ],
     [
      -48.711005658,
      -25.420704305
     ],
     [
      -48.711033924,
      -25.420789072
     ],
     [
      -48.711056414,
      -25.420854802
     ],
     [
      -48.711063421,
      -25.420873839
     ],
     [
      -48.711095636,
      -25.420958606
     ],
     [
      -48.711129911,
      -25.421043374
     ],
     [
      -48.711149754,
      -25.421089283
     ],
     [
      -48.711168024,
      -25.421128141
     ],
     [
      -48.71121112,
      -25.421212908
     ],
     [
      -48.711243094,
      -25.421270129
     ],
     [
      -48.711259996,
      -25.421297675
     ],
     [
      -48.711317158,
      -25.421382442
     ],
     [
      -48.711317158,
      -25.421382442
     ]
    ]
   },
   "properties": {
    "tipo": "curva_nivel",
    "cota_m": 50,
    "equidistancia_m": 5
   }
  },
  {
   "type": "Feature",
   "geometry": {
    "type": "LineString",
    "coordinates": [
     [
      -48.719081006,
      -25.420619538
     ],
     [
      -48.719066203,
      -25.420704305
     ],
     [
      -48.719049371,
      -25.420789072
     ],
     [
      -48.719030717,
      -25.420873839
     ],
     [
      -48.719010486,
      -25.420958606
     ],
     [
      -48.71899034,
      -25.421038193
     ],
     [
      -48.71899034,
      -25.421038193
     ]
    ]
   },
   "properties": {
    "tipo": "curva_nivel",
    "cota_m": 50,
    "equidistancia_m": 5
   }
  },
  {
   "type": "Feature",
   "geometry": {
    "type": "LineString",
    "coordinates": [
     [
      -48.718989076,
      -25.421043374
     ],
     [
      -48.7189684,
      -25.421128141
     ],
     [
      -48.718947355,
      -25.421212908
     ],
     [
      -48.718926479,
      -25.421297675
     ],
     [
      -48.71890647,
      -25.421382442
     ],
     [
      -48.718897,
      -25.421428143
     ],
     [
      -48.718897,
      -25.421428143
     ]
    ]
   },
   "properties": {
    "tipo": "curva_nivel",
    "cota_m": 50,
    "equidistancia_m": 5
   }
  },
  {
   "type": "Feature",
   "geometry": {
    "type": "LineString",
    "coordinates": [
     [
      -48.711336435,
      -25.421408312
     ],
     [
      -48.711385048,
      -25.421467209
     ],
     [
      -48.711429775,
      -25.42151607
     ],
     [
      -48.711466451,
      -25.421551976
     ],
     [
      -48.711523115,
      -25.421602302
     ],
     [
      -48.711566684,
      -25.421636743
     ],
     [
      -48.711616456,
      -25.42167267
     ],
     [
      -48.711692923,
      -25.42172151
     ],
     [
      -48.711692923,
      -25.42172151
     ]
    ]
   },
   "properties": {
    "tipo": "curva_nivel",
    "cota_m": 50,
    "equidistancia_m": 5
   }
  },
  {
   "type": "Feature",
   "geometry": {
    "type": "LineString",
    "coordinates": [
     [
      -48.718888909,
      -25.421467209
     ],
     [
      -48.718874978,
      -25.421551976
     ],
     [
      -48.7188657,
      -25.421636743
     ],
     [
      -48.718863606,
      -25.42172151
     ],
     [
      -48.718872666,
      -25.421806277
     ],
     [
      -48.718897,
      -25.421884066
     ],
     [
      -48.718899818,
      -25.421891044
     ],
     [
      -48.718963802,
      -25.421975811
     ],
     [
      -48.718963802,
      -25.421975811
     ]
    ]
   },
   "properties": {
    "tipo": "curva_nivel",
    "cota_m": 50,
    "equidistancia_m": 5
   }
  },
  {
   "type": "Feature",
   "geometry": {
    "type": "LineString",
    "coordinates": [
     [
      -48.713568064,
      -25.42172151
     ],
     [
      -48.713487657,
      -25.421806277
     ],
     [
      -48.713483262,
      -25.421809826
     ],
     [
      -48.713389922,
      -25.421870696
     ],
     [
      -48.713348639,
      -25.421891044
     ],
     [
      -48.713296581,
      -25.421912029
     ],
     [
      -48.713203241,
      -25.42194056
     ],
     [
      -48.713109901,
      -25.42196083
     ],
     [
      -48.71301656,
      -25.421974545
     ],
     [
      -48.71301656,
      -25.421974545
     ]
    ]
   },
   "properties": {
    "tipo": "curva_nivel",
    "cota_m": 50,
    "equidistancia_m": 5
   }
  },
  {
   "type": "Feature",
   "geometry": {
    "type": "LineString",
    "coordinates": [
     [
      -48.711709796,
      -25.421731417
     ],
     [
      -48.711803136,
      -25.42178008
     ],
     [
      -48.711860418,
      -25.421806277
     ],
     [
      -48.711860418,
      -25.421806277
     ]
    ]
   },
   "properties": {
    "tipo": "curva_nivel",
    "cota_m": 50,
    "equidistancia_m": 5
   }
  },
  {
   "type": "Feature",
   "geometry": {
    "type": "LineString",
    "coordinates": [
     [
      -48.713003025,
      -25.421975811
     ],
     [
      -48.71292322,
      -25.421982371
     ],
     [
      -48.71282988,
      -25.421985859
     ],
     [
      -48.712736539,
      -25.421985572
     ],
     [
      -48.712643199,
      -25.421981831
     ],
     [
      -48.712563181,
      -25.421975811
     ],
     [
      -48.712549859,
      -25.421974773
     ],
     [
      -48.712456518,
      -25.421963978
     ],
     [
      -48.712363178,
      -25.421949888
     ],
     [
      -48.712269838,
      -25.421932459
     ],
     [
      -48.712176497,
      -25.42191157
     ],
     [
      -48.712083157,
      -25.421886768
     ],
     [
      -48.712098508,
      -25.421891044
     ],
     [
      -48.711989817,
      -25.421856477
     ],
     [
      -48.711896477,
      -25.42182162
     ]
    ]
   },
   "properties": {
    "tipo": "curva_nivel",
    "cota_m": 50,
    "equidistancia_m": 5
   }
  },
  {
   "type": "Feature",
   "geometry": {
    "type": "LineString",
    "coordinates": [
     [
      -48.71899034,
      -25.421996831
     ],
     [
      -48.719083681,
      -25.422047683
     ],
     [
      -48.719120439,
      -25.422060578
     ],
     [
      -48.719177021,
      -25.42207533
     ],
     [
      -48.719270361,
      -25.42209012
     ],
     [
      -48.719363701,
      -25.422096952
     ],
     [
      -48.719457042,
      -25.422097492
     ],
     [
      -48.719550382,
      -25.422092761
     ],
     [
      -48.719643722,
      -25.422083365
     ]
    ]
   },
   "properties": {
    "tipo": "curva_nivel",
    "cota_m": 50,
    "equidistancia_m": 5
   }
  },
  {
   "type": "Feature",
   "geometry": {
    "type": "LineString",
    "coordinates": [
     [
      -48.716096791,
      -25.423065661
     ],
     [
      -48.716096791,
      -25.423065661
     ],
     [
      -48.716190131,
      -25.423036346
     ],
     [
      -48.716283471,
      -25.423015942
     ],
     [
      -48.716376812,
      -25.423003272
     ],
     [
      -48.716470152,
      -25.422997878
     ],
     [
      -48.716563492,
      -25.422999962
     ],
     [
      -48.716656832,
      -25.423010489
     ],
     [
      -48.716750173,
      -25.423031514
     ],
     [
      -48.716843513,
      -25.423066912
     ],
     [
      -48.716863312,
      -25.423077783
     ],
     [
      -48.716936853,
      -25.423144478
     ],
     [
      -48.716950674,
      -25.42316255
     ],
     [
      -48.716980625,
      -25.423247318
     ],
     [
      -48.716983123,
      -25.423332085
     ],
     [
      -48.716967876,
      -25.423416852
     ],
     [
      -48.716940725,
      -25.423501619
     ],
     [
      -48.716936853,
      -25.423510222
     ],
     [
      -48.716900119,
      -25.423586386
     ],
     [
      -48.716852416,
      -25.423671153
     ],
     [
      -48.716843513,
      -25.42368481
     ],
     [
      -48.716791426,
      -25.42375592
     ],
     [
      -48.716750173,
      -25.423807453
     ],
     [
      -48.716718607,
      -25.423840687
     ],
     [
      -48.716656832,
      -25.42390036
     ],
     [
      -48.716656832,
      -25.42390036
     ]
    ]
   },
   "properties": {
    "tipo": "curva_nivel",
    "cota_m": 50,
    "equidistancia_m": 5
   }
  },
  {
   "type": "Feature",
   "geometry": {
    "type": "LineString",
    "coordinates": [
     [
      -48.716067922,
      -25.423077783
     ],
     [
      -48.71600345,
      -25.42311376
     ],
     [
      -48.715938444,
      -25.42316255
     ],
     [
      -48.71591011,
      -25.423194897
     ],
     [
      -48.715874867,
      -25.423247318
     ],
     [
      -48.715845942,
      -25.423332085
     ],
     [
      -48.715839697,
      -25.423416852
     ],
     [
      -48.715850714,
      -25.423501619
     ],
     [
      -48.715874943,
      -25.423586386
     ],
     [
      -48.715909287,
      -25.423671153
     ],
     [
      -48.715960409,
      -25.42375592
     ],
     [
      -48.71600345,
      -25.423817456
     ],
     [
      -48.71602344,
      -25.423840687
     ],
     [
      -48.716096791,
      -25.423915586
     ],
     [
      -48.716109933,
      -25.423925454
     ],
     [
      -48.716190131,
      -25.423979161
     ],
     [
      -48.716267751,
      -25.424010221
     ],
     [
      -48.716267751,
      -25.424010221
     ]
    ]
   },
   "properties": {
    "tipo": "curva_nivel",
    "cota_m": 50,
    "equidistancia_m": 5
   }
  },
  {
   "type": "Feature",
   "geometry": {
    "type": "LineString",
    "coordinates": [
     [
      -48.698922173,
      -25.423326299
     ],
     [
      -48.698922173,
      -25.423326299
     ],
     [
      -48.698950294,
      -25.423247318
     ],
     [
      -48.699015514,
      -25.423177581
     ],
     [
      -48.699038978,
      -25.42316255
     ],
     [
      -48.699108854,
      -25.423134801
     ],
     [
      -48.699202194,
      -25.423115071
     ],
     [
      -48.699295534,
      -25.423107476
     ],
     [
      -48.699388875,
      -25.42310859
     ],
     [
      -48.699482215,
      -25.42311665
     ],
     [
      -48.699575555,
      -25.423130802
     ],
     [
      -48.699668896,
      -25.423150762
     ],
     [
      -48.699710889,
      -25.42316255
     ],
     [
      -48.699762236,
      -25.423179016
     ],
     [
      -48.699855576,
      -25.423216661
     ],
     [
      -48.699917541,
      -25.423247318
     ],
     [
      -48.699917541,
      -25.423247318
     ]
    ]
   },
   "properties": {
    "tipo": "curva_nivel",
    "cota_m": 50,
    "equidistancia_m": 5
   }
  },
  {
   "type": "Feature",
   "geometry": {
    "type": "LineString",
    "coordinates": [
     [
      -48.699948917,
      -25.423265832
     ],
     [
      -48.700040531,
      -25.423332085
     ],
     [
      -48.700117883,
      -25.423416852
     ],
     [
      -48.700117883,
      -25.423416852
     ]
    ]
   },
   "properties": {
    "tipo": "curva_nivel",
    "cota_m": 50,
    "equidistancia_m": 5
   }
  },
  {
   "type": "Feature",
   "geometry": {
    "type": "LineString",
    "coordinates": [
     [
      -48.698920735,
      -25.423332085
     ],
     [
      -48.698918531,
      -25.423416852
     ],
     [
      -48.698930827,
      -25.423501619
     ],
     [
      -48.698952875,
      -25.423586386
     ],
     [
      -48.698980577,
      -25.423671153
     ],
     [
      -48.699011746,
      -25.42375592
     ],
     [
      -48.699049278,
      -25.423840687
     ],
     [
      -48.699088309,
      -25.423925454
     ],
     [
      -48.699108854,
      -25.423968373
     ],
     [
      -48.699130683,
      -25.424010221
     ],
     [
      -48.699175883,
      -25.424094988
     ],
     [
      -48.699202194,
      -25.424144358
     ],
     [
      -48.699223498,
      -25.424179755
     ],
     [
      -48.699274397,
      -25.424264522
     ],
     [
      -48.699274397,
      -25.424264522
     ]
    ]
   },
   "properties": {
    "tipo": "curva_nivel",
    "cota_m": 50,
    "equidistancia_m": 5
   }
  },
  {
   "type": "Feature",
   "geometry": {
    "type": "LineString",
    "coordinates": [
     [
      -48.700135597,
      -25.423442988
     ],
     [
      -48.700168588,
      -25.423501619
     ],
     [
      -48.700200927,
      -25.423586386
     ],
     [
      -48.700219893,
      -25.423671153
     ],
     [
      -48.700227673,
      -25.42375592
     ],
     [
      -48.700226142,
      -25.423840687
     ],
     [
      -48.700216914,
      -25.423925454
     ],
     [
      -48.700201381,
      -25.424010221
     ],
     [
      -48.700180748,
      -25.424094988
     ],
     [
      -48.700156056,
      -25.424179755
     ],
     [
      -48.700135597,
      -25.424241756
     ],
     [
      -48.700135597,
      -25.424241756
     ]
    ]
   },
   "properties": {
    "tipo": "curva_nivel",
    "cota_m": 50,
    "equidistancia_m": 5
   }
  },
  {
   "type": "Feature",
   "geometry": {
    "type": "LineString",
    "coordinates": [
     [
      -48.716623302,
      -25.423925454
     ],
     [
      -48.716563492,
      -25.423966674
     ],
     [
      -48.716470152,
      -25.424009193
     ],
     [
      -48.716470152,
      -25.424009193
     ],
     [
      -48.716376812,
      -25.424024886
     ],
     [
      -48.716283471,
      -25.424015909
     ]
    ]
   },
   "properties": {
    "tipo": "curva_nivel",
    "cota_m": 50,
    "equidistancia_m": 5
   }
  },
  {
   "type": "Feature",
   "geometry": {
    "type": "LineString",
    "coordinates": [
     [
      -48.70012648,
      -25.424264522
     ],
     [
      -48.700088977,
      -25.424349289
     ],
     [
      -48.700048974,
      -25.424434057
     ],
     [
      -48.700042257,
      -25.424447614
     ],
     [
      -48.699995179,
      -25.424518824
     ],
     [
      -48.699948917,
      -25.424585837
     ],
     [
      -48.699948917,
      -25.424585837
     ]
    ]
   },
   "properties": {
    "tipo": "curva_nivel",
    "cota_m": 50,
    "equidistancia_m": 5
   }
  },
  {
   "type": "Feature",
   "geometry": {
    "type": "LineString",
    "coordinates": [
     [
      -48.699295534,
      -25.424300257
     ],
     [
      -48.699329745,
      -25.424349289
     ],
     [
      -48.6993869,
      -25.424434057
     ],
     [
      -48.699456809,
      -25.424518824
     ],
     [
      -48.699456809,
      -25.424518824
     ]
    ]
   },
   "properties": {
    "tipo": "curva_nivel",
    "cota_m": 50,
    "equidistancia_m": 5
   }
  },
  {
   "type": "Feature",
   "geometry": {
    "type": "LineString",
    "coordinates": [
     [
      -48.699482215,
      -25.424550794
     ],
     [
      -48.699540016,
      -25.424603591
     ],
     [
      -48.699575555,
      -25.424637483
     ],
     [
      -48.699665237,
      -25.424688358
     ],
     [
      -48.699762236,
      -25.424703139
     ],
     [
      -48.699762236,
      -25.424703139
     ]
    ]
   },
   "properties": {
    "tipo": "curva_nivel",
    "cota_m": 50,
    "equidistancia_m": 5
   }
  },
  {
   "type": "Feature",
   "geometry": {
    "type": "LineString",
    "coordinates": [
     [
      -48.699929822,
      -25.424603591
     ],
     [
      -48.699855576,
      -25.424669662
     ],
     [
      -48.699804438,
      -25.424688358
     ]
    ]
   },
   "properties": {
    "tipo": "curva_nivel",
    "cota_m": 50,
    "equidistancia_m": 5
   }
  },
  {
   "type": "Feature",
   "geometry": {
    "type": "LineString",
    "coordinates": [
     [
      -48.718957875,
      -25.413414337
     ],
     [
      -48.718897,
      -25.413458636
     ],
     [
      -48.718846637,
      -25.413499104
     ],
     [
      -48.71880366,
      -25.413535736
     ],
     [
      -48.718751834,
      -25.413583871
     ],
     [
      -48.718710319,
      -25.413625032
     ],
     [
      -48.718669481,
      -25.413668638
     ],
     [
      -48.718616979,
      -25.413728875
     ],
     [
      -48.718616979,
      -25.413728875
     ]
    ]
   },
   "properties": {
    "tipo": "curva_nivel",
    "cota_m": 55,
    "equidistancia_m": 5
   }
  },
  {
   "type": "Feature",
   "geometry": {
    "type": "LineString",
    "coordinates": [
     [
      -48.703691806,
      -25.413414337
     ],
     [
      -48.703775869,
      -25.413424081
     ],
     [
      -48.70386921,
      -25.413439047
     ],
     [
      -48.70396255,
      -25.413458207
     ],
     [
      -48.70405589,
      -25.413481641
     ],
     [
      -48.704114567,
      -25.413499104
     ],
     [
      -48.704114567,
      -25.413499104
     ]
    ]
   },
   "properties": {
    "tipo": "curva_nivel",
    "cota_m": 55,
    "equidistancia_m": 5
   }
  },
  {
   "type": "Feature",
   "geometry": {
    "type": "LineString",
    "coordinates": [
     [
      -48.703280935,
      -25.413414337
     ],
     [
      -48.703215828,
      -25.413421405
     ],
     [
      -48.703122487,
      -25.413435927
     ],
     [
      -48.703029147,
      -25.413455041
     ],
     [
      -48.702935807,
      -25.413478944
     ],
     [
      -48.702870313,
      -25.413499104
     ],
     [
      -48.702842466,
      -25.41350805
     ],
     [
      -48.702749126,
      -25.413542947
     ],
     [
      -48.702655786,
      -25.413583519
     ],
     [
      -48.702655786,
      -25.413583519
     ],
     [
      -48.702562445,
      -25.413631197
     ],
     [
      -48.702497352,
      -25.413668638
     ],
     [
      -48.702469105,
      -25.413685832
     ],
     [
      -48.702375765,
      -25.41374853
     ],
     [
      -48.702375765,
      -25.41374853
     ]
    ]
   },
   "properties": {
    "tipo": "curva_nivel",
    "cota_m": 55,
    "equidistancia_m": 5
   }
  },
  {
   "type": "Feature",
   "geometry": {
    "type": "LineString",
    "coordinates": [
     [
      -48.704513356,
      -25.413668638
     ],
     [
      -48.704513356,
      -25.413668638
     ],
     [
      -48.704429252,
      -25.413624396
     ],
     [
      -48.704335911,
      -25.413580577
     ],
     [
      -48.70434316,
      -25.413583871
     ],
     [
      -48.704242571,
      -25.413542757
     ],
     [
      -48.704149231,
      -25.413509696
     ]
    ]
   },
   "properties": {
    "tipo": "curva_nivel",
    "cota_m": 55,
    "equidistancia_m": 5
   }
  },
  {
   "type": "Feature",
   "geometry": {
    "type": "LineString",
    "coordinates": [
     [
      -48.704522592,
      -25.413673701
     ],
     [
      -48.704615932,
      -25.413729999
     ],
     [
      -48.704651387,
      -25.413753405
     ],
     [
      -48.704709273,
      -25.413793493
     ],
     [
      -48.704768699,
      -25.413838172
     ],
     [
      -48.704768699,
      -25.413838172
     ]
    ]
   },
   "properties": {
    "tipo": "curva_nivel",
    "cota_m": 55,
    "equidistancia_m": 5
   }
  },
  {
   "type": "Feature",
   "geometry": {
    "type": "LineString",
    "coordinates": [
     [
      -48.718596914,
      -25.413753405
     ],
     [
      -48.718532564,
      -25.413838172
     ],
     [
      -48.718523639,
      -25.413850861
     ],
     [
      -48.718475437,
      -25.413922939
     ],
     [
      -48.718430298,
      -25.413997003
     ],
     [
      -48.718430298,
      -25.413997003
     ]
    ]
   },
   "properties": {
    "tipo": "curva_nivel",
    "cota_m": 55,
    "equidistancia_m": 5
   }
  },
  {
   "type": "Feature",
   "geometry": {
    "type": "LineString",
    "coordinates": [
     [
      -48.702369082,
      -25.413753405
     ],
     [
      -48.702282424,
      -25.413820725
     ],
     [
      -48.702282424,
      -25.413820725
     ]
    ]
   },
   "properties": {
    "tipo": "curva_nivel",
    "cota_m": 55,
    "equidistancia_m": 5
   }
  },
  {
   "type": "Feature",
   "geometry": {
    "type": "LineString",
    "coordinates": [
     [
      -48.704802613,
      -25.413865074
     ],
     [
      -48.70487039,
      -25.413922939
     ],
     [
      -48.70487039,
      -25.413922939
     ]
    ]
   },
   "properties": {
    "tipo": "curva_nivel",
    "cota_m": 55,
    "equidistancia_m": 5
   }
  },
  {
   "type": "Feature",
   "geometry": {
    "type": "LineString",
    "coordinates": [
     [
      -48.702261633,
      -25.413838172
     ],
     [
      -48.702189084,
      -25.413903373
     ],
     [
      -48.702189084,
      -25.413903373
     ]
    ]
   },
   "properties": {
    "tipo": "curva_nivel",
    "cota_m": 55,
    "equidistancia_m": 5
   }
  },
  {
   "type": "Feature",
   "geometry": {
    "type": "LineString",
    "coordinates": [
     [
      -48.704895953,
      -25.413946098
     ],
     [
      -48.704959656,
      -25.414007706
     ],
     [
      -48.704959656,
      -25.414007706
     ]
    ]
   },
   "properties": {
    "tipo": "curva_nivel",
    "cota_m": 55,
    "equidistancia_m": 5
   }
  },
  {
   "type": "Feature",
   "geometry": {
    "type": "LineString",
    "coordinates": [
     [
      -48.702168683,
      -25.413922939
     ],
     [
      -48.702095744,
      -25.413998283
     ],
     [
      -48.702095744,
      -25.413998283
     ]
    ]
   },
   "properties": {
    "tipo": "curva_nivel",
    "cota_m": 55,
    "equidistancia_m": 5
   }
  },
  {
   "type": "Feature",
   "geometry": {
    "type": "LineString",
    "coordinates": [
     [
      -48.718424041,
      -25.414007706
     ],
     [
      -48.718378425,
      -25.414092473
     ],
     [
      -48.71833744,
      -25.41417724
     ],
     [
      -48.718336958,
      -25.414178341
     ],
     [
      -48.718301337,
      -25.414262007
     ],
     [
      -48.718269383,
      -25.414346774
     ],
     [
      -48.718243618,
      -25.414424818
     ],
     [
      -48.718243618,
      -25.414424818
     ]
    ]
   },
   "properties": {
    "tipo": "curva_nivel",
    "cota_m": 55,
    "equidistancia_m": 5
   }
  },
  {
   "type": "Feature",
   "geometry": {
    "type": "LineString",
    "coordinates": [
     [
      -48.704989293,
      -25.414038295
     ],
     [
      -48.705038849,
      -25.414092473
     ],
     [
      -48.705082634,
      -25.414143846
     ],
     [
      -48.705109703,
      -25.41417724
     ],
     [
      -48.705173397,
      -25.414262007
     ],
     [
      -48.70522994,
      -25.414346774
     ],
     [
      -48.705269314,
      -25.414411384
     ],
     [
      -48.705281185,
      -25.414431542
     ],
     [
      -48.705326708,
      -25.414516309
     ],
     [
      -48.705362655,
      -25.414590394
     ],
     [
      -48.705367706,
      -25.414601076
     ],
     [
      -48.705403632,
      -25.414685843
     ],
     [
      -48.705435516,
      -25.41477061
     ],
     [
      -48.705455995,
      -25.414832824
     ],
     [
      -48.705463306,
      -25.414855377
     ],
     [
      -48.7054869,
      -25.414940144
     ],
     [
      -48.705506817,
      -25.415024911
     ],
     [
      -48.705523136,
      -25.415109678
     ],
     [
      -48.705535928,
      -25.415194445
     ],
     [
      -48.705545259,
      -25.415279212
     ],
     [
      -48.705549335,
      -25.415337834
     ],
     [
      -48.705551156,
      -25.415363979
     ],
     [
      -48.705553693,
      -25.415448746
     ],
     [
      -48.705552985,
      -25.415533514
     ],
     [
      -48.705549335,
      -25.415612736
     ],
     [
      -48.705549335,
      -25.415612736
     ]
    ]
   },
   "properties": {
    "tipo": "curva_nivel",
    "cota_m": 55,
    "equidistancia_m": 5
   }
  },
  {
   "type": "Feature",
   "geometry": {
    "type": "LineString",
    "coordinates": [
     [
      -48.702087102,
      -25.414007706
     ],
     [
      -48.702015025,
      -25.414092473
     ],
     [
      -48.702002403,
      -25.414108608
     ],
     [
      -48.701950856,
      -25.41417724
     ],
     [
      -48.701909063,
      -25.414238262
     ],
     [
      -48.701909063,
      -25.414238262
     ]
    ]
   },
   "properties": {
    "tipo": "curva_nivel",
    "cota_m": 55,
    "equidistancia_m": 5
   }
  },
  {
   "type": "Feature",
   "geometry": {
    "type": "LineString",
    "coordinates": [
     [
      -48.711896477,
      -25.414425495
     ],
     [
      -48.711896477,
      -25.414425495
     ],
     [
      -48.711989817,
      -25.414380304
     ],
     [
      -48.712083157,
      -25.414348472
     ],
     [
      -48.712092034,
      -25.414346774
     ],
     [
      -48.712176497,
      -25.4143328
     ],
     [
      -48.712269838,
      -25.414329556
     ],
     [
      -48.712363178,
      -25.414338824
     ],
     [
      -48.712397014,
      -25.414346774
     ],
     [
      -48.712456518,
      -25.414363427
     ],
     [
      -48.712549859,
      -25.414405011
     ],
     [
      -48.712593189,
      -25.414431542
     ],
     [
      -48.712643199,
      -25.414469602
     ],
     [
      -48.712691643,
      -25.414516309
     ],
     [
      -48.712736539,
      -25.414573453
     ],
     [
      -48.712754627,
      -25.414601076
     ],
     [
      -48.712792936,
      -25.414685843
     ],
     [
      -48.712814215,
      -25.41477061
     ],
     [
      -48.712818838,
      -25.414855377
     ],
     [
      -48.712806971,
      -25.414940144
     ],
     [
      -48.712778584,
      -25.415024911
     ],
     [
      -48.712736539,
      -25.415103926
     ],
     [
      -48.712736539,
      -25.415103926
     ]
    ]
   },
   "properties": {
    "tipo": "curva_nivel",
    "cota_m": 55,
    "equidistancia_m": 5
   }
  },
  {
   "type": "Feature",
   "geometry": {
    "type": "LineString",
    "coordinates": [
     [
      -48.701893305,
      -25.414262007
     ],
     [
      -48.701841934,
      -25.414346774
     ],
     [
      -48.701815723,
      -25.414394662
     ],
     [
      -48.701815723,
      -25.414394662
     ]
    ]
   },
   "properties": {
    "tipo": "curva_nivel",
    "cota_m": 55,
    "equidistancia_m": 5
   }
  },
  {
   "type": "Feature",
   "geometry": {
    "type": "LineString",
    "coordinates": [
     [
      -48.718241437,
      -25.414431542
     ],
     [
      -48.718217534,
      -25.414516309
     ],
     [
      -48.718197357,
      -25.414601076
     ],
     [
      -48.718180824,
      -25.414685843
     ],
     [
      -48.718167866,
      -25.41477061
     ],
     [
      -48.718158429,
      -25.414855377
     ],
     [
      -48.718152471,
      -25.414940144
     ],
     [
      -48.718150277,
      -25.415014179
     ],
     [
      -48.718150277,
      -25.415014179
     ]
    ]
   },
   "properties": {
    "tipo": "curva_nivel",
    "cota_m": 55,
    "equidistancia_m": 5
   }
  },
  {
   "type": "Feature",
   "geometry": {
    "type": "LineString",
    "coordinates": [
     [
      -48.71188685,
      -25.414431542
     ],
     [
      -48.711803136,
      -25.414494028
     ],
     [
      -48.711803136,
      -25.414494028
     ]
    ]
   },
   "properties": {
    "tipo": "curva_nivel",
    "cota_m": 55,
    "equidistancia_m": 5
   }
  },
  {
   "type": "Feature",
   "geometry": {
    "type": "LineString",
    "coordinates": [
     [
      -48.701795939,
      -25.414431542
     ],
     [
      -48.701755011,
      -25.414516309
     ],
     [
      -48.701722383,
      -25.414592341
     ],
     [
      -48.701722383,
      -25.414592341
     ]
    ]
   },
   "properties": {
    "tipo": "curva_nivel",
    "cota_m": 55,
    "equidistancia_m": 5
   }
  },
  {
   "type": "Feature",
   "geometry": {
    "type": "LineString",
    "coordinates": [
     [
      -48.711778671,
      -25.414516309
     ],
     [
      -48.711709796,
      -25.414593847
     ],
     [
      -48.711709796,
      -25.414593847
     ]
    ]
   },
   "properties": {
    "tipo": "curva_nivel",
    "cota_m": 55,
    "equidistancia_m": 5
   }
  },
  {
   "type": "Feature",
   "geometry": {
    "type": "LineString",
    "coordinates": [
     [
      -48.711704332,
      -25.414601076
     ],
     [
      -48.711655927,
      -25.414685843
     ],
     [
      -48.711623047,
      -25.41477061
     ],
     [
      -48.711616456,
      -25.414804439
     ],
     [
      -48.711607755,
      -25.414855377
     ],
     [
      -48.711607982,
      -25.414940144
     ],
     [
      -48.711616456,
      -25.414986765
     ],
     [
      -48.711624715,
      -25.415024911
     ],
     [
      -48.711661798,
      -25.415109678
     ],
     [
      -48.711709796,
      -25.41518094
     ],
     [
      -48.711721114,
      -25.415194445
     ],
     [
      -48.711803136,
      -25.41526724
     ],
     [
      -48.711820918,
      -25.415279212
     ],
     [
      -48.711896477,
      -25.415320058
     ],
     [
      -48.711989817,
      -25.415355033
     ],
     [
      -48.712030293,
      -25.415363979
     ],
     [
      -48.712083157,
      -25.415373896
     ],
     [
      -48.712176497,
      -25.41537977
     ],
     [
      -48.712269838,
      -25.415374319
     ],
     [
      -48.712328021,
      -25.415363979
     ],
     [
      -48.712363178,
      -25.415356759
     ],
     [
      -48.712456518,
      -25.415324743
     ],
     [
      -48.712549859,
      -25.415279701
     ],
     [
      -48.712643199,
      -25.415209974
     ],
     [
      -48.712732927,
      -25.415109678
     ]
    ]
   },
   "properties": {
    "tipo": "curva_nivel",
    "cota_m": 55,
    "equidistancia_m": 5
   }
  },
  {
   "type": "Feature",
   "geometry": {
    "type": "LineString",
    "coordinates": [
     [
      -48.701718669,
      -25.414601076
     ],
     [
      -48.70168676,
      -25.414685843
     ],
     [
      -48.701658984,
      -25.41477061
     ],
     [
      -48.701635165,
      -25.414855377
     ],
     [
      -48.701629042,
      -25.414881372
     ],
     [
      -48.70161512,
      -25.414940144
     ],
     [
      -48.701598734,
      -25.415024911
     ],
     [
      -48.701585891,
      -25.415109678
     ],
     [
      -48.701576472,
      -25.415194445
     ],
     [
      -48.701570368,
      -25.415279212
     ],
     [
      -48.701567475,
      -25.415363979
     ],
     [
      -48.701567694,
      -25.415448746
     ],
     [
      -48.701570931,
      -25.415533514
     ],
     [
      -48.701577096,
      -25.415618281
     ],
     [
      -48.701586102,
      -25.415703048
     ],
     [
      -48.701597866,
      -25.415787815
     ],
     [
      -48.701612305,
      -25.415872582
     ],
     [
      -48.701629042,
      -25.415955897
     ],
     [
      -48.701629346,
      -25.415957349
     ],
     [
      -48.701648942,
      -25.416042116
     ],
     [
      -48.701671027,
      -25.416126883
     ],
     [
      -48.701695553,
      -25.41621165
     ],
     [
      -48.701722383,
      -25.416296111
     ],
     [
      -48.701722486,
      -25.416296417
     ],
     [
      -48.701752074,
      -25.416381184
     ],
     [
      -48.701784147,
      -25.416465951
     ],
     [
      -48.701815723,
      -25.416543736
     ],
     [
      -48.701818834,
      -25.416550718
     ],
     [
      -48.701856835,
      -25.416635486
     ],
     [
      -48.701897996,
      -25.416720253
     ],
     [
      -48.701897996,
      -25.416720253
     ]
    ]
   },
   "properties": {
    "tipo": "curva_nivel",
    "cota_m": 55,
    "equidistancia_m": 5
   }
  },
  {
   "type": "Feature",
   "geometry": {
    "type": "LineString",
    "coordinates": [
     [
      -48.718149958,
      -25.415024911
     ],
     [
      -48.718150277,
      -25.415054908
     ],
     [
      -48.718150867,
      -25.415109678
     ],
     [
      -48.718155184,
      -25.415194445
     ],
     [
      -48.718162907,
      -25.415279212
     ],
     [
      -48.718174042,
      -25.415363979
     ],
     [
      -48.718188608,
      -25.415448746
     ],
     [
      -48.718206636,
      -25.415533514
     ],
     [
      -48.718228174,
      -25.415618281
     ],
     [
      -48.718243618,
      -25.415670915
     ],
     [
      -48.718253361,
      -25.415703048
     ],
     [
      -48.718282356,
      -25.415787815
     ],
     [
      -48.718315167,
      -25.415872582
     ],
     [
      -48.718336958,
      -25.415923498
     ],
     [
      -48.718352128,
      -25.415957349
     ],
     [
      -48.718393574,
      -25.416042116
     ],
     [
      -48.718430298,
      -25.41611043
     ],
     [
      -48.718439664,
      -25.416126883
     ],
     [
      -48.718491266,
      -25.41621165
     ],
     [
      -48.718523639,
      -25.416260831
     ],
     [
      -48.718548745,
      -25.416296417
     ],
     [
      -48.718612965,
      -25.416381184
     ],
     [
      -48.718685708,
      -25.416465951
     ],
     [
      -48.718685708,
      -25.416465951
     ]
    ]
   },
   "properties": {
    "tipo": "curva_nivel",
    "cota_m": 55,
    "equidistancia_m": 5
   }
  },
  {
   "type": "Feature",
   "geometry": {
    "type": "LineString",
    "coordinates": [
     [
      -48.705549068,
      -25.415618281
     ],
     [
      -48.705541855,
      -25.415703048
     ],
     [
      -48.705531431,
      -25.415787815
     ],
     [
      -48.705517804,
      -25.415872582
     ],
     [
      -48.705500965,
      -25.415957349
     ],
     [
      -48.705480884,
      -25.416042116
     ],
     [
      -48.705457503,
      -25.416126883
     ],
     [
      -48.705455995,
      -25.416131892
     ],
     [
      -48.70543013,
      -25.41621165
     ],
     [
      -48.705399089,
      -25.416296417
     ],
     [
      -48.705364194,
      -25.416381184
     ],
     [
      -48.705362655,
      -25.416384745
     ],
     [
      -48.705324039,
      -25.416465951
     ],
     [
      -48.705279056,
      -25.416550718
     ],
     [
      -48.705269314,
      -25.416568183
     ],
     [
      -48.705227205,
      -25.416635486
     ],
     [
      -48.705175974,
      -25.416710043
     ],
     [
      -48.705175974,
      -25.416710043
     ]
    ]
   },
   "properties": {
    "tipo": "curva_nivel",
    "cota_m": 55,
    "equidistancia_m": 5
   }
  },
  {
   "type": "Feature",
   "geometry": {
    "type": "LineString",
    "coordinates": [
     [
      -48.718710319,
      -25.416492889
     ],
     [
      -48.718768255,
      -25.416550718
     ],
     [
      -48.71880366,
      -25.416584395
     ],
     [
      -48.718863136,
      -25.416635486
     ],
     [
      -48.718863136,
      -25.416635486
     ]
    ]
   },
   "properties": {
    "tipo": "curva_nivel",
    "cota_m": 55,
    "equidistancia_m": 5
   }
  },
  {
   "type": "Feature",
   "geometry": {
    "type": "LineString",
    "coordinates": [
     [
      -48.718897,
      -25.416663462
     ],
     [
      -48.718973895,
      -25.416720253
     ],
     [
      -48.718973895,
      -25.416720253
     ]
    ]
   },
   "properties": {
    "tipo": "curva_nivel",
    "cota_m": 55,
    "equidistancia_m": 5
   }
  },
  {
   "type": "Feature",
   "geometry": {
    "type": "LineString",
    "coordinates": [
     [
      -48.71899034,
      -25.416732037
     ],
     [
      -48.719083681,
      -25.416791985
     ],
     [
      -48.719106453,
      -25.41680502
     ],
     [
      -48.719177021,
      -25.416844701
     ],
     [
      -48.719268862,
      -25.416889787
     ],
     [
      -48.719363701,
      -25.416931696
     ],
     [
      -48.719457042,
      -25.416967557
     ],
     [
      -48.719477294,
      -25.416974554
     ],
     [
      -48.719550382,
      -25.416999979
     ],
     [
      -48.719643722,
      -25.417028771
     ]
    ]
   },
   "properties": {
    "tipo": "curva_nivel",
    "cota_m": 55,
    "equidistancia_m": 5
   }
  },
  {
   "type": "Feature",
   "geometry": {
    "type": "LineString",
    "coordinates": [
     [
      -48.705167992,
      -25.416720253
     ],
     [
      -48.705098126,
      -25.41680502
     ],
     [
      -48.705082634,
      -25.416822783
     ],
     [
      -48.705014169,
      -25.416889787
     ],
     [
      -48.704989293,
      -25.416912903
     ],
     [
      -48.704909877,
      -25.416974554
     ],
     [
      -48.704895953,
      -25.416984976
     ],
     [
      -48.704802613,
      -25.41704358
     ],
     [
      -48.704802613,
      -25.41704358
     ]
    ]
   },
   "properties": {
    "tipo": "curva_nivel",
    "cota_m": 55,
    "equidistancia_m": 5
   }
  },
  {
   "type": "Feature",
   "geometry": {
    "type": "LineString",
    "coordinates": [
     [
      -48.701909063,
      -25.416742979
     ],
     [
      -48.701943704,
      -25.41680502
     ],
     [
      -48.701994585,
      -25.416889787
     ],
     [
      -48.701994585,
      -25.416889787
     ]
    ]
   },
   "properties": {
    "tipo": "curva_nivel",
    "cota_m": 55,
    "equidistancia_m": 5
   }
  },
  {
   "type": "Feature",
   "geometry": {
    "type": "LineString",
    "coordinates": [
     [
      -48.702002403,
      -25.416902906
     ],
     [
      -48.702053938,
      -25.416974554
     ],
     [
      -48.702095744,
      -25.417028582
     ],
     [
      -48.702125745,
      -25.417059321
     ],
     [
      -48.702189084,
      -25.417120696
     ],
     [
      -48.702221588,
      -25.417144088
     ],
     [
      -48.702282424,
      -25.417186155
     ],
     [
      -48.702375303,
      -25.417228855
     ],
     [
      -48.702469105,
      -25.417261087
     ],
     [
      -48.702562445,
      -25.417281852
     ],
     [
      -48.702655786,
      -25.417295721
     ],
     [
      -48.702749126,
      -25.417305041
     ],
     [
      -48.702842466,
      -25.417311173
     ],
     [
      -48.70290136,
      -25.417313622
     ],
     [
      -48.70290136,
      -25.417313622
     ]
    ]
   },
   "properties": {
    "tipo": "curva_nivel",
    "cota_m": 55,
    "equidistancia_m": 5
   }
  },
  {
   "type": "Feature",
   "geometry": {
    "type": "LineString",
    "coordinates": [
     [
      -48.704772198,
      -25.417059321
     ],
     [
      -48.704709273,
      -25.417091423
     ],
     [
      -48.704615932,
      -25.417130012
     ],
     [
      -48.704615932,
      -25.417130012
     ]
    ]
   },
   "properties": {
    "tipo": "curva_nivel",
    "cota_m": 55,
    "equidistancia_m": 5
   }
  },
  {
   "type": "Feature",
   "geometry": {
    "type": "LineString",
    "coordinates": [
     [
      -48.70457505,
      -25.417144088
     ],
     [
      -48.704522592,
      -25.417162241
     ],
     [
      -48.704429252,
      -25.417189187
     ],
     [
      -48.704335911,
      -25.417211273
     ],
     [
      -48.704246555,
      -25.417228855
     ],
     [
      -48.704242571,
      -25.417229662
     ],
     [
      -48.704149231,
      -25.417246138
     ],
     [
      -48.70405589,
      -25.417259984
     ],
     [
      -48.70396255,
      -25.417271692
     ],
     [
      -48.70386921,
      -25.417281626
     ],
     [
      -48.703775869,
      -25.417290055
     ],
     [
      -48.703682529,
      -25.41729718
     ],
     [
      -48.703589189,
      -25.417303141
     ],
     [
      -48.703495848,
      -25.417308037
     ],
     [
      -48.703402508,
      -25.41731192
     ],
     [
      -48.703346819,
      -25.417313622
     ],
     [
      -48.703309168,
      -25.417314901
     ],
     [
      -48.703215828,
      -25.41731692
     ],
     [
      -48.703122487,
      -25.417317751
     ],
     [
      -48.703029147,
      -25.41731723
     ],
     [
      -48.702935807,
      -25.417315089
     ]
    ]
   },
   "properties": {
    "tipo": "curva_nivel",
    "cota_m": 55,
    "equidistancia_m": 5
   }
  },
  {
   "type": "Feature",
   "geometry": {
    "type": "LineString",
    "coordinates": [
     [
      -48.699575555,
      -25.417816524
     ],
     [
      -48.699575555,
      -25.417816524
     ],
     [
      -48.699668896,
      -25.417790952
     ],
     [
      -48.699762236,
      -25.417767806
     ],
     [
      -48.699855576,
      -25.41774683
     ],
     [
      -48.699901673,
      -25.417737458
     ],
     [
      -48.699948917,
      -25.417727499
     ],
     [
      -48.700042257,
      -25.417709691
     ],
     [
      -48.700135597,
      -25.417693544
     ],
     [
      -48.700228938,
      -25.417678921
     ],
     [
      -48.700322278,
      -25.417665711
     ],
     [
      -48.700415618,
      -25.417653821
     ],
     [
      -48.700425799,
      -25.41765269
     ],
     [
      -48.700508959,
      -25.41764278
     ],
     [
      -48.700602299,
      -25.417632911
     ],
     [
      -48.700695639,
      -25.417624226
     ],
     [
      -48.700788979,
      -25.417616716
     ],
     [
      -48.70088232,
      -25.417610399
     ],
     [
      -48.70097566,
      -25.417605328
     ],
     [
      -48.701069,
      -25.417601594
     ],
     [
      -48.701162341,
      -25.417599349
     ],
     [
      -48.701255681,
      -25.417598822
     ],
     [
      -48.701349021,
      -25.417600362
     ],
     [
      -48.701442362,
      -25.417604496
     ],
     [
      -48.701535702,
      -25.417612052
     ],
     [
      -48.701629042,
      -25.417624365
     ],
     [
      -48.701722383,
      -25.417643725
     ],
     [
      -48.701753606,
      -25.41765269
     ],
     [
      -48.701815723,
      -25.417671155
     ],
     [
      -48.701909063,
      -25.417711786
     ],
     [
      -48.701950815,
      -25.417737458
     ],
     [
      -48.702002403,
      -25.417770479
     ],
     [
      -48.702062608,
      -25.417822225
     ],
     [
      -48.702062608,
      -25.417822225
     ]
    ]
   },
   "properties": {
    "tipo": "curva_nivel",
    "cota_m": 55,
    "equidistancia_m": 5
   }
  },
  {
   "type": "Feature",
   "geometry": {
    "type": "LineString",
    "coordinates": [
     [
      -48.708134771,
      -25.417906992
     ],
     [
      -48.708134771,
      -25.417906992
     ],
     [
      -48.708069524,
      -25.417893371
     ],
     [
      -48.707976183,
      -25.417875704
     ],
     [
      -48.707882843,
      -25.417859743
     ],
     [
      -48.707789503,
      -25.417845374
     ],
     [
      -48.707696163,
      -25.417832497
     ],
     [
      -48.707602822,
      -25.417821006
     ],
     [
      -48.707612452,
      -25.417822225
     ],
     [
      -48.707509482,
      -25.417810671
     ],
     [
      -48.707416142,
      -25.41780165
     ],
     [
      -48.707322801,
      -25.417793904
     ],
     [
      -48.707229461,
      -25.41778741
     ],
     [
      -48.707136121,
      -25.417782159
     ],
     [
      -48.70704278,
      -25.41777816
     ],
     [
      -48.70694944,
      -25.417775439
     ],
     [
      -48.7068561,
      -25.417774043
     ],
     [
      -48.706762759,
      -25.417774043
     ],
     [
      -48.706669419,
      -25.417775538
     ],
     [
      -48.706576079,
      -25.41777866
     ],
     [
      -48.706482738,
      -25.417783589
     ],
     [
      -48.706389398,
      -25.417790557
     ],
     [
      -48.706296058,
      -25.417799875
     ],
     [
      -48.706202718,
      -25.417811951
     ],
     [
      -48.706138775,
      -25.417822225
     ],
     [
      -48.706109377,
      -25.417827085
     ],
     [
      -48.706016037,
      -25.417845447
     ],
     [
      -48.705922697,
      -25.417868347
     ],
     [
      -48.705829356,
      -25.417896969
     ],
     [
      -48.705829356,
      -25.417896969
     ]
    ]
   },
   "properties": {
    "tipo": "curva_nivel",
    "cota_m": 55,
    "equidistancia_m": 5
   }
  },
  {
   "type": "Feature",
   "geometry": {
    "type": "LineString",
    "coordinates": [
     [
      -48.702095744,
      -25.417851874
     ],
     [
      -48.702145594,
      -25.417906992
     ],
     [
      -48.702189084,
      -25.417957004
     ],
     [
      -48.702214882,
      -25.417991759
     ],
     [
      -48.702276384,
      -25.418076526
     ],
     [
      -48.702333419,
      -25.418161293
     ],
     [
      -48.702375765,
      -25.418227257
     ],
     [
      -48.702386977,
      -25.41824606
     ],
     [
      -48.702438594,
      -25.418330827
     ],
     [
      -48.702469105,
      -25.418382005
     ],
     [
      -48.702488324,
      -25.418415594
     ],
     [
      -48.702536863,
      -25.418500361
     ],
     [
      -48.702562445,
      -25.418545806
     ],
     [
      -48.702584251,
      -25.418585128
     ],
     [
      -48.70263075,
      -25.418669895
     ],
     [
      -48.702655786,
      -25.418716611
     ],
     [
      -48.702676338,
      -25.418754662
     ],
     [
      -48.702721272,
      -25.41883943
     ],
     [
      -48.702749126,
      -25.418893816
     ],
     [
      -48.702765151,
      -25.418924197
     ],
     [
      -48.702808741,
      -25.419008964
     ],
     [
      -48.702842466,
      -25.419077754
     ],
     [
      -48.702850712,
      -25.419093731
     ],
     [
      -48.702893067,
      -25.419178498
     ],
     [
      -48.702932951,
      -25.419263265
     ],
     [
      -48.702973856,
      -25.419348032
     ],
     [
      -48.703012329,
      -25.419432799
     ],
     [
      -48.703029147,
      -25.419472469
     ],
     [
      -48.703050405,
      -25.419517566
     ],
     [
      -48.703087541,
      -25.419602333
     ],
     [
      -48.703121678,
      -25.4196871
     ],
     [
      -48.70315756,
      -25.419771867
     ],
     [
      -48.703190306,
      -25.419856634
     ],
     [
      -48.703215828,
      -25.41992988
     ],
     [
      -48.70322068,
      -25.419941402
     ],
     [
      -48.703252577,
      -25.420026169
     ],
     [
      -48.703281165,
      -25.420110936
     ],
     [
      -48.70330669,
      -25.420195703
     ],
     [
      -48.703335263,
      -25.42028047
     ],
     [
      -48.703361867,
      -25.420365237
     ],
     [
      -48.703386499,
      -25.420450004
     ],
     [
      -48.703402508,
      -25.420508459
     ],
     [
      -48.703413656,
      -25.420534771
     ],
     [
      -48.703449483,
      -25.420619538
     ],
     [
      -48.703489669,
      -25.420704305
     ],
     [
      -48.703589189,
      -25.420782335
     ],
     [
      -48.703682529,
      -25.420759732
     ],
     [
      -48.703740241,
      -25.420704305
     ],
     [
      -48.703775869,
      -25.420672161
     ],
     [
      -48.703808603,
      -25.420619538
     ],
     [
      -48.703865192,
      -25.420534771
     ],
     [
      -48.70386921,
      -25.420529206
     ],
     [
      -48.70390782,
      -25.420450004
     ],
     [
      -48.703953528,
      -25.420365237
     ],
     [
      -48.70396255,
      -25.42035009
     ],
     [
      -48.703993489,
      -25.42028047
     ],
     [
      -48.70403554,
      -25.420195703
     ],
     [
      -48.70405589,
      -25.420158894
     ],
     [
      -48.70407698,
      -25.420110936
     ],
     [
      -48.704118434,
      -25.420026169
     ],
     [
      -48.704149231,
      -25.41996956
     ],
     [
      -48.704204224,
      -25.419856634
     ],
     [
      -48.704242571,
      -25.419786989
     ],
     [
      -48.70429344,
      -25.4196871
     ],
     [
      -48.704335911,
      -25.419611877
     ],
     [
      -48.704386185,
      -25.419517566
     ],
     [
      -48.704429252,
      -25.419443618
     ],
     [
      -48.704482521,
      -25.419348032
     ],
     [
      -48.704522592,
      -25.41928151
     ],
     [
      -48.704582657,
      -25.419178498
     ],
     [
      -48.704615932,
      -25.419125182
     ],
     [
      -48.704687099,
      -25.419008964
     ],
     [
      -48.704709273,
      -25.418974751
     ],
     [
      -48.704740912,
      -25.418924197
     ],
     [
      -48.704796872,
      -25.41883943
     ],
     [
      -48.704802613,
      -25.418830933
     ],
     [
      -48.704853374,
      -25.418754662
     ],
     [
      -48.704895953,
      -25.418693967
     ],
     [
      -48.704974534,
      -25.418585128
     ],
     [
      -48.704989293,
      -25.418565423
     ],
     [
      -48.705039136,
      -25.418500361
     ],
     [
      -48.705082634,
      -25.418446254
     ],
     [
      -48.705175974,
      -25.418338433
     ],
     [
      -48.705265269,
      -25.41824606
     ],
     [
      -48.70535857,
      -25.418161293
     ],
     [
      -48.705455995,
      -25.418085343
     ],
     [
      -48.705549335,
      -25.418023927
     ],
     [
      -48.705607734,
      -25.417991759
     ],
     [
      -48.705642676,
      -25.417973317
     ],
     [
      -48.705736016,
      -25.417931233
     ],
     [
      -48.705801298,
      -25.417906992
     ]
    ]
   },
   "properties": {
    "tipo": "curva_nivel",
    "cota_m": 55,
    "equidistancia_m": 5
   }
  },
  {
   "type": "Feature",
   "geometry": {
    "type": "LineString",
    "coordinates": [
     [
      -48.699556592,
      -25.417822225
     ],
     [
      -48.699482215,
      -25.417844189
     ],
     [
      -48.699388875,
      -25.417874653
     ],
     [
      -48.699299535,
      -25.417906992
     ],
     [
      -48.699295534,
      -25.417908429
     ],
     [
      -48.699202194,
      -25.41794508
     ],
     [
      -48.699108854,
      -25.4179859
     ],
     [
      -48.699108854,
      -25.4179859
     ]
    ]
   },
   "properties": {
    "tipo": "curva_nivel",
    "cota_m": 55,
    "equidistancia_m": 5
   }
  },
  {
   "type": "Feature",
   "geometry": {
    "type": "LineString",
    "coordinates": [
     [
      -48.708162864,
      -25.417912782
     ],
     [
      -48.708256204,
      -25.417933919
     ],
     [
      -48.708349545,
      -25.417957188
     ],
     [
      -48.708442885,
      -25.417982793
     ],
     [
      -48.708472901,
      -25.417991759
     ],
     [
      -48.708536225,
      -25.41801067
     ],
     [
      -48.708629566,
      -25.418041171
     ],
     [
      -48.708722906,
      -25.418074728
     ],
     [
      -48.708727549,
      -25.418076526
     ],
     [
      -48.708816246,
      -25.418111179
     ],
     [
      -48.708909587,
      -25.41815127
     ],
     [
      -48.708931225,
      -25.418161293
     ],
     [
      -48.709002927,
      -25.418195024
     ],
     [
      -48.709096267,
      -25.418243085
     ],
     [
      -48.709101669,
      -25.41824606
     ],
     [
      -48.709189607,
      -25.418295551
     ],
     [
      -48.709247338,
      -25.418330827
     ],
     [
      -48.709247338,
      -25.418330827
     ]
    ]
   },
   "properties": {
    "tipo": "curva_nivel",
    "cota_m": 55,
    "equidistancia_m": 5
   }
  },
  {
   "type": "Feature",
   "geometry": {
    "type": "LineString",
    "coordinates": [
     [
      -48.699096565,
      -25.417991759
     ],
     [
      -48.699015514,
      -25.418030572
     ],
     [
      -48.698929173,
      -25.418076526
     ],
     [
      -48.698922173,
      -25.418080292
     ],
     [
      -48.698828833,
      -25.418134963
     ],
     [
      -48.698787936,
      -25.418161293
     ],
     [
      -48.698735493,
      -25.418195715
     ],
     [
      -48.698665431,
      -25.41824606
     ],
     [
      -48.698642152,
      -25.418263219
     ],
     [
      -48.698557808,
      -25.418330827
     ],
     [
      -48.698548812,
      -25.418338269
     ],
     [
      -48.698462262,
      -25.418415594
     ],
     [
      -48.698455472,
      -25.418421894
     ],
     [
      -48.698376598,
      -25.418500361
     ],
     [
      -48.698362131,
      -25.418515398
     ],
     [
      -48.698299129,
      -25.418585128
     ],
     [
      -48.698268791,
      -25.418620425
     ],
     [
      -48.698228579,
      -25.418669895
     ],
     [
      -48.698175451,
      -25.418739025
     ],
     [
      -48.698175451,
      -25.418739025
     ]
    ]
   },
   "properties": {
    "tipo": "curva_nivel",
    "cota_m": 55,
    "equidistancia_m": 5
   }
  },
  {
   "type": "Feature",
   "geometry": {
    "type": "LineString",
    "coordinates": [
     [
      -48.716563492,
      -25.418243702
     ],
     [
      -48.716563492,
      -25.418243702
     ],
     [
      -48.716656832,
      -25.41824077
     ],
     [
      -48.716750173,
      -25.418240669
     ],
     [
      -48.716843513,
      -25.418243502
     ],
     [
      -48.716884529,
      -25.41824606
     ],
     [
      -48.716936853,
      -25.418249386
     ],
     [
      -48.717030194,
      -25.418258487
     ],
     [
      -48.717123534,
      -25.418271072
     ],
     [
      -48.717216874,
      -25.418287454
     ],
     [
      -48.717310215,
      -25.418308033
     ],
     [
      -48.717394774,
      -25.418330827
     ],
     [
      -48.717394774,
      -25.418330827
     ]
    ]
   },
   "properties": {
    "tipo": "curva_nivel",
    "cota_m": 55,
    "equidistancia_m": 5
   }
  },
  {
   "type": "Feature",
   "geometry": {
    "type": "LineString",
    "coordinates": [
     [
      -48.716525206,
      -25.41824606
     ],
     [
      -48.716470152,
      -25.41824938
     ],
     [
      -48.716376812,
      -25.41825777
     ],
     [
      -48.716283471,
      -25.418268895
     ],
     [
      -48.716190131,
      -25.418282794
     ],
     [
      -48.716096791,
      -25.418299534
     ],
     [
      -48.71600345,
      -25.418319217
     ],
     [
      -48.715955767,
      -25.418330827
     ],
     [
      -48.71591011,
      -25.418341958
     ],
     [
      -48.71581677,
      -25.418367905
     ],
     [
      -48.715723429,
      -25.418397262
     ],
     [
      -48.715671327,
      -25.418415594
     ],
     [
      -48.715630089,
      -25.418430291
     ],
     [
      -48.715536749,
      -25.418467244
     ],
     [
      -48.715461354,
      -25.418500361
     ],
     [
      -48.715443408,
      -25.418508415
     ],
     [
      -48.715350068,
      -25.418554282
     ],
     [
      -48.715292851,
      -25.418585128
     ],
     [
      -48.715256728,
      -25.418605186
     ],
     [
      -48.715163387,
      -25.41866163
     ],
     [
      -48.715163387,
      -25.41866163
     ]
    ]
   },
   "properties": {
    "tipo": "curva_nivel",
    "cota_m": 55,
    "equidistancia_m": 5
   }
  },
  {
   "type": "Feature",
   "geometry": {
    "type": "LineString",
    "coordinates": [
     [
      -48.717403555,
      -25.418333282
     ],
     [
      -48.717496895,
      -25.418363496
     ],
     [
      -48.717590236,
      -25.418399603
     ],
     [
      -48.717626311,
      -25.418415594
     ],
     [
      -48.717683576,
      -25.418442232
     ],
     [
      -48.717776916,
      -25.418492358
     ],
     [
      -48.717790306,
      -25.418500361
     ],
     [
      -48.717870256,
      -25.418550984
     ],
     [
      -48.717918252,
      -25.418585128
     ],
     [
      -48.717963597,
      -25.41861955
     ],
     [
      -48.718023841,
      -25.418669895
     ],
     [
      -48.718023841,
      -25.418669895
     ]
    ]
   },
   "properties": {
    "tipo": "curva_nivel",
    "cota_m": 55,
    "equidistancia_m": 5
   }
  },
  {
   "type": "Feature",
   "geometry": {
    "type": "LineString",
    "coordinates": [
     [
      -48.709282948,
      -25.418353159
     ],
     [
      -48.70937526,
      -25.418415594
     ],
     [
      -48.709469628,
      -25.418485473
     ],
     [
      -48.709488464,
      -25.418500361
     ],
     [
      -48.709562969,
      -25.418561378
     ],
     [
      -48.709590332,
      -25.418585128
     ],
     [
      -48.709656309,
      -25.418644694
     ],
     [
      -48.709682828,
      -25.418669895
     ],
     [
      -48.709749649,
      -25.418736196
     ],
     [
      -48.709767451,
      -25.418754662
     ],
     [
      -48.70984299,
      -25.418836773
     ],
     [
      -48.709845343,
      -25.41883943
     ],
     [
      -48.709917345,
      -25.418924197
     ],
     [
      -48.709917345,
      -25.418924197
     ]
    ]
   },
   "properties": {
    "tipo": "curva_nivel",
    "cota_m": 55,
    "equidistancia_m": 5
   }
  },
  {
   "type": "Feature",
   "geometry": {
    "type": "LineString",
    "coordinates": [
     [
      -48.718056937,
      -25.41869963
     ],
     [
      -48.718113556,
      -25.418754662
     ],
     [
      -48.718150277,
      -25.418793339
     ],
     [
      -48.718191355,
      -25.41883943
     ],
     [
      -48.718243618,
      -25.418903503
     ],
     [
      -48.718259685,
      -25.418924197
     ],
     [
      -48.718320217,
      -25.419008964
     ],
     [
      -48.718320217,
      -25.419008964
     ]
    ]
   },
   "properties": {
    "tipo": "curva_nivel",
    "cota_m": 55,
    "equidistancia_m": 5
   }
  },
  {
   "type": "Feature",
   "geometry": {
    "type": "LineString",
    "coordinates": [
     [
      -48.715150707,
      -25.418669895
     ],
     [
      -48.715070047,
      -25.418724459
     ],
     [
      -48.715028637,
      -25.418754662
     ],
     [
      -48.714976707,
      -25.418794209
     ],
     [
      -48.71492122,
      -25.41883943
     ],
     [
      -48.714883367,
      -25.418871835
     ],
     [
      -48.714825786,
      -25.418924197
     ],
     [
      -48.714790026,
      -25.418958559
     ],
     [
      -48.714740281,
      -25.419008964
     ],
     [
      -48.714696686,
      -25.419055916
     ],
     [
      -48.714663143,
      -25.419093731
     ],
     [
      -48.714603346,
      -25.419165804
     ],
     [
      -48.714603346,
      -25.419165804
     ]
    ]
   },
   "properties": {
    "tipo": "curva_nivel",
    "cota_m": 55,
    "equidistancia_m": 5
   }
  },
  {
   "type": "Feature",
   "geometry": {
    "type": "LineString",
    "coordinates": [
     [
      -48.698164006,
      -25.418754662
     ],
     [
      -48.698105029,
      -25.41883943
     ],
     [
      -48.69808211,
      -25.418874484
     ],
     [
      -48.69805086,
      -25.418924197
     ],
     [
      -48.698001089,
      -25.419008964
     ],
     [
      -48.69798877,
      -25.419031375
     ]
    ]
   },
   "properties": {
    "tipo": "curva_nivel",
    "cota_m": 55,
    "equidistancia_m": 5
   }
  },
  {
   "type": "Feature",
   "geometry": {
    "type": "LineString",
    "coordinates": [
     [
      -48.70993633,
      -25.418947754
     ],
     [
      -48.709984271,
      -25.419008964
     ],
     [
      -48.71002967,
      -25.419070313
     ],
     [
      -48.710046623,
      -25.419093731
     ],
     [
      -48.71010485,
      -25.419178498
     ],
     [
      -48.71010485,
      -25.419178498
     ]
    ]
   },
   "properties": {
    "tipo": "curva_nivel",
    "cota_m": 55,
    "equidistancia_m": 5
   }
  },
  {
   "type": "Feature",
   "geometry": {
    "type": "LineString",
    "coordinates": [
     [
      -48.718336958,
      -25.419034688
     ],
     [
      -48.718374212,
      -25.419093731
     ],
     [
      -48.71842217,
      -25.419178498
     ],
     [
      -48.71842217,
      -25.419178498
     ]
    ]
   },
   "properties": {
    "tipo": "curva_nivel",
    "cota_m": 55,
    "equidistancia_m": 5
   }
  },
  {
   "type": "Feature",
   "geometry": {
    "type": "LineString",
    "coordinates": [
     [
      -48.718430298,
      -25.41919433
     ],
     [
      -48.718465175,
      -25.419263265
     ],
     [
      -48.718503122,
      -25.419348032
     ],
     [
      -48.718523639,
      -25.41940002
     ],
     [
      -48.718536582,
      -25.419432799
     ],
     [
      -48.718565961,
      -25.419517566
     ],
     [
      -48.718590975,
      -25.419602333
     ],
     [
      -48.718611834,
      -25.4196871
     ],
     [
      -48.718629111,
      -25.419771867
     ],
     [
      -48.718642591,
      -25.419856634
     ],
     [
      -48.718652216,
      -25.419941402
     ],
     [
      -48.718658087,
      -25.420026169
     ],
     [
      -48.718660284,
      -25.420110936
     ],
     [
      -48.718658872,
      -25.420195703
     ],
     [
      -48.718653906,
      -25.42028047
     ],
     [
      -48.718645425,
      -25.420365237
     ],
     [
      -48.718633456,
      -25.420450004
     ],
     [
      -48.718618015,
      -25.420534771
     ],
     [
      -48.718616979,
      -25.420539504
     ],
     [
      -48.718599737,
      -25.420619538
     ],
     [
      -48.718578147,
      -25.420704305
     ],
     [
      -48.71855318,
      -25.420789072
     ],
     [
      -48.718524783,
      -25.420873839
     ],
     [
      -48.718523639,
      -25.420876982
     ],
     [
      -48.718493801,
      -25.420958606
     ],
     [
      -48.718459371,
      -25.421043374
     ],
     [
      -48.718430298,
      -25.421108767
     ],
     [
      -48.718430298,
      -25.421108767
     ]
    ]
   },
   "properties": {
    "tipo": "curva_nivel",
    "cota_m": 55,
    "equidistancia_m": 5
   }
  },
  {
   "type": "Feature",
   "geometry": {
    "type": "LineString",
    "coordinates": [
     [
      -48.714593211,
      -25.419178498
     ],
     [
      -48.714529923,
      -25.419263265
     ],
     [
      -48.714510005,
      -25.419292055
     ],
     [
      -48.714472378,
      -25.419348032
     ],
     [
      -48.714419977,
      -25.419432799
     ],
     [
      -48.714416665,
      -25.419438622
     ],
     [
      -48.71437262,
      -25.419517566
     ],
     [
      -48.714329667,
      -25.419602333
     ],
     [
      -48.714323325,
      -25.419616147
     ],
     [
      -48.714291054,
      -25.4196871
     ],
     [
      -48.714256477,
      -25.419771867
     ],
     [
      -48.714229984,
      -25.419844973
     ],
     [
      -48.714229984,
      -25.419844973
     ]
    ]
   },
   "properties": {
    "tipo": "curva_nivel",
    "cota_m": 55,
    "equidistancia_m": 5
   }
  },
  {
   "type": "Feature",
   "geometry": {
    "type": "LineString",
    "coordinates": [
     [
      -48.710123011,
      -25.419206478
     ],
     [
      -48.710159386,
      -25.419263265
     ],
     [
      -48.710210346,
      -25.419348032
     ],
     [
      -48.710258312,
      -25.419432799
     ],
     [
      -48.710303067,
      -25.419517566
     ],
     [
      -48.710303067,
      -25.419517566
     ]
    ]
   },
   "properties": {
    "tipo": "curva_nivel",
    "cota_m": 55,
    "equidistancia_m": 5
   }
  },
  {
   "type": "Feature",
   "geometry": {
    "type": "LineString",
    "coordinates": [
     [
      -48.710309691,
      -25.41953091
     ],
     [
      -48.710345288,
      -25.419602333
     ],
     [
      -48.710384674,
      -25.4196871
     ],
     [
      -48.710403032,
      -25.419729427
     ],
     [
      -48.710421668,
      -25.419771867
     ],
     [
      -48.710456388,
      -25.419856634
     ],
     [
      -48.710488646,
      -25.419941402
     ],
     [
      -48.710488646,
      -25.419941402
     ]
    ]
   },
   "properties": {
    "tipo": "curva_nivel",
    "cota_m": 55,
    "equidistancia_m": 5
   }
  },
  {
   "type": "Feature",
   "geometry": {
    "type": "LineString",
    "coordinates": [
     [
      -48.714225757,
      -25.419856634
     ],
     [
      -48.714198755,
      -25.419941402
     ],
     [
      -48.714175358,
      -25.420026169
     ],
     [
      -48.714155453,
      -25.420110936
     ],
     [
      -48.714138935,
      -25.420195703
     ],
     [
      -48.714136644,
      -25.420210538
     ],
     [
      -48.714125645,
      -25.42028047
     ],
     [
      -48.714115554,
      -25.420365237
     ],
     [
      -48.714108588,
      -25.420450004
     ],
     [
      -48.714104661,
      -25.420534771
     ],
     [
      -48.714103691,
      -25.420619538
     ],
     [
      -48.714105598,
      -25.420704305
     ],
     [
      -48.714110307,
      -25.420789072
     ],
     [
      -48.714117745,
      -25.420873839
     ],
     [
      -48.714127841,
      -25.420958606
     ],
     [
      -48.714136644,
      -25.421018178
     ],
     [
      -48.714140506,
      -25.421043374
     ],
     [
      -48.714155623,
      -25.421128141
     ],
     [
      -48.714173198,
      -25.421212908
     ],
     [
      -48.714193189,
      -25.421297675
     ],
     [
      -48.714215574,
      -25.421382442
     ],
     [
      -48.714229984,
      -25.421433252
     ],
     [
      -48.714240319,
      -25.421467209
     ],
     [
      -48.714267422,
      -25.421551976
     ],
     [
      -48.714297003,
      -25.421636743
     ],
     [
      -48.714323325,
      -25.421707251
     ],
     [
      -48.714329244,
      -25.42172151
     ],
     [
      -48.714364453,
      -25.421806277
     ],
     [
      -48.71440315,
      -25.421891044
     ],
     [
      -48.71440315,
      -25.421891044
     ]
    ]
   },
   "properties": {
    "tipo": "curva_nivel",
    "cota_m": 55,
    "equidistancia_m": 5
   }
  },
  {
   "type": "Feature",
   "geometry": {
    "type": "LineString",
    "coordinates": [
     [
      -48.710496372,
      -25.419963237
     ],
     [
      -48.710519153,
      -25.420026169
     ],
     [
      -48.710547678,
      -25.420110936
     ],
     [
      -48.710574221,
      -25.420195703
     ],
     [
      -48.710589712,
      -25.420248844
     ],
     [
      -48.710599242,
      -25.42028047
     ],
     [
      -48.710623077,
      -25.420365237
     ],
     [
      -48.710645504,
      -25.420450004
     ],
     [
      -48.710666772,
      -25.420534771
     ],
     [
      -48.710683052,
      -25.420602676
     ],
     [
      -48.710687283,
      -25.420619538
     ],
     [
      -48.710707706,
      -25.420704305
     ],
     [
      -48.710727835,
      -25.420789072
     ],
     [
      -48.710748046,
      -25.420873839
     ],
     [
      -48.710768757,
      -25.420958606
     ],
     [
      -48.710768757,
      -25.420958606
     ]
    ]
   },
   "properties": {
    "tipo": "curva_nivel",
    "cota_m": 55,
    "equidistancia_m": 5
   }
  },
  {
   "type": "Feature",
   "geometry": {
    "type": "LineString",
    "coordinates": [
     [
      -48.710776393,
      -25.42098892
     ],
     [
      -48.710790957,
      -25.421043374
     ],
     [
      -48.710814987,
      -25.421128141
     ],
     [
      -48.710841203,
      -25.421212908
     ],
     [
      -48.710869733,
      -25.421295952
     ],
     [
      -48.710870369,
      -25.421297675
     ],
     [
      -48.710904586,
      -25.421382442
     ],
     [
      -48.710943726,
      -25.421467209
     ],
     [
      -48.710943726,
      -25.421467209
     ]
    ]
   },
   "properties": {
    "tipo": "curva_nivel",
    "cota_m": 55,
    "equidistancia_m": 5
   }
  },
  {
   "type": "Feature",
   "geometry": {
    "type": "LineString",
    "coordinates": [
     [
      -48.718421525,
      -25.421128141
     ],
     [
      -48.718380665,
      -25.421212908
     ],
     [
      -48.718336958,
      -25.421295646
     ],
     [
      -48.718336958,
      -25.421295646
     ],
     [
      -48.718287624,
      -25.421382442
     ],
     [
      -48.718243618,
      -25.421453673
     ],
     [
      -48.718243618,
      -25.421453673
     ]
    ]
   },
   "properties": {
    "tipo": "curva_nivel",
    "cota_m": 55,
    "equidistancia_m": 5
   }
  },
  {
   "type": "Feature",
   "geometry": {
    "type": "LineString",
    "coordinates": [
     [
      -48.718234817,
      -25.421467209
     ],
     [
      -48.71817735,
      -25.421551976
     ],
     [
      -48.718150277,
      -25.421589704
     ],
     [
      -48.718114029,
      -25.421636743
     ],
     [
      -48.718056937,
      -25.421706562
     ],
     [
      -48.718056937,
      -25.421706562
     ]
    ]
   },
   "properties": {
    "tipo": "curva_nivel",
    "cota_m": 55,
    "equidistancia_m": 5
   }
  },
  {
   "type": "Feature",
   "geometry": {
    "type": "LineString",
    "coordinates": [
     [
      -48.710963073,
      -25.42150426
     ],
     [
      -48.710990129,
      -25.421551976
     ],
     [
      -48.711045208,
      -25.421636743
     ],
     [
      -48.711045208,
      -25.421636743
     ]
    ]
   },
   "properties": {
    "tipo": "curva_nivel",
    "cota_m": 55,
    "equidistancia_m": 5
   }
  },
  {
   "type": "Feature",
   "geometry": {
    "type": "LineString",
    "coordinates": [
     [
      -48.69798877,
      -25.421532786
     ],
     [
      -48.697999389,
      -25.421551976
     ],
     [
      -48.698048543,
      -25.421636743
     ],
     [
      -48.69808211,
      -25.421690712
     ],
     [
      -48.698102869,
      -25.42172151
     ],
     [
      -48.698163349,
      -25.421806277
     ],
     [
      -48.698163349,
      -25.421806277
     ]
    ]
   },
   "properties": {
    "tipo": "curva_nivel",
    "cota_m": 55,
    "equidistancia_m": 5
   }
  },
  {
   "type": "Feature",
   "geometry": {
    "type": "LineString",
    "coordinates": [
     [
      -48.711056414,
      -25.421651994
     ],
     [
      -48.711112366,
      -25.42172151
     ],
     [
      -48.711149754,
      -25.421762249
     ],
     [
      -48.711194283,
      -25.421806277
     ],
     [
      -48.711243094,
      -25.421849125
     ],
     [
      -48.711295996,
      -25.421891044
     ],
     [
      -48.711336435,
      -25.421919816
     ],
     [
      -48.711423981,
      -25.421975811
     ],
     [
      -48.711523115,
      -25.422028656
     ],
     [
      -48.711590252,
      -25.422060578
     ],
     [
      -48.711590252,
      -25.422060578
     ]
    ]
   },
   "properties": {
    "tipo": "curva_nivel",
    "cota_m": 55,
    "equidistancia_m": 5
   }
  },
  {
   "type": "Feature",
   "geometry": {
    "type": "LineString",
    "coordinates": [
     [
      -48.718043619,
      -25.42172151
     ],
     [
      -48.717964229,
      -25.421806277
     ],
     [
      -48.717963597,
      -25.421806933
     ],
     [
      -48.717872752,
      -25.421891044
     ],
     [
      -48.717870256,
      -25.42189327
     ],
     [
      -48.717776916,
      -25.421967014
     ],
     [
      -48.717776916,
      -25.421967014
     ]
    ]
   },
   "properties": {
    "tipo": "curva_nivel",
    "cota_m": 55,
    "equidistancia_m": 5
   }
  },
  {
   "type": "Feature",
   "geometry": {
    "type": "LineString",
    "coordinates": [
     [
      -48.698175451,
      -25.421822586
     ],
     [
      -48.698231549,
      -25.421891044
     ],
     [
      -48.698268791,
      -25.42193397
     ],
     [
      -48.698309395,
      -25.421975811
     ],
     [
      -48.698362131,
      -25.422027688
     ],
     [
      -48.698400051,
      -25.422060578
     ],
     [
      -48.698455472,
      -25.42210693
     ],
     [
      -48.698508357,
      -25.422145346
     ],
     [
      -48.698548812,
      -25.422173955
     ],
     [
      -48.698641776,
      -25.422230113
     ],
     [
      -48.698735493,
      -25.422280023
     ],
     [
      -48.698813381,
      -25.42231488
     ],
     [
      -48.698813381,
      -25.42231488
     ]
    ]
   },
   "properties": {
    "tipo": "curva_nivel",
    "cota_m": 55,
    "equidistancia_m": 5
   }
  },
  {
   "type": "Feature",
   "geometry": {
    "type": "LineString",
    "coordinates": [
     [
      -48.714416665,
      -25.42192065
     ],
     [
      -48.714446529,
      -25.421975811
     ],
     [
      -48.714496568,
      -25.422060578
     ],
     [
      -48.714496568,
      -25.422060578
     ]
    ]
   },
   "properties": {
    "tipo": "curva_nivel",
    "cota_m": 55,
    "equidistancia_m": 5
   }
  },
  {
   "type": "Feature",
   "geometry": {
    "type": "LineString",
    "coordinates": [
     [
      -48.717764148,
      -25.421975811
     ],
     [
      -48.717683576,
      -25.422029934
     ],
     [
      -48.717629805,
      -25.422060578
     ],
     [
      -48.717590236,
      -25.422082753
     ],
     [
      -48.717496895,
      -25.422127534
     ],
     [
      -48.717453524,
      -25.422145346
     ],
     [
      -48.717403555,
      -25.422165773
     ],
     [
      -48.717310215,
      -25.42219847
     ],
     [
      -48.717216874,
      -25.42222576
     ],
     [
      -48.717216874,
      -25.42222576
     ]
    ]
   },
   "properties": {
    "tipo": "curva_nivel",
    "cota_m": 55,
    "equidistancia_m": 5
   }
  },
  {
   "type": "Feature",
   "geometry": {
    "type": "LineString",
    "coordinates": [
     [
      -48.714510005,
      -25.422083141
     ],
     [
      -48.714558276,
      -25.422145346
     ],
     [
      -48.714603346,
      -25.422197107
     ],
     [
      -48.714644568,
      -25.422230113
     ],
     [
      -48.714696686,
      -25.422268406
     ],
     [
      -48.714790026,
      -25.422309505
     ],
     [
      -48.714807462,
      -25.42231488
     ],
     [
      -48.714883367,
      -25.422337351
     ],
     [
      -48.714976707,
      -25.422354933
     ],
     [
      -48.715070047,
      -25.422366431
     ],
     [
      -48.715163387,
      -25.422374258
     ],
     [
      -48.715256728,
      -25.422379632
     ],
     [
      -48.715350068,
      -25.422383228
     ],
     [
      -48.715443408,
      -25.422385447
     ],
     [
      -48.715536749,
      -25.422386537
     ],
     [
      -48.715630089,
      -25.422386652
     ],
     [
      -48.715723429,
      -25.422385889
     ],
     [
      -48.71581677,
      -25.422384302
     ],
     [
      -48.71591011,
      -25.422381916
     ],
     [
      -48.71600345,
      -25.422378734
     ],
     [
      -48.716096791,
      -25.422374735
     ],
     [
      -48.716190131,
      -25.422369879
     ],
     [
      -48.716283471,
      -25.422364107
     ],
     [
      -48.716376812,
      -25.422357337
     ],
     [
      -48.716470152,
      -25.422349461
     ],
     [
      -48.716563492,
      -25.42234034
     ],
     [
      -48.716656832,
      -25.422329795
     ],
     [
      -48.716750173,
      -25.422317597
     ],
     [
      -48.716843513,
      -25.4223042
     ],
     [
      -48.716936853,
      -25.422288885
     ],
     [
      -48.717030194,
      -25.422271057
     ],
     [
      -48.717123534,
      -25.422250156
     ],
     [
      -48.717200062,
      -25.422230113
     ]
    ]
   },
   "properties": {
    "tipo": "curva_nivel",
    "cota_m": 55,
    "equidistancia_m": 5
   }
  },
  {
   "type": "Feature",
   "geometry": {
    "type": "LineString",
    "coordinates": [
     [
      -48.713280285,
      -25.422399647
     ],
     [
      -48.713280285,
      -25.422399647
     ],
     [
      -48.713203241,
      -25.422392087
     ],
     [
      -48.713109901,
      -25.422382494
     ],
     [
      -48.71301656,
      -25.422372471
     ],
     [
      -48.71292322,
      -25.422361927
     ],
     [
      -48.71282988,
      -25.422350772
     ],
     [
      -48.712736539,
      -25.422338917
     ],
     [
      -48.712643199,
      -25.422326266
     ],
     [
      -48.712565034,
      -25.42231488
     ],
     [
      -48.712549859,
      -25.422312603
     ],
     [
      -48.712456518,
      -25.422297273
     ],
     [
      -48.712363178,
      -25.422280783
     ],
     [
      -48.712269838,
      -25.422262985
     ],
     [
      -48.712176497,
      -25.422243714
     ],
     [
      -48.712115934,
      -25.422230113
     ],
     [
      -48.712083157,
      -25.422222381
     ],
     [
      -48.711989817,
      -25.422198328
     ],
     [
      -48.711896477,
      -25.422172026
     ],
     [
      -48.711803136,
      -25.422143027
     ],
     [
      -48.71181017,
      -25.422145346
     ],
     [
      -48.711709796,
      -25.422109364
     ],
     [
      -48.711616456,
      -25.422072059
     ]
    ]
   },
   "properties": {
    "tipo": "curva_nivel",
    "cota_m": 55,
    "equidistancia_m": 5
   }
  },
  {
   "type": "Feature",
   "geometry": {
    "type": "LineString",
    "coordinates": [
     [
      -48.698828833,
      -25.422321774
     ],
     [
      -48.698922173,
      -25.4223592
     ],
     [
      -48.699015514,
      -25.422391253
     ],
     [
      -48.699042489,
      -25.422399647
     ],
     [
      -48.699108854,
      -25.422420615
     ],
     [
      -48.699202194,
      -25.422447063
     ],
     [
      -48.699295534,
      -25.422470814
     ],
     [
      -48.69935329,
      -25.422484414
     ],
     [
      -48.69935329,
      -25.422484414
     ]
    ]
   },
   "properties": {
    "tipo": "curva_nivel",
    "cota_m": 55,
    "equidistancia_m": 5
   }
  },
  {
   "type": "Feature",
   "geometry": {
    "type": "LineString",
    "coordinates": [
     [
      -48.713296581,
      -25.422401237
     ],
     [
      -48.713389922,
      -25.422409644
     ],
     [
      -48.713483262,
      -25.422417881
     ],
     [
      -48.713576602,
      -25.422426074
     ],
     [
      -48.713669942,
      -25.422434388
     ],
     [
      -48.713763283,
      -25.422443046
     ],
     [
      -48.713856623,
      -25.422452374
     ],
     [
      -48.713949963,
      -25.422462877
     ],
     [
      -48.714043304,
      -25.422475399
     ],
     [
      -48.714100044,
      -25.422484414
     ],
     [
      -48.714100044,
      -25.422484414
     ]
    ]
   },
   "properties": {
    "tipo": "curva_nivel",
    "cota_m": 55,
    "equidistancia_m": 5
   }
  },
  {
   "type": "Feature",
   "geometry": {
    "type": "LineString",
    "coordinates": [
     [
      -48.714136644,
      -25.42249043
     ],
     [
      -48.714229984,
      -25.422508887
     ],
     [
      -48.714323325,
      -25.422536114
     ],
     [
      -48.714395371,
      -25.422569181
     ],
     [
      -48.714395371,
      -25.422569181
     ]
    ]
   },
   "properties": {
    "tipo": "curva_nivel",
    "cota_m": 55,
    "equidistancia_m": 5
   }
  },
  {
   "type": "Feature",
   "geometry": {
    "type": "LineString",
    "coordinates": [
     [
      -48.699388875,
      -25.422493082
     ],
     [
      -48.699482215,
      -25.422514587
     ],
     [
      -48.699575555,
      -25.422534832
     ],
     [
      -48.699668896,
      -25.422554226
     ],
     [
      -48.699742605,
      -25.422569181
     ],
     [
      -48.699742605,
      -25.422569181
     ]
    ]
   },
   "properties": {
    "tipo": "curva_nivel",
    "cota_m": 55,
    "equidistancia_m": 5
   }
  },
  {
   "type": "Feature",
   "geometry": {
    "type": "LineString",
    "coordinates": [
     [
      -48.719643722,
      -25.422570866
     ],
     [
      -48.719550382,
      -25.422591051
     ],
     [
      -48.719457042,
      -25.422611485
     ],
     [
      -48.719363701,
      -25.422632473
     ],
     [
      -48.719272086,
      -25.422653948
     ],
     [
      -48.719270361,
      -25.422654343
     ],
     [
      -48.719177021,
      -25.4226759
     ],
     [
      -48.719083681,
      -25.42269899
     ],
     [
      -48.71899034,
      -25.422724164
     ],
     [
      -48.718940106,
      -25.422738715
     ],
     [
      -48.718897,
      -25.422751087
     ],
     [
      -48.71880366,
      -25.422780063
     ],
     [
      -48.718710319,
      -25.422813187
     ],
     [
      -48.718710319,
      -25.422813187
     ]
    ]
   },
   "properties": {
    "tipo": "curva_nivel",
    "cota_m": 55,
    "equidistancia_m": 5
   }
  },
  {
   "type": "Feature",
   "geometry": {
    "type": "LineString",
    "coordinates": [
     [
      -48.714416665,
      -25.422579492
     ],
     [
      -48.714510005,
      -25.422645818
     ],
     [
      -48.714517983,
      -25.422653948
     ],
     [
      -48.714597955,
      -25.422738715
     ],
     [
      -48.714662475,
      -25.422823482
     ],
     [
      -48.714696686,
      -25.422871089
     ],
     [
      -48.714719414,
      -25.422908249
     ],
     [
      -48.714772601,
      -25.422993016
     ],
     [
      -48.714772601,
      -25.422993016
     ]
    ]
   },
   "properties": {
    "tipo": "curva_nivel",
    "cota_m": 55,
    "equidistancia_m": 5
   }
  },
  {
   "type": "Feature",
   "geometry": {
    "type": "LineString",
    "coordinates": [
     [
      -48.699762236,
      -25.422573409
     ],
     [
      -48.699855576,
      -25.422593482
     ],
     [
      -48.699948917,
      -25.422613722
     ],
     [
      -48.700042257,
      -25.422634502
     ],
     [
      -48.700125957,
      -25.422653948
     ],
     [
      -48.700125957,
      -25.422653948
     ]
    ]
   },
   "properties": {
    "tipo": "curva_nivel",
    "cota_m": 55,
    "equidistancia_m": 5
   }
  },
  {
   "type": "Feature",
   "geometry": {
    "type": "LineString",
    "coordinates": [
     [
      -48.700135597,
      -25.422656409
     ],
     [
      -48.700228938,
      -25.422681462
     ],
     [
      -48.700322278,
      -25.422708713
     ],
     [
      -48.700414951,
      -25.422738715
     ],
     [
      -48.700508959,
      -25.422776805
     ],
     [
      -48.700602299,
      -25.422821009
     ],
     [
      -48.700606984,
      -25.422823482
     ],
     [
      -48.700695639,
      -25.42288104
     ],
     [
      -48.700731258,
      -25.422908249
     ],
     [
      -48.700788979,
      -25.422966051
     ],
     [
      -48.700812046,
      -25.422993016
     ],
     [
      -48.700863587,
      -25.423077783
     ],
     [
      -48.70088232,
      -25.423125333
     ],
     [
      -48.700895109,
      -25.42316255
     ],
     [
      -48.700912048,
      -25.423247318
     ],
     [
      -48.700918713,
      -25.423332085
     ],
     [
      -48.700917632,
      -25.423416852
     ],
     [
      -48.700910678,
      -25.423501619
     ],
     [
      -48.700899277,
      -25.423586386
     ],
     [
      -48.700884533,
      -25.423671153
     ],
     [
      -48.70088232,
      -25.423681607
     ],
     [
      -48.700866463,
      -25.42375592
     ],
     [
      -48.70084637,
      -25.423840687
     ],
     [
      -48.700824981,
      -25.423925454
     ],
     [
      -48.700802794,
      -25.424010221
     ],
     [
      -48.700788979,
      -25.424061431
     ],
     [
      -48.700788979,
      -25.424061431
     ]
    ]
   },
   "properties": {
    "tipo": "curva_nivel",
    "cota_m": 55,
    "equidistancia_m": 5
   }
  },
  {
   "type": "Feature",
   "geometry": {
    "type": "LineString",
    "coordinates": [
     [
      -48.718683736,
      -25.422823482
     ],
     [
      -48.718616979,
      -25.422849362
     ],
     [
      -48.718523639,
      -25.422890899
     ],
     [
      -48.718523639,
      -25.422890899
     ]
    ]
   },
   "properties": {
    "tipo": "curva_nivel",
    "cota_m": 55,
    "equidistancia_m": 5
   }
  },
  {
   "type": "Feature",
   "geometry": {
    "type": "LineString",
    "coordinates": [
     [
      -48.718488912,
      -25.422908249
     ],
     [
      -48.718430298,
      -25.422937762
     ],
     [
      -48.718336958,
      -25.422992566
     ],
     [
      -48.718336958,
      -25.422992566
     ],
     [
      -48.718243618,
      -25.423053382
     ],
     [
      -48.718243618,
      -25.423053382
     ]
    ]
   },
   "properties": {
    "tipo": "curva_nivel",
    "cota_m": 55,
    "equidistancia_m": 5
   }
  },
  {
   "type": "Feature",
   "geometry": {
    "type": "LineString",
    "coordinates": [
     [
      -48.714790026,
      -25.42301991
     ],
     [
      -48.714823908,
      -25.423077783
     ],
     [
      -48.714873604,
      -25.42316255
     ],
     [
      -48.714873604,
      -25.42316255
     ]
    ]
   },
   "properties": {
    "tipo": "curva_nivel",
    "cota_m": 55,
    "equidistancia_m": 5
   }
  },
  {
   "type": "Feature",
   "geometry": {
    "type": "LineString",
    "coordinates": [
     [
      -48.71821079,
      -25.423077783
     ],
     [
      -48.718150277,
      -25.423123523
     ],
     [
      -48.718104061,
      -25.42316255
     ],
     [
      -48.718056937,
      -25.423203143
     ],
     [
      -48.718010186,
      -25.423247318
     ],
     [
      -48.717963597,
      -25.423292341
     ],
     [
      -48.717925482,
      -25.423332085
     ],
     [
      -48.717870256,
      -25.423391109
     ],
     [
      -48.717870256,
      -25.423391109
     ]
    ]
   },
   "properties": {
    "tipo": "curva_nivel",
    "cota_m": 55,
    "equidistancia_m": 5
   }
  },
  {
   "type": "Feature",
   "geometry": {
    "type": "LineString",
    "coordinates": [
     [
      -48.714883367,
      -25.423178396
     ],
     [
      -48.71492319,
      -25.423247318
     ],
     [
      -48.714971686,
      -25.423332085
     ],
     [
      -48.715020897,
      -25.423416852
     ],
     [
      -48.715069048,
      -25.423501619
     ],
     [
      -48.715118488,
      -25.423586386
     ],
     [
      -48.715163387,
      -25.423665027
     ],
     [
      -48.715166879,
      -25.423671153
     ],
     [
      -48.715216709,
      -25.42375592
     ],
     [
      -48.715256728,
      -25.423825341
     ],
     [
      -48.715265726,
      -25.423840687
     ],
     [
      -48.715316085,
      -25.423925454
     ],
     [
      -48.715350068,
      -25.423983708
     ],
     [
      -48.715366088,
      -25.424010221
     ],
     [
      -48.71541716,
      -25.424094988
     ],
     [
      -48.715443408,
      -25.424139327
     ],
     [
      -48.715468653,
      -25.424179755
     ],
     [
      -48.715520681,
      -25.424264522
     ],
     [
      -48.715520681,
      -25.424264522
     ]
    ]
   },
   "properties": {
    "tipo": "curva_nivel",
    "cota_m": 55,
    "equidistancia_m": 5
   }
  },
  {
   "type": "Feature",
   "geometry": {
    "type": "LineString",
    "coordinates": [
     [
      -48.69798877,
      -25.423346197
     ],
     [
      -48.698064045,
      -25.423416852
     ],
     [
      -48.698064045,
      -25.423416852
     ]
    ]
   },
   "properties": {
    "tipo": "curva_nivel",
    "cota_m": 55,
    "equidistancia_m": 5
   }
  },
  {
   "type": "Feature",
   "geometry": {
    "type": "LineString",
    "coordinates": [
     [
      -48.717847592,
      -25.423416852
     ],
     [
      -48.717776916,
      -25.423499267
     ],
     [
      -48.717776916,
      -25.423499267
     ],
     [
      -48.717705694,
      -25.423586386
     ],
     [
      -48.717683576,
      -25.423614256
     ],
     [
      -48.717639558,
      -25.423671153
     ],
     [
      -48.717590236,
      -25.423737019
     ],
     [
      -48.717590236,
      -25.423737019
     ]
    ]
   },
   "properties": {
    "tipo": "curva_nivel",
    "cota_m": 55,
    "equidistancia_m": 5
   }
  },
  {
   "type": "Feature",
   "geometry": {
    "type": "LineString",
    "coordinates": [
     [
      -48.69808211,
      -25.423434657
     ],
     [
      -48.698145402,
      -25.423501619
     ],
     [
      -48.698175451,
      -25.423535113
     ],
     [
      -48.698218957,
      -25.423586386
     ],
     [
      -48.698268791,
      -25.423648452
     ],
     [
      -48.698286275,
      -25.423671153
     ],
     [
      -48.698348953,
      -25.42375592
     ],
     [
      -48.698348953,
      -25.42375592
     ]
    ]
   },
   "properties": {
    "tipo": "curva_nivel",
    "cota_m": 55,
    "equidistancia_m": 5
   }
  },
  {
   "type": "Feature",
   "geometry": {
    "type": "LineString",
    "coordinates": [
     [
      -48.717576258,
      -25.42375592
     ],
     [
      -48.717514547,
      -25.423840687
     ],
     [
      -48.717496895,
      -25.423865548
     ],
     [
      -48.71745411,
      -25.423925454
     ],
     [
      -48.717403555,
      -25.423998955
     ],
     [
      -48.717403555,
      -25.423998955
     ]
    ]
   },
   "properties": {
    "tipo": "curva_nivel",
    "cota_m": 55,
    "equidistancia_m": 5
   }
  },
  {
   "type": "Feature",
   "geometry": {
    "type": "LineString",
    "coordinates": [
     [
      -48.698362131,
      -25.423774472
     ],
     [
      -48.698408164,
      -25.423840687
     ],
     [
      -48.698455472,
      -25.423913205
     ],
     [
      -48.698463388,
      -25.423925454
     ],
     [
      -48.698516646,
      -25.424010221
     ],
     [
      -48.698548812,
      -25.424064646
     ],
     [
      -48.698566881,
      -25.424094988
     ],
     [
      -48.69861523,
      -25.424179755
     ],
     [
      -48.698642152,
      -25.42422978
     ],
     [
      -48.698661294,
      -25.424264522
     ],
     [
      -48.698705758,
      -25.424349289
     ],
     [
      -48.698735493,
      -25.424409792
     ],
     [
      -48.698747895,
      -25.424434057
     ],
     [
      -48.698789139,
      -25.424518824
     ],
     [
      -48.69882732,
      -25.424603591
     ],
     [
      -48.698865709,
      -25.424688358
     ],
     [
      -48.698901301,
      -25.424773125
     ],
     [
      -48.698922173,
      -25.424826471
     ],
     [
      -48.698935413,
      -25.424857892
     ],
     [
      -48.698968874,
      -25.424942659
     ],
     [
      -48.698999763,
      -25.425027426
     ],
     [
      -48.699015514,
      -25.425073814
     ],
     [
      -48.699029826,
      -25.425112193
     ],
     [
      -48.699059378,
      -25.42519696
     ],
     [
      -48.699086863,
      -25.425281727
     ],
     [
      -48.699108854,
      -25.425354034
     ],
     [
      -48.699113106,
      -25.425366494
     ],
     [
      -48.699140663,
      -25.425451261
     ],
     [
      -48.699166974,
      -25.425536029
     ],
     [
      -48.699192483,
      -25.425620796
     ],
     [
      -48.699192483,
      -25.425620796
     ]
    ]
   },
   "properties": {
    "tipo": "curva_nivel",
    "cota_m": 55,
    "equidistancia_m": 5
   }
  },
  {
   "type": "Feature",
   "geometry": {
    "type": "LineString",
    "coordinates": [
     [
      -48.717395655,
      -25.424010221
     ],
     [
      -48.71733717,
      -25.424094988
     ],
     [
      -48.717310215,
      -25.4241355
     ],
     [
      -48.717279626,
      -25.424179755
     ],
     [
      -48.717223157,
      -25.424264522
     ],
     [
      -48.717216874,
      -25.424274213
     ],
     [
      -48.7171653,
      -25.424349289
     ],
     [
      -48.717123534,
      -25.424412816
     ],
     [
      -48.717123534,
      -25.424412816
     ]
    ]
   },
   "properties": {
    "tipo": "curva_nivel",
    "cota_m": 55,
    "equidistancia_m": 5
   }
  },
  {
   "type": "Feature",
   "geometry": {
    "type": "LineString",
    "coordinates": [
     [
      -48.700779614,
      -25.424094988
     ],
     [
      -48.700755408,
      -25.424179755
     ],
     [
      -48.700731428,
      -25.424264522
     ],
     [
      -48.70070793,
      -25.424349289
     ],
     [
      -48.700695639,
      -25.424394541
     ],
     [
      -48.700695639,
      -25.424394541
     ]
    ]
   },
   "properties": {
    "tipo": "curva_nivel",
    "cota_m": 55,
    "equidistancia_m": 5
   }
  },
  {
   "type": "Feature",
   "geometry": {
    "type": "LineString",
    "coordinates": [
     [
      -48.715536749,
      -25.424291156
     ],
     [
      -48.71557446,
      -25.424349289
     ],
     [
      -48.715627811,
      -25.424434057
     ],
     [
      -48.715685212,
      -25.424518824
     ],
     [
      -48.715723429,
      -25.424577021
     ],
     [
      -48.715743032,
      -25.424603591
     ],
     [
      -48.715803838,
      -25.424688358
     ],
     [
      -48.715803838,
      -25.424688358
     ]
    ]
   },
   "properties": {
    "tipo": "curva_nivel",
    "cota_m": 55,
    "equidistancia_m": 5
   }
  },
  {
   "type": "Feature",
   "geometry": {
    "type": "LineString",
    "coordinates": [
     [
      -48.717108463,
      -25.424434057
     ],
     [
      -48.71705025,
      -25.424518824
     ],
     [
      -48.717030194,
      -25.424549199
     ],
     [
      -48.716990426,
      -25.424603591
     ],
     [
      -48.716936853,
      -25.424680014
     ],
     [
      -48.716936853,
      -25.424680014
     ]
    ]
   },
   "properties": {
    "tipo": "curva_nivel",
    "cota_m": 55,
    "equidistancia_m": 5
   }
  },
  {
   "type": "Feature",
   "geometry": {
    "type": "LineString",
    "coordinates": [
     [
      -48.700684258,
      -25.424434057
     ],
     [
      -48.700660482,
      -25.424518824
     ],
     [
      -48.700637764,
      -25.424603591
     ],
     [
      -48.700616222,
      -25.424688358
     ],
     [
      -48.700602299,
      -25.424746352
     ],
     [
      -48.700602299,
      -25.424746352
     ]
    ]
   },
   "properties": {
    "tipo": "curva_nivel",
    "cota_m": 55,
    "equidistancia_m": 5
   }
  },
  {
   "type": "Feature",
   "geometry": {
    "type": "LineString",
    "coordinates": [
     [
      -48.716930193,
      -25.424688358
     ],
     [
      -48.716864725,
      -25.424773125
     ],
     [
      -48.716843513,
      -25.424801681
     ],
     [
      -48.716793962,
      -25.424857892
     ],
     [
      -48.716750173,
      -25.424909329
     ],
     [
      -48.716714609,
      -25.424942659
     ],
     [
      -48.716656832,
      -25.424998389
     ],
     [
      -48.716615586,
      -25.425027426
     ],
     [
      -48.716563492,
      -25.425064934
     ],
     [
      -48.716470152,
      -25.425106016
     ],
     [
      -48.716470152,
      -25.425106016
     ]
    ]
   },
   "properties": {
    "tipo": "curva_nivel",
    "cota_m": 55,
    "equidistancia_m": 5
   }
  },
  {
   "type": "Feature",
   "geometry": {
    "type": "LineString",
    "coordinates": [
     [
      -48.71581677,
      -25.424706934
     ],
     [
      -48.715870124,
      -25.424773125
     ],
     [
      -48.71591011,
      -25.424824496
     ],
     [
      -48.715941368,
      -25.424857892
     ],
     [
      -48.71600345,
      -25.42492646
     ],
     [
      -48.716022081,
      -25.424942659
     ],
     [
      -48.716096791,
      -25.425009722
     ],
     [
      -48.716124185,
      -25.425027426
     ],
     [
      -48.716190131,
      -25.425071384
     ],
     [
      -48.716283471,
      -25.425108809
     ],
     [
      -48.716310505,
      -25.425112193
     ],
     [
      -48.716376812,
      -25.425120743
     ],
     [
      -48.71643073,
      -25.425112193
     ]
    ]
   },
   "properties": {
    "tipo": "curva_nivel",
    "cota_m": 55,
    "equidistancia_m": 5
   }
  },
  {
   "type": "Feature",
   "geometry": {
    "type": "LineString",
    "coordinates": [
     [
      -48.700595306,
      -25.424773125
     ],
     [
      -48.700574425,
      -25.424857892
     ],
     [
      -48.700554978,
      -25.424942659
     ],
     [
      -48.700536959,
      -25.425027426
     ],
     [
      -48.700520326,
      -25.425112193
     ],
     [
      -48.700508959,
      -25.425175105
     ],
     [
      -48.700508959,
      -25.425175105
     ]
    ]
   },
   "properties": {
    "tipo": "curva_nivel",
    "cota_m": 55,
    "equidistancia_m": 5
   }
  },
  {
   "type": "Feature",
   "geometry": {
    "type": "LineString",
    "coordinates": [
     [
      -48.70050452,
      -25.42519696
     ],
     [
      -48.700488645,
      -25.425281727
     ],
     [
      -48.700473904,
      -25.425366494
     ],
     [
      -48.700460079,
      -25.425451261
     ],
     [
      -48.700446891,
      -25.425536029
     ],
     [
      -48.700434006,
      -25.425620796
     ],
     [
      -48.700421012,
      -25.425705563
     ],
     [
      -48.700415618,
      -25.425739616
     ],
     [
      -48.700406124,
      -25.42579033
     ],
     [
      -48.700388956,
      -25.425875097
     ],
     [
      -48.700369514,
      -25.425959864
     ],
     [
      -48.700346785,
      -25.426044631
     ],
     [
      -48.700322278,
      -25.426121138
     ],
     [
      -48.700322278,
      -25.426121138
     ]
    ]
   },
   "properties": {
    "tipo": "curva_nivel",
    "cota_m": 55,
    "equidistancia_m": 5
   }
  },
  {
   "type": "Feature",
   "geometry": {
    "type": "LineString",
    "coordinates": [
     [
      -48.699202194,
      -25.425653415
     ],
     [
      -48.699220039,
      -25.425705563
     ],
     [
      -48.699249225,
      -25.42579033
     ],
     [
      -48.699279174,
      -25.425875097
     ],
     [
      -48.699295534,
      -25.425919288
     ],
     [
      -48.699313261,
      -25.425959864
     ],
     [
      -48.699352722,
      -25.426044631
     ],
     [
      -48.699388875,
      -25.426116274
     ],
     [
      -48.699396941,
      -25.426129398
     ],
     [
      -48.699453942,
      -25.426214165
     ],
     [
      -48.699482215,
      -25.426252209
     ],
     [
      -48.699526246,
      -25.426298932
     ],
     [
      -48.699575555,
      -25.426346211
     ],
     [
      -48.699628333,
      -25.426383699
     ],
     [
      -48.699668896,
      -25.426409779
     ],
     [
      -48.699762236,
      -25.426449487
     ],
     [
      -48.699852823,
      -25.426468466
     ],
     [
      -48.699948917,
      -25.426467522
     ],
     [
      -48.700042257,
      -25.426442842
     ],
     [
      -48.700135597,
      -25.42639156
     ],
     [
      -48.700227767,
      -25.426298932
     ],
     [
      -48.700278504,
      -25.426214165
     ],
     [
      -48.70031896,
      -25.426129398
     ]
    ]
   },
   "properties": {
    "tipo": "curva_nivel",
    "cota_m": 55,
    "equidistancia_m": 5
   }
  },
  {
   "type": "Feature",
   "geometry": {
    "type": "LineString",
    "coordinates": [
     [
      -48.699892196,
      -25.426468466
     ],
     [
      -48.699855576,
      -25.426468994
     ],
     [
      -48.699852823,
      -25.426468466
     ]
    ]
   },
   "properties": {
    "tipo": "curva_nivel",
    "cota_m": 55,
    "equidistancia_m": 5
   }
  },
  {
   "type": "Feature",
   "geometry": {
    "type": "LineString",
    "coordinates": [
     [
      -48.719521304,
      -25.413414337
     ],
     [
      -48.719457042,
      -25.413436515
     ],
     [
      -48.719363701,
      -25.413474806
     ],
     [
      -48.719312749,
      -25.413499104
     ],
     [
      -48.719270361,
      -25.413520379
     ],
     [
      -48.719177021,
      -25.413574001
     ],
     [
      -48.719177021,
      -25.413574001
     ]
    ]
   },
   "properties": {
    "tipo": "curva_nivel",
    "cota_m": 60,
    "equidistancia_m": 5
   }
  },
  {
   "type": "Feature",
   "geometry": {
    "type": "LineString",
    "coordinates": [
     [
      -48.719161696,
      -25.413583871
     ],
     [
      -48.719083681,
      -25.413637213
     ],
     [
      -48.719042446,
      -25.413668638
     ],
     [
      -48.71899034,
      -25.413711102
     ],
     [
      -48.718943083,
      -25.413753405
     ],
     [
      -48.718897,
      -25.413797855
     ],
     [
      -48.718858458,
      -25.413838172
     ],
     [
      -48.71880366,
      -25.413900436
     ],
     [
      -48.71880366,
      -25.413900436
     ]
    ]
   },
   "properties": {
    "tipo": "curva_nivel",
    "cota_m": 60,
    "equidistancia_m": 5
   }
  },
  {
   "type": "Feature",
   "geometry": {
    "type": "LineString",
    "coordinates": [
     [
      -48.704506415,
      -25.413922939
     ],
     [
      -48.704506415,
      -25.413922939
     ],
     [
      -48.704429252,
      -25.413875581
     ],
     [
      -48.704361247,
      -25.413838172
     ],
     [
      -48.704335911,
      -25.413824927
     ],
     [
      -48.704242571,
      -25.413781616
     ],
     [
      -48.704172836,
      -25.413753405
     ],
     [
      -48.704149231,
      -25.413744258
     ],
     [
      -48.70405589,
      -25.413713244
     ],
     [
      -48.70396255,
      -25.413687389
     ],
     [
      -48.70386921,
      -25.413666672
     ],
     [
      -48.703878338,
      -25.413668638
     ],
     [
      -48.703775869,
      -25.413651426
     ],
     [
      -48.703682529,
      -25.413640986
     ],
     [
      -48.703589189,
      -25.41363534
     ],
     [
      -48.703495848,
      -25.413634505
     ],
     [
      -48.703402508,
      -25.413638526
     ],
     [
      -48.703309168,
      -25.41364748
     ],
     [
      -48.703215828,
      -25.413661474
     ],
     [
      -48.703215828,
      -25.413661474
     ]
    ]
   },
   "properties": {
    "tipo": "curva_nivel",
    "cota_m": 60,
    "equidistancia_m": 5
   }
  },
  {
   "type": "Feature",
   "geometry": {
    "type": "LineString",
    "coordinates": [
     [
      -48.703180618,
      -25.413668638
     ],
     [
      -48.703122487,
      -25.413681052
     ],
     [
      -48.703029147,
      -25.413706388
     ],
     [
      -48.702935807,
      -25.41373744
     ],
     [
      -48.702935807,
      -25.41373744
     ]
    ]
   },
   "properties": {
    "tipo": "curva_nivel",
    "cota_m": 60,
    "equidistancia_m": 5
   }
  },
  {
   "type": "Feature",
   "geometry": {
    "type": "LineString",
    "coordinates": [
     [
      -48.702895072,
      -25.413753405
     ],
     [
      -48.702842466,
      -25.413775251
     ],
     [
      -48.702749126,
      -25.413820095
     ],
     [
      -48.702749126,
      -25.413820095
     ]
    ]
   },
   "properties": {
    "tipo": "curva_nivel",
    "cota_m": 60,
    "equidistancia_m": 5
   }
  },
  {
   "type": "Feature",
   "geometry": {
    "type": "LineString",
    "coordinates": [
     [
      -48.702715906,
      -25.413838172
     ],
     [
      -48.702655786,
      -25.413873106
     ],
     [
      -48.702579283,
      -25.413922939
     ],
     [
      -48.702562445,
      -25.413934733
     ],
     [
      -48.702469105,
      -25.414006743
     ],
     [
      -48.702469105,
      -25.414006743
     ],
     [
      -48.702375765,
      -25.414091363
     ],
     [
      -48.702375765,
      -25.414091363
     ],
     [
      -48.702294783,
      -25.41417724
     ],
     [
      -48.702282424,
      -25.414191666
     ],
     [
      -48.70222555,
      -25.414262007
     ],
     [
      -48.702189084,
      -25.414312016
     ],
     [
      -48.702189084,
      -25.414312016
     ]
    ]
   },
   "properties": {
    "tipo": "curva_nivel",
    "cota_m": 60,
    "equidistancia_m": 5
   }
  },
  {
   "type": "Feature",
   "geometry": {
    "type": "LineString",
    "coordinates": [
     [
      -48.71878519,
      -25.413922939
     ],
     [
      -48.718721418,
      -25.414007706
     ],
     [
      -48.718710319,
      -25.4140239
     ],
     [
      -48.718665897,
      -25.414092473
     ],
     [
      -48.718616979,
      -25.414176783
     ],
     [
      -48.718616979,
      -25.414176783
     ],
     [
      -48.718574413,
      -25.414262007
     ],
     [
      -48.71853726,
      -25.414346774
     ],
     [
      -48.718523639,
      -25.414382416
     ],
     [
      -48.71850548,
      -25.414431542
     ],
     [
      -48.718478663,
      -25.414516309
     ],
     [
      -48.718456357,
      -25.414601076
     ],
     [
      -48.718438451,
      -25.414685843
     ],
     [
      -48.718430298,
      -25.414736676
     ],
     [
      -48.718430298,
      -25.414736676
     ]
    ]
   },
   "properties": {
    "tipo": "curva_nivel",
    "cota_m": 60,
    "equidistancia_m": 5
   }
  },
  {
   "type": "Feature",
   "geometry": {
    "type": "LineString",
    "coordinates": [
     [
      -48.704522592,
      -25.413933457
     ],
     [
      -48.704615932,
      -25.414000291
     ],
     [
      -48.704625431,
      -25.414007706
     ],
     [
      -48.704709273,
      -25.414077548
     ],
     [
      -48.704725845,
      -25.414092473
     ],
     [
      -48.704802613,
      -25.414166749
     ],
     [
      -48.704812734,
      -25.41417724
     ],
     [
      -48.704888383,
      -25.414262007
     ],
     [
      -48.704888383,
      -25.414262007
     ]
    ]
   },
   "properties": {
    "tipo": "curva_nivel",
    "cota_m": 60,
    "equidistancia_m": 5
   }
  },
  {
   "type": "Feature",
   "geometry": {
    "type": "LineString",
    "coordinates": [
     [
      -48.704895953,
      -25.414271248
     ],
     [
      -48.704954292,
      -25.414346774
     ],
     [
      -48.704989293,
      -25.414396557
     ],
     [
      -48.705012674,
      -25.414431542
     ],
     [
      -48.705063873,
      -25.414516309
     ],
     [
      -48.705063873,
      -25.414516309
     ]
    ]
   },
   "properties": {
    "tipo": "curva_nivel",
    "cota_m": 60,
    "equidistancia_m": 5
   }
  },
  {
   "type": "Feature",
   "geometry": {
    "type": "LineString",
    "coordinates": [
     [
      -48.702164912,
      -25.414346774
     ],
     [
      -48.702112001,
      -25.414431542
     ],
     [
      -48.702095744,
      -25.41446083
     ],
     [
      -48.702066008,
      -25.414516309
     ],
     [
      -48.702026071,
      -25.414601076
     ],
     [
      -48.702002403,
      -25.414659031
     ],
     [
      -48.702002403,
      -25.414659031
     ]
    ]
   },
   "properties": {
    "tipo": "curva_nivel",
    "cota_m": 60,
    "equidistancia_m": 5
   }
  },
  {
   "type": "Feature",
   "geometry": {
    "type": "LineString",
    "coordinates": [
     [
      -48.705082634,
      -25.414551046
     ],
     [
      -48.705108559,
      -25.414601076
     ],
     [
      -48.70514741,
      -25.414685843
     ],
     [
      -48.705175974,
      -25.414757322
     ],
     [
      -48.705181116,
      -25.41477061
     ],
     [
      -48.70520911,
      -25.414855377
     ],
     [
      -48.705232493,
      -25.414940144
     ],
     [
      -48.705251329,
      -25.415024911
     ],
     [
      -48.705265671,
      -25.415109678
     ],
     [
      -48.705275359,
      -25.415194445
     ],
     [
      -48.705280634,
      -25.415279212
     ],
     [
      -48.705281618,
      -25.415363979
     ],
     [
      -48.705278299,
      -25.415448746
     ],
     [
      -48.705270649,
      -25.415533514
     ],
     [
      -48.705269314,
      -25.415543143
     ],
     [
      -48.705258263,
      -25.415618281
     ],
     [
      -48.705241219,
      -25.415703048
     ],
     [
      -48.705219442,
      -25.415787815
     ],
     [
      -48.705192768,
      -25.415872582
     ],
     [
      -48.705175974,
      -25.415918188
     ],
     [
      -48.705175974,
      -25.415918188
     ]
    ]
   },
   "properties": {
    "tipo": "curva_nivel",
    "cota_m": 60,
    "equidistancia_m": 5
   }
  },
  {
   "type": "Feature",
   "geometry": {
    "type": "LineString",
    "coordinates": [
     [
      -48.701991708,
      -25.414685843
     ],
     [
      -48.701962832,
      -25.41477061
     ],
     [
      -48.701938789,
      -25.414855377
     ],
     [
      -48.70191942,
      -25.414940144
     ],
     [
      -48.701909063,
      -25.414999454
     ],
     [
      -48.701909063,
      -25.414999454
     ]
    ]
   },
   "properties": {
    "tipo": "curva_nivel",
    "cota_m": 60,
    "equidistancia_m": 5
   }
  },
  {
   "type": "Feature",
   "geometry": {
    "type": "LineString",
    "coordinates": [
     [
      -48.718424954,
      -25.41477061
     ],
     [
      -48.718415772,
      -25.414855377
     ],
     [
      -48.718410718,
      -25.414940144
     ],
     [
      -48.718409765,
      -25.415024911
     ],
     [
      -48.718412905,
      -25.415109678
     ],
     [
      -48.718420144,
      -25.415194445
     ],
     [
      -48.718430298,
      -25.415270302
     ],
     [
      -48.718431527,
      -25.415279212
     ],
     [
      -48.718447322,
      -25.415363979
     ],
     [
      -48.718467419,
      -25.415448746
     ],
     [
      -48.718491911,
      -25.415533514
     ],
     [
      -48.718520916,
      -25.415618281
     ],
     [
      -48.718555256,
      -25.415703048
     ],
     [
      -48.718594618,
      -25.415787815
     ],
     [
      -48.718616979,
      -25.41583099
     ],
     [
      -48.71863978,
      -25.415872582
     ],
     [
      -48.718691198,
      -25.415957349
     ],
     [
      -48.718691198,
      -25.415957349
     ]
    ]
   },
   "properties": {
    "tipo": "curva_nivel",
    "cota_m": 60,
    "equidistancia_m": 5
   }
  },
  {
   "type": "Feature",
   "geometry": {
    "type": "LineString",
    "coordinates": [
     [
      -48.701904652,
      -25.415024911
     ],
     [
      -48.701894398,
      -25.415109678
     ],
     [
      -48.701888427,
      -25.415194445
     ],
     [
      -48.701886675,
      -25.415279212
     ],
     [
      -48.701889097,
      -25.415363979
     ],
     [
      -48.701895669,
      -25.415448746
     ],
     [
      -48.701906392,
      -25.415533514
     ],
     [
      -48.701921474,
      -25.415618281
     ],
     [
      -48.701940899,
      -25.415703048
     ],
     [
      -48.701964723,
      -25.415787815
     ],
     [
      -48.701993091,
      -25.415872582
     ],
     [
      -48.701993091,
      -25.415872582
     ]
    ]
   },
   "properties": {
    "tipo": "curva_nivel",
    "cota_m": 60,
    "equidistancia_m": 5
   }
  },
  {
   "type": "Feature",
   "geometry": {
    "type": "LineString",
    "coordinates": [
     [
      -48.702002403,
      -25.415897107
     ],
     [
      -48.702026721,
      -25.415957349
     ],
     [
      -48.702065708,
      -25.416042116
     ],
     [
      -48.702095744,
      -25.416100181
     ],
     [
      -48.702110656,
      -25.416126883
     ],
     [
      -48.702162743,
      -25.41621165
     ],
     [
      -48.702189084,
      -25.416250657
     ],
     [
      -48.702223057,
      -25.416296417
     ],
     [
      -48.702282424,
      -25.416369312
     ],
     [
      -48.702293205,
      -25.416381184
     ],
     [
      -48.702375765,
      -25.416465348
     ],
     [
      -48.702376435,
      -25.416465951
     ],
     [
      -48.702469105,
      -25.416544205
     ],
     [
      -48.702478006,
      -25.416550718
     ],
     [
      -48.702562445,
      -25.416609424
     ],
     [
      -48.702606666,
      -25.416635486
     ],
     [
      -48.702655786,
      -25.41666331
     ],
     [
      -48.702749126,
      -25.416707709
     ],
     [
      -48.702780423,
      -25.416720253
     ],
     [
      -48.702842466,
      -25.416744528
     ],
     [
      -48.702935807,
      -25.416774586
     ],
     [
      -48.703029147,
      -25.41679868
     ],
     [
      -48.703059554,
      -25.41680502
     ],
     [
      -48.703122487,
      -25.416818078
     ],
     [
      -48.703215828,
      -25.416833066
     ],
     [
      -48.703309168,
      -25.41684397
     ],
     [
      -48.703402508,
      -25.416851168
     ],
     [
      -48.703495848,
      -25.416854922
     ],
     [
      -48.703589189,
      -25.416855386
     ],
     [
      -48.703682529,
      -25.416852627
     ],
     [
      -48.703775869,
      -25.416846621
     ],
     [
      -48.70386921,
      -25.416837261
     ],
     [
      -48.70396255,
      -25.416824344
     ],
     [
      -48.70405589,
      -25.416807562
     ],
     [
      -48.704149231,
      -25.416786986
     ],
     [
      -48.704242571,
      -25.416761773
     ],
     [
      -48.704335911,
      -25.416731129
     ],
     [
      -48.704429252,
      -25.4166947
     ],
     [
      -48.704522592,
      -25.416651146
     ],
     [
      -48.704615932,
      -25.416599325
     ],
     [
      -48.704689756,
      -25.416550718
     ],
     [
      -48.704709273,
      -25.41653727
     ],
     [
      -48.704798829,
      -25.416465951
     ],
     [
      -48.704887335,
      -25.416381184
     ],
     [
      -48.704895953,
      -25.416372244
     ],
     [
      -48.704960935,
      -25.416296417
     ],
     [
      -48.704989293,
      -25.416260121
     ],
     [
      -48.705023364,
      -25.41621165
     ],
     [
      -48.705076854,
      -25.416126883
     ],
     [
      -48.705082634,
      -25.416116804
     ],
     [
      -48.705121757,
      -25.416042116
     ],
     [
      -48.705160397,
      -25.415957349
     ]
    ]
   },
   "properties": {
    "tipo": "curva_nivel",
    "cota_m": 60,
    "equidistancia_m": 5
   }
  },
  {
   "type": "Feature",
   "geometry": {
    "type": "LineString",
    "coordinates": [
     [
      -48.718710319,
      -25.415986246
     ],
     [
      -48.718749881,
      -25.416042116
     ],
     [
      -48.71880366,
      -25.416111652
     ],
     [
      -48.718816369,
      -25.416126883
     ],
     [
      -48.718892468,
      -25.41621165
     ],
     [
      -48.718980359,
      -25.416296417
     ],
     [
      -48.718980359,
      -25.416296417
     ]
    ]
   },
   "properties": {
    "tipo": "curva_nivel",
    "cota_m": 60,
    "equidistancia_m": 5
   }
  },
  {
   "type": "Feature",
   "geometry": {
    "type": "LineString",
    "coordinates": [
     [
      -48.71899034,
      -25.416305462
     ],
     [
      -48.719082424,
      -25.416381184
     ],
     [
      -48.719177021,
      -25.416448715
     ],
     [
      -48.71920405,
      -25.416465951
     ],
     [
      -48.719270361,
      -25.41650679
     ],
     [
      -48.719350926,
      -25.416550718
     ],
     [
      -48.719350926,
      -25.416550718
     ]
    ]
   },
   "properties": {
    "tipo": "curva_nivel",
    "cota_m": 60,
    "equidistancia_m": 5
   }
  },
  {
   "type": "Feature",
   "geometry": {
    "type": "LineString",
    "coordinates": [
     [
      -48.719363701,
      -25.416557507
     ],
     [
      -48.719457042,
      -25.41660206
     ],
     [
      -48.719537037,
      -25.416635486
     ],
     [
      -48.719537037,
      -25.416635486
     ]
    ]
   },
   "properties": {
    "tipo": "curva_nivel",
    "cota_m": 60,
    "equidistancia_m": 5
   }
  },
  {
   "type": "Feature",
   "geometry": {
    "type": "LineString",
    "coordinates": [
     [
      -48.699202194,
      -25.418240595
     ],
     [
      -48.699202194,
      -25.418240595
     ],
     [
      -48.699295534,
      -25.418200145
     ],
     [
      -48.699388875,
      -25.418164085
     ],
     [
      -48.699396915,
      -25.418161293
     ],
     [
      -48.699482215,
      -25.418131743
     ],
     [
      -48.699575555,
      -25.41810307
     ],
     [
      -48.699668896,
      -25.418077788
     ],
     [
      -48.699674203,
      -25.418076526
     ],
     [
      -48.699762236,
      -25.418055373
     ],
     [
      -48.699855576,
      -25.41803592
     ],
     [
      -48.699948917,
      -25.418019272
     ],
     [
      -48.700042257,
      -25.418005298
     ],
     [
      -48.700135597,
      -25.417993904
     ],
     [
      -48.700158401,
      -25.417991759
     ],
     [
      -48.700228938,
      -25.417984905
     ],
     [
      -48.700322278,
      -25.417978406
     ],
     [
      -48.700415618,
      -25.417974466
     ],
     [
      -48.700508959,
      -25.417973145
     ],
     [
      -48.700602299,
      -25.41797455
     ],
     [
      -48.700695639,
      -25.417978843
     ],
     [
      -48.700788979,
      -25.417986247
     ],
     [
      -48.700837516,
      -25.417991759
     ],
     [
      -48.700837516,
      -25.417991759
     ]
    ]
   },
   "properties": {
    "tipo": "curva_nivel",
    "cota_m": 60,
    "equidistancia_m": 5
   }
  },
  {
   "type": "Feature",
   "geometry": {
    "type": "LineString",
    "coordinates": [
     [
      -48.706576079,
      -25.418071405
     ],
     [
      -48.706576079,
      -25.418071405
     ],
     [
      -48.706669419,
      -25.418055738
     ],
     [
      -48.706762759,
      -25.418043128
     ],
     [
      -48.7068561,
      -25.418033285
     ],
     [
      -48.70694944,
      -25.418025976
     ],
     [
      -48.70704278,
      -25.418021016
     ],
     [
      -48.707136121,
      -25.418018261
     ],
     [
      -48.707229461,
      -25.418017601
     ],
     [
      -48.707322801,
      -25.418018957
     ],
     [
      -48.707416142,
      -25.418022274
     ],
     [
      -48.707509482,
      -25.418027523
     ],
     [
      -48.707602822,
      -25.418034697
     ],
     [
      -48.707696163,
      -25.418043811
     ],
     [
      -48.707789503,
      -25.418054899
     ],
     [
      -48.707882843,
      -25.418068017
     ],
     [
      -48.70793497,
      -25.418076526
     ],
     [
      -48.70793497,
      -25.418076526
     ]
    ]
   },
   "properties": {
    "tipo": "curva_nivel",
    "cota_m": 60,
    "equidistancia_m": 5
   }
  },
  {
   "type": "Feature",
   "geometry": {
    "type": "LineString",
    "coordinates": [
     [
      -48.70088232,
      -25.417996921
     ],
     [
      -48.70097566,
      -25.418011106
     ],
     [
      -48.701069,
      -25.418029398
     ],
     [
      -48.701162341,
      -25.418052386
     ],
     [
      -48.701242258,
      -25.418076526
     ],
     [
      -48.701242258,
      -25.418076526
     ]
    ]
   },
   "properties": {
    "tipo": "curva_nivel",
    "cota_m": 60,
    "equidistancia_m": 5
   }
  },
  {
   "type": "Feature",
   "geometry": {
    "type": "LineString",
    "coordinates": [
     [
      -48.707976183,
      -25.418083179
     ],
     [
      -48.708069524,
      -25.418100442
     ],
     [
      -48.708162864,
      -25.418120006
     ],
     [
      -48.708256204,
      -25.418142011
     ],
     [
      -48.708329455,
      -25.418161293
     ],
     [
      -48.708329455,
      -25.418161293
     ]
    ]
   },
   "properties": {
    "tipo": "curva_nivel",
    "cota_m": 60,
    "equidistancia_m": 5
   }
  },
  {
   "type": "Feature",
   "geometry": {
    "type": "LineString",
    "coordinates": [
     [
      -48.706550157,
      -25.418076526
     ],
     [
      -48.706482738,
      -25.418090196
     ],
     [
      -48.706389398,
      -25.418112591
     ],
     [
      -48.706296058,
      -25.418139195
     ],
     [
      -48.706229342,
      -25.418161293
     ],
     [
      -48.706202718,
      -25.418170422
     ],
     [
      -48.706109377,
      -25.418206497
     ],
     [
      -48.706021643,
      -25.41824606
     ],
     [
      -48.706016037,
      -25.418248693
     ],
     [
      -48.705922697,
      -25.418296878
     ],
     [
      -48.705864734,
      -25.418330827
     ],
     [
      -48.705829356,
      -25.418352529
     ],
     [
      -48.705736956,
      -25.418415594
     ],
     [
      -48.705736016,
      -25.418416269
     ],
     [
      -48.705642676,
      -25.418488537
     ],
     [
      -48.705642676,
      -25.418488537
     ]
    ]
   },
   "properties": {
    "tipo": "curva_nivel",
    "cota_m": 60,
    "equidistancia_m": 5
   }
  },
  {
   "type": "Feature",
   "geometry": {
    "type": "LineString",
    "coordinates": [
     [
      -48.701255681,
      -25.418080694
     ],
     [
      -48.701349021,
      -25.418114352
     ],
     [
      -48.701442362,
      -25.418155149
     ],
     [
      -48.701454742,
      -25.418161293
     ],
     [
      -48.701535702,
      -25.418202995
     ],
     [
      -48.701607216,
      -25.41824606
     ],
     [
      -48.701607216,
      -25.41824606
     ]
    ]
   },
   "properties": {
    "tipo": "curva_nivel",
    "cota_m": 60,
    "equidistancia_m": 5
   }
  },
  {
   "type": "Feature",
   "geometry": {
    "type": "LineString",
    "coordinates": [
     [
      -48.708349545,
      -25.418166591
     ],
     [
      -48.708442885,
      -25.41819381
     ],
     [
      -48.708536225,
      -25.418224017
     ],
     [
      -48.708598072,
      -25.41824606
     ],
     [
      -48.708598072,
      -25.41824606
     ]
    ]
   },
   "properties": {
    "tipo": "curva_nivel",
    "cota_m": 60,
    "equidistancia_m": 5
   }
  },
  {
   "type": "Feature",
   "geometry": {
    "type": "LineString",
    "coordinates": [
     [
      -48.708629566,
      -25.418257412
     ],
     [
      -48.708722906,
      -25.418294187
     ],
     [
      -48.70880737,
      -25.418330827
     ],
     [
      -48.70880737,
      -25.418330827
     ]
    ]
   },
   "properties": {
    "tipo": "curva_nivel",
    "cota_m": 60,
    "equidistancia_m": 5
   }
  },
  {
   "type": "Feature",
   "geometry": {
    "type": "LineString",
    "coordinates": [
     [
      -48.701994989,
      -25.418585128
     ],
     [
      -48.701994989,
      -25.418585128
     ],
     [
      -48.701917374,
      -25.418500361
     ],
     [
      -48.701909063,
      -25.41849174
     ],
     [
      -48.701829688,
      -25.418415594
     ],
     [
      -48.701815723,
      -25.418402894
     ],
     [
      -48.701722383,
      -25.41832607
     ],
     [
      -48.701728433,
      -25.418330827
     ],
     [
      -48.701629042,
      -25.418259774
     ]
    ]
   },
   "properties": {
    "tipo": "curva_nivel",
    "cota_m": 60,
    "equidistancia_m": 5
   }
  },
  {
   "type": "Feature",
   "geometry": {
    "type": "LineString",
    "coordinates": [
     [
      -48.69919073,
      -25.41824606
     ],
     [
      -48.699108854,
      -25.418285659
     ],
     [
      -48.699024933,
      -25.418330827
     ],
     [
      -48.699015514,
      -25.418336005
     ],
     [
      -48.698922173,
      -25.41839214
     ],
     [
      -48.698922173,
      -25.41839214
     ]
    ]
   },
   "properties": {
    "tipo": "curva_nivel",
    "cota_m": 60,
    "equidistancia_m": 5
   }
  },
  {
   "type": "Feature",
   "geometry": {
    "type": "LineString",
    "coordinates": [
     [
      -48.708816246,
      -25.418334748
     ],
     [
      -48.708909587,
      -25.418379335
     ],
     [
      -48.708979002,
      -25.418415594
     ],
     [
      -48.708979002,
      -25.418415594
     ]
    ]
   },
   "properties": {
    "tipo": "curva_nivel",
    "cota_m": 60,
    "equidistancia_m": 5
   }
  },
  {
   "type": "Feature",
   "geometry": {
    "type": "LineString",
    "coordinates": [
     [
      -48.709002927,
      -25.418428406
     ],
     [
      -48.709096267,
      -25.418482345
     ],
     [
      -48.709125215,
      -25.418500361
     ],
     [
      -48.709189607,
      -25.4185417
     ],
     [
      -48.709252443,
      -25.418585128
     ],
     [
      -48.709252443,
      -25.418585128
     ]
    ]
   },
   "properties": {
    "tipo": "curva_nivel",
    "cota_m": 60,
    "equidistancia_m": 5
   }
  },
  {
   "type": "Feature",
   "geometry": {
    "type": "LineString",
    "coordinates": [
     [
      -48.698886624,
      -25.418415594
     ],
     [
      -48.698828833,
      -25.418454883
     ],
     [
      -48.698767575,
      -25.418500361
     ],
     [
      -48.698735493,
      -25.41852507
     ],
     [
      -48.69866357,
      -25.418585128
     ],
     [
      -48.698642152,
      -25.418603808
     ],
     [
      -48.698571764,
      -25.418669895
     ],
     [
      -48.698548812,
      -25.41869256
     ],
     [
      -48.698489969,
      -25.418754662
     ],
     [
      -48.698455472,
      -25.418793226
     ],
     [
      -48.698416526,
      -25.41883943
     ],
     [
      -48.698362131,
      -25.418908276
     ],
     [
      -48.698362131,
      -25.418908276
     ]
    ]
   },
   "properties": {
    "tipo": "curva_nivel",
    "cota_m": 60,
    "equidistancia_m": 5
   }
  },
  {
   "type": "Feature",
   "geometry": {
    "type": "LineString",
    "coordinates": [
     [
      -48.715536749,
      -25.418746666
     ],
     [
      -48.715536749,
      -25.418746666
     ],
     [
      -48.715630089,
      -25.418704971
     ],
     [
      -48.715723429,
      -25.418667942
     ],
     [
      -48.715723429,
      -25.418667942
     ],
     [
      -48.71581677,
      -25.418635915
     ],
     [
      -48.71591011,
      -25.418608025
     ],
     [
      -48.71600345,
      -25.41858412
     ],
     [
      -48.71600345,
      -25.41858412
     ],
     [
      -48.716096791,
      -25.418564335
     ],
     [
      -48.716190131,
      -25.418548235
     ],
     [
      -48.716283471,
      -25.418535748
     ],
     [
      -48.716376812,
      -25.418526838
     ],
     [
      -48.716470152,
      -25.418521504
     ],
     [
      -48.716563492,
      -25.418519781
     ],
     [
      -48.716656832,
      -25.418521743
     ],
     [
      -48.716750173,
      -25.418527506
     ],
     [
      -48.716843513,
      -25.41853723
     ],
     [
      -48.716936853,
      -25.418551128
     ],
     [
      -48.717030194,
      -25.41856947
     ],
     [
      -48.717094038,
      -25.418585128
     ],
     [
      -48.717094038,
      -25.418585128
     ]
    ]
   },
   "properties": {
    "tipo": "curva_nivel",
    "cota_m": 60,
    "equidistancia_m": 5
   }
  },
  {
   "type": "Feature",
   "geometry": {
    "type": "LineString",
    "coordinates": [
     [
      -48.705628577,
      -25.418500361
     ],
     [
      -48.705549335,
      -25.418570556
     ],
     [
      -48.705549335,
      -25.418570556
     ]
    ]
   },
   "properties": {
    "tipo": "curva_nivel",
    "cota_m": 60,
    "equidistancia_m": 5
   }
  },
  {
   "type": "Feature",
   "geometry": {
    "type": "LineString",
    "coordinates": [
     [
      -48.717123534,
      -25.418592686
     ],
     [
      -48.717216874,
      -25.418621321
     ],
     [
      -48.717310215,
      -25.418655667
     ],
     [
      -48.717343758,
      -25.418669895
     ],
     [
      -48.717403555,
      -25.418696733
     ],
     [
      -48.717496895,
      -25.418745072
     ],
     [
      -48.717513448,
      -25.418754662
     ],
     [
      -48.717590236,
      -25.418802234
     ],
     [
      -48.717643755,
      -25.41883943
     ],
     [
      -48.717683576,
      -25.418869281
     ],
     [
      -48.717750094,
      -25.418924197
     ],
     [
      -48.717750094,
      -25.418924197
     ]
    ]
   },
   "properties": {
    "tipo": "curva_nivel",
    "cota_m": 60,
    "equidistancia_m": 5
   }
  },
  {
   "type": "Feature",
   "geometry": {
    "type": "LineString",
    "coordinates": [
     [
      -48.709282948,
      -25.418606977
     ],
     [
      -48.709365099,
      -25.418669895
     ],
     [
      -48.709365099,
      -25.418669895
     ]
    ]
   },
   "properties": {
    "tipo": "curva_nivel",
    "cota_m": 60,
    "equidistancia_m": 5
   }
  },
  {
   "type": "Feature",
   "geometry": {
    "type": "LineString",
    "coordinates": [
     [
      -48.705533912,
      -25.418585128
     ],
     [
      -48.705455995,
      -25.418663151
     ],
     [
      -48.705455995,
      -25.418663151
     ]
    ]
   },
   "properties": {
    "tipo": "curva_nivel",
    "cota_m": 60,
    "equidistancia_m": 5
   }
  },
  {
   "type": "Feature",
   "geometry": {
    "type": "LineString",
    "coordinates": [
     [
      -48.702002403,
      -25.418593691
     ],
     [
      -48.702064902,
      -25.418669895
     ],
     [
      -48.702095744,
      -25.418710119
     ],
     [
      -48.702128539,
      -25.418754662
     ],
     [
      -48.702186731,
      -25.41883943
     ],
     [
      -48.702240775,
      -25.418924197
     ],
     [
      -48.702282424,
      -25.418995211
     ],
     [
      -48.702290408,
      -25.419008964
     ],
     [
      -48.702336774,
      -25.419093731
     ],
     [
      -48.702375765,
      -25.419171662
     ],
     [
      -48.702379205,
      -25.419178498
     ],
     [
      -48.702419051,
      -25.419263265
     ],
     [
      -48.702455167,
      -25.419348032
     ],
     [
      -48.702455167,
      -25.419348032
     ]
    ]
   },
   "properties": {
    "tipo": "curva_nivel",
    "cota_m": 60,
    "equidistancia_m": 5
   }
  },
  {
   "type": "Feature",
   "geometry": {
    "type": "LineString",
    "coordinates": [
     [
      -48.709376288,
      -25.418678817
     ],
     [
      -48.709465848,
      -25.418754662
     ],
     [
      -48.709556767,
      -25.41883943
     ],
     [
      -48.70963946,
      -25.418924197
     ],
     [
      -48.70963946,
      -25.418924197
     ]
    ]
   },
   "properties": {
    "tipo": "curva_nivel",
    "cota_m": 60,
    "equidistancia_m": 5
   }
  },
  {
   "type": "Feature",
   "geometry": {
    "type": "LineString",
    "coordinates": [
     [
      -48.705449588,
      -25.418669895
     ],
     [
      -48.705373205,
      -25.418754662
     ],
     [
      -48.705362655,
      -25.418767099
     ],
     [
      -48.705303144,
      -25.41883943
     ],
     [
      -48.705269314,
      -25.418883475
     ],
     [
      -48.705238623,
      -25.418924197
     ],
     [
      -48.705179047,
      -25.419008964
     ],
     [
      -48.705175974,
      -25.419013582
     ],
     [
      -48.705122818,
      -25.419093731
     ],
     [
      -48.705082634,
      -25.419159399
     ],
     [
      -48.705082634,
      -25.419159399
     ]
    ]
   },
   "properties": {
    "tipo": "curva_nivel",
    "cota_m": 60,
    "equidistancia_m": 5
   }
  },
  {
   "type": "Feature",
   "geometry": {
    "type": "LineString",
    "coordinates": [
     [
      -48.715520559,
      -25.418754662
     ],
     [
      -48.715443408,
      -25.418794184
     ],
     [
      -48.715363518,
      -25.41883943
     ],
     [
      -48.715350068,
      -25.418847386
     ],
     [
      -48.715256728,
      -25.418907628
     ],
     [
      -48.715256728,
      -25.418907628
     ]
    ]
   },
   "properties": {
    "tipo": "curva_nivel",
    "cota_m": 60,
    "equidistancia_m": 5
   }
  },
  {
   "type": "Feature",
   "geometry": {
    "type": "LineString",
    "coordinates": [
     [
      -48.717776916,
      -25.418948306
     ],
     [
      -48.717839176,
      -25.419008964
     ],
     [
      -48.717870256,
      -25.419042267
     ],
     [
      -48.717915195,
      -25.419093731
     ],
     [
      -48.717963597,
      -25.419155368
     ],
     [
      -48.717980809,
      -25.419178498
     ],
     [
      -48.718037522,
      -25.419263265
     ],
     [
      -48.718037522,
      -25.419263265
     ]
    ]
   },
   "properties": {
    "tipo": "curva_nivel",
    "cota_m": 60,
    "equidistancia_m": 5
   }
  },
  {
   "type": "Feature",
   "geometry": {
    "type": "LineString",
    "coordinates": [
     [
      -48.715233077,
      -25.418924197
     ],
     [
      -48.715163387,
      -25.418975613
     ],
     [
      -48.715121482,
      -25.419008964
     ],
     [
      -48.715070047,
      -25.419052381
     ],
     [
      -48.715024265,
      -25.419093731
     ],
     [
      -48.714976707,
      -25.419139615
     ],
     [
      -48.71493874,
      -25.419178498
     ],
     [
      -48.714883367,
      -25.419239517
     ],
     [
      -48.714883367,
      -25.419239517
     ]
    ]
   },
   "properties": {
    "tipo": "curva_nivel",
    "cota_m": 60,
    "equidistancia_m": 5
   }
  },
  {
   "type": "Feature",
   "geometry": {
    "type": "LineString",
    "coordinates": [
     [
      -48.709656309,
      -25.418942477
     ],
     [
      -48.709715156,
      -25.419008964
     ],
     [
      -48.709749649,
      -25.419050237
     ],
     [
      -48.709784781,
      -25.419093731
     ],
     [
      -48.70984299,
      -25.419170346
     ],
     [
      -48.709849013,
      -25.419178498
     ],
     [
      -48.709908283,
      -25.419263265
     ],
     [
      -48.70993633,
      -25.419306152
     ],
     [
      -48.709963198,
      -25.419348032
     ],
     [
      -48.71001404,
      -25.419432799
     ],
     [
      -48.71001404,
      -25.419432799
     ]
    ]
   },
   "properties": {
    "tipo": "curva_nivel",
    "cota_m": 60,
    "equidistancia_m": 5
   }
  },
  {
   "type": "Feature",
   "geometry": {
    "type": "LineString",
    "coordinates": [
     [
      -48.698350195,
      -25.418924197
     ],
     [
      -48.698290553,
      -25.419008964
     ],
     [
      -48.698268791,
      -25.419042282
     ],
     [
      -48.69823661,
      -25.419093731
     ],
     [
      -48.698187789,
      -25.419178498
     ],
     [
      -48.698175451,
      -25.419201789
     ],
     [
      -48.698143978,
      -25.419263265
     ],
     [
      -48.698104595,
      -25.419348032
     ],
     [
      -48.69808211,
      -25.419401778
     ],
     [
      -48.69808211,
      -25.419401778
     ]
    ]
   },
   "properties": {
    "tipo": "curva_nivel",
    "cota_m": 60,
    "equidistancia_m": 5
   }
  },
  {
   "type": "Feature",
   "geometry": {
    "type": "LineString",
    "coordinates": [
     [
      -48.705070858,
      -25.419178498
     ],
     [
      -48.70502173,
      -25.419263265
     ],
     [
      -48.704989293,
      -25.419324003
     ],
     [
      -48.704989293,
      -25.419324003
     ]
    ]
   },
   "properties": {
    "tipo": "curva_nivel",
    "cota_m": 60,
    "equidistancia_m": 5
   }
  },
  {
   "type": "Feature",
   "geometry": {
    "type": "LineString",
    "coordinates": [
     [
      -48.718056937,
      -25.419295983
     ],
     [
      -48.718086684,
      -25.419348032
     ],
     [
      -48.718129104,
      -25.419432799
     ],
     [
      -48.718150277,
      -25.419481713
     ],
     [
      -48.718165444,
      -25.419517566
     ],
     [
      -48.718196128,
      -25.419602333
     ],
     [
      -48.718221502,
      -25.4196871
     ],
     [
      -48.718241831,
      -25.419771867
     ],
     [
      -48.718257417,
      -25.419856634
     ],
     [
      -48.718268324,
      -25.419941402
     ],
     [
      -48.718274671,
      -25.420026169
     ],
     [
      -48.718276556,
      -25.420110936
     ],
     [
      -48.718274047,
      -25.420195703
     ],
     [
      -48.718267183,
      -25.42028047
     ],
     [
      -48.718255978,
      -25.420365237
     ],
     [
      -48.718243618,
      -25.420432729
     ],
     [
      -48.718243618,
      -25.420432729
     ]
    ]
   },
   "properties": {
    "tipo": "curva_nivel",
    "cota_m": 60,
    "equidistancia_m": 5
   }
  },
  {
   "type": "Feature",
   "geometry": {
    "type": "LineString",
    "coordinates": [
     [
      -48.714862906,
      -25.419263265
     ],
     [
      -48.714795455,
      -25.419348032
     ],
     [
      -48.714790026,
      -25.419355457
     ],
     [
      -48.714735816,
      -25.419432799
     ],
     [
      -48.714696686,
      -25.419494296
     ],
     [
      -48.714696686,
      -25.419494296
     ]
    ]
   },
   "properties": {
    "tipo": "curva_nivel",
    "cota_m": 60,
    "equidistancia_m": 5
   }
  },
  {
   "type": "Feature",
   "geometry": {
    "type": "LineString",
    "coordinates": [
     [
      -48.704976181,
      -25.419348032
     ],
     [
      -48.704933053,
      -25.419432799
     ],
     [
      -48.704895953,
      -25.419512692
     ],
     [
      -48.704895953,
      -25.419512692
     ],
     [
      -48.704855715,
      -25.419602333
     ],
     [
      -48.704821366,
      -25.4196871
     ],
     [
      -48.704802613,
      -25.419738013
     ],
     [
      -48.704802613,
      -25.419738013
     ]
    ]
   },
   "properties": {
    "tipo": "curva_nivel",
    "cota_m": 60,
    "equidistancia_m": 5
   }
  },
  {
   "type": "Feature",
   "geometry": {
    "type": "LineString",
    "coordinates": [
     [
      -48.702469105,
      -25.419383986
     ],
     [
      -48.702488516,
      -25.419432799
     ],
     [
      -48.702518884,
      -25.419517566
     ],
     [
      -48.702545771,
      -25.419602333
     ],
     [
      -48.702562445,
      -25.419662369
     ],
     [
      -48.702569629,
      -25.4196871
     ],
     [
      -48.702590896,
      -25.419771867
     ],
     [
      -48.70260875,
      -25.419856634
     ],
     [
      -48.702623249,
      -25.419941402
     ],
     [
      -48.702634451,
      -25.420026169
     ],
     [
      -48.702642408,
      -25.420110936
     ],
     [
      -48.702647175,
      -25.420195703
     ],
     [
      -48.702648805,
      -25.42028047
     ],
     [
      -48.702647352,
      -25.420365237
     ],
     [
      -48.702642874,
      -25.420450004
     ],
     [
      -48.702635427,
      -25.420534771
     ],
     [
      -48.702625074,
      -25.420619538
     ],
     [
      -48.702611877,
      -25.420704305
     ],
     [
      -48.7025959,
      -25.420789072
     ],
     [
      -48.702577211,
      -25.420873839
     ],
     [
      -48.702562445,
      -25.420933338
     ],
     [
      -48.702562445,
      -25.420933338
     ]
    ]
   },
   "properties": {
    "tipo": "curva_nivel",
    "cota_m": 60,
    "equidistancia_m": 5
   }
  },
  {
   "type": "Feature",
   "geometry": {
    "type": "LineString",
    "coordinates": [
     [
      -48.71002967,
      -25.419460701
     ],
     [
      -48.710061183,
      -25.419517566
     ],
     [
      -48.710104807,
      -25.419602333
     ],
     [
      -48.710104807,
      -25.419602333
     ]
    ]
   },
   "properties": {
    "tipo": "curva_nivel",
    "cota_m": 60,
    "equidistancia_m": 5
   }
  },
  {
   "type": "Feature",
   "geometry": {
    "type": "LineString",
    "coordinates": [
     [
      -48.698069456,
      -25.419432799
     ],
     [
      -48.698038523,
      -25.419517566
     ],
     [
      -48.698011406,
      -25.419602333
     ],
     [
      -48.69798877,
      -25.419684399
     ]
    ]
   },
   "properties": {
    "tipo": "curva_nivel",
    "cota_m": 60,
    "equidistancia_m": 5
   }
  },
  {
   "type": "Feature",
   "geometry": {
    "type": "LineString",
    "coordinates": [
     [
      -48.714682383,
      -25.419517566
     ],
     [
      -48.714635253,
      -25.419602333
     ],
     [
      -48.714603346,
      -25.419666635
     ],
     [
      -48.714603346,
      -25.419666635
     ]
    ]
   },
   "properties": {
    "tipo": "curva_nivel",
    "cota_m": 60,
    "equidistancia_m": 5
   }
  },
  {
   "type": "Feature",
   "geometry": {
    "type": "LineString",
    "coordinates": [
     [
      -48.710123011,
      -25.419640455
     ],
     [
      -48.710145226,
      -25.4196871
     ],
     [
      -48.710182584,
      -25.419771867
     ],
     [
      -48.710216351,
      -25.419855149
     ],
     [
      -48.710216957,
      -25.419856634
     ],
     [
      -48.710248833,
      -25.419941402
     ],
     [
      -48.710278034,
      -25.420026169
     ],
     [
      -48.710304731,
      -25.420110936
     ],
     [
      -48.710329376,
      -25.420195703
     ],
     [
      -48.710351902,
      -25.42028047
     ],
     [
      -48.710372423,
      -25.420365237
     ],
     [
      -48.710391135,
      -25.420450004
     ],
     [
      -48.710403032,
      -25.420509152
     ],
     [
      -48.710408339,
      -25.420534771
     ],
     [
      -48.710424349,
      -25.420619538
     ],
     [
      -48.71043919,
      -25.420704305
     ],
     [
      -48.71045313,
      -25.420789072
     ],
     [
      -48.710466464,
      -25.420873839
     ],
     [
      -48.710479519,
      -25.420958606
     ],
     [
      -48.710492665,
      -25.421043374
     ],
     [
      -48.710506525,
      -25.421128141
     ],
     [
      -48.710521459,
      -25.421212908
     ],
     [
      -48.710537946,
      -25.421297675
     ],
     [
      -48.71055664,
      -25.421382442
     ],
     [
      -48.710578311,
      -25.421467209
     ],
     [
      -48.710578311,
      -25.421467209
     ]
    ]
   },
   "properties": {
    "tipo": "curva_nivel",
    "cota_m": 60,
    "equidistancia_m": 5
   }
  },
  {
   "type": "Feature",
   "geometry": {
    "type": "LineString",
    "coordinates": [
     [
      -48.71459344,
      -25.4196871
     ],
     [
      -48.714557124,
      -25.419771867
     ],
     [
      -48.71452551,
      -25.419856634
     ],
     [
      -48.714510005,
      -25.419905303
     ],
     [
      -48.714510005,
      -25.419905303
     ]
    ]
   },
   "properties": {
    "tipo": "curva_nivel",
    "cota_m": 60,
    "equidistancia_m": 5
   }
  },
  {
   "type": "Feature",
   "geometry": {
    "type": "LineString",
    "coordinates": [
     [
      -48.704789488,
      -25.419771867
     ],
     [
      -48.704759655,
      -25.419856634
     ],
     [
      -48.704732932,
      -25.419941402
     ],
     [
      -48.704709273,
      -25.420025544
     ],
     [
      -48.704709273,
      -25.420025544
     ],
     [
      -48.704686284,
      -25.420110936
     ],
     [
      -48.704666128,
      -25.420195703
     ],
     [
      -48.704648352,
      -25.42028047
     ],
     [
      -48.704632678,
      -25.420365237
     ],
     [
      -48.704618806,
      -25.420450004
     ],
     [
      -48.704615932,
      -25.420469737
     ],
     [
      -48.704605609,
      -25.420534771
     ],
     [
      -48.704593417,
      -25.420619538
     ],
     [
      -48.704582058,
      -25.420704305
     ],
     [
      -48.704571078,
      -25.420789072
     ],
     [
      -48.704559972,
      -25.420873839
     ],
     [
      -48.704548185,
      -25.420958606
     ],
     [
      -48.704535098,
      -25.421043374
     ],
     [
      -48.704522592,
      -25.421113893
     ],
     [
      -48.704522592,
      -25.421113893
     ]
    ]
   },
   "properties": {
    "tipo": "curva_nivel",
    "cota_m": 60,
    "equidistancia_m": 5
   }
  },
  {
   "type": "Feature",
   "geometry": {
    "type": "LineString",
    "coordinates": [
     [
      -48.714498651,
      -25.419941402
     ],
     [
      -48.714476438,
      -25.420026169
     ],
     [
      -48.714458545,
      -25.420110936
     ],
     [
      -48.714444903,
      -25.420195703
     ],
     [
      -48.714435459,
      -25.42028047
     ],
     [
      -48.71443018,
      -25.420365237
     ],
     [
      -48.71442905,
      -25.420450004
     ],
     [
      -48.714432074,
      -25.420534771
     ],
     [
      -48.71443928,
      -25.420619538
     ],
     [
      -48.714450727,
      -25.420704305
     ],
     [
      -48.714466504,
      -25.420789072
     ],
     [
      -48.714486745,
      -25.420873839
     ],
     [
      -48.714510005,
      -25.420953239
     ],
     [
      -48.714511666,
      -25.420958606
     ],
     [
      -48.71454195,
      -25.421043374
     ],
     [
      -48.714577579,
      -25.421128141
     ],
     [
      -48.714603346,
      -25.421181868
     ],
     [
      -48.714619379,
      -25.421212908
     ],
     [
      -48.714668367,
      -25.421297675
     ],
     [
      -48.714696686,
      -25.421341506
     ],
     [
      -48.714725696,
      -25.421382442
     ],
     [
      -48.714790026,
      -25.421463837
     ],
     [
      -48.714792991,
      -25.421467209
     ],
     [
      -48.71487386,
      -25.421551976
     ],
     [
      -48.71487386,
      -25.421551976
     ]
    ]
   },
   "properties": {
    "tipo": "curva_nivel",
    "cota_m": 60,
    "equidistancia_m": 5
   }
  },
  {
   "type": "Feature",
   "geometry": {
    "type": "LineString",
    "coordinates": [
     [
      -48.718240441,
      -25.420450004
     ],
     [
      -48.718220641,
      -25.420534771
     ],
     [
      -48.718196408,
      -25.420619538
     ],
     [
      -48.718167629,
      -25.420704305
     ],
     [
      -48.718150277,
      -25.420748758
     ],
     [
      -48.71813419,
      -25.420789072
     ],
     [
      -48.718095915,
      -25.420873839
     ],
     [
      -48.718056937,
      -25.42095016
     ],
     [
      -48.718056937,
      -25.42095016
     ]
    ]
   },
   "properties": {
    "tipo": "curva_nivel",
    "cota_m": 60,
    "equidistancia_m": 5
   }
  },
  {
   "type": "Feature",
   "geometry": {
    "type": "LineString",
    "coordinates": [
     [
      -48.69798877,
      -25.420711288
     ],
     [
      -48.698010266,
      -25.420789072
     ],
     [
      -48.698037534,
      -25.420873839
     ],
     [
      -48.698068842,
      -25.420958606
     ],
     [
      -48.698068842,
      -25.420958606
     ]
    ]
   },
   "properties": {
    "tipo": "curva_nivel",
    "cota_m": 60,
    "equidistancia_m": 5
   }
  },
  {
   "type": "Feature",
   "geometry": {
    "type": "LineString",
    "coordinates": [
     [
      -48.718052471,
      -25.420958606
     ],
     [
      -48.718003411,
      -25.421043374
     ],
     [
      -48.717963597,
      -25.421105387
     ],
     [
      -48.717963597,
      -25.421105387
     ]
    ]
   },
   "properties": {
    "tipo": "curva_nivel",
    "cota_m": 60,
    "equidistancia_m": 5
   }
  },
  {
   "type": "Feature",
   "geometry": {
    "type": "LineString",
    "coordinates": [
     [
      -48.702556274,
      -25.420958606
     ],
     [
      -48.70253385,
      -25.421043374
     ],
     [
      -48.702509144,
      -25.421128141
     ],
     [
      -48.702482241,
      -25.421212908
     ],
     [
      -48.702469105,
      -25.421252813
     ],
     [
      -48.702454123,
      -25.421297675
     ],
     [
      -48.70242493,
      -25.421382442
     ],
     [
      -48.702394078,
      -25.421467209
     ],
     [
      -48.702375765,
      -25.42151732
     ],
     [
      -48.702375765,
      -25.42151732
     ]
    ]
   },
   "properties": {
    "tipo": "curva_nivel",
    "cota_m": 60,
    "equidistancia_m": 5
   }
  },
  {
   "type": "Feature",
   "geometry": {
    "type": "LineString",
    "coordinates": [
     [
      -48.69808211,
      -25.420990929
     ],
     [
      -48.698104637,
      -25.421043374
     ],
     [
      -48.698145096,
      -25.421128141
     ],
     [
      -48.698175451,
      -25.421185717
     ],
     [
      -48.698190616,
      -25.421212908
     ],
     [
      -48.6982419,
      -25.421297675
     ],
     [
      -48.698268791,
      -25.42133863
     ],
     [
      -48.698299585,
      -25.421382442
     ],
     [
      -48.698362131,
      -25.421464423
     ],
     [
      -48.698364426,
      -25.421467209
     ],
     [
      -48.698438364,
      -25.421551976
     ],
     [
      -48.698438364,
      -25.421551976
     ]
    ]
   },
   "properties": {
    "tipo": "curva_nivel",
    "cota_m": 60,
    "equidistancia_m": 5
   }
  },
  {
   "type": "Feature",
   "geometry": {
    "type": "LineString",
    "coordinates": [
     [
      -48.717948265,
      -25.421128141
     ],
     [
      -48.71788621,
      -25.421212908
     ],
     [
      -48.717870256,
      -25.421233143
     ],
     [
      -48.717816069,
      -25.421297675
     ],
     [
      -48.717776916,
      -25.42134095
     ],
     [
      -48.717736486,
      -25.421382442
     ],
     [
      -48.717683576,
      -25.421433349
     ],
     [
      -48.717645224,
      -25.421467209
     ],
     [
      -48.717590236,
      -25.421513157
     ],
     [
      -48.717538964,
      -25.421551976
     ],
     [
      -48.717496895,
      -25.421582397
     ],
     [
      -48.717412805,
      -25.421636743
     ],
     [
      -48.717403555,
      -25.421642503
     ],
     [
      -48.717310215,
      -25.421695019
     ],
     [
      -48.717256606,
      -25.42172151
     ],
     [
      -48.717216874,
      -25.421740649
     ],
     [
      -48.717123534,
      -25.421780347
     ],
     [
      -48.717053229,
      -25.421806277
     ],
     [
      -48.717030194,
      -25.421814657
     ],
     [
      -48.716936853,
      -25.421844525
     ],
     [
      -48.716843513,
      -25.421869952
     ],
     [
      -48.716751902,
      -25.421891044
     ],
     [
      -48.716750173,
      -25.421891443
     ],
     [
      -48.716656832,
      -25.421909798
     ],
     [
      -48.716563492,
      -25.42192479
     ],
     [
      -48.716470152,
      -25.421936667
     ],
     [
      -48.716376812,
      -25.421945608
     ],
     [
      -48.716283471,
      -25.42195173
     ],
     [
      -48.716190131,
      -25.421955088
     ],
     [
      -48.716096791,
      -25.421955685
     ],
     [
      -48.71600345,
      -25.421953461
     ],
     [
      -48.71591011,
      -25.421948294
     ],
     [
      -48.71581677,
      -25.42193999
     ],
     [
      -48.715723429,
      -25.421928267
     ],
     [
      -48.715630089,
      -25.421912737
     ],
     [
      -48.715536749,
      -25.421892872
     ],
     [
      -48.715529604,
      -25.421891044
     ],
     [
      -48.715443408,
      -25.421868643
     ],
     [
      -48.715350068,
      -25.421838777
     ],
     [
      -48.715266923,
      -25.421806277
     ],
     [
      -48.715266923,
      -25.421806277
     ],
     [
      -48.715163387,
      -25.421758316
     ],
     [
      -48.715098153,
      -25.42172151
     ],
     [
      -48.715098153,
      -25.42172151
     ]
    ]
   },
   "properties": {
    "tipo": "curva_nivel",
    "cota_m": 60,
    "equidistancia_m": 5
   }
  },
  {
   "type": "Feature",
   "geometry": {
    "type": "LineString",
    "coordinates": [
     [
      -48.704519792,
      -25.421128141
     ],
     [
      -48.704500425,
      -25.421212908
     ],
     [
      -48.704477177,
      -25.421297675
     ],
     [
      -48.704449,
      -25.421382442
     ],
     [
      -48.704429252,
      -25.421431811
     ],
     [
      -48.704429252,
      -25.421431811
     ]
    ]
   },
   "properties": {
    "tipo": "curva_nivel",
    "cota_m": 60,
    "equidistancia_m": 5
   }
  },
  {
   "type": "Feature",
   "geometry": {
    "type": "LineString",
    "coordinates": [
     [
      -48.710589712,
      -25.421505927
     ],
     [
      -48.710604199,
      -25.421551976
     ],
     [
      -48.710635432,
      -25.421636743
     ],
     [
      -48.710673113,
      -25.42172151
     ],
     [
      -48.710673113,
      -25.42172151
     ]
    ]
   },
   "properties": {
    "tipo": "curva_nivel",
    "cota_m": 60,
    "equidistancia_m": 5
   }
  },
  {
   "type": "Feature",
   "geometry": {
    "type": "LineString",
    "coordinates": [
     [
      -48.704413409,
      -25.421467209
     ],
     [
      -48.704368105,
      -25.421551976
     ],
     [
      -48.704335911,
      -25.421602384
     ],
     [
      -48.704335911,
      -25.421602384
     ]
    ]
   },
   "properties": {
    "tipo": "curva_nivel",
    "cota_m": 60,
    "equidistancia_m": 5
   }
  },
  {
   "type": "Feature",
   "geometry": {
    "type": "LineString",
    "coordinates": [
     [
      -48.714883367,
      -25.421561178
     ],
     [
      -48.714972501,
      -25.421636743
     ],
     [
      -48.715070047,
      -25.421704865
     ]
    ]
   },
   "properties": {
    "tipo": "curva_nivel",
    "cota_m": 60,
    "equidistancia_m": 5
   }
  },
  {
   "type": "Feature",
   "geometry": {
    "type": "LineString",
    "coordinates": [
     [
      -48.702362455,
      -25.421551976
     ],
     [
      -48.702330681,
      -25.421636743
     ],
     [
      -48.702298164,
      -25.42172151
     ],
     [
      -48.702282424,
      -25.421765681
     ],
     [
      -48.702266292,
      -25.421806277
     ],
     [
      -48.702236126,
      -25.421891044
     ],
     [
      -48.702208859,
      -25.421975811
     ],
     [
      -48.702189449,
      -25.422060578
     ],
     [
      -48.702196248,
      -25.422145346
     ],
     [
      -48.702282424,
      -25.422203288
     ],
     [
      -48.702375765,
      -25.422220469
     ],
     [
      -48.702469105,
      -25.422224952
     ],
     [
      -48.702562445,
      -25.422223924
     ],
     [
      -48.702655786,
      -25.422219696
     ],
     [
      -48.702749126,
      -25.422213208
     ],
     [
      -48.702842466,
      -25.422204885
     ],
     [
      -48.702935807,
      -25.422194917
     ],
     [
      -48.703029147,
      -25.422183371
     ],
     [
      -48.703122487,
      -25.42217024
     ],
     [
      -48.703215828,
      -25.422155463
     ],
     [
      -48.703271878,
      -25.422145346
     ],
     [
      -48.703309168,
      -25.422138273
     ],
     [
      -48.703402508,
      -25.422118049
     ],
     [
      -48.703495848,
      -25.422095671
     ],
     [
      -48.703589189,
      -25.422070873
     ],
     [
      -48.703682529,
      -25.422041626
     ],
     [
      -48.703775869,
      -25.422008007
     ],
     [
      -48.703855928,
      -25.421975811
     ],
     [
      -48.70386921,
      -25.421969967
     ],
     [
      -48.70396255,
      -25.421923621
     ],
     [
      -48.704020879,
      -25.421891044
     ],
     [
      -48.70405589,
      -25.421869219
     ],
     [
      -48.704145089,
      -25.421806277
     ],
     [
      -48.704239099,
      -25.42172151
     ],
     [
      -48.704311216,
      -25.421636743
     ]
    ]
   },
   "properties": {
    "tipo": "curva_nivel",
    "cota_m": 60,
    "equidistancia_m": 5
   }
  },
  {
   "type": "Feature",
   "geometry": {
    "type": "LineString",
    "coordinates": [
     [
      -48.698455472,
      -25.421570409
     ],
     [
      -48.698522867,
      -25.421636743
     ],
     [
      -48.698522867,
      -25.421636743
     ]
    ]
   },
   "properties": {
    "tipo": "curva_nivel",
    "cota_m": 60,
    "equidistancia_m": 5
   }
  },
  {
   "type": "Feature",
   "geometry": {
    "type": "LineString",
    "coordinates": [
     [
      -48.698548812,
      -25.421660948
     ],
     [
      -48.698620557,
      -25.42172151
     ],
     [
      -48.698620557,
      -25.42172151
     ]
    ]
   },
   "properties": {
    "tipo": "curva_nivel",
    "cota_m": 60,
    "equidistancia_m": 5
   }
  },
  {
   "type": "Feature",
   "geometry": {
    "type": "LineString",
    "coordinates": [
     [
      -48.710683052,
      -25.421740708
     ],
     [
      -48.710719821,
      -25.421806277
     ],
     [
      -48.710776393,
      -25.421889909
     ],
     [
      -48.71077723,
      -25.421891044
     ],
     [
      -48.710849619,
      -25.421975811
     ],
     [
      -48.710849619,
      -25.421975811
     ]
    ]
   },
   "properties": {
    "tipo": "curva_nivel",
    "cota_m": 60,
    "equidistancia_m": 5
   }
  },
  {
   "type": "Feature",
   "geometry": {
    "type": "LineString",
    "coordinates": [
     [
      -48.698642152,
      -25.421738958
     ],
     [
      -48.698735157,
      -25.421806277
     ],
     [
      -48.698828833,
      -25.421865814
     ],
     [
      -48.698873776,
      -25.421891044
     ],
     [
      -48.698922173,
      -25.421917631
     ],
     [
      -48.699015514,
      -25.421963075
     ],
     [
      -48.699044769,
      -25.421975811
     ],
     [
      -48.699108854,
      -25.422003453
     ],
     [
      -48.699202194,
      -25.422039056
     ],
     [
      -48.699265865,
      -25.422060578
     ],
     [
      -48.699265865,
      -25.422060578
     ]
    ]
   },
   "properties": {
    "tipo": "curva_nivel",
    "cota_m": 60,
    "equidistancia_m": 5
   }
  },
  {
   "type": "Feature",
   "geometry": {
    "type": "LineString",
    "coordinates": [
     [
      -48.710869733,
      -25.421995954
     ],
     [
      -48.71094086,
      -25.422060578
     ],
     [
      -48.71094086,
      -25.422060578
     ]
    ]
   },
   "properties": {
    "tipo": "curva_nivel",
    "cota_m": 60,
    "equidistancia_m": 5
   }
  },
  {
   "type": "Feature",
   "geometry": {
    "type": "LineString",
    "coordinates": [
     [
      -48.711208528,
      -25.422230113
     ],
     [
      -48.711208528,
      -25.422230113
     ],
     [
      -48.711149754,
      -25.422199344
     ],
     [
      -48.711056414,
      -25.422144838
     ],
     [
      -48.711057191,
      -25.422145346
     ],
     [
      -48.710963073,
      -25.422078163
     ]
    ]
   },
   "properties": {
    "tipo": "curva_nivel",
    "cota_m": 60,
    "equidistancia_m": 5
   }
  },
  {
   "type": "Feature",
   "geometry": {
    "type": "LineString",
    "coordinates": [
     [
      -48.699295534,
      -25.42207064
     ],
     [
      -48.699388875,
      -25.422099089
     ],
     [
      -48.699482215,
      -25.422124233
     ],
     [
      -48.699570479,
      -25.422145346
     ],
     [
      -48.699668896,
      -25.422167152
     ],
     [
      -48.699762236,
      -25.422185484
     ],
     [
      -48.699855576,
      -25.422201861
     ],
     [
      -48.699948917,
      -25.422216517
     ],
     [
      -48.700042257,
      -25.422229649
     ],
     [
      -48.700045974,
      -25.422230113
     ],
     [
      -48.700135597,
      -25.422241907
     ],
     [
      -48.700228938,
      -25.422252933
     ],
     [
      -48.700322278,
      -25.422262837
     ],
     [
      -48.700415618,
      -25.422271734
     ],
     [
      -48.700508959,
      -25.422279724
     ],
     [
      -48.700602299,
      -25.422286896
     ],
     [
      -48.700695639,
      -25.422293332
     ],
     [
      -48.700788979,
      -25.42229911
     ],
     [
      -48.70088232,
      -25.422304307
     ],
     [
      -48.70097566,
      -25.422309004
     ],
     [
      -48.701069,
      -25.422313289
     ],
     [
      -48.701108311,
      -25.42231488
     ],
     [
      -48.701162341,
      -25.422317503
     ],
     [
      -48.701255681,
      -25.422321778
     ],
     [
      -48.701349021,
      -25.422326254
     ],
     [
      -48.701442362,
      -25.422331397
     ],
     [
      -48.701535702,
      -25.422338081
     ],
     [
      -48.701629042,
      -25.422348206
     ],
     [
      -48.701722383,
      -25.422366884
     ],
     [
      -48.701796619,
      -25.422399647
     ],
     [
      -48.701815723,
      -25.422439079
     ],
     [
      -48.701827197,
      -25.422484414
     ],
     [
      -48.701815723,
      -25.422546446
     ],
     [
      -48.701815723,
      -25.422546446
     ]
    ]
   },
   "properties": {
    "tipo": "curva_nivel",
    "cota_m": 60,
    "equidistancia_m": 5
   }
  },
  {
   "type": "Feature",
   "geometry": {
    "type": "LineString",
    "coordinates": [
     [
      -48.711243094,
      -25.42224649
     ],
     [
      -48.711336435,
      -25.422287089
     ],
     [
      -48.711406677,
      -25.42231488
     ],
     [
      -48.711406677,
      -25.42231488
     ]
    ]
   },
   "properties": {
    "tipo": "curva_nivel",
    "cota_m": 60,
    "equidistancia_m": 5
   }
  },
  {
   "type": "Feature",
   "geometry": {
    "type": "LineString",
    "coordinates": [
     [
      -48.711429775,
      -25.422323294
     ],
     [
      -48.711523115,
      -25.422355003
     ],
     [
      -48.711616456,
      -25.422384166
     ],
     [
      -48.711669543,
      -25.422399647
     ],
     [
      -48.711669543,
      -25.422399647
     ]
    ]
   },
   "properties": {
    "tipo": "curva_nivel",
    "cota_m": 60,
    "equidistancia_m": 5
   }
  },
  {
   "type": "Feature",
   "geometry": {
    "type": "LineString",
    "coordinates": [
     [
      -48.711709796,
      -25.422410662
     ],
     [
      -48.711803136,
      -25.422434757
     ],
     [
      -48.711896477,
      -25.422457463
     ],
     [
      -48.711989817,
      -25.42247903
     ],
     [
      -48.712014141,
      -25.422484414
     ],
     [
      -48.712083157,
      -25.422499025
     ],
     [
      -48.712176497,
      -25.422518107
     ],
     [
      -48.712269838,
      -25.422536692
     ],
     [
      -48.712363178,
      -25.422554956
     ],
     [
      -48.712436678,
      -25.422569181
     ],
     [
      -48.712436678,
      -25.422569181
     ]
    ]
   },
   "properties": {
    "tipo": "curva_nivel",
    "cota_m": 60,
    "equidistancia_m": 5
   }
  },
  {
   "type": "Feature",
   "geometry": {
    "type": "LineString",
    "coordinates": [
     [
      -48.712456518,
      -25.422572912
     ],
     [
      -48.712549859,
      -25.422590291
     ],
     [
      -48.712643199,
      -25.42260785
     ],
     [
      -48.712736539,
      -25.422625775
     ],
     [
      -48.71282988,
      -25.422644269
     ],
     [
      -48.712877466,
      -25.422653948
     ],
     [
      -48.71292322,
      -25.422663142
     ],
     [
      -48.71301656,
      -25.422682561
     ],
     [
      -48.713109901,
      -25.422703213
     ],
     [
      -48.713203241,
      -25.422725432
     ],
     [
      -48.713255637,
      -25.422738715
     ],
     [
      -48.713255637,
      -25.422738715
     ]
    ]
   },
   "properties": {
    "tipo": "curva_nivel",
    "cota_m": 60,
    "equidistancia_m": 5
   }
  },
  {
   "type": "Feature",
   "geometry": {
    "type": "LineString",
    "coordinates": [
     [
      -48.701812804,
      -25.422569181
     ],
     [
      -48.701785556,
      -25.422653948
     ],
     [
      -48.701753082,
      -25.422738715
     ],
     [
      -48.701722383,
      -25.422811231
     ],
     [
      -48.701722383,
      -25.422811231
     ]
    ]
   },
   "properties": {
    "tipo": "curva_nivel",
    "cota_m": 60,
    "equidistancia_m": 5
   }
  },
  {
   "type": "Feature",
   "geometry": {
    "type": "LineString",
    "coordinates": [
     [
      -48.713296581,
      -25.4227491
     ],
     [
      -48.713389922,
      -25.422774381
     ],
     [
      -48.713483262,
      -25.422802425
     ],
     [
      -48.713546964,
      -25.422823482
     ],
     [
      -48.713546964,
      -25.422823482
     ]
    ]
   },
   "properties": {
    "tipo": "curva_nivel",
    "cota_m": 60,
    "equidistancia_m": 5
   }
  },
  {
   "type": "Feature",
   "geometry": {
    "type": "LineString",
    "coordinates": [
     [
      -48.71394275,
      -25.422993016
     ],
     [
      -48.71394275,
      -25.422993016
     ],
     [
      -48.713856623,
      -25.422948073
     ],
     [
      -48.713763283,
      -25.422905803
     ],
     [
      -48.713768779,
      -25.422908249
     ],
     [
      -48.713669942,
      -25.422867163
     ],
     [
      -48.713576602,
      -25.422833376
     ]
    ]
   },
   "properties": {
    "tipo": "curva_nivel",
    "cota_m": 60,
    "equidistancia_m": 5
   }
  },
  {
   "type": "Feature",
   "geometry": {
    "type": "LineString",
    "coordinates": [
     [
      -48.701717993,
      -25.422823482
     ],
     [
      -48.701681239,
      -25.422908249
     ],
     [
      -48.701643836,
      -25.422993016
     ],
     [
      -48.701629042,
      -25.423024077
     ],
     [
      -48.701605911,
      -25.423077783
     ],
     [
      -48.701567859,
      -25.42316255
     ],
     [
      -48.701535702,
      -25.423233745
     ],
     [
      -48.701535702,
      -25.423233745
     ]
    ]
   },
   "properties": {
    "tipo": "curva_nivel",
    "cota_m": 60,
    "equidistancia_m": 5
   }
  },
  {
   "type": "Feature",
   "geometry": {
    "type": "LineString",
    "coordinates": [
     [
      -48.719643722,
      -25.422916076
     ],
     [
      -48.719550382,
      -25.422940781
     ],
     [
      -48.719457042,
      -25.422967149
     ],
     [
      -48.719371785,
      -25.422993016
     ],
     [
      -48.719363701,
      -25.422995443
     ],
     [
      -48.719270361,
      -25.423024959
     ],
     [
      -48.719177021,
      -25.423057187
     ],
     [
      -48.719121864,
      -25.423077783
     ],
     [
      -48.719083681,
      -25.42309205
     ],
     [
      -48.71899034,
      -25.423129669
     ],
     [
      -48.71891632,
      -25.42316255
     ],
     [
      -48.718897,
      -25.423171207
     ],
     [
      -48.71880366,
      -25.423216176
     ],
     [
      -48.718744962,
      -25.423247318
     ],
     [
      -48.718710319,
      -25.423265993
     ],
     [
      -48.718616979,
      -25.423320803
     ],
     [
      -48.718616979,
      -25.423320803
     ]
    ]
   },
   "properties": {
    "tipo": "curva_nivel",
    "cota_m": 60,
    "equidistancia_m": 5
   }
  },
  {
   "type": "Feature",
   "geometry": {
    "type": "LineString",
    "coordinates": [
     [
      -48.713949963,
      -25.422996864
     ],
     [
      -48.714043304,
      -25.423050997
     ],
     [
      -48.714084452,
      -25.423077783
     ],
     [
      -48.714136644,
      -25.42311269
     ],
     [
      -48.714203756,
      -25.42316255
     ],
     [
      -48.714203756,
      -25.42316255
     ]
    ]
   },
   "properties": {
    "tipo": "curva_nivel",
    "cota_m": 60,
    "equidistancia_m": 5
   }
  },
  {
   "type": "Feature",
   "geometry": {
    "type": "LineString",
    "coordinates": [
     [
      -48.714229984,
      -25.42318263
     ],
     [
      -48.714307181,
      -25.423247318
     ],
     [
      -48.714307181,
      -25.423247318
     ]
    ]
   },
   "properties": {
    "tipo": "curva_nivel",
    "cota_m": 60,
    "equidistancia_m": 5
   }
  },
  {
   "type": "Feature",
   "geometry": {
    "type": "LineString",
    "coordinates": [
     [
      -48.714323325,
      -25.423261294
     ],
     [
      -48.714399029,
      -25.423332085
     ],
     [
      -48.714399029,
      -25.423332085
     ]
    ]
   },
   "properties": {
    "tipo": "curva_nivel",
    "cota_m": 60,
    "equidistancia_m": 5
   }
  },
  {
   "type": "Feature",
   "geometry": {
    "type": "LineString",
    "coordinates": [
     [
      -48.701530005,
      -25.423247318
     ],
     [
      -48.701492082,
      -25.423332085
     ],
     [
      -48.701454783,
      -25.423416852
     ],
     [
      -48.701442362,
      -25.423444417
     ],
     [
      -48.701417723,
      -25.423501619
     ],
     [
      -48.701381279,
      -25.423586386
     ],
     [
      -48.701349021,
      -25.423663133
     ],
     [
      -48.701349021,
      -25.423663133
     ]
    ]
   },
   "properties": {
    "tipo": "curva_nivel",
    "cota_m": 60,
    "equidistancia_m": 5
   }
  },
  {
   "type": "Feature",
   "geometry": {
    "type": "LineString",
    "coordinates": [
     [
      -48.718599143,
      -25.423332085
     ],
     [
      -48.718523639,
      -25.423380941
     ],
     [
      -48.71847267,
      -25.423416852
     ],
     [
      -48.718430298,
      -25.423447539
     ],
     [
      -48.718361018,
      -25.423501619
     ],
     [
      -48.718336958,
      -25.423521015
     ],
     [
      -48.718260966,
      -25.423586386
     ],
     [
      -48.718243618,
      -25.423601867
     ],
     [
      -48.718170139,
      -25.423671153
     ],
     [
      -48.718150277,
      -25.423690664
     ],
     [
      -48.718086799,
      -25.42375592
     ],
     [
      -48.718056937,
      -25.423788029
     ],
     [
      -48.718009688,
      -25.423840687
     ],
     [
      -48.717963597,
      -25.423894613
     ],
     [
      -48.717963597,
      -25.423894613
     ]
    ]
   },
   "properties": {
    "tipo": "curva_nivel",
    "cota_m": 60,
    "equidistancia_m": 5
   }
  },
  {
   "type": "Feature",
   "geometry": {
    "type": "LineString",
    "coordinates": [
     [
      -48.714416665,
      -25.423349166
     ],
     [
      -48.714482172,
      -25.423416852
     ],
     [
      -48.714482172,
      -25.423416852
     ]
    ]
   },
   "properties": {
    "tipo": "curva_nivel",
    "cota_m": 60,
    "equidistancia_m": 5
   }
  },
  {
   "type": "Feature",
   "geometry": {
    "type": "LineString",
    "coordinates": [
     [
      -48.714510005,
      -25.423446706
     ],
     [
      -48.714558551,
      -25.423501619
     ],
     [
      -48.714603346,
      -25.423554319
     ],
     [
      -48.714629477,
      -25.423586386
     ],
     [
      -48.714695839,
      -25.423671153
     ],
     [
      -48.714759233,
      -25.42375592
     ],
     [
      -48.714790026,
      -25.423799009
     ],
     [
      -48.714819326,
      -25.423840687
     ],
     [
      -48.714876563,
      -25.423925454
     ],
     [
      -48.714876563,
      -25.423925454
     ]
    ]
   },
   "properties": {
    "tipo": "curva_nivel",
    "cota_m": 60,
    "equidistancia_m": 5
   }
  },
  {
   "type": "Feature",
   "geometry": {
    "type": "LineString",
    "coordinates": [
     [
      -48.701345746,
      -25.423671153
     ],
     [
      -48.701310465,
      -25.42375592
     ],
     [
      -48.701276389,
      -25.423840687
     ],
     [
      -48.701255681,
      -25.423893397
     ],
     [
      -48.701255681,
      -25.423893397
     ]
    ]
   },
   "properties": {
    "tipo": "curva_nivel",
    "cota_m": 60,
    "equidistancia_m": 5
   }
  },
  {
   "type": "Feature",
   "geometry": {
    "type": "LineString",
    "coordinates": [
     [
      -48.69798877,
      -25.423881475
     ],
     [
      -48.6980256,
      -25.423925454
     ],
     [
      -48.69808211,
      -25.423997506
     ],
     [
      -48.698091817,
      -25.424010221
     ],
     [
      -48.698153312,
      -25.424094988
     ],
     [
      -48.698153312,
      -25.424094988
     ]
    ]
   },
   "properties": {
    "tipo": "curva_nivel",
    "cota_m": 60,
    "equidistancia_m": 5
   }
  },
  {
   "type": "Feature",
   "geometry": {
    "type": "LineString",
    "coordinates": [
     [
      -48.717937919,
      -25.423925454
     ],
     [
      -48.717870887,
      -25.424010221
     ],
     [
      -48.717870256,
      -25.42401105
     ],
     [
      -48.717807221,
      -25.424094988
     ],
     [
      -48.717776916,
      -25.424137802
     ],
     [
      -48.717747306,
      -25.424179755
     ],
     [
      -48.717690802,
      -25.424264522
     ],
     [
      -48.717683576,
      -25.424275903
     ],
     [
      -48.717636483,
      -25.424349289
     ],
     [
      -48.717590236,
      -25.424426426
     ],
     [
      -48.717590236,
      -25.424426426
     ]
    ]
   },
   "properties": {
    "tipo": "curva_nivel",
    "cota_m": 60,
    "equidistancia_m": 5
   }
  },
  {
   "type": "Feature",
   "geometry": {
    "type": "LineString",
    "coordinates": [
     [
      -48.714883367,
      -25.423935792
     ],
     [
      -48.714932224,
      -25.424010221
     ],
     [
      -48.714976707,
      -25.424081489
     ],
     [
      -48.714985192,
      -25.424094988
     ],
     [
      -48.715037082,
      -25.424179755
     ],
     [
      -48.715070047,
      -25.424236286
     ],
     [
      -48.715086849,
      -25.424264522
     ],
     [
      -48.715135488,
      -25.424349289
     ],
     [
      -48.715163387,
      -25.424400287
     ],
     [
      -48.715182487,
      -25.424434057
     ],
     [
      -48.71522847,
      -25.424518824
     ],
     [
      -48.715256728,
      -25.42457362
     ],
     [
      -48.71527292,
      -25.424603591
     ],
     [
      -48.715316754,
      -25.424688358
     ],
     [
      -48.715350068,
      -25.424756424
     ],
     [
      -48.715358751,
      -25.424773125
     ],
     [
      -48.71540095,
      -25.424857892
     ],
     [
      -48.715440791,
      -25.424942659
     ],
     [
      -48.715481737,
      -25.425027426
     ],
     [
      -48.715520753,
      -25.425112193
     ],
     [
      -48.715520753,
      -25.425112193
     ]
    ]
   },
   "properties": {
    "tipo": "curva_nivel",
    "cota_m": 60,
    "equidistancia_m": 5
   }
  },
  {
   "type": "Feature",
   "geometry": {
    "type": "LineString",
    "coordinates": [
     [
      -48.701243209,
      -25.423925454
     ],
     [
      -48.701210752,
      -25.424010221
     ],
     [
      -48.701179768,
      -25.424094988
     ],
     [
      -48.701162341,
      -25.424144512
     ],
     [
      -48.701162341,
      -25.424144512
     ]
    ]
   },
   "properties": {
    "tipo": "curva_nivel",
    "cota_m": 60,
    "equidistancia_m": 5
   }
  },
  {
   "type": "Feature",
   "geometry": {
    "type": "LineString",
    "coordinates": [
     [
      -48.698175451,
      -25.424127586
     ],
     [
      -48.698210408,
      -25.424179755
     ],
     [
      -48.698263178,
      -25.424264522
     ],
     [
      -48.698313088,
      -25.424349289
     ],
     [
      -48.698358963,
      -25.424434057
     ],
     [
      -48.698402716,
      -25.424518824
     ],
     [
      -48.69844291,
      -25.424603591
     ],
     [
      -48.69844291,
      -25.424603591
     ]
    ]
   },
   "properties": {
    "tipo": "curva_nivel",
    "cota_m": 60,
    "equidistancia_m": 5
   }
  },
  {
   "type": "Feature",
   "geometry": {
    "type": "LineString",
    "coordinates": [
     [
      -48.701149848,
      -25.424179755
     ],
     [
      -48.701120884,
      -25.424264522
     ],
     [
      -48.701093612,
      -25.424349289
     ],
     [
      -48.701069,
      -25.424430918
     ],
     [
      -48.701069,
      -25.424430918
     ],
     [
      -48.701043133,
      -25.424518824
     ],
     [
      -48.701020091,
      -25.424603591
     ],
     [
      -48.70099892,
      -25.424688358
     ],
     [
      -48.700979621,
      -25.424773125
     ],
     [
      -48.70097566,
      -25.42479223
     ],
     [
      -48.700961424,
      -25.424857892
     ],
     [
      -48.700944935,
      -25.424942659
     ],
     [
      -48.700930338,
      -25.425027426
     ],
     [
      -48.700917582,
      -25.425112193
     ],
     [
      -48.700906599,
      -25.42519696
     ],
     [
      -48.700897302,
      -25.425281727
     ],
     [
      -48.700889588,
      -25.425366494
     ],
     [
      -48.700883331,
      -25.425451261
     ],
     [
      -48.70088232,
      -25.425468713
     ],
     [
      -48.700878114,
      -25.425536029
     ],
     [
      -48.700874039,
      -25.425620796
     ],
     [
      -48.70087096,
      -25.425705563
     ],
     [
      -48.70086863,
      -25.42579033
     ],
     [
      -48.700866757,
      -25.425875097
     ],
     [
      -48.700865003,
      -25.425959864
     ],
     [
      -48.700862973,
      -25.426044631
     ],
     [
      -48.700860202,
      -25.426129398
     ],
     [
      -48.700856139,
      -25.426214165
     ],
     [
      -48.700850131,
      -25.426298932
     ],
     [
      -48.700841387,
      -25.426383699
     ],
     [
      -48.700828948,
      -25.426468466
     ],
     [
      -48.700811628,
      -25.426553233
     ],
     [
      -48.700788979,
      -25.426634477
     ],
     [
      -48.700788979,
      -25.426634477
     ],
     [
      -48.700752869,
      -25.426722768
     ],
     [
      -48.700705991,
      -25.426807535
     ],
     [
      -48.700695639,
      -25.426822454
     ],
     [
      -48.700637325,
      -25.426892302
     ],
     [
      -48.700602299,
      -25.426925726
     ],
     [
      -48.700535045,
      -25.426977069
     ],
     [
      -48.700508959,
      -25.426993536
     ],
     [
      -48.700415618,
      -25.427039529
     ],
     [
      -48.700353772,
      -25.427061836
     ],
     [
      -48.700322278,
      -25.427071617
     ],
     [
      -48.700228938,
      -25.427091971
     ],
     [
      -48.700135597,
      -25.427103998
     ],
     [
      -48.700042257,
      -25.427108554
     ],
     [
      -48.699948917,
      -25.427106209
     ],
     [
      -48.699855576,
      -25.4270973
     ],
     [
      -48.699762236,
      -25.427081969
     ],
     [
      -48.699676005,
      -25.427061836
     ],
     [
      -48.699676005,
      -25.427061836
     ],
     [
      -48.699575555,
      -25.427029051
     ],
     [
      -48.699482215,
      -25.426990429
     ],
     [
      -48.699455427,
      -25.426977069
     ],
     [
      -48.699388875,
      -25.426940387
     ],
     [
      -48.699315433,
      -25.426892302
     ],
     [
      -48.699315433,
      -25.426892302
     ]
    ]
   },
   "properties": {
    "tipo": "curva_nivel",
    "cota_m": 60,
    "equidistancia_m": 5
   }
  },
  {
   "type": "Feature",
   "geometry": {
    "type": "LineString",
    "coordinates": [
     [
      -48.717585563,
      -25.424434057
     ],
     [
      -48.717536146,
      -25.424518824
     ],
     [
      -48.717496895,
      -25.424591104
     ],
     [
      -48.717496895,
      -25.424591104
     ]
    ]
   },
   "properties": {
    "tipo": "curva_nivel",
    "cota_m": 60,
    "equidistancia_m": 5
   }
  },
  {
   "type": "Feature",
   "geometry": {
    "type": "LineString",
    "coordinates": [
     [
      -48.717489871,
      -25.424603591
     ],
     [
      -48.717444772,
      -25.424688358
     ],
     [
      -48.717403555,
      -25.424771765
     ],
     [
      -48.717403555,
      -25.424771765
     ],
     [
      -48.717361296,
      -25.424857892
     ],
     [
      -48.717322686,
      -25.424942659
     ],
     [
      -48.717310215,
      -25.424971963
     ],
     [
      -48.717284894,
      -25.425027426
     ],
     [
      -48.717248741,
      -25.425112193
     ],
     [
      -48.717216874,
      -25.42519213
     ],
     [
      -48.717216874,
      -25.42519213
     ],
     [
      -48.717180023,
      -25.425281727
     ],
     [
      -48.717147173,
      -25.425366494
     ],
     [
      -48.717123534,
      -25.425430565
     ],
     [
      -48.717123534,
      -25.425430565
     ]
    ]
   },
   "properties": {
    "tipo": "curva_nivel",
    "cota_m": 60,
    "equidistancia_m": 5
   }
  },
  {
   "type": "Feature",
   "geometry": {
    "type": "LineString",
    "coordinates": [
     [
      -48.698455472,
      -25.424632014
     ],
     [
      -48.698480947,
      -25.424688358
     ],
     [
      -48.698516326,
      -25.424773125
     ],
     [
      -48.698548669,
      -25.424857892
     ],
     [
      -48.698579905,
      -25.424942659
     ],
     [
      -48.698608417,
      -25.425027426
     ],
     [
      -48.698634435,
      -25.425112193
     ],
     [
      -48.698634435,
      -25.425112193
     ]
    ]
   },
   "properties": {
    "tipo": "curva_nivel",
    "cota_m": 60,
    "equidistancia_m": 5
   }
  },
  {
   "type": "Feature",
   "geometry": {
    "type": "LineString",
    "coordinates": [
     [
      -48.715536749,
      -25.425148581
     ],
     [
      -48.715560082,
      -25.42519696
     ],
     [
      -48.715599227,
      -25.425281727
     ],
     [
      -48.715630089,
      -25.42535133
     ],
     [
      -48.715637598,
      -25.425366494
     ],
     [
      -48.71567831,
      -25.425451261
     ],
     [
      -48.715717948,
      -25.425536029
     ],
     [
      -48.715761692,
      -25.425620796
     ],
     [
      -48.715805936,
      -25.425705563
     ],
     [
      -48.715805936,
      -25.425705563
     ]
    ]
   },
   "properties": {
    "tipo": "curva_nivel",
    "cota_m": 60,
    "equidistancia_m": 5
   }
  },
  {
   "type": "Feature",
   "geometry": {
    "type": "LineString",
    "coordinates": [
     [
      -48.698642152,
      -25.425139505
     ],
     [
      -48.698659229,
      -25.42519696
     ],
     [
      -48.698682345,
      -25.425281727
     ],
     [
      -48.698703539,
      -25.425366494
     ],
     [
      -48.698723074,
      -25.425451261
     ],
     [
      -48.698735493,
      -25.425509198
     ],
     [
      -48.698741637,
      -25.425536029
     ],
     [
      -48.698759911,
      -25.425620796
     ],
     [
      -48.698777324,
      -25.425705563
     ],
     [
      -48.698794233,
      -25.42579033
     ],
     [
      -48.698811019,
      -25.425875097
     ],
     [
      -48.6988281,
      -25.425959864
     ],
     [
      -48.698847277,
      -25.426044631
     ],
     [
      -48.698867829,
      -25.426129398
     ],
     [
      -48.698890287,
      -25.426214165
     ],
     [
      -48.698915302,
      -25.426298932
     ],
     [
      -48.698915302,
      -25.426298932
     ]
    ]
   },
   "properties": {
    "tipo": "curva_nivel",
    "cota_m": 60,
    "equidistancia_m": 5
   }
  },
  {
   "type": "Feature",
   "geometry": {
    "type": "LineString",
    "coordinates": [
     [
      -48.71711496,
      -25.425451261
     ],
     [
      -48.717081234,
      -25.425536029
     ],
     [
      -48.717048145,
      -25.425620796
     ],
     [
      -48.717030194,
      -25.425667193
     ],
     [
      -48.717030194,
      -25.425667193
     ]
    ]
   },
   "properties": {
    "tipo": "curva_nivel",
    "cota_m": 60,
    "equidistancia_m": 5
   }
  },
  {
   "type": "Feature",
   "geometry": {
    "type": "LineString",
    "coordinates": [
     [
      -48.71701295,
      -25.425705563
     ],
     [
      -48.716974361,
      -25.42579033
     ],
     [
      -48.716936853,
      -25.425869089
     ],
     [
      -48.716936853,
      -25.425869089
     ]
    ]
   },
   "properties": {
    "tipo": "curva_nivel",
    "cota_m": 60,
    "equidistancia_m": 5
   }
  },
  {
   "type": "Feature",
   "geometry": {
    "type": "LineString",
    "coordinates": [
     [
      -48.71581677,
      -25.425726195
     ],
     [
      -48.715856059,
      -25.42579033
     ],
     [
      -48.715908898,
      -25.425875097
     ],
     [
      -48.715973869,
      -25.425959864
     ],
     [
      -48.71600345,
      -25.425996848
     ],
     [
      -48.716050966,
      -25.426044631
     ],
     [
      -48.716096791,
      -25.426088649
     ],
     [
      -48.716152347,
      -25.426129398
     ],
     [
      -48.716190131,
      -25.426155748
     ],
     [
      -48.716283471,
      -25.426201346
     ],
     [
      -48.716329175,
      -25.426214165
     ],
     [
      -48.716376812,
      -25.426226906
     ],
     [
      -48.716470152,
      -25.426233202
     ],
     [
      -48.716563492,
      -25.426219936
     ],
     [
      -48.716656832,
      -25.426183127
     ],
     [
      -48.716736473,
      -25.426129398
     ],
     [
      -48.716750173,
      -25.426119107
     ],
     [
      -48.716820659,
      -25.426044631
     ],
     [
      -48.716843513,
      -25.426017869
     ],
     [
      -48.716882011,
      -25.425959864
     ],
     [
      -48.716933391,
      -25.425875097
     ]
    ]
   },
   "properties": {
    "tipo": "curva_nivel",
    "cota_m": 60,
    "equidistancia_m": 5
   }
  },
  {
   "type": "Feature",
   "geometry": {
    "type": "LineString",
    "coordinates": [
     [
      -48.698922173,
      -25.426319781
     ],
     [
      -48.698945458,
      -25.426383699
     ],
     [
      -48.698980599,
      -25.426468466
     ],
     [
      -48.699015514,
      -25.426541754
     ],
     [
      -48.699021637,
      -25.426553233
     ],
     [
      -48.699073058,
      -25.426638001
     ],
     [
      -48.699108854,
      -25.426689325
     ],
     [
      -48.699135325,
      -25.426722768
     ],
     [
      -48.699202194,
      -25.426796859
     ],
     [
      -48.69921328,
      -25.426807535
     ],
     [
      -48.699295534,
      -25.426877759
     ]
    ]
   },
   "properties": {
    "tipo": "curva_nivel",
    "cota_m": 60,
    "equidistancia_m": 5
   }
  },
  {
   "type": "Feature",
   "geometry": {
    "type": "LineString",
    "coordinates": [
     [
      -48.719270361,
      -25.413825238
     ],
     [
      -48.719270361,
      -25.413825238
     ],
     [
      -48.719363701,
      -25.413765454
     ],
     [
      -48.719385234,
      -25.413753405
     ],
     [
      -48.719457042,
      -25.413715852
     ],
     [
      -48.719550382,
      -25.413674389
     ],
     [
      -48.719565802,
      -25.413668638
     ],
     [
      -48.719643722,
      -25.413641202
     ]
    ]
   },
   "properties": {
    "tipo": "curva_nivel",
    "cota_m": 65,
    "equidistancia_m": 5
   }
  },
  {
   "type": "Feature",
   "geometry": {
    "type": "LineString",
    "coordinates": [
     [
      -48.719252435,
      -25.413838172
     ],
     [
      -48.719177021,
      -25.413896999
     ],
     [
      -48.719177021,
      -25.413896999
     ]
    ]
   },
   "properties": {
    "tipo": "curva_nivel",
    "cota_m": 65,
    "equidistancia_m": 5
   }
  },
  {
   "type": "Feature",
   "geometry": {
    "type": "LineString",
    "coordinates": [
     [
      -48.70431463,
      -25.414092473
     ],
     [
      -48.70431463,
      -25.414092473
     ],
     [
      -48.704242571,
      -25.414052417
     ],
     [
      -48.704150089,
      -25.414007706
     ],
     [
      -48.704149231,
      -25.414007316
     ],
     [
      -48.70405589,
      -25.413971172
     ],
     [
      -48.70396255,
      -25.413941318
     ],
     [
      -48.70386921,
      -25.413917968
     ],
     [
      -48.70388991,
      -25.413922939
     ],
     [
      -48.703775869,
      -25.413901453
     ],
     [
      -48.703682529,
      -25.413890801
     ],
     [
      -48.703589189,
      -25.413886019
     ],
     [
      -48.703495848,
      -25.41388714
     ],
     [
      -48.703402508,
      -25.413894225
     ],
     [
      -48.703309168,
      -25.413907366
     ],
     [
      -48.703233731,
      -25.413922939
     ],
     [
      -48.703215828,
      -25.413926886
     ],
     [
      -48.703122487,
      -25.413953919
     ],
     [
      -48.703029147,
      -25.413987781
     ],
     [
      -48.702983282,
      -25.414007706
     ],
     [
      -48.702935807,
      -25.414029973
     ],
     [
      -48.702842466,
      -25.414081065
     ],
     [
      -48.702842466,
      -25.414081065
     ]
    ]
   },
   "properties": {
    "tipo": "curva_nivel",
    "cota_m": 65,
    "equidistancia_m": 5
   }
  },
  {
   "type": "Feature",
   "geometry": {
    "type": "LineString",
    "coordinates": [
     [
      -48.719147127,
      -25.413922939
     ],
     [
      -48.719083681,
      -25.41398302
     ],
     [
      -48.719083681,
      -25.41398302
     ]
    ]
   },
   "properties": {
    "tipo": "curva_nivel",
    "cota_m": 65,
    "equidistancia_m": 5
   }
  },
  {
   "type": "Feature",
   "geometry": {
    "type": "LineString",
    "coordinates": [
     [
      -48.719059896,
      -25.414007706
     ],
     [
      -48.71899034,
      -25.414087299
     ],
     [
      -48.71899034,
      -25.414087299
     ]
    ]
   },
   "properties": {
    "tipo": "curva_nivel",
    "cota_m": 65,
    "equidistancia_m": 5
   }
  },
  {
   "type": "Feature",
   "geometry": {
    "type": "LineString",
    "coordinates": [
     [
      -48.718986162,
      -25.414092473
     ],
     [
      -48.718924247,
      -25.41417724
     ],
     [
      -48.718897,
      -25.414219295
     ],
     [
      -48.718871053,
      -25.414262007
     ],
     [
      -48.71882581,
      -25.414346774
     ],
     [
      -48.71880366,
      -25.414394817
     ],
     [
      -48.71880366,
      -25.414394817
     ]
    ]
   },
   "properties": {
    "tipo": "curva_nivel",
    "cota_m": 65,
    "equidistancia_m": 5
   }
  },
  {
   "type": "Feature",
   "geometry": {
    "type": "LineString",
    "coordinates": [
     [
      -48.704335911,
      -25.414105171
     ],
     [
      -48.704429252,
      -25.414168031
     ],
     [
      -48.704441546,
      -25.41417724
     ],
     [
      -48.704522592,
      -25.414242986
     ],
     [
      -48.70454393,
      -25.414262007
     ],
     [
      -48.704615932,
      -25.41433214
     ],
     [
      -48.704629764,
      -25.414346774
     ],
     [
      -48.704702411,
      -25.414431542
     ],
     [
      -48.704702411,
      -25.414431542
     ]
    ]
   },
   "properties": {
    "tipo": "curva_nivel",
    "cota_m": 65,
    "equidistancia_m": 5
   }
  },
  {
   "type": "Feature",
   "geometry": {
    "type": "LineString",
    "coordinates": [
     [
      -48.702824139,
      -25.414092473
     ],
     [
      -48.702749126,
      -25.414143371
     ],
     [
      -48.702704605,
      -25.41417724
     ],
     [
      -48.702655786,
      -25.414218101
     ],
     [
      -48.702608147,
      -25.414262007
     ],
     [
      -48.702562445,
      -25.414308817
     ],
     [
      -48.702528275,
      -25.414346774
     ],
     [
      -48.702469105,
      -25.414420618
     ],
     [
      -48.702469105,
      -25.414420618
     ]
    ]
   },
   "properties": {
    "tipo": "curva_nivel",
    "cota_m": 65,
    "equidistancia_m": 5
   }
  },
  {
   "type": "Feature",
   "geometry": {
    "type": "LineString",
    "coordinates": [
     [
      -48.718787579,
      -25.414431542
     ],
     [
      -48.718756064,
      -25.414516309
     ],
     [
      -48.718730181,
      -25.414601076
     ],
     [
      -48.718710319,
      -25.414683587
     ],
     [
      -48.718710319,
      -25.414683587
     ],
     [
      -48.718695254,
      -25.41477061
     ],
     [
      -48.718685809,
      -25.414855377
     ],
     [
      -48.71868141,
      -25.414940144
     ],
     [
      -48.71868203,
      -25.415024911
     ],
     [
      -48.718687669,
      -25.415109678
     ],
     [
      -48.718698352,
      -25.415194445
     ],
     [
      -48.718710319,
      -25.415258921
     ],
     [
      -48.718714259,
      -25.415279212
     ],
     [
      -48.718735906,
      -25.415363979
     ],
     [
      -48.718763012,
      -25.415448746
     ],
     [
      -48.718795731,
      -25.415533514
     ],
     [
      -48.718795731,
      -25.415533514
     ]
    ]
   },
   "properties": {
    "tipo": "curva_nivel",
    "cota_m": 65,
    "equidistancia_m": 5
   }
  },
  {
   "type": "Feature",
   "geometry": {
    "type": "LineString",
    "coordinates": [
     [
      -48.704709273,
      -25.414440474
     ],
     [
      -48.704763544,
      -25.414516309
     ],
     [
      -48.704802613,
      -25.414577955
     ],
     [
      -48.704816397,
      -25.414601076
     ],
     [
      -48.704860485,
      -25.414685843
     ],
     [
      -48.704895953,
      -25.414765441
     ],
     [
      -48.704898143,
      -25.41477061
     ],
     [
      -48.704927994,
      -25.414855377
     ],
     [
      -48.704952002,
      -25.414940144
     ],
     [
      -48.704970204,
      -25.415024911
     ],
     [
      -48.704982616,
      -25.415109678
     ],
     [
      -48.704989228,
      -25.415194445
     ],
     [
      -48.704989973,
      -25.415279212
     ],
     [
      -48.704989293,
      -25.415291241
     ],
     [
      -48.704984891,
      -25.415363979
     ],
     [
      -48.704973786,
      -25.415448746
     ],
     [
      -48.704956561,
      -25.415533514
     ],
     [
      -48.704933039,
      -25.415618281
     ],
     [
      -48.70490299,
      -25.415703048
     ],
     [
      -48.704895953,
      -25.41571966
     ],
     [
      -48.704864373,
      -25.415787815
     ],
     [
      -48.704817719,
      -25.415872582
     ],
     [
      -48.704802613,
      -25.415896624
     ],
     [
      -48.704760284,
      -25.415957349
     ],
     [
      -48.704709273,
      -25.416021786
     ],
     [
      -48.704709273,
      -25.416021786
     ]
    ]
   },
   "properties": {
    "tipo": "curva_nivel",
    "cota_m": 65,
    "equidistancia_m": 5
   }
  },
  {
   "type": "Feature",
   "geometry": {
    "type": "LineString",
    "coordinates": [
     [
      -48.702460927,
      -25.414431542
     ],
     [
      -48.702404829,
      -25.414516309
     ],
     [
      -48.702375765,
      -25.414566956
     ],
     [
      -48.702375765,
      -25.414566956
     ]
    ]
   },
   "properties": {
    "tipo": "curva_nivel",
    "cota_m": 65,
    "equidistancia_m": 5
   }
  },
  {
   "type": "Feature",
   "geometry": {
    "type": "LineString",
    "coordinates": [
     [
      -48.702357201,
      -25.414601076
     ],
     [
      -48.702317759,
      -25.414685843
     ],
     [
      -48.702284888,
      -25.41477061
     ],
     [
      -48.702282424,
      -25.414778487
     ],
     [
      -48.70225926,
      -25.414855377
     ],
     [
      -48.702239636,
      -25.414940144
     ],
     [
      -48.702225787,
      -25.415024911
     ],
     [
      -48.702217618,
      -25.415109678
     ],
     [
      -48.702215071,
      -25.415194445
     ],
     [
      -48.702218128,
      -25.415279212
     ],
     [
      -48.70222681,
      -25.415363979
     ],
     [
      -48.70224118,
      -25.415448746
     ],
     [
      -48.702261352,
      -25.415533514
     ],
     [
      -48.702282424,
      -25.415602189
     ],
     [
      -48.702287694,
      -25.415618281
     ],
     [
      -48.702321328,
      -25.415703048
     ],
     [
      -48.702361757,
      -25.415787815
     ],
     [
      -48.702361757,
      -25.415787815
     ]
    ]
   },
   "properties": {
    "tipo": "curva_nivel",
    "cota_m": 65,
    "equidistancia_m": 5
   }
  },
  {
   "type": "Feature",
   "geometry": {
    "type": "LineString",
    "coordinates": [
     [
      -48.71880366,
      -25.415551266
     ],
     [
      -48.718835427,
      -25.415618281
     ],
     [
      -48.718881699,
      -25.415703048
     ],
     [
      -48.718881699,
      -25.415703048
     ]
    ]
   },
   "properties": {
    "tipo": "curva_nivel",
    "cota_m": 65,
    "equidistancia_m": 5
   }
  },
  {
   "type": "Feature",
   "geometry": {
    "type": "LineString",
    "coordinates": [
     [
      -48.718897,
      -25.41572806
     ],
     [
      -48.71893621,
      -25.415787815
     ],
     [
      -48.71899034,
      -25.415861583
     ],
     [
      -48.718999072,
      -25.415872582
     ],
     [
      -48.719072769,
      -25.415957349
     ],
     [
      -48.719072769,
      -25.415957349
     ]
    ]
   },
   "properties": {
    "tipo": "curva_nivel",
    "cota_m": 65,
    "equidistancia_m": 5
   }
  },
  {
   "type": "Feature",
   "geometry": {
    "type": "LineString",
    "coordinates": [
     [
      -48.702375765,
      -25.41581338
     ],
     [
      -48.702411026,
      -25.415872582
     ],
     [
      -48.702469105,
      -25.415957248
     ],
     [
      -48.702469181,
      -25.415957349
     ],
     [
      -48.702540153,
      -25.416042116
     ],
     [
      -48.702540153,
      -25.416042116
     ]
    ]
   },
   "properties": {
    "tipo": "curva_nivel",
    "cota_m": 65,
    "equidistancia_m": 5
   }
  },
  {
   "type": "Feature",
   "geometry": {
    "type": "LineString",
    "coordinates": [
     [
      -48.719083681,
      -25.41596892
     ],
     [
      -48.719159241,
      -25.416042116
     ],
     [
      -48.719159241,
      -25.416042116
     ]
    ]
   },
   "properties": {
    "tipo": "curva_nivel",
    "cota_m": 65,
    "equidistancia_m": 5
   }
  },
  {
   "type": "Feature",
   "geometry": {
    "type": "LineString",
    "coordinates": [
     [
      -48.719177021,
      -25.416058137
     ],
     [
      -48.719261346,
      -25.416126883
     ],
     [
      -48.719261346,
      -25.416126883
     ]
    ]
   },
   "properties": {
    "tipo": "curva_nivel",
    "cota_m": 65,
    "equidistancia_m": 5
   }
  },
  {
   "type": "Feature",
   "geometry": {
    "type": "LineString",
    "coordinates": [
     [
      -48.7046912,
      -25.416042116
     ],
     [
      -48.704615932,
      -25.416118461
     ],
     [
      -48.704615932,
      -25.416118461
     ]
    ]
   },
   "properties": {
    "tipo": "curva_nivel",
    "cota_m": 65,
    "equidistancia_m": 5
   }
  },
  {
   "type": "Feature",
   "geometry": {
    "type": "LineString",
    "coordinates": [
     [
      -48.702562445,
      -25.416066113
     ],
     [
      -48.702625774,
      -25.416126883
     ],
     [
      -48.702625774,
      -25.416126883
     ]
    ]
   },
   "properties": {
    "tipo": "curva_nivel",
    "cota_m": 65,
    "equidistancia_m": 5
   }
  },
  {
   "type": "Feature",
   "geometry": {
    "type": "LineString",
    "coordinates": [
     [
      -48.719270361,
      -25.416133799
     ],
     [
      -48.719363701,
      -25.416198344
     ],
     [
      -48.719385298,
      -25.41621165
     ],
     [
      -48.719457042,
      -25.416253831
     ],
     [
      -48.719539535,
      -25.416296417
     ],
     [
      -48.719539535,
      -25.416296417
     ]
    ]
   },
   "properties": {
    "tipo": "curva_nivel",
    "cota_m": 65,
    "equidistancia_m": 5
   }
  },
  {
   "type": "Feature",
   "geometry": {
    "type": "LineString",
    "coordinates": [
     [
      -48.704606482,
      -25.416126883
     ],
     [
      -48.704522592,
      -25.41619562
     ],
     [
      -48.704522592,
      -25.41619562
     ]
    ]
   },
   "properties": {
    "tipo": "curva_nivel",
    "cota_m": 65,
    "equidistancia_m": 5
   }
  },
  {
   "type": "Feature",
   "geometry": {
    "type": "LineString",
    "coordinates": [
     [
      -48.702655786,
      -25.416153288
     ],
     [
      -48.702731437,
      -25.41621165
     ],
     [
      -48.702731437,
      -25.41621165
     ]
    ]
   },
   "properties": {
    "tipo": "curva_nivel",
    "cota_m": 65,
    "equidistancia_m": 5
   }
  },
  {
   "type": "Feature",
   "geometry": {
    "type": "LineString",
    "coordinates": [
     [
      -48.704499986,
      -25.41621165
     ],
     [
      -48.704429252,
      -25.416258538
     ],
     [
      -48.704362061,
      -25.416296417
     ],
     [
      -48.704335911,
      -25.416310402
     ],
     [
      -48.704242571,
      -25.416352838
     ],
     [
      -48.704166945,
      -25.416381184
     ],
     [
      -48.704149231,
      -25.416387597
     ],
     [
      -48.70405589,
      -25.416415373
     ],
     [
      -48.70396255,
      -25.416437125
     ],
     [
      -48.70386921,
      -25.416453342
     ],
     [
      -48.703775869,
      -25.416464374
     ],
     [
      -48.703775869,
      -25.416464374
     ]
    ]
   },
   "properties": {
    "tipo": "curva_nivel",
    "cota_m": 65,
    "equidistancia_m": 5
   }
  },
  {
   "type": "Feature",
   "geometry": {
    "type": "LineString",
    "coordinates": [
     [
      -48.702749126,
      -25.416224351
     ],
     [
      -48.702842466,
      -25.416282607
     ],
     [
      -48.702868346,
      -25.416296417
     ],
     [
      -48.702935807,
      -25.416330521
     ],
     [
      -48.703029147,
      -25.416369815
     ],
     [
      -48.703061771,
      -25.416381184
     ],
     [
      -48.703122487,
      -25.416401555
     ],
     [
      -48.703215828,
      -25.416426648
     ],
     [
      -48.703309168,
      -25.41644581
     ],
     [
      -48.703402508,
      -25.416459502
     ],
     [
      -48.7034727,
      -25.416465951
     ],
     [
      -48.7034727,
      -25.416465951
     ]
    ]
   },
   "properties": {
    "tipo": "curva_nivel",
    "cota_m": 65,
    "equidistancia_m": 5
   }
  },
  {
   "type": "Feature",
   "geometry": {
    "type": "LineString",
    "coordinates": [
     [
      -48.703751632,
      -25.416465951
     ],
     [
      -48.703682529,
      -25.416470429
     ],
     [
      -48.703589189,
      -25.41647165
     ],
     [
      -48.703495848,
      -25.416468047
     ]
    ]
   },
   "properties": {
    "tipo": "curva_nivel",
    "cota_m": 65,
    "equidistancia_m": 5
   }
  },
  {
   "type": "Feature",
   "geometry": {
    "type": "LineString",
    "coordinates": [
     [
      -48.707136121,
      -25.418244838
     ],
     [
      -48.707136121,
      -25.418244838
     ],
     [
      -48.707229461,
      -25.418239128
     ],
     [
      -48.707322801,
      -25.418236115
     ],
     [
      -48.707416142,
      -25.418235703
     ],
     [
      -48.707509482,
      -25.418237823
     ],
     [
      -48.707602822,
      -25.418242437
     ],
     [
      -48.707650288,
      -25.41824606
     ],
     [
      -48.707650288,
      -25.41824606
     ]
    ]
   },
   "properties": {
    "tipo": "curva_nivel",
    "cota_m": 65,
    "equidistancia_m": 5
   }
  },
  {
   "type": "Feature",
   "geometry": {
    "type": "LineString",
    "coordinates": [
     [
      -48.707696163,
      -25.418249523
     ],
     [
      -48.707789503,
      -25.41825909
     ],
     [
      -48.707882843,
      -25.41827118
     ],
     [
      -48.707976183,
      -25.418285852
     ],
     [
      -48.708069524,
      -25.418303187
     ],
     [
      -48.708162864,
      -25.418323295
     ],
     [
      -48.708193534,
      -25.418330827
     ],
     [
      -48.708256204,
      -25.418346326
     ],
     [
      -48.708349545,
      -25.418372423
     ],
     [
      -48.708442885,
      -25.418401759
     ],
     [
      -48.708482548,
      -25.418415594
     ],
     [
      -48.708536225,
      -25.418434628
     ],
     [
      -48.708629566,
      -25.418471242
     ],
     [
      -48.708696864,
      -25.418500361
     ],
     [
      -48.708696864,
      -25.418500361
     ]
    ]
   },
   "properties": {
    "tipo": "curva_nivel",
    "cota_m": 65,
    "equidistancia_m": 5
   }
  },
  {
   "type": "Feature",
   "geometry": {
    "type": "LineString",
    "coordinates": [
     [
      -48.707122467,
      -25.41824606
     ],
     [
      -48.70704278,
      -25.418253338
     ],
     [
      -48.70694944,
      -25.418264797
     ],
     [
      -48.7068561,
      -25.418279418
     ],
     [
      -48.706762759,
      -25.418297445
     ],
     [
      -48.706669419,
      -25.418319177
     ],
     [
      -48.706669419,
      -25.418319177
     ]
    ]
   },
   "properties": {
    "tipo": "curva_nivel",
    "cota_m": 65,
    "equidistancia_m": 5
   }
  },
  {
   "type": "Feature",
   "geometry": {
    "type": "LineString",
    "coordinates": [
     [
      -48.699482215,
      -25.418409185
     ],
     [
      -48.699482215,
      -25.418409185
     ],
     [
      -48.699575555,
      -25.418378589
     ],
     [
      -48.699668896,
      -25.418352133
     ],
     [
      -48.699762236,
      -25.418329589
     ],
     [
      -48.699762236,
      -25.418329589
     ],
     [
      -48.699855576,
      -25.418310808
     ],
     [
      -48.699948917,
      -25.418295602
     ],
     [
      -48.700042257,
      -25.41828387
     ],
     [
      -48.700135597,
      -25.418275554
     ],
     [
      -48.700228938,
      -25.418270638
     ],
     [
      -48.700322278,
      -25.418269148
     ],
     [
      -48.700415618,
      -25.418271155
     ],
     [
      -48.700508959,
      -25.418276778
     ],
     [
      -48.700602299,
      -25.418286187
     ],
     [
      -48.700695639,
      -25.418299614
     ],
     [
      -48.700788979,
      -25.418317356
     ],
     [
      -48.700845819,
      -25.418330827
     ],
     [
      -48.700845819,
      -25.418330827
     ]
    ]
   },
   "properties": {
    "tipo": "curva_nivel",
    "cota_m": 65,
    "equidistancia_m": 5
   }
  },
  {
   "type": "Feature",
   "geometry": {
    "type": "LineString",
    "coordinates": [
     [
      -48.706626358,
      -25.418330827
     ],
     [
      -48.706576079,
      -25.418344889
     ],
     [
      -48.706482738,
      -25.418374944
     ],
     [
      -48.706389398,
      -25.418409883
     ],
     [
      -48.706389398,
      -25.418409883
     ]
    ]
   },
   "properties": {
    "tipo": "curva_nivel",
    "cota_m": 65,
    "equidistancia_m": 5
   }
  },
  {
   "type": "Feature",
   "geometry": {
    "type": "LineString",
    "coordinates": [
     [
      -48.70088232,
      -25.418339749
     ],
     [
      -48.70097566,
      -25.418367171
     ],
     [
      -48.701069,
      -25.418400199
     ],
     [
      -48.701106567,
      -25.418415594
     ],
     [
      -48.701162341,
      -25.418439424
     ],
     [
      -48.701255681,
      -25.418485522
     ],
     [
      -48.701282331,
      -25.418500361
     ],
     [
      -48.701349021,
      -25.418539406
     ],
     [
      -48.701418205,
      -25.418585128
     ],
     [
      -48.701418205,
      -25.418585128
     ]
    ]
   },
   "properties": {
    "tipo": "curva_nivel",
    "cota_m": 65,
    "equidistancia_m": 5
   }
  },
  {
   "type": "Feature",
   "geometry": {
    "type": "LineString",
    "coordinates": [
     [
      -48.706375656,
      -25.418415594
     ],
     [
      -48.706296058,
      -25.418450089
     ],
     [
      -48.706202718,
      -25.418496245
     ],
     [
      -48.706202718,
      -25.418496245
     ]
    ]
   },
   "properties": {
    "tipo": "curva_nivel",
    "cota_m": 65,
    "equidistancia_m": 5
   }
  },
  {
   "type": "Feature",
   "geometry": {
    "type": "LineString",
    "coordinates": [
     [
      -48.69946499,
      -25.418415594
     ],
     [
      -48.699388875,
      -25.418444391
     ],
     [
      -48.699295534,
      -25.418484406
     ],
     [
      -48.699295534,
      -25.418484406
     ]
    ]
   },
   "properties": {
    "tipo": "curva_nivel",
    "cota_m": 65,
    "equidistancia_m": 5
   }
  },
  {
   "type": "Feature",
   "geometry": {
    "type": "LineString",
    "coordinates": [
     [
      -48.708722906,
      -25.418511899
     ],
     [
      -48.708816246,
      -25.418557029
     ],
     [
      -48.708869462,
      -25.418585128
     ],
     [
      -48.708909587,
      -25.418606971
     ],
     [
      -48.709002927,
      -25.418662164
     ],
     [
      -48.709015096,
      -25.418669895
     ],
     [
      -48.709096267,
      -25.418723404
     ],
     [
      -48.709140317,
      -25.418754662
     ],
     [
      -48.709189607,
      -25.418791135
     ],
     [
      -48.709250657,
      -25.41883943
     ],
     [
      -48.709250657,
      -25.41883943
     ]
    ]
   },
   "properties": {
    "tipo": "curva_nivel",
    "cota_m": 65,
    "equidistancia_m": 5
   }
  },
  {
   "type": "Feature",
   "geometry": {
    "type": "LineString",
    "coordinates": [
     [
      -48.706195094,
      -25.418500361
     ],
     [
      -48.706109377,
      -25.418548934
     ],
     [
      -48.706051932,
      -25.418585128
     ],
     [
      -48.706016037,
      -25.418608981
     ],
     [
      -48.705932178,
      -25.418669895
     ],
     [
      -48.705922697,
      -25.418677195
     ],
     [
      -48.705829356,
      -25.418754591
     ],
     [
      -48.705829356,
      -25.418754591
     ],
     [
      -48.705739,
      -25.41883943
     ],
     [
      -48.705736016,
      -25.418842429
     ],
     [
      -48.705658577,
      -25.418924197
     ],
     [
      -48.705642676,
      -25.418942263
     ],
     [
      -48.705586166,
      -25.419008964
     ],
     [
      -48.705549335,
      -25.419055981
     ],
     [
      -48.705520574,
      -25.419093731
     ],
     [
      -48.705460979,
      -25.419178498
     ],
     [
      -48.705455995,
      -25.419186115
     ],
     [
      -48.705406227,
      -25.419263265
     ],
     [
      -48.705362655,
      -25.419337487
     ],
     [
      -48.705362655,
      -25.419337487
     ]
    ]
   },
   "properties": {
    "tipo": "curva_nivel",
    "cota_m": 65,
    "equidistancia_m": 5
   }
  },
  {
   "type": "Feature",
   "geometry": {
    "type": "LineString",
    "coordinates": [
     [
      -48.699262234,
      -25.418500361
     ],
     [
      -48.699202194,
      -25.4185299
     ],
     [
      -48.699108854,
      -25.418581202
     ],
     [
      -48.699108854,
      -25.418581202
     ]
    ]
   },
   "properties": {
    "tipo": "curva_nivel",
    "cota_m": 65,
    "equidistancia_m": 5
   }
  },
  {
   "type": "Feature",
   "geometry": {
    "type": "LineString",
    "coordinates": [
     [
      -48.701442362,
      -25.418602026
     ],
     [
      -48.701530017,
      -25.418669895
     ],
     [
      -48.701624858,
      -25.418754662
     ],
     [
      -48.701707135,
      -25.41883943
     ],
     [
      -48.701707135,
      -25.41883943
     ]
    ]
   },
   "properties": {
    "tipo": "curva_nivel",
    "cota_m": 65,
    "equidistancia_m": 5
   }
  },
  {
   "type": "Feature",
   "geometry": {
    "type": "LineString",
    "coordinates": [
     [
      -48.699102352,
      -25.418585128
     ],
     [
      -48.699015514,
      -25.418639485
     ],
     [
      -48.698971397,
      -25.418669895
     ],
     [
      -48.698922173,
      -25.418705331
     ],
     [
      -48.698859445,
      -25.418754662
     ],
     [
      -48.698828833,
      -25.418779999
     ],
     [
      -48.698762579,
      -25.41883943
     ],
     [
      -48.698735493,
      -25.418865204
     ],
     [
      -48.698677846,
      -25.418924197
     ],
     [
      -48.698642152,
      -25.418963268
     ],
     [
      -48.698603041,
      -25.419008964
     ],
     [
      -48.698548812,
      -25.419077324
     ],
     [
      -48.698548812,
      -25.419077324
     ]
    ]
   },
   "properties": {
    "tipo": "curva_nivel",
    "cota_m": 65,
    "equidistancia_m": 5
   }
  },
  {
   "type": "Feature",
   "geometry": {
    "type": "LineString",
    "coordinates": [
     [
      -48.71581677,
      -25.418919934
     ],
     [
      -48.71581677,
      -25.418919934
     ],
     [
      -48.71591011,
      -25.418888795
     ],
     [
      -48.71600345,
      -25.418862581
     ],
     [
      -48.716096791,
      -25.418841183
     ],
     [
      -48.716106654,
      -25.41883943
     ],
     [
      -48.716190131,
      -25.418825022
     ],
     [
      -48.716283471,
      -25.418813472
     ],
     [
      -48.716376812,
      -25.418806469
     ],
     [
      -48.716470152,
      -25.418804049
     ],
     [
      -48.716563492,
      -25.418806288
     ],
     [
      -48.716656832,
      -25.418813307
     ],
     [
      -48.716750173,
      -25.418825276
     ],
     [
      -48.716827541,
      -25.41883943
     ],
     [
      -48.716827541,
      -25.41883943
     ]
    ]
   },
   "properties": {
    "tipo": "curva_nivel",
    "cota_m": 65,
    "equidistancia_m": 5
   }
  },
  {
   "type": "Feature",
   "geometry": {
    "type": "LineString",
    "coordinates": [
     [
      -48.716843513,
      -25.418842516
     ],
     [
      -48.716936853,
      -25.418865869
     ],
     [
      -48.717030194,
      -25.418895194
     ],
     [
      -48.717106397,
      -25.418924197
     ],
     [
      -48.717106397,
      -25.418924197
     ]
    ]
   },
   "properties": {
    "tipo": "curva_nivel",
    "cota_m": 65,
    "equidistancia_m": 5
   }
  },
  {
   "type": "Feature",
   "geometry": {
    "type": "LineString",
    "coordinates": [
     [
      -48.709282948,
      -25.418866198
     ],
     [
      -48.709348839,
      -25.418924197
     ],
     [
      -48.709348839,
      -25.418924197
     ]
    ]
   },
   "properties": {
    "tipo": "curva_nivel",
    "cota_m": 65,
    "equidistancia_m": 5
   }
  },
  {
   "type": "Feature",
   "geometry": {
    "type": "LineString",
    "coordinates": [
     [
      -48.701722383,
      -25.418856467
     ],
     [
      -48.701779645,
      -25.418924197
     ],
     [
      -48.701815723,
      -25.418970663
     ],
     [
      -48.701844162,
      -25.419008964
     ],
     [
      -48.701901771,
      -25.419093731
     ],
     [
      -48.701901771,
      -25.419093731
     ]
    ]
   },
   "properties": {
    "tipo": "curva_nivel",
    "cota_m": 65,
    "equidistancia_m": 5
   }
  },
  {
   "type": "Feature",
   "geometry": {
    "type": "LineString",
    "coordinates": [
     [
      -48.717123534,
      -25.418931186
     ],
     [
      -48.717216874,
      -25.418975516
     ],
     [
      -48.717277552,
      -25.419008964
     ],
     [
      -48.717277552,
      -25.419008964
     ]
    ]
   },
   "properties": {
    "tipo": "curva_nivel",
    "cota_m": 65,
    "equidistancia_m": 5
   }
  },
  {
   "type": "Feature",
   "geometry": {
    "type": "LineString",
    "coordinates": [
     [
      -48.715805736,
      -25.418924197
     ],
     [
      -48.715723429,
      -25.418957414
     ],
     [
      -48.715630089,
      -25.419000482
     ],
     [
      -48.715630089,
      -25.419000482
     ]
    ]
   },
   "properties": {
    "tipo": "curva_nivel",
    "cota_m": 65,
    "equidistancia_m": 5
   }
  },
  {
   "type": "Feature",
   "geometry": {
    "type": "LineString",
    "coordinates": [
     [
      -48.709376288,
      -25.418949641
     ],
     [
      -48.709436968,
      -25.419008964
     ],
     [
      -48.709469628,
      -25.419042752
     ],
     [
      -48.70951666,
      -25.419093731
     ],
     [
      -48.709562969,
      -25.419147099
     ],
     [
      -48.709589143,
      -25.419178498
     ],
     [
      -48.709655321,
      -25.419263265
     ],
     [
      -48.709715551,
      -25.419348032
     ],
     [
      -48.709749649,
      -25.419399782
     ],
     [
      -48.709770861,
      -25.419432799
     ],
     [
      -48.709821459,
      -25.419517566
     ],
     [
      -48.70984299,
      -25.419556592
     ],
     [
      -48.709867798,
      -25.419602333
     ],
     [
      -48.709910149,
      -25.4196871
     ],
     [
      -48.70993633,
      -25.419744304
     ],
     [
      -48.709948832,
      -25.419771867
     ],
     [
      -48.709984012,
      -25.419856634
     ],
     [
      -48.710015935,
      -25.419941402
     ],
     [
      -48.710015935,
      -25.419941402
     ]
    ]
   },
   "properties": {
    "tipo": "curva_nivel",
    "cota_m": 65,
    "equidistancia_m": 5
   }
  },
  {
   "type": "Feature",
   "geometry": {
    "type": "LineString",
    "coordinates": [
     [
      -48.717659416,
      -25.419348032
     ],
     [
      -48.717659416,
      -25.419348032
     ],
     [
      -48.717590541,
      -25.419263265
     ],
     [
      -48.717590236,
      -25.419262928
     ],
     [
      -48.717507177,
      -25.419178498
     ],
     [
      -48.717496895,
      -25.419169111
     ],
     [
      -48.717403555,
      -25.419091934
     ],
     [
      -48.717405939,
      -25.419093731
     ],
     [
      -48.717310215,
      -25.4190285
     ]
    ]
   },
   "properties": {
    "tipo": "curva_nivel",
    "cota_m": 65,
    "equidistancia_m": 5
   }
  },
  {
   "type": "Feature",
   "geometry": {
    "type": "LineString",
    "coordinates": [
     [
      -48.715613717,
      -25.419008964
     ],
     [
      -48.715536749,
      -25.419051027
     ],
     [
      -48.715466652,
      -25.419093731
     ],
     [
      -48.715443408,
      -25.419108796
     ],
     [
      -48.715350068,
      -25.419175441
     ],
     [
      -48.715350068,
      -25.419175441
     ],
     [
      -48.715256728,
      -25.419253188
     ],
     [
      -48.715256728,
      -25.419253188
     ]
    ]
   },
   "properties": {
    "tipo": "curva_nivel",
    "cota_m": 65,
    "equidistancia_m": 5
   }
  },
  {
   "type": "Feature",
   "geometry": {
    "type": "LineString",
    "coordinates": [
     [
      -48.701909063,
      -25.419105411
     ],
     [
      -48.701953394,
      -25.419178498
     ],
     [
      -48.701999526,
      -25.419263265
     ],
     [
      -48.702040858,
      -25.419348032
     ],
     [
      -48.702077407,
      -25.419432799
     ],
     [
      -48.702095744,
      -25.419481064
     ],
     [
      -48.702109604,
      -25.419517566
     ],
     [
      -48.702137663,
      -25.419602333
     ],
     [
      -48.702161475,
      -25.4196871
     ],
     [
      -48.702181166,
      -25.419771867
     ],
     [
      -48.702189084,
      -25.419814641
     ],
     [
      -48.70219701,
      -25.419856634
     ],
     [
      -48.702209002,
      -25.419941402
     ],
     [
      -48.702217018,
      -25.420026169
     ],
     [
      -48.702221091,
      -25.420110936
     ],
     [
      -48.702221235,
      -25.420195703
     ],
     [
      -48.702217447,
      -25.42028047
     ],
     [
      -48.702209699,
      -25.420365237
     ],
     [
      -48.702197943,
      -25.420450004
     ],
     [
      -48.702189084,
      -25.420497869
     ],
     [
      -48.702189084,
      -25.420497869
     ]
    ]
   },
   "properties": {
    "tipo": "curva_nivel",
    "cota_m": 65,
    "equidistancia_m": 5
   }
  },
  {
   "type": "Feature",
   "geometry": {
    "type": "LineString",
    "coordinates": [
     [
      -48.698536528,
      -25.419093731
     ],
     [
      -48.698477836,
      -25.419178498
     ],
     [
      -48.698455472,
      -25.419213858
     ],
     [
      -48.698425705,
      -25.419263265
     ],
     [
      -48.698379491,
      -25.419348032
     ],
     [
      -48.698362131,
      -25.419383517
     ],
     [
      -48.698338954,
      -25.419432799
     ],
     [
      -48.698303645,
      -25.419517566
     ],
     [
      -48.69827297,
      -25.419602333
     ],
     [
      -48.698268791,
      -25.419615825
     ],
     [
      -48.698247331,
      -25.4196871
     ],
     [
      -48.69822615,
      -25.419771867
     ],
     [
      -48.698209274,
      -25.419856634
     ],
     [
      -48.698196661,
      -25.419941402
     ],
     [
      -48.698188286,
      -25.420026169
     ],
     [
      -48.698184137,
      -25.420110936
     ],
     [
      -48.698184218,
      -25.420195703
     ],
     [
      -48.698188549,
      -25.42028047
     ],
     [
      -48.698197166,
      -25.420365237
     ],
     [
      -48.698210125,
      -25.420450004
     ],
     [
      -48.698227503,
      -25.420534771
     ],
     [
      -48.698249403,
      -25.420619538
     ],
     [
      -48.698268791,
      -25.420681787
     ],
     [
      -48.698276118,
      -25.420704305
     ],
     [
      -48.698308192,
      -25.420789072
     ],
     [
      -48.698345402,
      -25.420873839
     ],
     [
      -48.698345402,
      -25.420873839
     ]
    ]
   },
   "properties": {
    "tipo": "curva_nivel",
    "cota_m": 65,
    "equidistancia_m": 5
   }
  },
  {
   "type": "Feature",
   "geometry": {
    "type": "LineString",
    "coordinates": [
     [
      -48.715245574,
      -25.419263265
     ],
     [
      -48.715163387,
      -25.419343732
     ],
     [
      -48.715163387,
      -25.419343732
     ],
     [
      -48.715085289,
      -25.419432799
     ],
     [
      -48.715070047,
      -25.41945209
     ],
     [
      -48.715021258,
      -25.419517566
     ],
     [
      -48.714976707,
      -25.419584407
     ],
     [
      -48.714976707,
      -25.419584407
     ]
    ]
   },
   "properties": {
    "tipo": "curva_nivel",
    "cota_m": 65,
    "equidistancia_m": 5
   }
  },
  {
   "type": "Feature",
   "geometry": {
    "type": "LineString",
    "coordinates": [
     [
      -48.717683576,
      -25.419382077
     ],
     [
      -48.717717378,
      -25.419432799
     ],
     [
      -48.717766034,
      -25.419517566
     ],
     [
      -48.717766034,
      -25.419517566
     ]
    ]
   },
   "properties": {
    "tipo": "curva_nivel",
    "cota_m": 65,
    "equidistancia_m": 5
   }
  },
  {
   "type": "Feature",
   "geometry": {
    "type": "LineString",
    "coordinates": [
     [
      -48.705356494,
      -25.419348032
     ],
     [
      -48.705310598,
      -25.419432799
     ],
     [
      -48.705269314,
      -25.419517304
     ],
     [
      -48.705269314,
      -25.419517304
     ],
     [
      -48.70523079,
      -25.419602333
     ],
     [
      -48.705196358,
      -25.4196871
     ],
     [
      -48.705175974,
      -25.41974304
     ],
     [
      -48.705175974,
      -25.41974304
     ]
    ]
   },
   "properties": {
    "tipo": "curva_nivel",
    "cota_m": 65,
    "equidistancia_m": 5
   }
  },
  {
   "type": "Feature",
   "geometry": {
    "type": "LineString",
    "coordinates": [
     [
      -48.717776916,
      -25.41953981
     ],
     [
      -48.7178061,
      -25.419602333
     ],
     [
      -48.71783883,
      -25.4196871
     ],
     [
      -48.717864921,
      -25.419771867
     ],
     [
      -48.717884423,
      -25.419856634
     ],
     [
      -48.717897882,
      -25.419941402
     ],
     [
      -48.717905583,
      -25.420026169
     ],
     [
      -48.71790766,
      -25.420110936
     ],
     [
      -48.717904198,
      -25.420195703
     ],
     [
      -48.717895239,
      -25.42028047
     ],
     [
      -48.717880782,
      -25.420365237
     ],
     [
      -48.717870256,
      -25.42041007
     ],
     [
      -48.717870256,
      -25.42041007
     ]
    ]
   },
   "properties": {
    "tipo": "curva_nivel",
    "cota_m": 65,
    "equidistancia_m": 5
   }
  },
  {
   "type": "Feature",
   "geometry": {
    "type": "LineString",
    "coordinates": [
     [
      -48.714965341,
      -25.419602333
     ],
     [
      -48.714917725,
      -25.4196871
     ],
     [
      -48.714883367,
      -25.419757395
     ],
     [
      -48.714883367,
      -25.419757395
     ]
    ]
   },
   "properties": {
    "tipo": "curva_nivel",
    "cota_m": 65,
    "equidistancia_m": 5
   }
  },
  {
   "type": "Feature",
   "geometry": {
    "type": "LineString",
    "coordinates": [
     [
      -48.714876568,
      -25.419771867
     ],
     [
      -48.714842543,
      -25.419856634
     ],
     [
      -48.714814241,
      -25.419941402
     ],
     [
      -48.714791578,
      -25.420026169
     ],
     [
      -48.714790026,
      -25.420033927
     ],
     [
      -48.714775005,
      -25.420110936
     ],
     [
      -48.71476386,
      -25.420195703
     ],
     [
      -48.714758093,
      -25.42028047
     ],
     [
      -48.714757733,
      -25.420365237
     ],
     [
      -48.714762845,
      -25.420450004
     ],
     [
      -48.714773534,
      -25.420534771
     ],
     [
      -48.714789952,
      -25.420619538
     ],
     [
      -48.714813081,
      -25.420704305
     ],
     [
      -48.714842646,
      -25.420789072
     ],
     [
      -48.714879025,
      -25.420873839
     ],
     [
      -48.714924368,
      -25.420958606
     ],
     [
      -48.714976707,
      -25.421041131
     ],
     [
      -48.714978266,
      -25.421043374
     ],
     [
      -48.715044431,
      -25.421128141
     ],
     [
      -48.715044431,
      -25.421128141
     ]
    ]
   },
   "properties": {
    "tipo": "curva_nivel",
    "cota_m": 65,
    "equidistancia_m": 5
   }
  },
  {
   "type": "Feature",
   "geometry": {
    "type": "LineString",
    "coordinates": [
     [
      -48.705165241,
      -25.419771867
     ],
     [
      -48.705136961,
      -25.419856634
     ],
     [
      -48.705112029,
      -25.419941402
     ],
     [
      -48.705090226,
      -25.420026169
     ],
     [
      -48.705082634,
      -25.420060161
     ],
     [
      -48.705070864,
      -25.420110936
     ],
     [
      -48.705054016,
      -25.420195703
     ],
     [
      -48.705039788,
      -25.42028047
     ],
     [
      -48.705027961,
      -25.420365237
     ],
     [
      -48.705018308,
      -25.420450004
     ],
     [
      -48.705010591,
      -25.420534771
     ],
     [
      -48.705004557,
      -25.420619538
     ],
     [
      -48.704999935,
      -25.420704305
     ],
     [
      -48.704996431,
      -25.420789072
     ],
     [
      -48.704993724,
      -25.420873839
     ],
     [
      -48.704991458,
      -25.420958606
     ],
     [
      -48.704989293,
      -25.421041213
     ],
     [
      -48.704989293,
      -25.421041213
     ],
     [
      -48.704986496,
      -25.421128141
     ],
     [
      -48.704982818,
      -25.421212908
     ],
     [
      -48.704977597,
      -25.421297675
     ],
     [
      -48.704970144,
      -25.421382442
     ],
     [
      -48.704959652,
      -25.421467209
     ],
     [
      -48.704945172,
      -25.421551976
     ],
     [
      -48.704925574,
      -25.421636743
     ],
     [
      -48.704899494,
      -25.42172151
     ],
     [
      -48.704895953,
      -25.421730692
     ],
     [
      -48.704864077,
      -25.421806277
     ],
     [
      -48.704818071,
      -25.421891044
     ],
     [
      -48.704802613,
      -25.421914216
     ],
     [
      -48.704757327,
      -25.421975811
     ],
     [
      -48.704709273,
      -25.422029296
     ],
     [
      -48.704709273,
      -25.422029296
     ]
    ]
   },
   "properties": {
    "tipo": "curva_nivel",
    "cota_m": 65,
    "equidistancia_m": 5
   }
  },
  {
   "type": "Feature",
   "geometry": {
    "type": "LineString",
    "coordinates": [
     [
      -48.71002967,
      -25.41998176
     ],
     [
      -48.710044798,
      -25.420026169
     ],
     [
      -48.710070757,
      -25.420110936
     ],
     [
      -48.710093958,
      -25.420195703
     ],
     [
      -48.710114567,
      -25.42028047
     ],
     [
      -48.710114567,
      -25.42028047
     ]
    ]
   },
   "properties": {
    "tipo": "curva_nivel",
    "cota_m": 65,
    "equidistancia_m": 5
   }
  },
  {
   "type": "Feature",
   "geometry": {
    "type": "LineString",
    "coordinates": [
     [
      -48.710123011,
      -25.420320003
     ],
     [
      -48.710132797,
      -25.420365237
     ],
     [
      -48.710148799,
      -25.420450004
     ],
     [
      -48.710162703,
      -25.420534771
     ],
     [
      -48.710174696,
      -25.420619538
     ],
     [
      -48.710184975,
      -25.420704305
     ],
     [
      -48.710193751,
      -25.420789072
     ],
     [
      -48.710201252,
      -25.420873839
     ],
     [
      -48.710207728,
      -25.420958606
     ],
     [
      -48.710213456,
      -25.421043374
     ],
     [
      -48.710216351,
      -25.421090382
     ],
     [
      -48.710218763,
      -25.421128141
     ],
     [
      -48.710224,
      -25.421212908
     ],
     [
      -48.710229545,
      -25.421297675
     ],
     [
      -48.710235862,
      -25.421382442
     ],
     [
      -48.710243496,
      -25.421467209
     ],
     [
      -48.710253091,
      -25.421551976
     ],
     [
      -48.710265425,
      -25.421636743
     ],
     [
      -48.710281447,
      -25.42172151
     ],
     [
      -48.710302346,
      -25.421806277
     ],
     [
      -48.710302346,
      -25.421806277
     ]
    ]
   },
   "properties": {
    "tipo": "curva_nivel",
    "cota_m": 65,
    "equidistancia_m": 5
   }
  },
  {
   "type": "Feature",
   "geometry": {
    "type": "LineString",
    "coordinates": [
     [
      -48.717860613,
      -25.420450004
     ],
     [
      -48.717834531,
      -25.420534771
     ],
     [
      -48.717802577,
      -25.420619538
     ],
     [
      -48.717776916,
      -25.420677099
     ],
     [
      -48.717776916,
      -25.420677099
     ]
    ]
   },
   "properties": {
    "tipo": "curva_nivel",
    "cota_m": 65,
    "equidistancia_m": 5
   }
  },
  {
   "type": "Feature",
   "geometry": {
    "type": "LineString",
    "coordinates": [
     [
      -48.702182273,
      -25.420534771
     ],
     [
      -48.702162735,
      -25.420619538
     ],
     [
      -48.702138975,
      -25.420704305
     ],
     [
      -48.702110797,
      -25.420789072
     ],
     [
      -48.702095744,
      -25.420828705
     ],
     [
      -48.702078284,
      -25.420873839
     ],
     [
      -48.702041157,
      -25.420958606
     ],
     [
      -48.702002403,
      -25.421036274
     ],
     [
      -48.702002403,
      -25.421036274
     ]
    ]
   },
   "properties": {
    "tipo": "curva_nivel",
    "cota_m": 65,
    "equidistancia_m": 5
   }
  },
  {
   "type": "Feature",
   "geometry": {
    "type": "LineString",
    "coordinates": [
     [
      -48.717764253,
      -25.420704305
     ],
     [
      -48.71771884,
      -25.420789072
     ],
     [
      -48.717683576,
      -25.420846758
     ],
     [
      -48.717683576,
      -25.420846758
     ]
    ]
   },
   "properties": {
    "tipo": "curva_nivel",
    "cota_m": 65,
    "equidistancia_m": 5
   }
  },
  {
   "type": "Feature",
   "geometry": {
    "type": "LineString",
    "coordinates": [
     [
      -48.717666067,
      -25.420873839
     ],
     [
      -48.717604726,
      -25.420958606
     ],
     [
      -48.717590236,
      -25.420976767
     ],
     [
      -48.717533251,
      -25.421043374
     ],
     [
      -48.717496895,
      -25.421082118
     ],
     [
      -48.717450075,
      -25.421128141
     ],
     [
      -48.717403555,
      -25.421170361
     ],
     [
      -48.717352121,
      -25.421212908
     ],
     [
      -48.717310215,
      -25.421245283
     ],
     [
      -48.717234845,
      -25.421297675
     ],
     [
      -48.717216874,
      -25.421309466
     ],
     [
      -48.717123534,
      -25.42136439
     ],
     [
      -48.717123534,
      -25.42136439
     ]
    ]
   },
   "properties": {
    "tipo": "curva_nivel",
    "cota_m": 65,
    "equidistancia_m": 5
   }
  },
  {
   "type": "Feature",
   "geometry": {
    "type": "LineString",
    "coordinates": [
     [
      -48.698362131,
      -25.420907722
     ],
     [
      -48.698388714,
      -25.420958606
     ],
     [
      -48.698438352,
      -25.421043374
     ],
     [
      -48.698438352,
      -25.421043374
     ]
    ]
   },
   "properties": {
    "tipo": "curva_nivel",
    "cota_m": 65,
    "equidistancia_m": 5
   }
  },
  {
   "type": "Feature",
   "geometry": {
    "type": "LineString",
    "coordinates": [
     [
      -48.701998739,
      -25.421043374
     ],
     [
      -48.701950992,
      -25.421128141
     ],
     [
      -48.701909063,
      -25.421194396
     ],
     [
      -48.701909063,
      -25.421194396
     ]
    ]
   },
   "properties": {
    "tipo": "curva_nivel",
    "cota_m": 65,
    "equidistancia_m": 5
   }
  },
  {
   "type": "Feature",
   "geometry": {
    "type": "LineString",
    "coordinates": [
     [
      -48.698455472,
      -25.42106997
     ],
     [
      -48.698495518,
      -25.421128141
     ],
     [
      -48.698548812,
      -25.421198417
     ],
     [
      -48.698560662,
      -25.421212908
     ],
     [
      -48.698635707,
      -25.421297675
     ],
     [
      -48.698635707,
      -25.421297675
     ]
    ]
   },
   "properties": {
    "tipo": "curva_nivel",
    "cota_m": 65,
    "equidistancia_m": 5
   }
  },
  {
   "type": "Feature",
   "geometry": {
    "type": "LineString",
    "coordinates": [
     [
      -48.715070047,
      -25.421157324
     ],
     [
      -48.715124523,
      -25.421212908
     ],
     [
      -48.715163387,
      -25.421248833
     ],
     [
      -48.715223316,
      -25.421297675
     ],
     [
      -48.715223316,
      -25.421297675
     ]
    ]
   },
   "properties": {
    "tipo": "curva_nivel",
    "cota_m": 65,
    "equidistancia_m": 5
   }
  },
  {
   "type": "Feature",
   "geometry": {
    "type": "LineString",
    "coordinates": [
     [
      -48.701896727,
      -25.421212908
     ],
     [
      -48.701835154,
      -25.421297675
     ],
     [
      -48.701815723,
      -25.421322255
     ],
     [
      -48.701764544,
      -25.421382442
     ],
     [
      -48.701722383,
      -25.421427918
     ],
     [
      -48.701682555,
      -25.421467209
     ],
     [
      -48.701629042,
      -25.421516146
     ],
     [
      -48.701585397,
      -25.421551976
     ],
     [
      -48.701535702,
      -25.421590164
     ],
     [
      -48.701466669,
      -25.421636743
     ],
     [
      -48.701442362,
      -25.421652236
     ],
     [
      -48.701349021,
      -25.421704438
     ],
     [
      -48.701349021,
      -25.421704438
     ]
    ]
   },
   "properties": {
    "tipo": "curva_nivel",
    "cota_m": 65,
    "equidistancia_m": 5
   }
  },
  {
   "type": "Feature",
   "geometry": {
    "type": "LineString",
    "coordinates": [
     [
      -48.715256728,
      -25.421322759
     ],
     [
      -48.715348546,
      -25.421382442
     ],
     [
      -48.715443408,
      -25.42143292
     ],
     [
      -48.715520832,
      -25.421467209
     ],
     [
      -48.715520832,
      -25.421467209
     ]
    ]
   },
   "properties": {
    "tipo": "curva_nivel",
    "cota_m": 65,
    "equidistancia_m": 5
   }
  },
  {
   "type": "Feature",
   "geometry": {
    "type": "LineString",
    "coordinates": [
     [
      -48.698642152,
      -25.421304476
     ],
     [
      -48.698722772,
      -25.421382442
     ],
     [
      -48.698722772,
      -25.421382442
     ]
    ]
   },
   "properties": {
    "tipo": "curva_nivel",
    "cota_m": 65,
    "equidistancia_m": 5
   }
  },
  {
   "type": "Feature",
   "geometry": {
    "type": "LineString",
    "coordinates": [
     [
      -48.717088802,
      -25.421382442
     ],
     [
      -48.717030194,
      -25.421411568
     ],
     [
      -48.716936853,
      -25.421451954
     ],
     [
      -48.716936853,
      -25.421451954
     ]
    ]
   },
   "properties": {
    "tipo": "curva_nivel",
    "cota_m": 65,
    "equidistancia_m": 5
   }
  },
  {
   "type": "Feature",
   "geometry": {
    "type": "LineString",
    "coordinates": [
     [
      -48.698735493,
      -25.421393987
     ],
     [
      -48.698824321,
      -25.421467209
     ],
     [
      -48.698922173,
      -25.421537026
     ],
     [
      -48.698945658,
      -25.421551976
     ],
     [
      -48.699015514,
      -25.421594721
     ],
     [
      -48.69909304,
      -25.421636743
     ],
     [
      -48.69909304,
      -25.421636743
     ]
    ]
   },
   "properties": {
    "tipo": "curva_nivel",
    "cota_m": 65,
    "equidistancia_m": 5
   }
  },
  {
   "type": "Feature",
   "geometry": {
    "type": "LineString",
    "coordinates": [
     [
      -48.716896064,
      -25.421467209
     ],
     [
      -48.716843513,
      -25.421486238
     ],
     [
      -48.716750173,
      -25.421514973
     ],
     [
      -48.716656832,
      -25.421538717
     ],
     [
      -48.716592157,
      -25.421551976
     ],
     [
      -48.716563492,
      -25.421557756
     ],
     [
      -48.716470152,
      -25.421572299
     ],
     [
      -48.716376812,
      -25.421582581
     ],
     [
      -48.716283471,
      -25.421588697
     ],
     [
      -48.716190131,
      -25.421590677
     ],
     [
      -48.716096791,
      -25.421588475
     ],
     [
      -48.71600345,
      -25.421581972
     ],
     [
      -48.71591011,
      -25.421570968
     ],
     [
      -48.71581677,
      -25.421555167
     ],
     [
      -48.715802292,
      -25.421551976
     ],
     [
      -48.715723429,
      -25.421534065
     ],
     [
      -48.715630089,
      -25.421507202
     ],
     [
      -48.715536749,
      -25.421473915
     ]
    ]
   },
   "properties": {
    "tipo": "curva_nivel",
    "cota_m": 65,
    "equidistancia_m": 5
   }
  },
  {
   "type": "Feature",
   "geometry": {
    "type": "LineString",
    "coordinates": [
     [
      -48.699108854,
      -25.42164506
     ],
     [
      -48.699202194,
      -25.421689097
     ],
     [
      -48.699280619,
      -25.42172151
     ],
     [
      -48.699280619,
      -25.42172151
     ]
    ]
   },
   "properties": {
    "tipo": "curva_nivel",
    "cota_m": 65,
    "equidistancia_m": 5
   }
  },
  {
   "type": "Feature",
   "geometry": {
    "type": "LineString",
    "coordinates": [
     [
      -48.701313687,
      -25.42172151
     ],
     [
      -48.701255681,
      -25.42174831
     ],
     [
      -48.701162341,
      -25.42178486
     ],
     [
      -48.701097094,
      -25.421806277
     ],
     [
      -48.701069,
      -25.421815199
     ],
     [
      -48.70097566,
      -25.421840454
     ],
     [
      -48.70088232,
      -25.421860851
     ],
     [
      -48.700788979,
      -25.421877047
     ],
     [
      -48.700695639,
      -25.421889537
     ],
     [
      -48.700695639,
      -25.421889537
     ]
    ]
   },
   "properties": {
    "tipo": "curva_nivel",
    "cota_m": 65,
    "equidistancia_m": 5
   }
  },
  {
   "type": "Feature",
   "geometry": {
    "type": "LineString",
    "coordinates": [
     [
      -48.699295534,
      -25.421727566
     ],
     [
      -48.699388875,
      -25.421761277
     ],
     [
      -48.699482215,
      -25.421790546
     ],
     [
      -48.699539957,
      -25.421806277
     ],
     [
      -48.699539957,
      -25.421806277
     ]
    ]
   },
   "properties": {
    "tipo": "curva_nivel",
    "cota_m": 65,
    "equidistancia_m": 5
   }
  },
  {
   "type": "Feature",
   "geometry": {
    "type": "LineString",
    "coordinates": [
     [
      -48.710309691,
      -25.421830195
     ],
     [
      -48.710329771,
      -25.421891044
     ],
     [
      -48.710365599,
      -25.421975811
     ],
     [
      -48.710403032,
      -25.422044706
     ],
     [
      -48.71041243,
      -25.422060578
     ],
     [
      -48.710474051,
      -25.422145346
     ],
     [
      -48.710474051,
      -25.422145346
     ]
    ]
   },
   "properties": {
    "tipo": "curva_nivel",
    "cota_m": 65,
    "equidistancia_m": 5
   }
  },
  {
   "type": "Feature",
   "geometry": {
    "type": "LineString",
    "coordinates": [
     [
      -48.699575555,
      -25.421815956
     ],
     [
      -48.699668896,
      -25.421837904
     ],
     [
      -48.699762236,
      -25.421856519
     ],
     [
      -48.699855576,
      -25.421872053
     ],
     [
      -48.699948917,
      -25.421884702
     ],
     [
      -48.700008798,
      -25.421891044
     ],
     [
      -48.700008798,
      -25.421891044
     ]
    ]
   },
   "properties": {
    "tipo": "curva_nivel",
    "cota_m": 65,
    "equidistancia_m": 5
   }
  },
  {
   "type": "Feature",
   "geometry": {
    "type": "LineString",
    "coordinates": [
     [
      -48.700680721,
      -25.421891044
     ],
     [
      -48.700602299,
      -25.42189887
     ],
     [
      -48.700508959,
      -25.421905096
     ],
     [
      -48.700415618,
      -25.421908402
     ],
     [
      -48.700322278,
      -25.421908943
     ],
     [
      -48.700228938,
      -25.421906815
     ],
     [
      -48.700135597,
      -25.421902059
     ],
     [
      -48.700042257,
      -25.42189467
     ]
    ]
   },
   "properties": {
    "tipo": "curva_nivel",
    "cota_m": 65,
    "equidistancia_m": 5
   }
  },
  {
   "type": "Feature",
   "geometry": {
    "type": "LineString",
    "coordinates": [
     [
      -48.704678178,
      -25.422060578
     ],
     [
      -48.704615932,
      -25.422113527
     ],
     [
      -48.704574474,
      -25.422145346
     ],
     [
      -48.704522592,
      -25.422179872
     ],
     [
      -48.704439002,
      -25.422230113
     ],
     [
      -48.704429252,
      -25.422235298
     ],
     [
      -48.704335911,
      -25.422281339
     ],
     [
      -48.704261531,
      -25.42231488
     ],
     [
      -48.704242571,
      -25.422322632
     ],
     [
      -48.704149231,
      -25.422358501
     ],
     [
      -48.70405589,
      -25.422392043
     ],
     [
      -48.70405589,
      -25.422392043
     ]
    ]
   },
   "properties": {
    "tipo": "curva_nivel",
    "cota_m": 65,
    "equidistancia_m": 5
   }
  },
  {
   "type": "Feature",
   "geometry": {
    "type": "LineString",
    "coordinates": [
     [
      -48.710496372,
      -25.422170358
     ],
     [
      -48.710555451,
      -25.422230113
     ],
     [
      -48.710589712,
      -25.422258997
     ],
     [
      -48.710663864,
      -25.42231488
     ],
     [
      -48.710663864,
      -25.42231488
     ]
    ]
   },
   "properties": {
    "tipo": "curva_nivel",
    "cota_m": 65,
    "equidistancia_m": 5
   }
  },
  {
   "type": "Feature",
   "geometry": {
    "type": "LineString",
    "coordinates": [
     [
      -48.710683052,
      -25.422327268
     ],
     [
      -48.710776393,
      -25.422381906
     ],
     [
      -48.710810081,
      -25.422399647
     ],
     [
      -48.710869733,
      -25.422427441
     ],
     [
      -48.710963073,
      -25.422466658
     ],
     [
      -48.711009296,
      -25.422484414
     ],
     [
      -48.711056414,
      -25.42250081
     ],
     [
      -48.711149754,
      -25.422530936
     ],
     [
      -48.711243094,
      -25.42255854
     ],
     [
      -48.711281266,
      -25.422569181
     ],
     [
      -48.711336435,
      -25.422583449
     ],
     [
      -48.711429775,
      -25.422606342
     ],
     [
      -48.711523115,
      -25.422627991
     ],
     [
      -48.711616456,
      -25.422648656
     ],
     [
      -48.711640997,
      -25.422653948
     ],
     [
      -48.711709796,
      -25.422668023
     ],
     [
      -48.711803136,
      -25.422686679
     ],
     [
      -48.711896477,
      -25.422705
     ],
     [
      -48.711989817,
      -25.422723157
     ],
     [
      -48.71206979,
      -25.422738715
     ],
     [
      -48.71206979,
      -25.422738715
     ]
    ]
   },
   "properties": {
    "tipo": "curva_nivel",
    "cota_m": 65,
    "equidistancia_m": 5
   }
  },
  {
   "type": "Feature",
   "geometry": {
    "type": "LineString",
    "coordinates": [
     [
      -48.704033634,
      -25.422399647
     ],
     [
      -48.70396255,
      -25.422422216
     ],
     [
      -48.70386921,
      -25.422450673
     ],
     [
      -48.703775869,
      -25.422478315
     ],
     [
      -48.703775869,
      -25.422478315
     ]
    ]
   },
   "properties": {
    "tipo": "curva_nivel",
    "cota_m": 65,
    "equidistancia_m": 5
   }
  },
  {
   "type": "Feature",
   "geometry": {
    "type": "LineString",
    "coordinates": [
     [
      -48.703754786,
      -25.422484414
     ],
     [
      -48.703682529,
      -25.422504221
     ],
     [
      -48.703589189,
      -25.422529661
     ],
     [
      -48.703495848,
      -25.422555365
     ],
     [
      -48.703446338,
      -25.422569181
     ],
     [
      -48.703402508,
      -25.422580962
     ],
     [
      -48.703309168,
      -25.42260667
     ],
     [
      -48.703215828,
      -25.422633733
     ],
     [
      -48.703149845,
      -25.422653948
     ],
     [
      -48.703122487,
      -25.42266214
     ],
     [
      -48.703029147,
      -25.422691564
     ],
     [
      -48.702935807,
      -25.422723858
     ],
     [
      -48.702935807,
      -25.422723858
     ]
    ]
   },
   "properties": {
    "tipo": "curva_nivel",
    "cota_m": 65,
    "equidistancia_m": 5
   }
  },
  {
   "type": "Feature",
   "geometry": {
    "type": "LineString",
    "coordinates": [
     [
      -48.712083157,
      -25.422741226
     ],
     [
      -48.712176497,
      -25.422758922
     ],
     [
      -48.712269838,
      -25.422776923
     ],
     [
      -48.712363178,
      -25.422795389
     ],
     [
      -48.712456518,
      -25.422814491
     ],
     [
      -48.712499006,
      -25.422823482
     ],
     [
      -48.712549859,
      -25.422834057
     ],
     [
      -48.712643199,
      -25.422854297
     ],
     [
      -48.712736539,
      -25.422875707
     ],
     [
      -48.71282988,
      -25.422898525
     ],
     [
      -48.712867566,
      -25.422908249
     ],
     [
      -48.71292322,
      -25.422922543
     ],
     [
      -48.71301656,
      -25.422948126
     ],
     [
      -48.713109901,
      -25.422975923
     ],
     [
      -48.713163242,
      -25.422993016
     ],
     [
      -48.713163242,
      -25.422993016
     ]
    ]
   },
   "properties": {
    "tipo": "curva_nivel",
    "cota_m": 65,
    "equidistancia_m": 5
   }
  },
  {
   "type": "Feature",
   "geometry": {
    "type": "LineString",
    "coordinates": [
     [
      -48.702896034,
      -25.422738715
     ],
     [
      -48.702842466,
      -25.422758538
     ],
     [
      -48.702749126,
      -25.422796566
     ],
     [
      -48.702689924,
      -25.422823482
     ],
     [
      -48.702655786,
      -25.422839007
     ],
     [
      -48.702562445,
      -25.422886066
     ],
     [
      -48.702562445,
      -25.422886066
     ]
    ]
   },
   "properties": {
    "tipo": "curva_nivel",
    "cota_m": 65,
    "equidistancia_m": 5
   }
  },
  {
   "type": "Feature",
   "geometry": {
    "type": "LineString",
    "coordinates": [
     [
      -48.702523144,
      -25.422908249
     ],
     [
      -48.702469105,
      -25.422939049
     ],
     [
      -48.702385668,
      -25.422993016
     ],
     [
      -48.702375765,
      -25.422999524
     ],
     [
      -48.702282424,
      -25.42306753
     ],
     [
      -48.702282424,
      -25.42306753
     ]
    ]
   },
   "properties": {
    "tipo": "curva_nivel",
    "cota_m": 65,
    "equidistancia_m": 5
   }
  },
  {
   "type": "Feature",
   "geometry": {
    "type": "LineString",
    "coordinates": [
     [
      -48.713751032,
      -25.423247318
     ],
     [
      -48.713751032,
      -25.423247318
     ],
     [
      -48.713669942,
      -25.423202157
     ],
     [
      -48.713591133,
      -25.42316255
     ],
     [
      -48.713576602,
      -25.423155393
     ],
     [
      -48.713483262,
      -25.423112509
     ],
     [
      -48.713389922,
      -25.423073964
     ],
     [
      -48.713399287,
      -25.423077783
     ],
     [
      -48.713296581,
      -25.423038222
     ],
     [
      -48.713203241,
      -25.423005897
     ]
    ]
   },
   "properties": {
    "tipo": "curva_nivel",
    "cota_m": 65,
    "equidistancia_m": 5
   }
  },
  {
   "type": "Feature",
   "geometry": {
    "type": "LineString",
    "coordinates": [
     [
      -48.702269768,
      -25.423077783
     ],
     [
      -48.702189084,
      -25.423144793
     ],
     [
      -48.702189084,
      -25.423144793
     ]
    ]
   },
   "properties": {
    "tipo": "curva_nivel",
    "cota_m": 65,
    "equidistancia_m": 5
   }
  },
  {
   "type": "Feature",
   "geometry": {
    "type": "LineString",
    "coordinates": [
     [
      -48.719643722,
      -25.423208574
     ],
     [
      -48.719550382,
      -25.423237061
     ],
     [
      -48.719550382,
      -25.423237061
     ]
    ]
   },
   "properties": {
    "tipo": "curva_nivel",
    "cota_m": 65,
    "equidistancia_m": 5
   }
  },
  {
   "type": "Feature",
   "geometry": {
    "type": "LineString",
    "coordinates": [
     [
      -48.702169796,
      -25.42316255
     ],
     [
      -48.702095744,
      -25.423232848
     ],
     [
      -48.702095744,
      -25.423232848
     ]
    ]
   },
   "properties": {
    "tipo": "curva_nivel",
    "cota_m": 65,
    "equidistancia_m": 5
   }
  },
  {
   "type": "Feature",
   "geometry": {
    "type": "LineString",
    "coordinates": [
     [
      -48.719519036,
      -25.423247318
     ],
     [
      -48.719457042,
      -25.423267586
     ],
     [
      -48.719363701,
      -25.423300647
     ],
     [
      -48.719282417,
      -25.423332085
     ],
     [
      -48.719270361,
      -25.423336784
     ],
     [
      -48.719177021,
      -25.42337575
     ],
     [
      -48.719087553,
      -25.423416852
     ],
     [
      -48.719083681,
      -25.423418659
     ],
     [
      -48.71899034,
      -25.423465182
     ],
     [
      -48.718923526,
      -25.423501619
     ],
     [
      -48.718897,
      -25.423516433
     ],
     [
      -48.71880366,
      -25.423572564
     ],
     [
      -48.71880366,
      -25.423572564
     ]
    ]
   },
   "properties": {
    "tipo": "curva_nivel",
    "cota_m": 65,
    "equidistancia_m": 5
   }
  },
  {
   "type": "Feature",
   "geometry": {
    "type": "LineString",
    "coordinates": [
     [
      -48.713763283,
      -25.423254308
     ],
     [
      -48.713856623,
      -25.423311554
     ],
     [
      -48.713887436,
      -25.423332085
     ],
     [
      -48.713949963,
      -25.423375015
     ],
     [
      -48.714006204,
      -25.423416852
     ],
     [
      -48.714043304,
      -25.4234454
     ],
     [
      -48.714111397,
      -25.423501619
     ],
     [
      -48.714111397,
      -25.423501619
     ]
    ]
   },
   "properties": {
    "tipo": "curva_nivel",
    "cota_m": 65,
    "equidistancia_m": 5
   }
  },
  {
   "type": "Feature",
   "geometry": {
    "type": "LineString",
    "coordinates": [
     [
      -48.702081839,
      -25.423247318
     ],
     [
      -48.702003226,
      -25.423332085
     ],
     [
      -48.702002403,
      -25.423332995
     ],
     [
      -48.701932055,
      -25.423416852
     ],
     [
      -48.701909063,
      -25.42344553
     ],
     [
      -48.701866913,
      -25.423501619
     ],
     [
      -48.701815723,
      -25.423573305
     ],
     [
      -48.701815723,
      -25.423573305
     ]
    ]
   },
   "properties": {
    "tipo": "curva_nivel",
    "cota_m": 65,
    "equidistancia_m": 5
   }
  },
  {
   "type": "Feature",
   "geometry": {
    "type": "LineString",
    "coordinates": [
     [
      -48.714136644,
      -25.423523261
     ],
     [
      -48.714205924,
      -25.423586386
     ],
     [
      -48.714205924,
      -25.423586386
     ]
    ]
   },
   "properties": {
    "tipo": "curva_nivel",
    "cota_m": 65,
    "equidistancia_m": 5
   }
  },
  {
   "type": "Feature",
   "geometry": {
    "type": "LineString",
    "coordinates": [
     [
      -48.718782222,
      -25.423586386
     ],
     [
      -48.718710319,
      -25.423634206
     ],
     [
      -48.718658694,
      -25.423671153
     ],
     [
      -48.718616979,
      -25.423702117
     ],
     [
      -48.718549073,
      -25.42375592
     ],
     [
      -48.718523639,
      -25.423776934
     ],
     [
      -48.718450759,
      -25.423840687
     ],
     [
      -48.718430298,
      -25.423859449
     ],
     [
      -48.71836176,
      -25.423925454
     ],
     [
      -48.718336958,
      -25.423950621
     ],
     [
      -48.718280575,
      -25.424010221
     ],
     [
      -48.718243618,
      -25.424051589
     ],
     [
      -48.718206094,
      -25.424094988
     ],
     [
      -48.718150277,
      -25.424163677
     ],
     [
      -48.718150277,
      -25.424163677
     ]
    ]
   },
   "properties": {
    "tipo": "curva_nivel",
    "cota_m": 65,
    "equidistancia_m": 5
   }
  },
  {
   "type": "Feature",
   "geometry": {
    "type": "LineString",
    "coordinates": [
     [
      -48.714229984,
      -25.423609229
     ],
     [
      -48.714291901,
      -25.423671153
     ],
     [
      -48.714323325,
      -25.423704012
     ],
     [
      -48.714370863,
      -25.42375592
     ],
     [
      -48.714416665,
      -25.423808378
     ],
     [
      -48.714443913,
      -25.423840687
     ],
     [
      -48.714510005,
      -25.423923139
     ],
     [
      -48.714511813,
      -25.423925454
     ],
     [
      -48.714575789,
      -25.424010221
     ],
     [
      -48.714603346,
      -25.424048819
     ],
     [
      -48.71463584,
      -25.424094988
     ],
     [
      -48.714692233,
      -25.424179755
     ],
     [
      -48.714746153,
      -25.424264522
     ],
     [
      -48.714790026,
      -25.424338136
     ],
     [
      -48.714796707,
      -25.424349289
     ],
     [
      -48.714845294,
      -25.424434057
     ],
     [
      -48.714883367,
      -25.424505023
     ],
     [
      -48.714890889,
      -25.424518824
     ],
     [
      -48.714934897,
      -25.424603591
     ],
     [
      -48.714975937,
      -25.424688358
     ],
     [
      -48.715016024,
      -25.424773125
     ],
     [
      -48.715053452,
      -25.424857892
     ],
     [
      -48.715070047,
      -25.424897877
     ],
     [
      -48.715089386,
      -25.424942659
     ],
     [
      -48.715123794,
      -25.425027426
     ],
     [
      -48.715155968,
      -25.425112193
     ],
     [
      -48.715155968,
      -25.425112193
     ]
    ]
   },
   "properties": {
    "tipo": "curva_nivel",
    "cota_m": 65,
    "equidistancia_m": 5
   }
  },
  {
   "type": "Feature",
   "geometry": {
    "type": "LineString",
    "coordinates": [
     [
      -48.701806886,
      -25.423586386
     ],
     [
      -48.701751137,
      -25.423671153
     ],
     [
      -48.701722383,
      -25.423717212
     ],
     [
      -48.701699207,
      -25.42375592
     ],
     [
      -48.701650683,
      -25.423840687
     ],
     [
      -48.701629042,
      -25.423880409
     ],
     [
      -48.701605208,
      -25.423925454
     ],
     [
      -48.701562611,
      -25.424010221
     ],
     [
      -48.701535702,
      -25.424067138
     ],
     [
      -48.701535702,
      -25.424067138
     ]
    ]
   },
   "properties": {
    "tipo": "curva_nivel",
    "cota_m": 65,
    "equidistancia_m": 5
   }
  },
  {
   "type": "Feature",
   "geometry": {
    "type": "LineString",
    "coordinates": [
     [
      -48.701522764,
      -25.424094988
     ],
     [
      -48.701485309,
      -25.424179755
     ],
     [
      -48.701450613,
      -25.424264522
     ],
     [
      -48.701442362,
      -25.424285934
     ],
     [
      -48.701418023,
      -25.424349289
     ],
     [
      -48.701387874,
      -25.424434057
     ],
     [
      -48.701360286,
      -25.424518824
     ],
     [
      -48.701349021,
      -25.424556501
     ],
     [
      -48.701334795,
      -25.424603591
     ],
     [
      -48.701311481,
      -25.424688358
     ],
     [
      -48.701290614,
      -25.424773125
     ],
     [
      -48.701272139,
      -25.424857892
     ],
     [
      -48.701255998,
      -25.424942659
     ],
     [
      -48.701255681,
      -25.424944585
     ],
     [
      -48.701241643,
      -25.425027426
     ],
     [
      -48.701229558,
      -25.425112193
     ],
     [
      -48.701219683,
      -25.42519696
     ],
     [
      -48.701211937,
      -25.425281727
     ],
     [
      -48.701206233,
      -25.425366494
     ],
     [
      -48.701202472,
      -25.425451261
     ],
     [
      -48.701200544,
      -25.425536029
     ],
     [
      -48.701200328,
      -25.425620796
     ],
     [
      -48.701201687,
      -25.425705563
     ],
     [
      -48.701204467,
      -25.42579033
     ],
     [
      -48.701208495,
      -25.425875097
     ],
     [
      -48.701213575,
      -25.425959864
     ],
     [
      -48.701219485,
      -25.426044631
     ],
     [
      -48.701225971,
      -25.426129398
     ],
     [
      -48.701232742,
      -25.426214165
     ],
     [
      -48.701239458,
      -25.426298932
     ],
     [
      -48.701245722,
      -25.426383699
     ],
     [
      -48.701251066,
      -25.426468466
     ],
     [
      -48.701254925,
      -25.426553233
     ],
     [
      -48.701254925,
      -25.426553233
     ]
    ]
   },
   "properties": {
    "tipo": "curva_nivel",
    "cota_m": 65,
    "equidistancia_m": 5
   }
  },
  {
   "type": "Feature",
   "geometry": {
    "type": "LineString",
    "coordinates": [
     [
      -48.718137528,
      -25.424179755
     ],
     [
      -48.718074061,
      -25.424264522
     ],
     [
      -48.718056937,
      -25.424288927
     ],
     [
      -48.718015129,
      -25.424349289
     ],
     [
      -48.717963597,
      -25.424429546
     ],
     [
      -48.717963597,
      -25.424429546
     ],
     [
      -48.717909717,
      -25.424518824
     ],
     [
      -48.717870256,
      -25.424590119
     ],
     [
      -48.717870256,
      -25.424590119
     ]
    ]
   },
   "properties": {
    "tipo": "curva_nivel",
    "cota_m": 65,
    "equidistancia_m": 5
   }
  },
  {
   "type": "Feature",
   "geometry": {
    "type": "LineString",
    "coordinates": [
     [
      -48.69798877,
      -25.424363033
     ],
     [
      -48.698032729,
      -25.424434057
     ],
     [
      -48.698080713,
      -25.424518824
     ],
     [
      -48.698125466,
      -25.424603591
     ],
     [
      -48.698166185,
      -25.424688358
     ],
     [
      -48.698166185,
      -25.424688358
     ]
    ]
   },
   "properties": {
    "tipo": "curva_nivel",
    "cota_m": 65,
    "equidistancia_m": 5
   }
  },
  {
   "type": "Feature",
   "geometry": {
    "type": "LineString",
    "coordinates": [
     [
      -48.717862748,
      -25.424603591
     ],
     [
      -48.7178187,
      -25.424688358
     ],
     [
      -48.717778414,
      -25.424773125
     ],
     [
      -48.717776916,
      -25.424776535
     ],
     [
      -48.717740409,
      -25.424857892
     ],
     [
      -48.717705737,
      -25.424942659
     ],
     [
      -48.717683576,
      -25.425002136
     ],
     [
      -48.717683576,
      -25.425002136
     ]
    ]
   },
   "properties": {
    "tipo": "curva_nivel",
    "cota_m": 65,
    "equidistancia_m": 5
   }
  },
  {
   "type": "Feature",
   "geometry": {
    "type": "LineString",
    "coordinates": [
     [
      -48.698175451,
      -25.424709225
     ],
     [
      -48.698204039,
      -25.424773125
     ],
     [
      -48.698238636,
      -25.424857892
     ],
     [
      -48.698268791,
      -25.424939399
     ],
     [
      -48.698270019,
      -25.424942659
     ],
     [
      -48.698299378,
      -25.425027426
     ],
     [
      -48.69832587,
      -25.425112193
     ],
     [
      -48.698349735,
      -25.42519696
     ],
     [
      -48.698362131,
      -25.425245715
     ],
     [
      -48.698371584,
      -25.425281727
     ],
     [
      -48.698391687,
      -25.425366494
     ],
     [
      -48.698409772,
      -25.425451261
     ],
     [
      -48.698426084,
      -25.425536029
     ],
     [
      -48.698440877,
      -25.425620796
     ],
     [
      -48.698454416,
      -25.425705563
     ],
     [
      -48.698467514,
      -25.42579033
     ],
     [
      -48.698479943,
      -25.425875097
     ],
     [
      -48.698491991,
      -25.425959864
     ],
     [
      -48.698504017,
      -25.426044631
     ],
     [
      -48.698516416,
      -25.426129398
     ],
     [
      -48.69852962,
      -25.426214165
     ],
     [
      -48.698544108,
      -25.426298932
     ],
     [
      -48.698560995,
      -25.426383699
     ],
     [
      -48.698580639,
      -25.426468466
     ],
     [
      -48.698603503,
      -25.426553233
     ],
     [
      -48.698630389,
      -25.426638001
     ],
     [
      -48.698630389,
      -25.426638001
     ]
    ]
   },
   "properties": {
    "tipo": "curva_nivel",
    "cota_m": 65,
    "equidistancia_m": 5
   }
  },
  {
   "type": "Feature",
   "geometry": {
    "type": "LineString",
    "coordinates": [
     [
      -48.717673831,
      -25.425027426
     ],
     [
      -48.717644055,
      -25.425112193
     ],
     [
      -48.717617111,
      -25.42519696
     ],
     [
      -48.717592775,
      -25.425281727
     ],
     [
      -48.717590236,
      -25.425291558
     ],
     [
      -48.717569841,
      -25.425366494
     ],
     [
      -48.71754902,
      -25.425451261
     ],
     [
      -48.717530175,
      -25.425536029
     ],
     [
      -48.717513021,
      -25.425620796
     ],
     [
      -48.717497247,
      -25.425705563
     ],
     [
      -48.717496895,
      -25.425707619
     ],
     [
      -48.717481629,
      -25.42579033
     ],
     [
      -48.717466662,
      -25.425875097
     ],
     [
      -48.7174519,
      -25.425959864
     ],
     [
      -48.717436796,
      -25.426044631
     ],
     [
      -48.717420714,
      -25.426129398
     ],
     [
      -48.717403555,
      -25.426211123
     ],
     [
      -48.717403555,
      -25.426211123
     ],
     [
      -48.717380781,
      -25.426298932
     ],
     [
      -48.717354578,
      -25.426383699
     ],
     [
      -48.717322676,
      -25.426468466
     ],
     [
      -48.717310215,
      -25.426496206
     ],
     [
      -48.717280426,
      -25.426553233
     ],
     [
      -48.717225407,
      -25.426638001
     ],
     [
      -48.717216874,
      -25.426648934
     ],
     [
      -48.717146958,
      -25.426722768
     ],
     [
      -48.717123534,
      -25.426743148
     ],
     [
      -48.717030194,
      -25.426807095
     ],
     [
      -48.717030194,
      -25.426807095
     ],
     [
      -48.716936853,
      -25.426849338
     ],
     [
      -48.716843513,
      -25.426878775
     ],
     [
      -48.716776658,
      -25.426892302
     ],
     [
      -48.716750173,
      -25.426897012
     ],
     [
      -48.716656832,
      -25.426905531
     ],
     [
      -48.716563492,
      -25.426906265
     ],
     [
      -48.716470152,
      -25.426899727
     ],
     [
      -48.716419324,
      -25.426892302
     ],
     [
      -48.716419324,
      -25.426892302
     ]
    ]
   },
   "properties": {
    "tipo": "curva_nivel",
    "cota_m": 65,
    "equidistancia_m": 5
   }
  },
  {
   "type": "Feature",
   "geometry": {
    "type": "LineString",
    "coordinates": [
     [
      -48.715163387,
      -25.425132932
     ],
     [
      -48.715187531,
      -25.42519696
     ],
     [
      -48.715217627,
      -25.425281727
     ],
     [
      -48.715246038,
      -25.425366494
     ],
     [
      -48.715246038,
      -25.425366494
     ]
    ]
   },
   "properties": {
    "tipo": "curva_nivel",
    "cota_m": 65,
    "equidistancia_m": 5
   }
  },
  {
   "type": "Feature",
   "geometry": {
    "type": "LineString",
    "coordinates": [
     [
      -48.715256728,
      -25.425400032
     ],
     [
      -48.715274163,
      -25.425451261
     ],
     [
      -48.715301789,
      -25.425536029
     ],
     [
      -48.715328483,
      -25.425620796
     ],
     [
      -48.715350068,
      -25.425690923
     ],
     [
      -48.715354943,
      -25.425705563
     ],
     [
      -48.715382844,
      -25.42579033
     ],
     [
      -48.715410919,
      -25.425875097
     ],
     [
      -48.715439644,
      -25.425959864
     ],
     [
      -48.715471801,
      -25.426044631
     ],
     [
      -48.715506127,
      -25.426129398
     ],
     [
      -48.715536749,
      -25.426200003
     ],
     [
      -48.715543576,
      -25.426214165
     ],
     [
      -48.715587507,
      -25.426298932
     ],
     [
      -48.715630089,
      -25.4263738
     ],
     [
      -48.715636427,
      -25.426383699
     ],
     [
      -48.715695749,
      -25.426468466
     ],
     [
      -48.715723429,
      -25.426504278
     ],
     [
      -48.715766566,
      -25.426553233
     ],
     [
      -48.71581677,
      -25.426604894
     ],
     [
      -48.715853951,
      -25.426638001
     ],
     [
      -48.71591011,
      -25.426683549
     ],
     [
      -48.715966836,
      -25.426722768
     ],
     [
      -48.715966836,
      -25.426722768
     ]
    ]
   },
   "properties": {
    "tipo": "curva_nivel",
    "cota_m": 65,
    "equidistancia_m": 5
   }
  },
  {
   "type": "Feature",
   "geometry": {
    "type": "LineString",
    "coordinates": [
     [
      -48.701255681,
      -25.426592194
     ],
     [
      -48.701256575,
      -25.426638001
     ],
     [
      -48.701255681,
      -25.426698304
     ],
     [
      -48.701255681,
      -25.426698304
     ]
    ]
   },
   "properties": {
    "tipo": "curva_nivel",
    "cota_m": 65,
    "equidistancia_m": 5
   }
  },
  {
   "type": "Feature",
   "geometry": {
    "type": "LineString",
    "coordinates": [
     [
      -48.698642152,
      -25.426669912
     ],
     [
      -48.698663318,
      -25.426722768
     ],
     [
      -48.69870318,
      -25.426807535
     ],
     [
      -48.698735493,
      -25.426865919
     ],
     [
      -48.698751522,
      -25.426892302
     ],
     [
      -48.69881137,
      -25.426977069
     ],
     [
      -48.69881137,
      -25.426977069
     ]
    ]
   },
   "properties": {
    "tipo": "curva_nivel",
    "cota_m": 65,
    "equidistancia_m": 5
   }
  },
  {
   "type": "Feature",
   "geometry": {
    "type": "LineString",
    "coordinates": [
     [
      -48.71600345,
      -25.426745951
     ],
     [
      -48.716096791,
      -25.426795545
     ],
     [
      -48.716124413,
      -25.426807535
     ],
     [
      -48.716190131,
      -25.426833947
     ],
     [
      -48.716283471,
      -25.426863593
     ],
     [
      -48.716376812,
      -25.426885694
     ]
    ]
   },
   "properties": {
    "tipo": "curva_nivel",
    "cota_m": 65,
    "equidistancia_m": 5
   }
  },
  {
   "type": "Feature",
   "geometry": {
    "type": "LineString",
    "coordinates": [
     [
      -48.701255282,
      -25.426722768
     ],
     [
      -48.701249864,
      -25.426807535
     ],
     [
      -48.701238981,
      -25.426892302
     ],
     [
      -48.701220825,
      -25.426977069
     ],
     [
      -48.701192945,
      -25.427061836
     ],
     [
      -48.701162341,
      -25.427126476
     ],
     [
      -48.701162341,
      -25.427126476
     ]
    ]
   },
   "properties": {
    "tipo": "curva_nivel",
    "cota_m": 65,
    "equidistancia_m": 5
   }
  },
  {
   "type": "Feature",
   "geometry": {
    "type": "LineString",
    "coordinates": [
     [
      -48.698828833,
      -25.426998485
     ],
     [
      -48.698886135,
      -25.427061836
     ],
     [
      -48.698922173,
      -25.427096567
     ],
     [
      -48.698980251,
      -25.427146603
     ],
     [
      -48.698980251,
      -25.427146603
     ]
    ]
   },
   "properties": {
    "tipo": "curva_nivel",
    "cota_m": 65,
    "equidistancia_m": 5
   }
  },
  {
   "type": "Feature",
   "geometry": {
    "type": "LineString",
    "coordinates": [
     [
      -48.701151306,
      -25.427146603
     ],
     [
      -48.701088504,
      -25.42723137
     ],
     [
      -48.701069,
      -25.427251399
     ],
     [
      -48.700992646,
      -25.427316137
     ],
     [
      -48.70097566,
      -25.427327578
     ],
     [
      -48.70088232,
      -25.427379354
     ],
     [
      -48.700833051,
      -25.427400904
     ],
     [
      -48.700788979,
      -25.42741715
     ],
     [
      -48.700695639,
      -25.427444538
     ],
     [
      -48.700602299,
      -25.427465146
     ],
     [
      -48.700508959,
      -25.427480112
     ],
     [
      -48.700458796,
      -25.427485671
     ]
    ]
   },
   "properties": {
    "tipo": "curva_nivel",
    "cota_m": 65,
    "equidistancia_m": 5
   }
  },
  {
   "type": "Feature",
   "geometry": {
    "type": "LineString",
    "coordinates": [
     [
      -48.699015514,
      -25.427173477
     ],
     [
      -48.699101184,
      -25.42723137
     ],
     [
      -48.699101184,
      -25.42723137
     ]
    ]
   },
   "properties": {
    "tipo": "curva_nivel",
    "cota_m": 65,
    "equidistancia_m": 5
   }
  },
  {
   "type": "Feature",
   "geometry": {
    "type": "LineString",
    "coordinates": [
     [
      -48.699108854,
      -25.427236015
     ],
     [
      -48.699202194,
      -25.427286483
     ],
     [
      -48.699264858,
      -25.427316137
     ],
     [
      -48.699264858,
      -25.427316137
     ]
    ]
   },
   "properties": {
    "tipo": "curva_nivel",
    "cota_m": 65,
    "equidistancia_m": 5
   }
  },
  {
   "type": "Feature",
   "geometry": {
    "type": "LineString",
    "coordinates": [
     [
      -48.699295534,
      -25.427329374
     ],
     [
      -48.699388875,
      -25.427364837
     ],
     [
      -48.699482215,
      -25.427395556
     ],
     [
      -48.699501032,
      -25.427400904
     ],
     [
      -48.699575555,
      -25.427420588
     ],
     [
      -48.699668896,
      -25.427441574
     ],
     [
      -48.699762236,
      -25.427459101
     ],
     [
      -48.699855576,
      -25.427473335
     ],
     [
      -48.699948917,
      -25.427484374
     ],
     [
      -48.699964503,
      -25.427485671
     ]
    ]
   },
   "properties": {
    "tipo": "curva_nivel",
    "cota_m": 65,
    "equidistancia_m": 5
   }
  },
  {
   "type": "Feature",
   "geometry": {
    "type": "LineString",
    "coordinates": [
     [
      -48.719643722,
      -25.413938339
     ],
     [
      -48.719550382,
      -25.41398478
     ],
     [
      -48.719550382,
      -25.41398478
     ]
    ]
   },
   "properties": {
    "tipo": "curva_nivel",
    "cota_m": 70,
    "equidistancia_m": 5
   }
  },
  {
   "type": "Feature",
   "geometry": {
    "type": "LineString",
    "coordinates": [
     [
      -48.719511435,
      -25.414007706
     ],
     [
      -48.719457042,
      -25.414042794
     ],
     [
      -48.719390423,
      -25.414092473
     ],
     [
      -48.719363701,
      -25.414114585
     ],
     [
      -48.719296707,
      -25.41417724
     ],
     [
      -48.719270361,
      -25.414204972
     ],
     [
      -48.719221532,
      -25.414262007
     ],
     [
      -48.719177021,
      -25.414321499
     ],
     [
      -48.719177021,
      -25.414321499
     ]
    ]
   },
   "properties": {
    "tipo": "curva_nivel",
    "cota_m": 70,
    "equidistancia_m": 5
   }
  },
  {
   "type": "Feature",
   "geometry": {
    "type": "LineString",
    "coordinates": [
     [
      -48.703215828,
      -25.414249015
     ],
     [
      -48.703215828,
      -25.414249015
     ],
     [
      -48.703309168,
      -25.414219573
     ],
     [
      -48.703402508,
      -25.414198698
     ],
     [
      -48.703495848,
      -25.414186259
     ],
     [
      -48.703589189,
      -25.414182146
     ],
     [
      -48.703682529,
      -25.414186268
     ],
     [
      -48.703775869,
      -25.414198555
     ],
     [
      -48.70386921,
      -25.414218955
     ],
     [
      -48.70396255,
      -25.414247431
     ],
     [
      -48.703999753,
      -25.414262007
     ],
     [
      -48.70405589,
      -25.414286049
     ],
     [
      -48.704149231,
      -25.414334807
     ],
     [
      -48.70416866,
      -25.414346774
     ],
     [
      -48.704242571,
      -25.414397163
     ],
     [
      -48.704286452,
      -25.414431542
     ],
     [
      -48.704335911,
      -25.41447502
     ],
     [
      -48.704377611,
      -25.414516309
     ],
     [
      -48.704429252,
      -25.414574582
     ],
     [
      -48.704450447,
      -25.414601076
     ],
     [
      -48.704508823,
      -25.414685843
     ],
     [
      -48.704508823,
      -25.414685843
     ]
    ]
   },
   "properties": {
    "tipo": "curva_nivel",
    "cota_m": 70,
    "equidistancia_m": 5
   }
  },
  {
   "type": "Feature",
   "geometry": {
    "type": "LineString",
    "coordinates": [
     [
      -48.703183785,
      -25.414262007
     ],
     [
      -48.703122487,
      -25.414289592
     ],
     [
      -48.703029147,
      -25.414341112
     ],
     [
      -48.703029147,
      -25.414341112
     ]
    ]
   },
   "properties": {
    "tipo": "curva_nivel",
    "cota_m": 70,
    "equidistancia_m": 5
   }
  },
  {
   "type": "Feature",
   "geometry": {
    "type": "LineString",
    "coordinates": [
     [
      -48.719159715,
      -25.414346774
     ],
     [
      -48.719109671,
      -25.414431542
     ],
     [
      -48.719083681,
      -25.414483996
     ],
     [
      -48.719083681,
      -25.414483996
     ]
    ]
   },
   "properties": {
    "tipo": "curva_nivel",
    "cota_m": 70,
    "equidistancia_m": 5
   }
  },
  {
   "type": "Feature",
   "geometry": {
    "type": "LineString",
    "coordinates": [
     [
      -48.703020425,
      -25.414346774
     ],
     [
      -48.702935807,
      -25.414408599
     ],
     [
      -48.702935807,
      -25.414408599
     ]
    ]
   },
   "properties": {
    "tipo": "curva_nivel",
    "cota_m": 70,
    "equidistancia_m": 5
   }
  },
  {
   "type": "Feature",
   "geometry": {
    "type": "LineString",
    "coordinates": [
     [
      -48.702908462,
      -25.414431542
     ],
     [
      -48.702842466,
      -25.414494818
     ],
     [
      -48.702842466,
      -25.414494818
     ]
    ]
   },
   "properties": {
    "tipo": "curva_nivel",
    "cota_m": 70,
    "equidistancia_m": 5
   }
  },
  {
   "type": "Feature",
   "geometry": {
    "type": "LineString",
    "coordinates": [
     [
      -48.719068791,
      -25.414516309
     ],
     [
      -48.719036874,
      -25.414601076
     ],
     [
      -48.719012096,
      -25.414685843
     ],
     [
      -48.718994284,
      -25.41477061
     ],
     [
      -48.71899034,
      -25.414801073
     ],
     [
      -48.718983675,
      -25.414855377
     ],
     [
      -48.71897967,
      -25.414940144
     ],
     [
      -48.718982029,
      -25.415024911
     ],
     [
      -48.71899034,
      -25.415105686
     ],
     [
      -48.718990776,
      -25.415109678
     ],
     [
      -48.719006713,
      -25.415194445
     ],
     [
      -48.719029468,
      -25.415279212
     ],
     [
      -48.71905916,
      -25.415363979
     ],
     [
      -48.719083681,
      -25.415420768
     ],
     [
      -48.719096698,
      -25.415448746
     ],
     [
      -48.719143457,
      -25.415533514
     ],
     [
      -48.719177021,
      -25.415585862
     ],
     [
      -48.719199687,
      -25.415618281
     ],
     [
      -48.719267113,
      -25.415703048
     ],
     [
      -48.719349532,
      -25.415787815
     ],
     [
      -48.719349532,
      -25.415787815
     ]
    ]
   },
   "properties": {
    "tipo": "curva_nivel",
    "cota_m": 70,
    "equidistancia_m": 5
   }
  },
  {
   "type": "Feature",
   "geometry": {
    "type": "LineString",
    "coordinates": [
     [
      -48.702822476,
      -25.414516309
     ],
     [
      -48.702754656,
      -25.414601076
     ],
     [
      -48.702749126,
      -25.414609291
     ],
     [
      -48.702702123,
      -25.414685843
     ],
     [
      -48.702659669,
      -25.41477061
     ],
     [
      -48.702655786,
      -25.414780532
     ],
     [
      -48.702628552,
      -25.414855377
     ],
     [
      -48.702606053,
      -25.414940144
     ],
     [
      -48.70259173,
      -25.415024911
     ],
     [
      -48.702585483,
      -25.415109678
     ],
     [
      -48.702587279,
      -25.415194445
     ],
     [
      -48.702597158,
      -25.415279212
     ],
     [
      -48.70261523,
      -25.415363979
     ],
     [
      -48.702641685,
      -25.415448746
     ],
     [
      -48.702641685,
      -25.415448746
     ]
    ]
   },
   "properties": {
    "tipo": "curva_nivel",
    "cota_m": 70,
    "equidistancia_m": 5
   }
  },
  {
   "type": "Feature",
   "geometry": {
    "type": "LineString",
    "coordinates": [
     [
      -48.704522592,
      -25.41470971
     ],
     [
      -48.704554811,
      -25.41477061
     ],
     [
      -48.704591153,
      -25.414855377
     ],
     [
      -48.704615932,
      -25.414930678
     ],
     [
      -48.70461883,
      -25.414940144
     ],
     [
      -48.704636779,
      -25.415024911
     ],
     [
      -48.704646905,
      -25.415109678
     ],
     [
      -48.70464913,
      -25.415194445
     ],
     [
      -48.704643339,
      -25.415279212
     ],
     [
      -48.70462937,
      -25.415363979
     ],
     [
      -48.704615932,
      -25.415415378
     ],
     [
      -48.704615932,
      -25.415415378
     ]
    ]
   },
   "properties": {
    "tipo": "curva_nivel",
    "cota_m": 70,
    "equidistancia_m": 5
   }
  },
  {
   "type": "Feature",
   "geometry": {
    "type": "LineString",
    "coordinates": [
     [
      -48.704606238,
      -25.415448746
     ],
     [
      -48.704572523,
      -25.415533514
     ],
     [
      -48.704529011,
      -25.415618281
     ],
     [
      -48.704522592,
      -25.41562867
     ],
     [
      -48.704470508,
      -25.415703048
     ],
     [
      -48.704429252,
      -25.415752927
     ],
     [
      -48.70439599,
      -25.415787815
     ],
     [
      -48.704335911,
      -25.415842994
     ],
     [
      -48.704298024,
      -25.415872582
     ],
     [
      -48.704242571,
      -25.415911498
     ],
     [
      -48.704163802,
      -25.415957349
     ],
     [
      -48.704149231,
      -25.415965133
     ],
     [
      -48.70405589,
      -25.416005904
     ],
     [
      -48.70396255,
      -25.416037517
     ],
     [
      -48.70396255,
      -25.416037517
     ]
    ]
   },
   "properties": {
    "tipo": "curva_nivel",
    "cota_m": 70,
    "equidistancia_m": 5
   }
  },
  {
   "type": "Feature",
   "geometry": {
    "type": "LineString",
    "coordinates": [
     [
      -48.702655786,
      -25.415483257
     ],
     [
      -48.702678392,
      -25.415533514
     ],
     [
      -48.702725906,
      -25.415618281
     ],
     [
      -48.702725906,
      -25.415618281
     ]
    ]
   },
   "properties": {
    "tipo": "curva_nivel",
    "cota_m": 70,
    "equidistancia_m": 5
   }
  },
  {
   "type": "Feature",
   "geometry": {
    "type": "LineString",
    "coordinates": [
     [
      -48.702749126,
      -25.415652937
     ],
     [
      -48.702786789,
      -25.415703048
     ],
     [
      -48.702842466,
      -25.415766539
     ],
     [
      -48.702863778,
      -25.415787815
     ],
     [
      -48.702935807,
      -25.415851194
     ],
     [
      -48.702964185,
      -25.415872582
     ],
     [
      -48.703029147,
      -25.415916706
     ],
     [
      -48.703100949,
      -25.415957349
     ],
     [
      -48.703100949,
      -25.415957349
     ]
    ]
   },
   "properties": {
    "tipo": "curva_nivel",
    "cota_m": 70,
    "equidistancia_m": 5
   }
  },
  {
   "type": "Feature",
   "geometry": {
    "type": "LineString",
    "coordinates": [
     [
      -48.719363701,
      -25.415801
     ],
     [
      -48.719449645,
      -25.415872582
     ],
     [
      -48.719449645,
      -25.415872582
     ]
    ]
   },
   "properties": {
    "tipo": "curva_nivel",
    "cota_m": 70,
    "equidistancia_m": 5
   }
  },
  {
   "type": "Feature",
   "geometry": {
    "type": "LineString",
    "coordinates": [
     [
      -48.719457042,
      -25.415878264
     ],
     [
      -48.719550382,
      -25.415941951
     ],
     [
      -48.719576212,
      -25.415957349
     ],
     [
      -48.719643722,
      -25.415995086
     ]
    ]
   },
   "properties": {
    "tipo": "curva_nivel",
    "cota_m": 70,
    "equidistancia_m": 5
   }
  },
  {
   "type": "Feature",
   "geometry": {
    "type": "LineString",
    "coordinates": [
     [
      -48.703944179,
      -25.416042116
     ],
     [
      -48.70386921,
      -25.416059815
     ],
     [
      -48.703775869,
      -25.416074342
     ],
     [
      -48.703682529,
      -25.416081626
     ],
     [
      -48.703589189,
      -25.416081824
     ],
     [
      -48.703495848,
      -25.41607495
     ],
     [
      -48.703402508,
      -25.416060874
     ],
     [
      -48.703309168,
      -25.416039187
     ],
     [
      -48.70332112,
      -25.416042116
     ],
     [
      -48.703215828,
      -25.416008322
     ],
     [
      -48.703122487,
      -25.415968543
     ]
    ]
   },
   "properties": {
    "tipo": "curva_nivel",
    "cota_m": 70,
    "equidistancia_m": 5
   }
  },
  {
   "type": "Feature",
   "geometry": {
    "type": "LineString",
    "coordinates": [
     [
      -48.706669419,
      -25.418578315
     ],
     [
      -48.706669419,
      -25.418578315
     ],
     [
      -48.706762759,
      -25.418547839
     ],
     [
      -48.7068561,
      -25.418521924
     ],
     [
      -48.70694944,
      -25.418500235
     ],
     [
      -48.70694944,
      -25.418500235
     ],
     [
      -48.70704278,
      -25.418482627
     ],
     [
      -48.707136121,
      -25.418468715
     ],
     [
      -48.707229461,
      -25.4184583
     ],
     [
      -48.707322801,
      -25.418451221
     ],
     [
      -48.707416142,
      -25.418447354
     ],
     [
      -48.707509482,
      -25.418446605
     ],
     [
      -48.707602822,
      -25.418448913
     ],
     [
      -48.707696163,
      -25.418454244
     ],
     [
      -48.707789503,
      -25.418462591
     ],
     [
      -48.707882843,
      -25.418473972
     ],
     [
      -48.707976183,
      -25.418488434
     ],
     [
      -48.708039401,
      -25.418500361
     ],
     [
      -48.708039401,
      -25.418500361
     ]
    ]
   },
   "properties": {
    "tipo": "curva_nivel",
    "cota_m": 70,
    "equidistancia_m": 5
   }
  },
  {
   "type": "Feature",
   "geometry": {
    "type": "LineString",
    "coordinates": [
     [
      -48.708069524,
      -25.418506105
     ],
     [
      -48.708162864,
      -25.418527174
     ],
     [
      -48.708256204,
      -25.418551641
     ],
     [
      -48.708349545,
      -25.418579655
     ],
     [
      -48.708365762,
      -25.418585128
     ],
     [
      -48.708442885,
      -25.418611746
     ],
     [
      -48.708536225,
      -25.418647872
     ],
     [
      -48.708587504,
      -25.418669895
     ],
     [
      -48.708629566,
      -25.418688507
     ],
     [
      -48.708722906,
      -25.418734022
     ],
     [
      -48.708761577,
      -25.418754662
     ],
     [
      -48.708816246,
      -25.418784941
     ],
     [
      -48.708906294,
      -25.41883943
     ],
     [
      -48.709002927,
      -25.418905037
     ],
     [
      -48.709029061,
      -25.418924197
     ],
     [
      -48.709096267,
      -25.418975954
     ],
     [
      -48.709136325,
      -25.419008964
     ],
     [
      -48.709189607,
      -25.41905534
     ],
     [
      -48.709231122,
      -25.419093731
     ],
     [
      -48.709282948,
      -25.419144627
     ],
     [
      -48.709315634,
      -25.419178498
     ],
     [
      -48.709376288,
      -25.419245606
     ],
     [
      -48.709391516,
      -25.419263265
     ],
     [
      -48.709459779,
      -25.419348032
     ],
     [
      -48.709459779,
      -25.419348032
     ]
    ]
   },
   "properties": {
    "tipo": "curva_nivel",
    "cota_m": 70,
    "equidistancia_m": 5
   }
  },
  {
   "type": "Feature",
   "geometry": {
    "type": "LineString",
    "coordinates": [
     [
      -48.699575555,
      -25.418658517
     ],
     [
      -48.699575555,
      -25.418658517
     ],
     [
      -48.699668896,
      -25.418629779
     ],
     [
      -48.699762236,
      -25.418605845
     ],
     [
      -48.699855576,
      -25.418586544
     ],
     [
      -48.699864535,
      -25.418585128
     ],
     [
      -48.699948917,
      -25.418572
     ],
     [
      -48.700042257,
      -25.418561825
     ],
     [
      -48.700135597,
      -25.418555957
     ],
     [
      -48.700228938,
      -25.418554409
     ],
     [
      -48.700322278,
      -25.418557238
     ],
     [
      -48.700415618,
      -25.418564553
     ],
     [
      -48.700508959,
      -25.418576515
     ],
     [
      -48.700557264,
      -25.418585128
     ],
     [
      -48.700557264,
      -25.418585128
     ]
    ]
   },
   "properties": {
    "tipo": "curva_nivel",
    "cota_m": 70,
    "equidistancia_m": 5
   }
  },
  {
   "type": "Feature",
   "geometry": {
    "type": "LineString",
    "coordinates": [
     [
      -48.706650953,
      -25.418585128
     ],
     [
      -48.706576079,
      -25.418613997
     ],
     [
      -48.706482738,
      -25.418655137
     ],
     [
      -48.706482738,
      -25.418655137
     ]
    ]
   },
   "properties": {
    "tipo": "curva_nivel",
    "cota_m": 70,
    "equidistancia_m": 5
   }
  },
  {
   "type": "Feature",
   "geometry": {
    "type": "LineString",
    "coordinates": [
     [
      -48.700602299,
      -25.418593481
     ],
     [
      -48.700695639,
      -25.418615803
     ],
     [
      -48.700788979,
      -25.418643671
     ],
     [
      -48.700861828,
      -25.418669895
     ],
     [
      -48.700861828,
      -25.418669895
     ]
    ]
   },
   "properties": {
    "tipo": "curva_nivel",
    "cota_m": 70,
    "equidistancia_m": 5
   }
  },
  {
   "type": "Feature",
   "geometry": {
    "type": "LineString",
    "coordinates": [
     [
      -48.706452657,
      -25.418669895
     ],
     [
      -48.706389398,
      -25.418702565
     ],
     [
      -48.706299364,
      -25.418754662
     ],
     [
      -48.706296058,
      -25.418756688
     ],
     [
      -48.706202718,
      -25.418818806
     ],
     [
      -48.706202718,
      -25.418818806
     ]
    ]
   },
   "properties": {
    "tipo": "curva_nivel",
    "cota_m": 70,
    "equidistancia_m": 5
   }
  },
  {
   "type": "Feature",
   "geometry": {
    "type": "LineString",
    "coordinates": [
     [
      -48.70088232,
      -25.418677662
     ],
     [
      -48.70097566,
      -25.418718753
     ],
     [
      -48.701045827,
      -25.418754662
     ],
     [
      -48.701045827,
      -25.418754662
     ]
    ]
   },
   "properties": {
    "tipo": "curva_nivel",
    "cota_m": 70,
    "equidistancia_m": 5
   }
  },
  {
   "type": "Feature",
   "geometry": {
    "type": "LineString",
    "coordinates": [
     [
      -48.699543967,
      -25.418669895
     ],
     [
      -48.699482215,
      -25.418692839
     ],
     [
      -48.699388875,
      -25.41873286
     ],
     [
      -48.699344142,
      -25.418754662
     ],
     [
      -48.699295534,
      -25.418779359
     ],
     [
      -48.699202194,
      -25.418832815
     ],
     [
      -48.699202194,
      -25.418832815
     ]
    ]
   },
   "properties": {
    "tipo": "curva_nivel",
    "cota_m": 70,
    "equidistancia_m": 5
   }
  },
  {
   "type": "Feature",
   "geometry": {
    "type": "LineString",
    "coordinates": [
     [
      -48.701069,
      -25.418767273
     ],
     [
      -48.701162341,
      -25.418824643
     ],
     [
      -48.701183907,
      -25.41883943
     ],
     [
      -48.701255681,
      -25.418892281
     ],
     [
      -48.701294931,
      -25.418924197
     ],
     [
      -48.701349021,
      -25.418971846
     ],
     [
      -48.701387789,
      -25.419008964
     ],
     [
      -48.701442362,
      -25.419066095
     ],
     [
      -48.701466992,
      -25.419093731
     ],
     [
      -48.701535412,
      -25.419178498
     ],
     [
      -48.701594282,
      -25.419263265
     ],
     [
      -48.701629042,
      -25.419319803
     ],
     [
      -48.701645699,
      -25.419348032
     ],
     [
      -48.701690033,
      -25.419432799
     ],
     [
      -48.701722383,
      -25.41950426
     ],
     [
      -48.701728246,
      -25.419517566
     ],
     [
      -48.701760463,
      -25.419602333
     ],
     [
      -48.701787275,
      -25.4196871
     ],
     [
      -48.701808876,
      -25.419771867
     ],
     [
      -48.701808876,
      -25.419771867
     ]
    ]
   },
   "properties": {
    "tipo": "curva_nivel",
    "cota_m": 70,
    "equidistancia_m": 5
   }
  },
  {
   "type": "Feature",
   "geometry": {
    "type": "LineString",
    "coordinates": [
     [
      -48.706174312,
      -25.41883943
     ],
     [
      -48.706109377,
      -25.418889702
     ],
     [
      -48.706068029,
      -25.418924197
     ],
     [
      -48.706016037,
      -25.418970718
     ],
     [
      -48.705975878,
      -25.419008964
     ],
     [
      -48.705922697,
      -25.419063613
     ],
     [
      -48.705922697,
      -25.419063613
     ]
    ]
   },
   "properties": {
    "tipo": "curva_nivel",
    "cota_m": 70,
    "equidistancia_m": 5
   }
  },
  {
   "type": "Feature",
   "geometry": {
    "type": "LineString",
    "coordinates": [
     [
      -48.699191791,
      -25.41883943
     ],
     [
      -48.699108854,
      -25.418894981
     ],
     [
      -48.699069415,
      -25.418924197
     ],
     [
      -48.699015514,
      -25.418966638
     ],
     [
      -48.698966445,
      -25.419008964
     ],
     [
      -48.698922173,
      -25.419049939
     ],
     [
      -48.698878591,
      -25.419093731
     ],
     [
      -48.698828833,
      -25.419147922
     ],
     [
      -48.698828833,
      -25.419147922
     ]
    ]
   },
   "properties": {
    "tipo": "curva_nivel",
    "cota_m": 70,
    "equidistancia_m": 5
   }
  },
  {
   "type": "Feature",
   "geometry": {
    "type": "LineString",
    "coordinates": [
     [
      -48.71581677,
      -25.41924928
     ],
     [
      -48.71581677,
      -25.41924928
     ],
     [
      -48.71591011,
      -25.419210436
     ],
     [
      -48.71600345,
      -25.419178286
     ],
     [
      -48.71600345,
      -25.419178286
     ],
     [
      -48.716096791,
      -25.419154373
     ],
     [
      -48.716190131,
      -25.41913665
     ],
     [
      -48.716283471,
      -25.41912512
     ],
     [
      -48.716376812,
      -25.419119832
     ],
     [
      -48.716470152,
      -25.419120879
     ],
     [
      -48.716563492,
      -25.419128403
     ],
     [
      -48.716656832,
      -25.4191426
     ],
     [
      -48.716750173,
      -25.419163721
     ],
     [
      -48.716799285,
      -25.419178498
     ],
     [
      -48.716843513,
      -25.419193043
     ],
     [
      -48.716936853,
      -25.419231571
     ],
     [
      -48.717000078,
      -25.419263265
     ],
     [
      -48.717000078,
      -25.419263265
     ]
    ]
   },
   "properties": {
    "tipo": "curva_nivel",
    "cota_m": 70,
    "equidistancia_m": 5
   }
  },
  {
   "type": "Feature",
   "geometry": {
    "type": "LineString",
    "coordinates": [
     [
      -48.70589485,
      -25.419093731
     ],
     [
      -48.705829356,
      -25.419170632
     ],
     [
      -48.705829356,
      -25.419170632
     ]
    ]
   },
   "properties": {
    "tipo": "curva_nivel",
    "cota_m": 70,
    "equidistancia_m": 5
   }
  },
  {
   "type": "Feature",
   "geometry": {
    "type": "LineString",
    "coordinates": [
     [
      -48.705822925,
      -25.419178498
     ],
     [
      -48.705758735,
      -25.419263265
     ],
     [
      -48.705736016,
      -25.419296138
     ],
     [
      -48.705701123,
      -25.419348032
     ],
     [
      -48.705649452,
      -25.419432799
     ],
     [
      -48.705642676,
      -25.419444985
     ],
     [
      -48.70560293,
      -25.419517566
     ],
     [
      -48.705561372,
      -25.419602333
     ],
     [
      -48.705549335,
      -25.419629654
     ],
     [
      -48.705524129,
      -25.4196871
     ],
     [
      -48.705491086,
      -25.419771867
     ],
     [
      -48.705462106,
      -25.419856634
     ],
     [
      -48.705455995,
      -25.419877072
     ],
     [
      -48.705436585,
      -25.419941402
     ],
     [
      -48.705414591,
      -25.420026169
     ],
     [
      -48.705396014,
      -25.420110936
     ],
     [
      -48.70538065,
      -25.420195703
     ],
     [
      -48.705368301,
      -25.42028047
     ],
     [
      -48.705362655,
      -25.420330797
     ],
     [
      -48.705362655,
      -25.420330797
     ]
    ]
   },
   "properties": {
    "tipo": "curva_nivel",
    "cota_m": 70,
    "equidistancia_m": 5
   }
  },
  {
   "type": "Feature",
   "geometry": {
    "type": "LineString",
    "coordinates": [
     [
      -48.698802749,
      -25.419178498
     ],
     [
      -48.698736741,
      -25.419263265
     ],
     [
      -48.698735493,
      -25.419265031
     ],
     [
      -48.698680434,
      -25.419348032
     ],
     [
      -48.698642152,
      -25.419412871
     ],
     [
      -48.698642152,
      -25.419412871
     ]
    ]
   },
   "properties": {
    "tipo": "curva_nivel",
    "cota_m": 70,
    "equidistancia_m": 5
   }
  },
  {
   "type": "Feature",
   "geometry": {
    "type": "LineString",
    "coordinates": [
     [
      -48.717030194,
      -25.419280038
     ],
     [
      -48.717123534,
      -25.419341135
     ],
     [
      -48.717132747,
      -25.419348032
     ],
     [
      -48.717216874,
      -25.419419318
     ],
     [
      -48.717231008,
      -25.419432799
     ],
     [
      -48.71730809,
      -25.419517566
     ],
     [
      -48.7173681,
      -25.419602333
     ],
     [
      -48.717403555,
      -25.419663332
     ],
     [
      -48.717416328,
      -25.4196871
     ],
     [
      -48.717453018,
      -25.419771867
     ],
     [
      -48.717480779,
      -25.419856634
     ],
     [
      -48.717496895,
      -25.419927503
     ],
     [
      -48.71749988,
      -25.419941402
     ],
     [
      -48.717510418,
      -25.420026169
     ],
     [
      -48.717513374,
      -25.420110936
     ],
     [
      -48.717508883,
      -25.420195703
     ],
     [
      -48.71749701,
      -25.42028047
     ],
     [
      -48.717496895,
      -25.420280977
     ],
     [
      -48.717476837,
      -25.420365237
     ],
     [
      -48.717448863,
      -25.420450004
     ],
     [
      -48.71741295,
      -25.420534771
     ],
     [
      -48.717403555,
      -25.420553061
     ],
     [
      -48.717366938,
      -25.420619538
     ],
     [
      -48.717311477,
      -25.420704305
     ],
     [
      -48.717310215,
      -25.420705992
     ],
     [
      -48.717242521,
      -25.420789072
     ],
     [
      -48.717216874,
      -25.420816855
     ],
     [
      -48.71715886,
      -25.420873839
     ],
     [
      -48.717123534,
      -25.420905039
     ],
     [
      -48.717055636,
      -25.420958606
     ],
     [
      -48.717030194,
      -25.420976944
     ],
     [
      -48.716936853,
      -25.421036175
     ],
     [
      -48.716936853,
      -25.421036175
     ]
    ]
   },
   "properties": {
    "tipo": "curva_nivel",
    "cota_m": 70,
    "equidistancia_m": 5
   }
  },
  {
   "type": "Feature",
   "geometry": {
    "type": "LineString",
    "coordinates": [
     [
      -48.715788113,
      -25.419263265
     ],
     [
      -48.715723429,
      -25.419297333
     ],
     [
      -48.71563963,
      -25.419348032
     ],
     [
      -48.715630089,
      -25.419354336
     ],
     [
      -48.715536749,
      -25.4194239
     ],
     [
      -48.715536749,
      -25.4194239
     ]
    ]
   },
   "properties": {
    "tipo": "curva_nivel",
    "cota_m": 70,
    "equidistancia_m": 5
   }
  },
  {
   "type": "Feature",
   "geometry": {
    "type": "LineString",
    "coordinates": [
     [
      -48.709469628,
      -25.419361185
     ],
     [
      -48.709521235,
      -25.419432799
     ],
     [
      -48.709562969,
      -25.41949564
     ],
     [
      -48.709577073,
      -25.419517566
     ],
     [
      -48.709627365,
      -25.419602333
     ],
     [
      -48.709656309,
      -25.419655722
     ],
     [
      -48.709672923,
      -25.4196871
     ],
     [
      -48.709713846,
      -25.419771867
     ],
     [
      -48.709749649,
      -25.419854007
     ],
     [
      -48.709750777,
      -25.419856634
     ],
     [
      -48.709783552,
      -25.419941402
     ],
     [
      -48.709812751,
      -25.420026169
     ],
     [
      -48.709838542,
      -25.420110936
     ],
     [
      -48.709860949,
      -25.420195703
     ],
     [
      -48.709880246,
      -25.42028047
     ],
     [
      -48.709896617,
      -25.420365237
     ],
     [
      -48.709910212,
      -25.420450004
     ],
     [
      -48.709921179,
      -25.420534771
     ],
     [
      -48.709929671,
      -25.420619538
     ],
     [
      -48.709935841,
      -25.420704305
     ],
     [
      -48.709939837,
      -25.420789072
     ],
     [
      -48.709941848,
      -25.420873839
     ],
     [
      -48.709942055,
      -25.420958606
     ],
     [
      -48.709940651,
      -25.421043374
     ],
     [
      -48.709937843,
      -25.421128141
     ],
     [
      -48.70993633,
      -25.421160975
     ],
     [
      -48.709933846,
      -25.421212908
     ],
     [
      -48.709928911,
      -25.421297675
     ],
     [
      -48.70992333,
      -25.421382442
     ],
     [
      -48.709917428,
      -25.421467209
     ],
     [
      -48.709911581,
      -25.421551976
     ],
     [
      -48.709906233,
      -25.421636743
     ],
     [
      -48.709901917,
      -25.42172151
     ],
     [
      -48.709899289,
      -25.421806277
     ],
     [
      -48.70989917,
      -25.421891044
     ],
     [
      -48.709902622,
      -25.421975811
     ],
     [
      -48.70991105,
      -25.422060578
     ],
     [
      -48.709926382,
      -25.422145346
     ],
     [
      -48.709926382,
      -25.422145346
     ]
    ]
   },
   "properties": {
    "tipo": "curva_nivel",
    "cota_m": 70,
    "equidistancia_m": 5
   }
  },
  {
   "type": "Feature",
   "geometry": {
    "type": "LineString",
    "coordinates": [
     [
      -48.715526011,
      -25.419432799
     ],
     [
      -48.715443408,
      -25.419508537
     ],
     [
      -48.715443408,
      -25.419508537
     ]
    ]
   },
   "properties": {
    "tipo": "curva_nivel",
    "cota_m": 70,
    "equidistancia_m": 5
   }
  },
  {
   "type": "Feature",
   "geometry": {
    "type": "LineString",
    "coordinates": [
     [
      -48.698631022,
      -25.419432799
     ],
     [
      -48.698589167,
      -25.419517566
     ],
     [
      -48.698553066,
      -25.419602333
     ],
     [
      -48.698548812,
      -25.419614119
     ],
     [
      -48.698523606,
      -25.4196871
     ],
     [
      -48.698499652,
      -25.419771867
     ],
     [
      -48.698480978,
      -25.419856634
     ],
     [
      -48.698467542,
      -25.419941402
     ],
     [
      -48.698459323,
      -25.420026169
     ],
     [
      -48.69845632,
      -25.420110936
     ],
     [
      -48.698458555,
      -25.420195703
     ],
     [
      -48.698466071,
      -25.42028047
     ],
     [
      -48.698478937,
      -25.420365237
     ],
     [
      -48.698497248,
      -25.420450004
     ],
     [
      -48.69852113,
      -25.420534771
     ],
     [
      -48.698548812,
      -25.420614095
     ],
     [
      -48.698550823,
      -25.420619538
     ],
     [
      -48.698587769,
      -25.420704305
     ],
     [
      -48.698631138,
      -25.420789072
     ],
     [
      -48.698631138,
      -25.420789072
     ]
    ]
   },
   "properties": {
    "tipo": "curva_nivel",
    "cota_m": 70,
    "equidistancia_m": 5
   }
  },
  {
   "type": "Feature",
   "geometry": {
    "type": "LineString",
    "coordinates": [
     [
      -48.715434439,
      -25.419517566
     ],
     [
      -48.715359356,
      -25.419602333
     ],
     [
      -48.715350068,
      -25.419614296
     ],
     [
      -48.715297894,
      -25.4196871
     ],
     [
      -48.715256728,
      -25.419753944
     ],
     [
      -48.715256728,
      -25.419753944
     ]
    ]
   },
   "properties": {
    "tipo": "curva_nivel",
    "cota_m": 70,
    "equidistancia_m": 5
   }
  },
  {
   "type": "Feature",
   "geometry": {
    "type": "LineString",
    "coordinates": [
     [
      -48.715246426,
      -25.419771867
     ],
     [
      -48.715205623,
      -25.419856634
     ],
     [
      -48.71517265,
      -25.419941402
     ],
     [
      -48.715163387,
      -25.419972716
     ],
     [
      -48.715148423,
      -25.420026169
     ],
     [
      -48.715132087,
      -25.420110936
     ],
     [
      -48.715123122,
      -25.420195703
     ],
     [
      -48.715121608,
      -25.42028047
     ],
     [
      -48.715127677,
      -25.420365237
     ],
     [
      -48.715141517,
      -25.420450004
     ],
     [
      -48.715163387,
      -25.420534771
     ],
     [
      -48.715195643,
      -25.420619538
     ],
     [
      -48.71523732,
      -25.420704305
     ],
     [
      -48.71523732,
      -25.420704305
     ]
    ]
   },
   "properties": {
    "tipo": "curva_nivel",
    "cota_m": 70,
    "equidistancia_m": 5
   }
  },
  {
   "type": "Feature",
   "geometry": {
    "type": "LineString",
    "coordinates": [
     [
      -48.701815723,
      -25.419806885
     ],
     [
      -48.701825382,
      -25.419856634
     ],
     [
      -48.701836925,
      -25.419941402
     ],
     [
      -48.701843592,
      -25.420026169
     ],
     [
      -48.701845409,
      -25.420110936
     ],
     [
      -48.701842368,
      -25.420195703
     ],
     [
      -48.701834425,
      -25.42028047
     ],
     [
      -48.701821494,
      -25.420365237
     ],
     [
      -48.701815723,
      -25.420392667
     ],
     [
      -48.701803422,
      -25.420450004
     ],
     [
      -48.701780036,
      -25.420534771
     ],
     [
      -48.701751106,
      -25.420619538
     ],
     [
      -48.701722383,
      -25.420689853
     ],
     [
      -48.701722383,
      -25.420689853
     ]
    ]
   },
   "properties": {
    "tipo": "curva_nivel",
    "cota_m": 70,
    "equidistancia_m": 5
   }
  },
  {
   "type": "Feature",
   "geometry": {
    "type": "LineString",
    "coordinates": [
     [
      -48.705358689,
      -25.420365237
     ],
     [
      -48.705351648,
      -25.420450004
     ],
     [
      -48.705347114,
      -25.420534771
     ],
     [
      -48.705344888,
      -25.420619538
     ],
     [
      -48.705344764,
      -25.420704305
     ],
     [
      -48.705346528,
      -25.420789072
     ],
     [
      -48.70534995,
      -25.420873839
     ],
     [
      -48.705354785,
      -25.420958606
     ],
     [
      -48.705360765,
      -25.421043374
     ],
     [
      -48.7053675,
      -25.421128141
     ],
     [
      -48.705374717,
      -25.421212908
     ],
     [
      -48.705382095,
      -25.421297675
     ],
     [
      -48.705389221,
      -25.421382442
     ],
     [
      -48.705395619,
      -25.421467209
     ],
     [
      -48.705400726,
      -25.421551976
     ],
     [
      -48.705403872,
      -25.421636743
     ],
     [
      -48.705404241,
      -25.42172151
     ],
     [
      -48.70540082,
      -25.421806277
     ],
     [
      -48.705392329,
      -25.421891044
     ],
     [
      -48.70537711,
      -25.421975811
     ],
     [
      -48.705362655,
      -25.422028138
     ],
     [
      -48.705362655,
      -25.422028138
     ]
    ]
   },
   "properties": {
    "tipo": "curva_nivel",
    "cota_m": 70,
    "equidistancia_m": 5
   }
  },
  {
   "type": "Feature",
   "geometry": {
    "type": "LineString",
    "coordinates": [
     [
      -48.715256728,
      -25.420736759
     ],
     [
      -48.715291554,
      -25.420789072
     ],
     [
      -48.715350068,
      -25.420862955
     ],
     [
      -48.715359822,
      -25.420873839
     ],
     [
      -48.715443408,
      -25.420954835
     ],
     [
      -48.715447897,
      -25.420958606
     ],
     [
      -48.715536749,
      -25.421025071
     ],
     [
      -48.715565633,
      -25.421043374
     ],
     [
      -48.715630089,
      -25.421080485
     ],
     [
      -48.715723429,
      -25.421124776
     ],
     [
      -48.715732131,
      -25.421128141
     ],
     [
      -48.71581677,
      -25.421158528
     ],
     [
      -48.71591011,
      -25.421184375
     ],
     [
      -48.71600345,
      -25.42120307
     ],
     [
      -48.716079926,
      -25.421212908
     ],
     [
      -48.716079926,
      -25.421212908
     ]
    ]
   },
   "properties": {
    "tipo": "curva_nivel",
    "cota_m": 70,
    "equidistancia_m": 5
   }
  },
  {
   "type": "Feature",
   "geometry": {
    "type": "LineString",
    "coordinates": [
     [
      -48.701716262,
      -25.420704305
     ],
     [
      -48.701674865,
      -25.420789072
     ],
     [
      -48.701629042,
      -25.4208697
     ],
     [
      -48.701629042,
      -25.4208697
     ],
     [
      -48.701569924,
      -25.420958606
     ],
     [
      -48.701535702,
      -25.42100403
     ],
     [
      -48.701503992,
      -25.421043374
     ],
     [
      -48.701442362,
      -25.421112124
     ],
     [
      -48.701442362,
      -25.421112124
     ]
    ]
   },
   "properties": {
    "tipo": "curva_nivel",
    "cota_m": 70,
    "equidistancia_m": 5
   }
  },
  {
   "type": "Feature",
   "geometry": {
    "type": "LineString",
    "coordinates": [
     [
      -48.698642152,
      -25.420808086
     ],
     [
      -48.698683007,
      -25.420873839
     ],
     [
      -48.698735493,
      -25.420948496
     ],
     [
      -48.698743182,
      -25.420958606
     ],
     [
      -48.698814363,
      -25.421043374
     ],
     [
      -48.698814363,
      -25.421043374
     ]
    ]
   },
   "properties": {
    "tipo": "curva_nivel",
    "cota_m": 70,
    "equidistancia_m": 5
   }
  },
  {
   "type": "Feature",
   "geometry": {
    "type": "LineString",
    "coordinates": [
     [
      -48.716923796,
      -25.421043374
     ],
     [
      -48.716843513,
      -25.421084487
     ],
     [
      -48.716750173,
      -25.421124815
     ],
     [
      -48.716750173,
      -25.421124815
     ]
    ]
   },
   "properties": {
    "tipo": "curva_nivel",
    "cota_m": 70,
    "equidistancia_m": 5
   }
  },
  {
   "type": "Feature",
   "geometry": {
    "type": "LineString",
    "coordinates": [
     [
      -48.698828833,
      -25.421059119
     ],
     [
      -48.698898261,
      -25.421128141
     ],
     [
      -48.698898261,
      -25.421128141
     ]
    ]
   },
   "properties": {
    "tipo": "curva_nivel",
    "cota_m": 70,
    "equidistancia_m": 5
   }
  },
  {
   "type": "Feature",
   "geometry": {
    "type": "LineString",
    "coordinates": [
     [
      -48.716740914,
      -25.421128141
     ],
     [
      -48.716656832,
      -25.421156631
     ],
     [
      -48.716563492,
      -25.421181769
     ],
     [
      -48.716470152,
      -25.421200627
     ],
     [
      -48.716380135,
      -25.421212908
     ],
     [
      -48.716376812,
      -25.421213343
     ],
     [
      -48.716283471,
      -25.421219764
     ],
     [
      -48.716190131,
      -25.421220339
     ],
     [
      -48.716096791,
      -25.421214968
     ]
    ]
   },
   "properties": {
    "tipo": "curva_nivel",
    "cota_m": 70,
    "equidistancia_m": 5
   }
  },
  {
   "type": "Feature",
   "geometry": {
    "type": "LineString",
    "coordinates": [
     [
      -48.701426796,
      -25.421128141
     ],
     [
      -48.701349021,
      -25.421201062
     ],
     [
      -48.701349021,
      -25.421201062
     ]
    ]
   },
   "properties": {
    "tipo": "curva_nivel",
    "cota_m": 70,
    "equidistancia_m": 5
   }
  },
  {
   "type": "Feature",
   "geometry": {
    "type": "LineString",
    "coordinates": [
     [
      -48.698922173,
      -25.421150092
     ],
     [
      -48.6989978,
      -25.421212908
     ],
     [
      -48.6989978,
      -25.421212908
     ]
    ]
   },
   "properties": {
    "tipo": "curva_nivel",
    "cota_m": 70,
    "equidistancia_m": 5
   }
  },
  {
   "type": "Feature",
   "geometry": {
    "type": "LineString",
    "coordinates": [
     [
      -48.701335119,
      -25.421212908
     ],
     [
      -48.701255681,
      -25.42127532
     ],
     [
      -48.701255681,
      -25.42127532
     ]
    ]
   },
   "properties": {
    "tipo": "curva_nivel",
    "cota_m": 70,
    "equidistancia_m": 5
   }
  },
  {
   "type": "Feature",
   "geometry": {
    "type": "LineString",
    "coordinates": [
     [
      -48.699015514,
      -25.421226664
     ],
     [
      -48.699108854,
      -25.421291763
     ],
     [
      -48.699118342,
      -25.421297675
     ],
     [
      -48.699202194,
      -25.421347248
     ],
     [
      -48.69927002,
      -25.421382442
     ],
     [
      -48.69927002,
      -25.421382442
     ]
    ]
   },
   "properties": {
    "tipo": "curva_nivel",
    "cota_m": 70,
    "equidistancia_m": 5
   }
  },
  {
   "type": "Feature",
   "geometry": {
    "type": "LineString",
    "coordinates": [
     [
      -48.701223832,
      -25.421297675
     ],
     [
      -48.701162341,
      -25.421337902
     ],
     [
      -48.701084579,
      -25.421382442
     ],
     [
      -48.701069,
      -25.421390842
     ],
     [
      -48.70097566,
      -25.42143531
     ],
     [
      -48.700896672,
      -25.421467209
     ],
     [
      -48.70088232,
      -25.421472733
     ],
     [
      -48.700788979,
      -25.421503715
     ],
     [
      -48.700695639,
      -25.421529107
     ],
     [
      -48.700602299,
      -25.421549432
     ],
     [
      -48.700602299,
      -25.421549432
     ]
    ]
   },
   "properties": {
    "tipo": "curva_nivel",
    "cota_m": 70,
    "equidistancia_m": 5
   }
  },
  {
   "type": "Feature",
   "geometry": {
    "type": "LineString",
    "coordinates": [
     [
      -48.699295534,
      -25.421395134
     ],
     [
      -48.699388875,
      -25.421436
     ],
     [
      -48.699471646,
      -25.421467209
     ],
     [
      -48.699471646,
      -25.421467209
     ]
    ]
   },
   "properties": {
    "tipo": "curva_nivel",
    "cota_m": 70,
    "equidistancia_m": 5
   }
  },
  {
   "type": "Feature",
   "geometry": {
    "type": "LineString",
    "coordinates": [
     [
      -48.699482215,
      -25.42147108
     ],
     [
      -48.699575555,
      -25.421500575
     ],
     [
      -48.699668896,
      -25.421525301
     ],
     [
      -48.699762236,
      -25.421545583
     ],
     [
      -48.699799283,
      -25.421551976
     ],
     [
      -48.699855576,
      -25.421561599
     ],
     [
      -48.699948917,
      -25.421573592
     ],
     [
      -48.700042257,
      -25.421581734
     ],
     [
      -48.700135597,
      -25.421586093
     ],
     [
      -48.700228938,
      -25.421586681
     ],
     [
      -48.700322278,
      -25.42158345
     ],
     [
      -48.700415618,
      -25.421576293
     ],
     [
      -48.700508959,
      -25.421565039
     ],
     [
      -48.700587467,
      -25.421551976
     ]
    ]
   },
   "properties": {
    "tipo": "curva_nivel",
    "cota_m": 70,
    "equidistancia_m": 5
   }
  },
  {
   "type": "Feature",
   "geometry": {
    "type": "LineString",
    "coordinates": [
     [
      -48.705352873,
      -25.422060578
     ],
     [
      -48.705316552,
      -25.422145346
     ],
     [
      -48.705269314,
      -25.422222453
     ],
     [
      -48.705269314,
      -25.422222453
     ]
    ]
   },
   "properties": {
    "tipo": "curva_nivel",
    "cota_m": 70,
    "equidistancia_m": 5
   }
  },
  {
   "type": "Feature",
   "geometry": {
    "type": "LineString",
    "coordinates": [
     [
      -48.70993633,
      -25.422181203
     ],
     [
      -48.709951186,
      -25.422230113
     ],
     [
      -48.709989353,
      -25.42231488
     ],
     [
      -48.71002967,
      -25.4223763
     ],
     [
      -48.710046935,
      -25.422399647
     ],
     [
      -48.710123011,
      -25.42247561
     ],
     [
      -48.710133135,
      -25.422484414
     ],
     [
      -48.710216351,
      -25.422541643
     ],
     [
      -48.710263376,
      -25.422569181
     ],
     [
      -48.710309691,
      -25.422591614
     ],
     [
      -48.710403032,
      -25.422631263
     ],
     [
      -48.710464143,
      -25.422653948
     ],
     [
      -48.710464143,
      -25.422653948
     ]
    ]
   },
   "properties": {
    "tipo": "curva_nivel",
    "cota_m": 70,
    "equidistancia_m": 5
   }
  },
  {
   "type": "Feature",
   "geometry": {
    "type": "LineString",
    "coordinates": [
     [
      -48.705264112,
      -25.422230113
     ],
     [
      -48.70518929,
      -25.42231488
     ],
     [
      -48.705175974,
      -25.422326732
     ],
     [
      -48.705083565,
      -25.422399647
     ],
     [
      -48.705082634,
      -25.422400249
     ],
     [
      -48.704989293,
      -25.422455726
     ],
     [
      -48.704934679,
      -25.422484414
     ],
     [
      -48.704895953,
      -25.422501961
     ],
     [
      -48.704802613,
      -25.422540835
     ],
     [
      -48.704727737,
      -25.422569181
     ],
     [
      -48.704709273,
      -25.422575415
     ],
     [
      -48.704615932,
      -25.422605492
     ],
     [
      -48.704522592,
      -25.422633562
     ],
     [
      -48.704451443,
      -25.422653948
     ],
     [
      -48.704429252,
      -25.422659798
     ],
     [
      -48.704335911,
      -25.422683957
     ],
     [
      -48.704242571,
      -25.422707484
     ],
     [
      -48.704149231,
      -25.422730676
     ],
     [
      -48.704149231,
      -25.422730676
     ]
    ]
   },
   "properties": {
    "tipo": "curva_nivel",
    "cota_m": 70,
    "equidistancia_m": 5
   }
  },
  {
   "type": "Feature",
   "geometry": {
    "type": "LineString",
    "coordinates": [
     [
      -48.710496372,
      -25.422664316
     ],
     [
      -48.710589712,
      -25.422691967
     ],
     [
      -48.710683052,
      -25.422716548
     ],
     [
      -48.710776299,
      -25.422738715
     ],
     [
      -48.710869733,
      -25.422758177
     ],
     [
      -48.710963073,
      -25.422776293
     ],
     [
      -48.711056414,
      -25.422793382
     ],
     [
      -48.711149754,
      -25.42280969
     ],
     [
      -48.711231227,
      -25.422823482
     ],
     [
      -48.711231227,
      -25.422823482
     ]
    ]
   },
   "properties": {
    "tipo": "curva_nivel",
    "cota_m": 70,
    "equidistancia_m": 5
   }
  },
  {
   "type": "Feature",
   "geometry": {
    "type": "LineString",
    "coordinates": [
     [
      -48.704116994,
      -25.422738715
     ],
     [
      -48.70405589,
      -25.422753124
     ],
     [
      -48.70396255,
      -25.422775417
     ],
     [
      -48.70386921,
      -25.422798175
     ],
     [
      -48.703775869,
      -25.422821654
     ],
     [
      -48.703775869,
      -25.422821654
     ]
    ]
   },
   "properties": {
    "tipo": "curva_nivel",
    "cota_m": 70,
    "equidistancia_m": 5
   }
  },
  {
   "type": "Feature",
   "geometry": {
    "type": "LineString",
    "coordinates": [
     [
      -48.711243094,
      -25.422825363
     ],
     [
      -48.711336435,
      -25.422840211
     ],
     [
      -48.711429775,
      -25.422854864
     ],
     [
      -48.711523115,
      -25.422869459
     ],
     [
      -48.711616456,
      -25.422884125
     ],
     [
      -48.711709796,
      -25.422898983
     ],
     [
      -48.711766576,
      -25.422908249
     ],
     [
      -48.711766576,
      -25.422908249
     ]
    ]
   },
   "properties": {
    "tipo": "curva_nivel",
    "cota_m": 70,
    "equidistancia_m": 5
   }
  },
  {
   "type": "Feature",
   "geometry": {
    "type": "LineString",
    "coordinates": [
     [
      -48.703768847,
      -25.422823482
     ],
     [
      -48.703682529,
      -25.422845184
     ],
     [
      -48.703589189,
      -25.42286985
     ],
     [
      -48.703495848,
      -25.422896032
     ],
     [
      -48.703495848,
      -25.422896032
     ]
    ]
   },
   "properties": {
    "tipo": "curva_nivel",
    "cota_m": 70,
    "equidistancia_m": 5
   }
  },
  {
   "type": "Feature",
   "geometry": {
    "type": "LineString",
    "coordinates": [
     [
      -48.711803136,
      -25.422913995
     ],
     [
      -48.711896477,
      -25.422929181
     ],
     [
      -48.711989817,
      -25.422944911
     ],
     [
      -48.712083157,
      -25.422961308
     ],
     [
      -48.712176497,
      -25.422978502
     ],
     [
      -48.7122513,
      -25.422993016
     ],
     [
      -48.7122513,
      -25.422993016
     ]
    ]
   },
   "properties": {
    "tipo": "curva_nivel",
    "cota_m": 70,
    "equidistancia_m": 5
   }
  },
  {
   "type": "Feature",
   "geometry": {
    "type": "LineString",
    "coordinates": [
     [
      -48.703454744,
      -25.422908249
     ],
     [
      -48.703402508,
      -25.42292346
     ],
     [
      -48.703309168,
      -25.422952537
     ],
     [
      -48.703215828,
      -25.422984161
     ],
     [
      -48.703215828,
      -25.422984161
     ]
    ]
   },
   "properties": {
    "tipo": "curva_nivel",
    "cota_m": 70,
    "equidistancia_m": 5
   }
  },
  {
   "type": "Feature",
   "geometry": {
    "type": "LineString",
    "coordinates": [
     [
      -48.712269838,
      -25.422996545
     ],
     [
      -48.712363178,
      -25.423015295
     ],
     [
      -48.712456518,
      -25.423035258
     ],
     [
      -48.712549859,
      -25.423056612
     ],
     [
      -48.712636078,
      -25.423077783
     ],
     [
      -48.712636078,
      -25.423077783
     ]
    ]
   },
   "properties": {
    "tipo": "curva_nivel",
    "cota_m": 70,
    "equidistancia_m": 5
   }
  },
  {
   "type": "Feature",
   "geometry": {
    "type": "LineString",
    "coordinates": [
     [
      -48.703191437,
      -25.422993016
     ],
     [
      -48.703122487,
      -25.423017866
     ],
     [
      -48.703029147,
      -25.423054664
     ],
     [
      -48.702975484,
      -25.423077783
     ],
     [
      -48.702935807,
      -25.423094916
     ],
     [
      -48.702842466,
      -25.42313895
     ],
     [
      -48.702796903,
      -25.42316255
     ],
     [
      -48.702749126,
      -25.423187583
     ],
     [
      -48.702655786,
      -25.423241608
     ],
     [
      -48.702655786,
      -25.423241608
     ]
    ]
   },
   "properties": {
    "tipo": "curva_nivel",
    "cota_m": 70,
    "equidistancia_m": 5
   }
  },
  {
   "type": "Feature",
   "geometry": {
    "type": "LineString",
    "coordinates": [
     [
      -48.713174928,
      -25.423247318
     ],
     [
      -48.713174928,
      -25.423247318
     ],
     [
      -48.713109901,
      -25.423222134
     ],
     [
      -48.71301656,
      -25.423188879
     ],
     [
      -48.71292322,
      -25.42315839
     ],
     [
      -48.712936023,
      -25.42316255
     ],
     [
      -48.71282988,
      -25.423129914
     ],
     [
      -48.712736539,
      -25.423103719
     ],
     [
      -48.712643199,
      -25.423079521
     ]
    ]
   },
   "properties": {
    "tipo": "curva_nivel",
    "cota_m": 70,
    "equidistancia_m": 5
   }
  },
  {
   "type": "Feature",
   "geometry": {
    "type": "LineString",
    "coordinates": [
     [
      -48.713203241,
      -25.423258427
     ],
     [
      -48.713296581,
      -25.42329781
     ],
     [
      -48.713370735,
      -25.423332085
     ],
     [
      -48.713370735,
      -25.423332085
     ]
    ]
   },
   "properties": {
    "tipo": "curva_nivel",
    "cota_m": 70,
    "equidistancia_m": 5
   }
  },
  {
   "type": "Feature",
   "geometry": {
    "type": "LineString",
    "coordinates": [
     [
      -48.702646677,
      -25.423247318
     ],
     [
      -48.702562445,
      -25.423301205
     ],
     [
      -48.702518599,
      -25.423332085
     ],
     [
      -48.702469105,
      -25.42336789
     ],
     [
      -48.702407156,
      -25.423416852
     ],
     [
      -48.702375765,
      -25.423442499
     ],
     [
      -48.702309012,
      -25.423501619
     ],
     [
      -48.702282424,
      -25.423526117
     ],
     [
      -48.702221607,
      -25.423586386
     ],
     [
      -48.702189084,
      -25.423620134
     ],
     [
      -48.702143009,
      -25.423671153
     ],
     [
      -48.702095744,
      -25.423726315
     ],
     [
      -48.702095744,
      -25.423726315
     ]
    ]
   },
   "properties": {
    "tipo": "curva_nivel",
    "cota_m": 70,
    "equidistancia_m": 5
   }
  },
  {
   "type": "Feature",
   "geometry": {
    "type": "LineString",
    "coordinates": [
     [
      -48.713389922,
      -25.42334113
     ],
     [
      -48.713483262,
      -25.423388346
     ],
     [
      -48.713535063,
      -25.423416852
     ],
     [
      -48.713576602,
      -25.423440319
     ],
     [
      -48.713669942,
      -25.423497513
     ],
     [
      -48.71367624,
      -25.423501619
     ],
     [
      -48.713763283,
      -25.423560239
     ],
     [
      -48.713799352,
      -25.423586386
     ],
     [
      -48.713856623,
      -25.423629457
     ],
     [
      -48.713908547,
      -25.423671153
     ],
     [
      -48.713949963,
      -25.423705804
     ],
     [
      -48.714006507,
      -25.42375592
     ],
     [
      -48.714043304,
      -25.423790043
     ],
     [
      -48.714095257,
      -25.423840687
     ],
     [
      -48.714136644,
      -25.423883072
     ],
     [
      -48.714176314,
      -25.423925454
     ],
     [
      -48.714229984,
      -25.423985934
     ],
     [
      -48.714250801,
      -25.424010221
     ],
     [
      -48.71431957,
      -25.424094988
     ],
     [
      -48.714383585,
      -25.424179755
     ],
     [
      -48.714416665,
      -25.424226535
     ],
     [
      -48.714443078,
      -25.424264522
     ],
     [
      -48.714498514,
      -25.424349289
     ],
     [
      -48.714498514,
      -25.424349289
     ]
    ]
   },
   "properties": {
    "tipo": "curva_nivel",
    "cota_m": 70,
    "equidistancia_m": 5
   }
  },
  {
   "type": "Feature",
   "geometry": {
    "type": "LineString",
    "coordinates": [
     [
      -48.719363701,
      -25.423582908
     ],
     [
      -48.719363701,
      -25.423582908
     ],
     [
      -48.719457042,
      -25.423544572
     ],
     [
      -48.719550382,
      -25.423509717
     ],
     [
      -48.719573915,
      -25.423501619
     ],
     [
      -48.719643722,
      -25.423477822
     ]
    ]
   },
   "properties": {
    "tipo": "curva_nivel",
    "cota_m": 70,
    "equidistancia_m": 5
   }
  },
  {
   "type": "Feature",
   "geometry": {
    "type": "LineString",
    "coordinates": [
     [
      -48.719355827,
      -25.423586386
     ],
     [
      -48.719270361,
      -25.423624905
     ],
     [
      -48.719177021,
      -25.423671107
     ],
     [
      -48.719177021,
      -25.423671107
     ],
     [
      -48.719083681,
      -25.423721896
     ],
     [
      -48.719026178,
      -25.42375592
     ],
     [
      -48.71899034,
      -25.42377787
     ],
     [
      -48.718897,
      -25.423839566
     ],
     [
      -48.718897,
      -25.423839566
     ],
     [
      -48.71880366,
      -25.423907866
     ],
     [
      -48.71880366,
      -25.423907866
     ]
    ]
   },
   "properties": {
    "tipo": "curva_nivel",
    "cota_m": 70,
    "equidistancia_m": 5
   }
  },
  {
   "type": "Feature",
   "geometry": {
    "type": "LineString",
    "coordinates": [
     [
      -48.702071786,
      -25.42375592
     ],
     [
      -48.702006921,
      -25.423840687
     ],
     [
      -48.702002403,
      -25.423846878
     ],
     [
      -48.701947632,
      -25.423925454
     ],
     [
      -48.701909063,
      -25.42398486
     ],
     [
      -48.701909063,
      -25.42398486
     ]
    ]
   },
   "properties": {
    "tipo": "curva_nivel",
    "cota_m": 70,
    "equidistancia_m": 5
   }
  },
  {
   "type": "Feature",
   "geometry": {
    "type": "LineString",
    "coordinates": [
     [
      -48.718781162,
      -25.423925454
     ],
     [
      -48.718710319,
      -25.423983571
     ],
     [
      -48.718710319,
      -25.423983571
     ]
    ]
   },
   "properties": {
    "tipo": "curva_nivel",
    "cota_m": 70,
    "equidistancia_m": 5
   }
  },
  {
   "type": "Feature",
   "geometry": {
    "type": "LineString",
    "coordinates": [
     [
      -48.718679662,
      -25.424010221
     ],
     [
      -48.718616979,
      -25.424067743
     ],
     [
      -48.718616979,
      -25.424067743
     ]
    ]
   },
   "properties": {
    "tipo": "curva_nivel",
    "cota_m": 70,
    "equidistancia_m": 5
   }
  },
  {
   "type": "Feature",
   "geometry": {
    "type": "LineString",
    "coordinates": [
     [
      -48.701893216,
      -25.424010221
     ],
     [
      -48.701843244,
      -25.424094988
     ],
     [
      -48.701815723,
      -25.424145217
     ],
     [
      -48.701815723,
      -25.424145217
     ]
    ]
   },
   "properties": {
    "tipo": "curva_nivel",
    "cota_m": 70,
    "equidistancia_m": 5
   }
  },
  {
   "type": "Feature",
   "geometry": {
    "type": "LineString",
    "coordinates": [
     [
      -48.71858875,
      -25.424094988
     ],
     [
      -48.718523639,
      -25.424161719
     ],
     [
      -48.718523639,
      -25.424161719
     ]
    ]
   },
   "properties": {
    "tipo": "curva_nivel",
    "cota_m": 70,
    "equidistancia_m": 5
   }
  },
  {
   "type": "Feature",
   "geometry": {
    "type": "LineString",
    "coordinates": [
     [
      -48.718506779,
      -25.424179755
     ],
     [
      -48.718432527,
      -25.424264522
     ],
     [
      -48.718430298,
      -25.424267235
     ],
     [
      -48.71836504,
      -25.424349289
     ],
     [
      -48.718336958,
      -25.424387438
     ],
     [
      -48.718303485,
      -25.424434057
     ],
     [
      -48.718247388,
      -25.424518824
     ],
     [
      -48.718243618,
      -25.42452497
     ],
     [
      -48.718196083,
      -25.424603591
     ],
     [
      -48.718150277,
      -25.424686918
     ],
     [
      -48.718150277,
      -25.424686918
     ],
     [
      -48.718106867,
      -25.424773125
     ],
     [
      -48.718068429,
      -25.424857892
     ],
     [
      -48.718056937,
      -25.424885928
     ],
     [
      -48.718033541,
      -25.424942659
     ],
     [
      -48.718002216,
      -25.425027426
     ],
     [
      -48.717974419,
      -25.425112193
     ],
     [
      -48.717963597,
      -25.425149623
     ],
     [
      -48.717949641,
      -25.42519696
     ],
     [
      -48.717927811,
      -25.425281727
     ],
     [
      -48.71790897,
      -25.425366494
     ],
     [
      -48.717892921,
      -25.425451261
     ],
     [
      -48.717879467,
      -25.425536029
     ],
     [
      -48.717870256,
      -25.425606738
     ],
     [
      -48.717870256,
      -25.425606738
     ]
    ]
   },
   "properties": {
    "tipo": "curva_nivel",
    "cota_m": 70,
    "equidistancia_m": 5
   }
  },
  {
   "type": "Feature",
   "geometry": {
    "type": "LineString",
    "coordinates": [
     [
      -48.701797316,
      -25.424179755
     ],
     [
      -48.701755137,
      -25.424264522
     ],
     [
      -48.701722383,
      -25.4243363
     ],
     [
      -48.701722383,
      -25.4243363
     ]
    ]
   },
   "properties": {
    "tipo": "curva_nivel",
    "cota_m": 70,
    "equidistancia_m": 5
   }
  },
  {
   "type": "Feature",
   "geometry": {
    "type": "LineString",
    "coordinates": [
     [
      -48.714510005,
      -25.424367897
     ],
     [
      -48.714550583,
      -25.424434057
     ],
     [
      -48.714598954,
      -25.424518824
     ],
     [
      -48.714644729,
      -25.424603591
     ],
     [
      -48.71468717,
      -25.424688358
     ],
     [
      -48.71468717,
      -25.424688358
     ]
    ]
   },
   "properties": {
    "tipo": "curva_nivel",
    "cota_m": 70,
    "equidistancia_m": 5
   }
  },
  {
   "type": "Feature",
   "geometry": {
    "type": "LineString",
    "coordinates": [
     [
      -48.701716558,
      -25.424349289
     ],
     [
      -48.701681175,
      -25.424434057
     ],
     [
      -48.701649126,
      -25.424518824
     ],
     [
      -48.701629042,
      -25.424577492
     ],
     [
      -48.701629042,
      -25.424577492
     ]
    ]
   },
   "properties": {
    "tipo": "curva_nivel",
    "cota_m": 70,
    "equidistancia_m": 5
   }
  },
  {
   "type": "Feature",
   "geometry": {
    "type": "LineString",
    "coordinates": [
     [
      -48.701620151,
      -25.424603591
     ],
     [
      -48.701594017,
      -25.424688358
     ],
     [
      -48.701570894,
      -25.424773125
     ],
     [
      -48.701550685,
      -25.424857892
     ],
     [
      -48.701535702,
      -25.424930862
     ],
     [
      -48.701535702,
      -25.424930862
     ]
    ]
   },
   "properties": {
    "tipo": "curva_nivel",
    "cota_m": 70,
    "equidistancia_m": 5
   }
  },
  {
   "type": "Feature",
   "geometry": {
    "type": "LineString",
    "coordinates": [
     [
      -48.714696686,
      -25.424708637
     ],
     [
      -48.71472732,
      -25.424773125
     ],
     [
      -48.714764701,
      -25.424857892
     ],
     [
      -48.714790026,
      -25.424919817
     ],
     [
      -48.714799573,
      -25.424942659
     ],
     [
      -48.714832623,
      -25.425027426
     ],
     [
      -48.714863159,
      -25.425112193
     ],
     [
      -48.714883367,
      -25.425172741
     ],
     [
      -48.714891721,
      -25.42519696
     ],
     [
      -48.71491893,
      -25.425281727
     ],
     [
      -48.714944178,
      -25.425366494
     ],
     [
      -48.714967695,
      -25.425451261
     ],
     [
      -48.714967695,
      -25.425451261
     ]
    ]
   },
   "properties": {
    "tipo": "curva_nivel",
    "cota_m": 70,
    "equidistancia_m": 5
   }
  },
  {
   "type": "Feature",
   "geometry": {
    "type": "LineString",
    "coordinates": [
     [
      -48.69798877,
      -25.42492913
     ],
     [
      -48.697994187,
      -25.424942659
     ],
     [
      -48.698025089,
      -25.425027426
     ],
     [
      -48.698052724,
      -25.425112193
     ],
     [
      -48.69807735,
      -25.42519696
     ],
     [
      -48.698099615,
      -25.425281727
     ],
     [
      -48.698119389,
      -25.425366494
     ],
     [
      -48.698136789,
      -25.425451261
     ],
     [
      -48.698152046,
      -25.425536029
     ],
     [
      -48.698165394,
      -25.425620796
     ],
     [
      -48.698175451,
      -25.425693834
     ],
     [
      -48.698177116,
      -25.425705563
     ],
     [
      -48.698187653,
      -25.42579033
     ],
     [
      -48.698196985,
      -25.425875097
     ],
     [
      -48.69820539,
      -25.425959864
     ],
     [
      -48.698213168,
      -25.426044631
     ],
     [
      -48.69822064,
      -25.426129398
     ],
     [
      -48.698228154,
      -25.426214165
     ],
     [
      -48.698236095,
      -25.426298932
     ],
     [
      -48.698244884,
      -25.426383699
     ],
     [
      -48.698254994,
      -25.426468466
     ],
     [
      -48.698266956,
      -25.426553233
     ],
     [
      -48.698281762,
      -25.426638001
     ],
     [
      -48.698299859,
      -25.426722768
     ],
     [
      -48.698322009,
      -25.426807535
     ],
     [
      -48.698349172,
      -25.426892302
     ],
     [
      -48.698349172,
      -25.426892302
     ]
    ]
   },
   "properties": {
    "tipo": "curva_nivel",
    "cota_m": 70,
    "equidistancia_m": 5
   }
  },
  {
   "type": "Feature",
   "geometry": {
    "type": "LineString",
    "coordinates": [
     [
      -48.701533256,
      -25.424942659
     ],
     [
      -48.701518333,
      -25.425027426
     ],
     [
      -48.701506121,
      -25.425112193
     ],
     [
      -48.701496538,
      -25.42519696
     ],
     [
      -48.701489507,
      -25.425281727
     ],
     [
      -48.701484944,
      -25.425366494
     ],
     [
      -48.701482768,
      -25.425451261
     ],
     [
      -48.701482891,
      -25.425536029
     ],
     [
      -48.701485223,
      -25.425620796
     ],
     [
      -48.701489667,
      -25.425705563
     ],
     [
      -48.70149612,
      -25.42579033
     ],
     [
      -48.701504472,
      -25.425875097
     ],
     [
      -48.701514606,
      -25.425959864
     ],
     [
      -48.701526393,
      -25.426044631
     ],
     [
      -48.701535702,
      -25.426104395
     ],
     [
      -48.701539608,
      -25.426129398
     ],
     [
      -48.70155395,
      -25.426214165
     ],
     [
      -48.701569447,
      -25.426298932
     ],
     [
      -48.70158591,
      -25.426383699
     ],
     [
      -48.701603127,
      -25.426468466
     ],
     [
      -48.701620857,
      -25.426553233
     ],
     [
      -48.701620857,
      -25.426553233
     ]
    ]
   },
   "properties": {
    "tipo": "curva_nivel",
    "cota_m": 70,
    "equidistancia_m": 5
   }
  },
  {
   "type": "Feature",
   "geometry": {
    "type": "LineString",
    "coordinates": [
     [
      -48.714976707,
      -25.425485949
     ],
     [
      -48.714990331,
      -25.425536029
     ],
     [
      -48.71501209,
      -25.425620796
     ],
     [
      -48.715032834,
      -25.425705563
     ],
     [
      -48.715052872,
      -25.42579033
     ],
     [
      -48.715070047,
      -25.42586446
     ],
     [
      -48.715072662,
      -25.425875097
     ],
     [
      -48.715093319,
      -25.425959864
     ],
     [
      -48.715114357,
      -25.426044631
     ],
     [
      -48.71513623,
      -25.426129398
     ],
     [
      -48.715159441,
      -25.426214165
     ],
     [
      -48.715185748,
      -25.426298932
     ],
     [
      -48.71521491,
      -25.426383699
     ],
     [
      -48.715247439,
      -25.426468466
     ],
     [
      -48.715247439,
      -25.426468466
     ]
    ]
   },
   "properties": {
    "tipo": "curva_nivel",
    "cota_m": 70,
    "equidistancia_m": 5
   }
  },
  {
   "type": "Feature",
   "geometry": {
    "type": "LineString",
    "coordinates": [
     [
      -48.717868353,
      -25.425620796
     ],
     [
      -48.717859218,
      -25.425705563
     ],
     [
      -48.717852098,
      -25.42579033
     ],
     [
      -48.717846747,
      -25.425875097
     ],
     [
      -48.717842898,
      -25.425959864
     ],
     [
      -48.717840255,
      -25.426044631
     ],
     [
      -48.717838482,
      -25.426129398
     ],
     [
      -48.717837199,
      -25.426214165
     ],
     [
      -48.717835962,
      -25.426298932
     ],
     [
      -48.717834244,
      -25.426383699
     ],
     [
      -48.717831411,
      -25.426468466
     ],
     [
      -48.71782668,
      -25.426553233
     ],
     [
      -48.71781907,
      -25.426638001
     ],
     [
      -48.717807311,
      -25.426722768
     ],
     [
      -48.717789725,
      -25.426807535
     ],
     [
      -48.717776916,
      -25.426851489
     ],
     [
      -48.717763437,
      -25.426892302
     ],
     [
      -48.717724601,
      -25.426977069
     ],
     [
      -48.717683576,
      -25.427040966
     ],
     [
      -48.717683576,
      -25.427040966
     ]
    ]
   },
   "properties": {
    "tipo": "curva_nivel",
    "cota_m": 70,
    "equidistancia_m": 5
   }
  },
  {
   "type": "Feature",
   "geometry": {
    "type": "LineString",
    "coordinates": [
     [
      -48.715256728,
      -25.426490304
     ],
     [
      -48.71528586,
      -25.426553233
     ],
     [
      -48.715330245,
      -25.426638001
     ],
     [
      -48.715330245,
      -25.426638001
     ]
    ]
   },
   "properties": {
    "tipo": "curva_nivel",
    "cota_m": 70,
    "equidistancia_m": 5
   }
  },
  {
   "type": "Feature",
   "geometry": {
    "type": "LineString",
    "coordinates": [
     [
      -48.701629042,
      -25.426592814
     ],
     [
      -48.701638639,
      -25.426638001
     ],
     [
      -48.701656158,
      -25.426722768
     ],
     [
      -48.701673169,
      -25.426807535
     ],
     [
      -48.701689191,
      -25.426892302
     ],
     [
      -48.701703618,
      -25.426977069
     ],
     [
      -48.701715672,
      -25.427061836
     ],
     [
      -48.701722383,
      -25.427128807
     ],
     [
      -48.701724283,
      -25.427146603
     ],
     [
      -48.701728013,
      -25.42723137
     ],
     [
      -48.701724986,
      -25.427316137
     ],
     [
      -48.701722383,
      -25.427335079
     ],
     [
      -48.701711988,
      -25.427400904
     ],
     [
      -48.701684058,
      -25.427485671
     ]
    ]
   },
   "properties": {
    "tipo": "curva_nivel",
    "cota_m": 70,
    "equidistancia_m": 5
   }
  },
  {
   "type": "Feature",
   "geometry": {
    "type": "LineString",
    "coordinates": [
     [
      -48.715350068,
      -25.4266716
     ],
     [
      -48.715383231,
      -25.426722768
     ],
     [
      -48.715443408,
      -25.426804453
     ],
     [
      -48.715445922,
      -25.426807535
     ],
     [
      -48.715523383,
      -25.426892302
     ],
     [
      -48.715523383,
      -25.426892302
     ]
    ]
   },
   "properties": {
    "tipo": "curva_nivel",
    "cota_m": 70,
    "equidistancia_m": 5
   }
  },
  {
   "type": "Feature",
   "geometry": {
    "type": "LineString",
    "coordinates": [
     [
      -48.715536749,
      -25.426905331
     ],
     [
      -48.715618892,
      -25.426977069
     ],
     [
      -48.715618892,
      -25.426977069
     ]
    ]
   },
   "properties": {
    "tipo": "curva_nivel",
    "cota_m": 70,
    "equidistancia_m": 5
   }
  },
  {
   "type": "Feature",
   "geometry": {
    "type": "LineString",
    "coordinates": [
     [
      -48.698362131,
      -25.426926097
     ],
     [
      -48.698383183,
      -25.426977069
     ],
     [
      -48.698425369,
      -25.427061836
     ],
     [
      -48.698455472,
      -25.427112268
     ],
     [
      -48.698477782,
      -25.427146603
     ],
     [
      -48.698543177,
      -25.42723137
     ],
     [
      -48.698626076,
      -25.427316137
     ],
     [
      -48.698626076,
      -25.427316137
     ]
    ]
   },
   "properties": {
    "tipo": "curva_nivel",
    "cota_m": 70,
    "equidistancia_m": 5
   }
  },
  {
   "type": "Feature",
   "geometry": {
    "type": "LineString",
    "coordinates": [
     [
      -48.715630089,
      -25.426985857
     ],
     [
      -48.715723429,
      -25.427051309
     ],
     [
      -48.715740372,
      -25.427061836
     ],
     [
      -48.71581677,
      -25.427105153
     ],
     [
      -48.715899984,
      -25.427146603
     ],
     [
      -48.715899984,
      -25.427146603
     ]
    ]
   },
   "properties": {
    "tipo": "curva_nivel",
    "cota_m": 70,
    "equidistancia_m": 5
   }
  },
  {
   "type": "Feature",
   "geometry": {
    "type": "LineString",
    "coordinates": [
     [
      -48.717667771,
      -25.427061836
     ],
     [
      -48.717590236,
      -25.427138963
     ],
     [
      -48.717590236,
      -25.427138963
     ]
    ]
   },
   "properties": {
    "tipo": "curva_nivel",
    "cota_m": 70,
    "equidistancia_m": 5
   }
  },
  {
   "type": "Feature",
   "geometry": {
    "type": "LineString",
    "coordinates": [
     [
      -48.717580841,
      -25.427146603
     ],
     [
      -48.717496895,
      -25.42720093
     ],
     [
      -48.717436302,
      -25.42723137
     ],
     [
      -48.717403555,
      -25.42724497
     ],
     [
      -48.717310215,
      -25.427275881
     ],
     [
      -48.717216874,
      -25.427298803
     ],
     [
      -48.717123534,
      -25.427315222
     ],
     [
      -48.717123534,
      -25.427315222
     ]
    ]
   },
   "properties": {
    "tipo": "curva_nivel",
    "cota_m": 70,
    "equidistancia_m": 5
   }
  },
  {
   "type": "Feature",
   "geometry": {
    "type": "LineString",
    "coordinates": [
     [
      -48.71591011,
      -25.427151244
     ],
     [
      -48.71600345,
      -25.427189043
     ],
     [
      -48.716096791,
      -25.427221934
     ],
     [
      -48.7161278,
      -25.42723137
     ],
     [
      -48.716190131,
      -25.427249119
     ],
     [
      -48.716283471,
      -25.427271817
     ],
     [
      -48.716376812,
      -25.42729087
     ],
     [
      -48.716470152,
      -25.427306435
     ],
     [
      -48.716544869,
      -25.427316137
     ],
     [
      -48.716544869,
      -25.427316137
     ]
    ]
   },
   "properties": {
    "tipo": "curva_nivel",
    "cota_m": 70,
    "equidistancia_m": 5
   }
  },
  {
   "type": "Feature",
   "geometry": {
    "type": "LineString",
    "coordinates": [
     [
      -48.717116099,
      -25.427316137
     ],
     [
      -48.717030194,
      -25.427325453
     ],
     [
      -48.716936853,
      -25.427331283
     ],
     [
      -48.716843513,
      -25.427333232
     ],
     [
      -48.716750173,
      -25.427331616
     ],
     [
      -48.716656832,
      -25.427326645
     ],
     [
      -48.716563492,
      -25.427318441
     ]
    ]
   },
   "properties": {
    "tipo": "curva_nivel",
    "cota_m": 70,
    "equidistancia_m": 5
   }
  },
  {
   "type": "Feature",
   "geometry": {
    "type": "LineString",
    "coordinates": [
     [
      -48.698642152,
      -25.427330265
     ],
     [
      -48.698731312,
      -25.427400904
     ],
     [
      -48.698828833,
      -25.427463087
     ],
     [
      -48.698868636,
      -25.427485671
     ]
    ]
   },
   "properties": {
    "tipo": "curva_nivel",
    "cota_m": 70,
    "equidistancia_m": 5
   }
  },
  {
   "type": "Feature",
   "geometry": {
    "type": "LineString",
    "coordinates": [
     [
      -48.719550382,
      -25.414415408
     ],
     [
      -48.719550382,
      -25.414415408
     ],
     [
      -48.719624309,
      -25.414346774
     ],
     [
      -48.719643722,
      -25.41433128
     ]
    ]
   },
   "properties": {
    "tipo": "curva_nivel",
    "cota_m": 75,
    "equidistancia_m": 5
   }
  },
  {
   "type": "Feature",
   "geometry": {
    "type": "LineString",
    "coordinates": [
     [
      -48.71953543,
      -25.414431542
     ],
     [
      -48.719469551,
      -25.414516309
     ],
     [
      -48.719457042,
      -25.414536199
     ],
     [
      -48.719420907,
      -25.414601076
     ],
     [
      -48.719384638,
      -25.414685843
     ],
     [
      -48.719363701,
      -25.414755181
     ],
     [
      -48.719363701,
      -25.414755181
     ]
    ]
   },
   "properties": {
    "tipo": "curva_nivel",
    "cota_m": 75,
    "equidistancia_m": 5
   }
  },
  {
   "type": "Feature",
   "geometry": {
    "type": "LineString",
    "coordinates": [
     [
      -48.70386921,
      -25.414673717
     ],
     [
      -48.703891541,
      -25.414685843
     ],
     [
      -48.70396255,
      -25.414732869
     ],
     [
      -48.704006414,
      -25.41477061
     ],
     [
      -48.70405589,
      -25.414825085
     ],
     [
      -48.704078349,
      -25.414855377
     ],
     [
      -48.704123629,
      -25.414940144
     ],
     [
      -48.704149231,
      -25.41501817
     ],
     [
      -48.704151111,
      -25.415024911
     ],
     [
      -48.704159524,
      -25.415109678
     ],
     [
      -48.704152681,
      -25.415194445
     ],
     [
      -48.704149231,
      -25.415207667
     ],
     [
      -48.704126479,
      -25.415279212
     ],
     [
      -48.704080329,
      -25.415363979
     ],
     [
      -48.70405589,
      -25.415395787
     ],
     [
      -48.704003857,
      -25.415448746
     ],
     [
      -48.70396255,
      -25.415481533
     ],
     [
      -48.703872715,
      -25.415533514
     ],
     [
      -48.70386921,
      -25.415535198
     ],
     [
      -48.703775869,
      -25.415564552
     ],
     [
      -48.703682529,
      -25.415578648
     ],
     [
      -48.703589189,
      -25.415577965
     ],
     [
      -48.703495848,
      -25.41556262
     ],
     [
      -48.703405955,
      -25.415533514
     ],
     [
      -48.703405955,
      -25.415533514
     ],
     [
      -48.703309168,
      -25.415478273
     ],
     [
      -48.703271169,
      -25.415448746
     ],
     [
      -48.703215828,
      -25.415394428
     ],
     [
      -48.703191159,
      -25.415363979
     ],
     [
      -48.703141021,
      -25.415279212
     ],
     [
      -48.703122487,
      -25.415229312
     ],
     [
      -48.703111688,
      -25.415194445
     ],
     [
      -48.70310085,
      -25.415109678
     ],
     [
      -48.703105517,
      -25.415024911
     ],
     [
      -48.703122487,
      -25.414953819
     ],
     [
      -48.703169093,
      -25.414855377
     ],
     [
      -48.703215828,
      -25.41479152
     ],
     [
      -48.703309168,
      -25.414709038
     ],
     [
      -48.703402508,
      -25.414658508
     ],
     [
      -48.703495848,
      -25.414629031
     ],
     [
      -48.703589189,
      -25.414616035
     ],
     [
      -48.703682529,
      -25.414619333
     ],
     [
      -48.703775869,
      -25.414638668
     ],
     [
      -48.70386921,
      -25.414673717
     ]
    ]
   },
   "properties": {
    "tipo": "curva_nivel",
    "cota_m": 75,
    "equidistancia_m": 5
   }
  },
  {
   "type": "Feature",
   "geometry": {
    "type": "LineString",
    "coordinates": [
     [
      -48.71935948,
      -25.41477061
     ],
     [
      -48.719345677,
      -25.414855377
     ],
     [
      -48.719341183,
      -25.414940144
     ],
     [
      -48.719345905,
      -25.415024911
     ],
     [
      -48.719359813,
      -25.415109678
     ],
     [
      -48.719384751,
      -25.415194445
     ],
     [
      -48.719420192,
      -25.415279212
     ],
     [
      -48.719457042,
      -25.415347694
     ],
     [
      -48.719466863,
      -25.415363979
     ],
     [
      -48.719529056,
      -25.415448746
     ],
     [
      -48.719529056,
      -25.415448746
     ]
    ]
   },
   "properties": {
    "tipo": "curva_nivel",
    "cota_m": 75,
    "equidistancia_m": 5
   }
  },
  {
   "type": "Feature",
   "geometry": {
    "type": "LineString",
    "coordinates": [
     [
      -48.719550382,
      -25.415473447
     ],
     [
      -48.719609553,
      -25.415533514
     ],
     [
      -48.719643722,
      -25.415563815
     ]
    ]
   },
   "properties": {
    "tipo": "curva_nivel",
    "cota_m": 75,
    "equidistancia_m": 5
   }
  },
  {
   "type": "Feature",
   "geometry": {
    "type": "LineString",
    "coordinates": [
     [
      -48.706296058,
      -25.419082534
     ],
     [
      -48.706296058,
      -25.419082534
     ],
     [
      -48.706389398,
      -25.419009655
     ],
     [
      -48.706390358,
      -25.419008964
     ],
     [
      -48.706482738,
      -25.418946959
     ],
     [
      -48.706520274,
      -25.418924197
     ],
     [
      -48.706576079,
      -25.418892441
     ],
     [
      -48.706669419,
      -25.418845102
     ],
     [
      -48.706681915,
      -25.41883943
     ],
     [
      -48.706762759,
      -25.418804714
     ],
     [
      -48.7068561,
      -25.418769988
     ],
     [
      -48.706903871,
      -25.418754662
     ],
     [
      -48.70694944,
      -25.418740721
     ],
     [
      -48.70704278,
      -25.418716536
     ],
     [
      -48.707136121,
      -25.418696836
     ],
     [
      -48.707229461,
      -25.418681393
     ],
     [
      -48.707322801,
      -25.41867002
     ],
     [
      -48.707324345,
      -25.418669895
     ],
     [
      -48.707416142,
      -25.418662706
     ],
     [
      -48.707509482,
      -25.41865913
     ],
     [
      -48.707602822,
      -25.418659208
     ],
     [
      -48.707696163,
      -25.418662885
     ],
     [
      -48.70778635,
      -25.418669895
     ],
     [
      -48.707882843,
      -25.41868119
     ],
     [
      -48.707976183,
      -25.418695919
     ],
     [
      -48.708069524,
      -25.41871439
     ],
     [
      -48.708162864,
      -25.418736691
     ],
     [
      -48.708226866,
      -25.418754662
     ],
     [
      -48.708226866,
      -25.418754662
     ]
    ]
   },
   "properties": {
    "tipo": "curva_nivel",
    "cota_m": 75,
    "equidistancia_m": 5
   }
  },
  {
   "type": "Feature",
   "geometry": {
    "type": "LineString",
    "coordinates": [
     [
      -48.708256204,
      -25.418763131
     ],
     [
      -48.708349545,
      -25.418794168
     ],
     [
      -48.708442885,
      -25.418829542
     ],
     [
      -48.708466181,
      -25.41883943
     ],
     [
      -48.708536225,
      -25.418870281
     ],
     [
      -48.708629566,
      -25.418916155
     ],
     [
      -48.708644454,
      -25.418924197
     ],
     [
      -48.708722906,
      -25.418968511
     ],
     [
      -48.708788154,
      -25.419008964
     ],
     [
      -48.708788154,
      -25.419008964
     ]
    ]
   },
   "properties": {
    "tipo": "curva_nivel",
    "cota_m": 75,
    "equidistancia_m": 5
   }
  },
  {
   "type": "Feature",
   "geometry": {
    "type": "LineString",
    "coordinates": [
     [
      -48.700950578,
      -25.419093731
     ],
     [
      -48.700950578,
      -25.419093731
     ],
     [
      -48.70088232,
      -25.419049498
     ],
     [
      -48.700810254,
      -25.419008964
     ],
     [
      -48.700788979,
      -25.418997918
     ],
     [
      -48.700695639,
      -25.418956268
     ],
     [
      -48.700602299,
      -25.418922096
     ],
     [
      -48.700608413,
      -25.418924197
     ],
     [
      -48.700508959,
      -25.418896033
     ],
     [
      -48.700415618,
      -25.418876346
     ],
     [
      -48.700322278,
      -25.418862775
     ],
     [
      -48.700228938,
      -25.418855121
     ],
     [
      -48.700135597,
      -25.418853242
     ],
     [
      -48.700042257,
      -25.418857049
     ],
     [
      -48.699948917,
      -25.418866506
     ],
     [
      -48.699855576,
      -25.41888163
     ],
     [
      -48.699762236,
      -25.418902485
     ],
     [
      -48.699686331,
      -25.418924197
     ],
     [
      -48.699668896,
      -25.418929426
     ],
     [
      -48.699575555,
      -25.418963697
     ],
     [
      -48.699482215,
      -25.419004482
     ],
     [
      -48.699482215,
      -25.419004482
     ]
    ]
   },
   "properties": {
    "tipo": "curva_nivel",
    "cota_m": 75,
    "equidistancia_m": 5
   }
  },
  {
   "type": "Feature",
   "geometry": {
    "type": "LineString",
    "coordinates": [
     [
      -48.709656309,
      -25.421101409
     ],
     [
      -48.709656309,
      -25.421101409
     ],
     [
      -48.709664018,
      -25.421043374
     ],
     [
      -48.709672923,
      -25.420958606
     ],
     [
      -48.709679261,
      -25.420873839
     ],
     [
      -48.709682926,
      -25.420789072
     ],
     [
      -48.709683809,
      -25.420704305
     ],
     [
      -48.709681802,
      -25.420619538
     ],
     [
      -48.709676791,
      -25.420534771
     ],
     [
      -48.709668661,
      -25.420450004
     ],
     [
      -48.709657294,
      -25.420365237
     ],
     [
      -48.709656309,
      -25.420359611
     ],
     [
      -48.709642335,
      -25.42028047
     ],
     [
      -48.709623815,
      -25.420195703
     ],
     [
      -48.709601615,
      -25.420110936
     ],
     [
      -48.70957559,
      -25.420026169
     ],
     [
      -48.709562969,
      -25.419990518
     ],
     [
      -48.709545219,
      -25.419941402
     ],
     [
      -48.709510357,
      -25.419856634
     ],
     [
      -48.709471086,
      -25.419771867
     ],
     [
      -48.709469628,
      -25.419769036
     ],
     [
      -48.709426127,
      -25.4196871
     ],
     [
      -48.709376187,
      -25.419602333
     ],
     [
      -48.709319399,
      -25.419517566
     ],
     [
      -48.709282948,
      -25.419467815
     ],
     [
      -48.709256082,
      -25.419432799
     ],
     [
      -48.709185188,
      -25.419348032
     ],
     [
      -48.709104873,
      -25.419263265
     ],
     [
      -48.709096267,
      -25.419254792
     ],
     [
      -48.709013805,
      -25.419178498
     ],
     [
      -48.709002927,
      -25.419169059
     ],
     [
      -48.708909587,
      -25.419093536
     ],
     [
      -48.708909842,
      -25.419093731
     ],
     [
      -48.708816246,
      -25.419027289
     ]
    ]
   },
   "properties": {
    "tipo": "curva_nivel",
    "cota_m": 75,
    "equidistancia_m": 5
   }
  },
  {
   "type": "Feature",
   "geometry": {
    "type": "LineString",
    "coordinates": [
     [
      -48.699473363,
      -25.419008964
     ],
     [
      -48.699388875,
      -25.419054464
     ],
     [
      -48.699325184,
      -25.419093731
     ],
     [
      -48.699295534,
      -25.419113391
     ],
     [
      -48.699208474,
      -25.419178498
     ],
     [
      -48.699202194,
      -25.41918361
     ],
     [
      -48.699114275,
      -25.419263265
     ],
     [
      -48.699108854,
      -25.419268683
     ],
     [
      -48.699036667,
      -25.419348032
     ],
     [
      -48.699015514,
      -25.419374077
     ],
     [
      -48.698971675,
      -25.419432799
     ],
     [
      -48.698922173,
      -25.419508394
     ],
     [
      -48.698922173,
      -25.419508394
     ]
    ]
   },
   "properties": {
    "tipo": "curva_nivel",
    "cota_m": 75,
    "equidistancia_m": 5
   }
  },
  {
   "type": "Feature",
   "geometry": {
    "type": "LineString",
    "coordinates": [
     [
      -48.706282794,
      -25.419093731
     ],
     [
      -48.706202718,
      -25.419166842
     ],
     [
      -48.706202718,
      -25.419166842
     ]
    ]
   },
   "properties": {
    "tipo": "curva_nivel",
    "cota_m": 75,
    "equidistancia_m": 5
   }
  },
  {
   "type": "Feature",
   "geometry": {
    "type": "LineString",
    "coordinates": [
     [
      -48.70097566,
      -25.419111535
     ],
     [
      -48.701059466,
      -25.419178498
     ],
     [
      -48.701059466,
      -25.419178498
     ]
    ]
   },
   "properties": {
    "tipo": "curva_nivel",
    "cota_m": 75,
    "equidistancia_m": 5
   }
  },
  {
   "type": "Feature",
   "geometry": {
    "type": "LineString",
    "coordinates": [
     [
      -48.706190768,
      -25.419178498
     ],
     [
      -48.706110938,
      -25.419263265
     ],
     [
      -48.706109377,
      -25.419265074
     ],
     [
      -48.706041346,
      -25.419348032
     ],
     [
      -48.706016037,
      -25.419382149
     ],
     [
      -48.70597998,
      -25.419432799
     ],
     [
      -48.705925778,
      -25.419517566
     ],
     [
      -48.705922697,
      -25.419522906
     ],
     [
      -48.705878171,
      -25.419602333
     ],
     [
      -48.705836218,
      -25.4196871
     ],
     [
      -48.705829356,
      -25.419702754
     ],
     [
      -48.705799583,
      -25.419771867
     ],
     [
      -48.705767808,
      -25.419856634
     ],
     [
      -48.705740563,
      -25.419941402
     ],
     [
      -48.705736016,
      -25.419958092
     ],
     [
      -48.705717548,
      -25.420026169
     ],
     [
      -48.705698558,
      -25.420110936
     ],
     [
      -48.705683386,
      -25.420195703
     ],
     [
      -48.705671838,
      -25.42028047
     ],
     [
      -48.705663731,
      -25.420365237
     ],
     [
      -48.705658898,
      -25.420450004
     ],
     [
      -48.705657178,
      -25.420534771
     ],
     [
      -48.705658417,
      -25.420619538
     ],
     [
      -48.705662466,
      -25.420704305
     ],
     [
      -48.705669178,
      -25.420789072
     ],
     [
      -48.705678408,
      -25.420873839
     ],
     [
      -48.705690009,
      -25.420958606
     ],
     [
      -48.705703834,
      -25.421043374
     ],
     [
      -48.705719731,
      -25.421128141
     ],
     [
      -48.705736016,
      -25.421205835
     ],
     [
      -48.705737546,
      -25.421212908
     ],
     [
      -48.705757133,
      -25.421297675
     ],
     [
      -48.705778321,
      -25.421382442
     ],
     [
      -48.705800933,
      -25.421467209
     ],
     [
      -48.705824778,
      -25.421551976
     ],
     [
      -48.705849801,
      -25.421636743
     ],
     [
      -48.705875684,
      -25.42172151
     ],
     [
      -48.705902132,
      -25.421806277
     ],
     [
      -48.705922697,
      -25.421872568
     ],
     [
      -48.705928931,
      -25.421891044
     ],
     [
      -48.705955955,
      -25.421975811
     ],
     [
      -48.705982459,
      -25.422060578
     ],
     [
      -48.706007839,
      -25.422145346
     ],
     [
      -48.706007839,
      -25.422145346
     ]
    ]
   },
   "properties": {
    "tipo": "curva_nivel",
    "cota_m": 75,
    "equidistancia_m": 5
   }
  },
  {
   "type": "Feature",
   "geometry": {
    "type": "LineString",
    "coordinates": [
     [
      -48.701069,
      -25.419186946
     ],
     [
      -48.701146993,
      -25.419263265
     ],
     [
      -48.701146993,
      -25.419263265
     ]
    ]
   },
   "properties": {
    "tipo": "curva_nivel",
    "cota_m": 75,
    "equidistancia_m": 5
   }
  },
  {
   "type": "Feature",
   "geometry": {
    "type": "LineString",
    "coordinates": [
     [
      -48.701162341,
      -25.419280151
     ],
     [
      -48.70121912,
      -25.419348032
     ],
     [
      -48.701255681,
      -25.419397962
     ],
     [
      -48.701279491,
      -25.419432799
     ],
     [
      -48.701329619,
      -25.419517566
     ],
     [
      -48.701349021,
      -25.419556301
     ],
     [
      -48.701370899,
      -25.419602333
     ],
     [
      -48.701404178,
      -25.4196871
     ],
     [
      -48.701430492,
      -25.419771867
     ],
     [
      -48.701442362,
      -25.419823164
     ],
     [
      -48.701449843,
      -25.419856634
     ],
     [
      -48.701462463,
      -25.419941402
     ],
     [
      -48.701468789,
      -25.420026169
     ],
     [
      -48.701468849,
      -25.420110936
     ],
     [
      -48.701462616,
      -25.420195703
     ],
     [
      -48.701450003,
      -25.42028047
     ],
     [
      -48.701442362,
      -25.42031458
     ],
     [
      -48.701430518,
      -25.420365237
     ],
     [
      -48.701403857,
      -25.420450004
     ],
     [
      -48.701369926,
      -25.420534771
     ],
     [
      -48.701349021,
      -25.420577854
     ],
     [
      -48.701327532,
      -25.420619538
     ],
     [
      -48.70127581,
      -25.420704305
     ],
     [
      -48.701255681,
      -25.420732871
     ],
     [
      -48.701212906,
      -25.420789072
     ],
     [
      -48.701162341,
      -25.420847215
     ],
     [
      -48.701162341,
      -25.420847215
     ]
    ]
   },
   "properties": {
    "tipo": "curva_nivel",
    "cota_m": 75,
    "equidistancia_m": 5
   }
  },
  {
   "type": "Feature",
   "geometry": {
    "type": "LineString",
    "coordinates": [
     [
      -48.71591011,
      -25.419663195
     ],
     [
      -48.71591011,
      -25.419663195
     ],
     [
      -48.71600345,
      -25.419610701
     ],
     [
      -48.716022828,
      -25.419602333
     ],
     [
      -48.716096791,
      -25.419574471
     ],
     [
      -48.716190131,
      -25.419549958
     ],
     [
      -48.716283471,
      -25.419536234
     ],
     [
      -48.716376812,
      -25.41953355
     ],
     [
      -48.716470152,
      -25.41954222
     ],
     [
      -48.716563492,
      -25.419562622
     ],
     [
      -48.716656832,
      -25.419595215
     ],
     [
      -48.716671741,
      -25.419602333
     ],
     [
      -48.716750173,
      -25.419646932
     ],
     [
      -48.716805338,
      -25.4196871
     ],
     [
      -48.716843513,
      -25.419721526
     ],
     [
      -48.716889609,
      -25.419771867
     ],
     [
      -48.716936853,
      -25.419839497
     ],
     [
      -48.716947126,
      -25.419856634
     ],
     [
      -48.716983054,
      -25.419941402
     ],
     [
      -48.717004247,
      -25.420026169
     ],
     [
      -48.717011313,
      -25.420110936
     ],
     [
      -48.717004679,
      -25.420195703
     ],
     [
      -48.716984613,
      -25.42028047
     ],
     [
      -48.716951232,
      -25.420365237
     ],
     [
      -48.716936853,
      -25.420391435
     ],
     [
      -48.716900199,
      -25.420450004
     ],
     [
      -48.716843513,
      -25.420520612
     ],
     [
      -48.716843513,
      -25.420520612
     ]
    ]
   },
   "properties": {
    "tipo": "curva_nivel",
    "cota_m": 75,
    "equidistancia_m": 5
   }
  },
  {
   "type": "Feature",
   "geometry": {
    "type": "LineString",
    "coordinates": [
     [
      -48.698916597,
      -25.419517566
     ],
     [
      -48.69887206,
      -25.419602333
     ],
     [
      -48.698834781,
      -25.4196871
     ],
     [
      -48.698828833,
      -25.419703808
     ],
     [
      -48.698806047,
      -25.419771867
     ],
     [
      -48.698784349,
      -25.419856634
     ],
     [
      -48.698769309,
      -25.419941402
     ],
     [
      -48.698760917,
      -25.420026169
     ],
     [
      -48.698759187,
      -25.420110936
     ],
     [
      -48.698764163,
      -25.420195703
     ],
     [
      -48.698775921,
      -25.42028047
     ],
     [
      -48.698794567,
      -25.420365237
     ],
     [
      -48.698820246,
      -25.420450004
     ],
     [
      -48.698820246,
      -25.420450004
     ]
    ]
   },
   "properties": {
    "tipo": "curva_nivel",
    "cota_m": 75,
    "equidistancia_m": 5
   }
  },
  {
   "type": "Feature",
   "geometry": {
    "type": "LineString",
    "coordinates": [
     [
      -48.71587548,
      -25.4196871
     ],
     [
      -48.71581677,
      -25.419734784
     ],
     [
      -48.715778148,
      -25.419771867
     ],
     [
      -48.715723429,
      -25.419835825
     ],
     [
      -48.715723429,
      -25.419835825
     ]
    ]
   },
   "properties": {
    "tipo": "curva_nivel",
    "cota_m": 75,
    "equidistancia_m": 5
   }
  },
  {
   "type": "Feature",
   "geometry": {
    "type": "LineString",
    "coordinates": [
     [
      -48.71570795,
      -25.419856634
     ],
     [
      -48.7156588,
      -25.419941402
     ],
     [
      -48.715630089,
      -25.42001033
     ],
     [
      -48.715630089,
      -25.42001033
     ]
    ]
   },
   "properties": {
    "tipo": "curva_nivel",
    "cota_m": 75,
    "equidistancia_m": 5
   }
  },
  {
   "type": "Feature",
   "geometry": {
    "type": "LineString",
    "coordinates": [
     [
      -48.71562422,
      -25.420026169
     ],
     [
      -48.715605472,
      -25.420110936
     ],
     [
      -48.715599387,
      -25.420195703
     ],
     [
      -48.715606308,
      -25.42028047
     ],
     [
      -48.715626677,
      -25.420365237
     ],
     [
      -48.715665509,
      -25.420450004
     ],
     [
      -48.71572177,
      -25.420534771
     ],
     [
      -48.715808979,
      -25.420619538
     ],
     [
      -48.715808979,
      -25.420619538
     ]
    ]
   },
   "properties": {
    "tipo": "curva_nivel",
    "cota_m": 75,
    "equidistancia_m": 5
   }
  },
  {
   "type": "Feature",
   "geometry": {
    "type": "LineString",
    "coordinates": [
     [
      -48.698828833,
      -25.42047239
     ],
     [
      -48.698854613,
      -25.420534771
     ],
     [
      -48.698897391,
      -25.420619538
     ],
     [
      -48.698922173,
      -25.420661186
     ],
     [
      -48.69895015,
      -25.420704305
     ],
     [
      -48.699013721,
      -25.420789072
     ],
     [
      -48.699092376,
      -25.420873839
     ],
     [
      -48.699092376,
      -25.420873839
     ]
    ]
   },
   "properties": {
    "tipo": "curva_nivel",
    "cota_m": 75,
    "equidistancia_m": 5
   }
  },
  {
   "type": "Feature",
   "geometry": {
    "type": "LineString",
    "coordinates": [
     [
      -48.716830211,
      -25.420534771
     ],
     [
      -48.716750173,
      -25.420604885
     ],
     [
      -48.716750173,
      -25.420604885
     ]
    ]
   },
   "properties": {
    "tipo": "curva_nivel",
    "cota_m": 75,
    "equidistancia_m": 5
   }
  },
  {
   "type": "Feature",
   "geometry": {
    "type": "LineString",
    "coordinates": [
     [
      -48.716729926,
      -25.420619538
     ],
     [
      -48.716656832,
      -25.420664758
     ],
     [
      -48.716575752,
      -25.420704305
     ],
     [
      -48.716563492,
      -25.420709565
     ],
     [
      -48.716470152,
      -25.420739063
     ],
     [
      -48.716376812,
      -25.420757956
     ],
     [
      -48.716283471,
      -25.420766223
     ],
     [
      -48.716190131,
      -25.420763688
     ],
     [
      -48.716096791,
      -25.420750009
     ],
     [
      -48.71600345,
      -25.420724657
     ],
     [
      -48.715952709,
      -25.420704305
     ],
     [
      -48.71591011,
      -25.420684387
     ],
     [
      -48.71581677,
      -25.4206257
     ]
    ]
   },
   "properties": {
    "tipo": "curva_nivel",
    "cota_m": 75,
    "equidistancia_m": 5
   }
  },
  {
   "type": "Feature",
   "geometry": {
    "type": "LineString",
    "coordinates": [
     [
      -48.701136973,
      -25.420873839
     ],
     [
      -48.701069,
      -25.420937434
     ],
     [
      -48.701069,
      -25.420937434
     ]
    ]
   },
   "properties": {
    "tipo": "curva_nivel",
    "cota_m": 75,
    "equidistancia_m": 5
   }
  },
  {
   "type": "Feature",
   "geometry": {
    "type": "LineString",
    "coordinates": [
     [
      -48.699108854,
      -25.420889769
     ],
     [
      -48.699188416,
      -25.420958606
     ],
     [
      -48.699188416,
      -25.420958606
     ]
    ]
   },
   "properties": {
    "tipo": "curva_nivel",
    "cota_m": 75,
    "equidistancia_m": 5
   }
  },
  {
   "type": "Feature",
   "geometry": {
    "type": "LineString",
    "coordinates": [
     [
      -48.701043803,
      -25.420958606
     ],
     [
      -48.70097566,
      -25.421010449
     ],
     [
      -48.700926545,
      -25.421043374
     ],
     [
      -48.70088232,
      -25.421070584
     ],
     [
      -48.700788979,
      -25.421120292
     ],
     [
      -48.700788979,
      -25.421120292
     ]
    ]
   },
   "properties": {
    "tipo": "curva_nivel",
    "cota_m": 75,
    "equidistancia_m": 5
   }
  },
  {
   "type": "Feature",
   "geometry": {
    "type": "LineString",
    "coordinates": [
     [
      -48.699202194,
      -25.420969505
     ],
     [
      -48.699295534,
      -25.421034922
     ],
     [
      -48.699309314,
      -25.421043374
     ],
     [
      -48.699388875,
      -25.421088785
     ],
     [
      -48.699469276,
      -25.421128141
     ],
     [
      -48.699469276,
      -25.421128141
     ]
    ]
   },
   "properties": {
    "tipo": "curva_nivel",
    "cota_m": 75,
    "equidistancia_m": 5
   }
  },
  {
   "type": "Feature",
   "geometry": {
    "type": "LineString",
    "coordinates": [
     [
      -48.709652584,
      -25.421128141
     ],
     [
      -48.709638604,
      -25.421212908
     ],
     [
      -48.709622319,
      -25.421297675
     ],
     [
      -48.709603826,
      -25.421382442
     ],
     [
      -48.709583221,
      -25.421467209
     ],
     [
      -48.709562969,
      -25.421543442
     ],
     [
      -48.709562969,
      -25.421543442
     ]
    ]
   },
   "properties": {
    "tipo": "curva_nivel",
    "cota_m": 75,
    "equidistancia_m": 5
   }
  },
  {
   "type": "Feature",
   "geometry": {
    "type": "LineString",
    "coordinates": [
     [
      -48.700771819,
      -25.421128141
     ],
     [
      -48.700695639,
      -25.421160605
     ],
     [
      -48.700602299,
      -25.421193505
     ],
     [
      -48.700533926,
      -25.421212908
     ],
     [
      -48.700508959,
      -25.421219601
     ],
     [
      -48.700415618,
      -25.421239088
     ],
     [
      -48.700322278,
      -25.421252919
     ],
     [
      -48.700228938,
      -25.421261327
     ],
     [
      -48.700135597,
      -25.421264465
     ],
     [
      -48.700042257,
      -25.421262416
     ],
     [
      -48.699948917,
      -25.42125519
     ],
     [
      -48.699855576,
      -25.421242731
     ],
     [
      -48.699762236,
      -25.421224912
     ],
     [
      -48.699714192,
      -25.421212908
     ],
     [
      -48.699668896,
      -25.421201115
     ],
     [
      -48.699575555,
      -25.421170827
     ],
     [
      -48.699482215,
      -25.42113411
     ]
    ]
   },
   "properties": {
    "tipo": "curva_nivel",
    "cota_m": 75,
    "equidistancia_m": 5
   }
  },
  {
   "type": "Feature",
   "geometry": {
    "type": "LineString",
    "coordinates": [
     [
      -48.709560535,
      -25.421551976
     ],
     [
      -48.709535374,
      -25.421636743
     ],
     [
      -48.709508288,
      -25.42172151
     ],
     [
      -48.709479333,
      -25.421806277
     ],
     [
      -48.709469628,
      -25.421834265
     ],
     [
      -48.709447923,
      -25.421891044
     ],
     [
      -48.709414333,
      -25.421975811
     ],
     [
      -48.7093788,
      -25.422060578
     ],
     [
      -48.709376288,
      -25.422066756
     ],
     [
      -48.709339968,
      -25.422145346
     ],
     [
      -48.709298645,
      -25.422230113
     ],
     [
      -48.709282948,
      -25.422262599
     ],
     [
      -48.709253302,
      -25.42231488
     ],
     [
      -48.709203477,
      -25.422399647
     ],
     [
      -48.709189607,
      -25.422423625
     ],
     [
      -48.709146315,
      -25.422484414
     ],
     [
      -48.709096267,
      -25.42255099
     ],
     [
      -48.709096267,
      -25.42255099
     ]
    ]
   },
   "properties": {
    "tipo": "curva_nivel",
    "cota_m": 75,
    "equidistancia_m": 5
   }
  },
  {
   "type": "Feature",
   "geometry": {
    "type": "LineString",
    "coordinates": [
     [
      -48.706016037,
      -25.422177179
     ],
     [
      -48.706031639,
      -25.422230113
     ],
     [
      -48.70605245,
      -25.42231488
     ],
     [
      -48.706068098,
      -25.422399647
     ],
     [
      -48.706075124,
      -25.422484414
     ],
     [
      -48.706066782,
      -25.422569181
     ],
     [
      -48.706027647,
      -25.422653948
     ],
     [
      -48.706016037,
      -25.422666066
     ],
     [
      -48.705922697,
      -25.422736925
     ],
     [
      -48.705922697,
      -25.422736925
     ],
     [
      -48.705829356,
      -25.422773647
     ],
     [
      -48.705736016,
      -25.422800653
     ],
     [
      -48.705642676,
      -25.422822135
     ],
     [
      -48.705642676,
      -25.422822135
     ],
     [
      -48.705549335,
      -25.422838733
     ],
     [
      -48.705455995,
      -25.422853438
     ],
     [
      -48.705362655,
      -25.422866961
     ],
     [
      -48.705269314,
      -25.422879711
     ],
     [
      -48.705175974,
      -25.422891985
     ],
     [
      -48.705082634,
      -25.422904013
     ],
     [
      -48.705082634,
      -25.422904013
     ]
    ]
   },
   "properties": {
    "tipo": "curva_nivel",
    "cota_m": 75,
    "equidistancia_m": 5
   }
  },
  {
   "type": "Feature",
   "geometry": {
    "type": "LineString",
    "coordinates": [
     [
      -48.709078768,
      -25.422569181
     ],
     [
      -48.709002927,
      -25.422645363
     ],
     [
      -48.709002927,
      -25.422645363
     ]
    ]
   },
   "properties": {
    "tipo": "curva_nivel",
    "cota_m": 75,
    "equidistancia_m": 5
   }
  },
  {
   "type": "Feature",
   "geometry": {
    "type": "LineString",
    "coordinates": [
     [
      -48.708991387,
      -25.422653948
     ],
     [
      -48.708909587,
      -25.422713841
     ],
     [
      -48.708859785,
      -25.422738715
     ],
     [
      -48.708816246,
      -25.422760499
     ],
     [
      -48.708722906,
      -25.422793736
     ],
     [
      -48.708629566,
      -25.42281658
     ],
     [
      -48.708629566,
      -25.42281658
     ]
    ]
   },
   "properties": {
    "tipo": "curva_nivel",
    "cota_m": 75,
    "equidistancia_m": 5
   }
  },
  {
   "type": "Feature",
   "geometry": {
    "type": "LineString",
    "coordinates": [
     [
      -48.708593772,
      -25.422823482
     ],
     [
      -48.708536225,
      -25.422835027
     ],
     [
      -48.708442885,
      -25.422849898
     ],
     [
      -48.708349545,
      -25.422861764
     ],
     [
      -48.708256204,
      -25.422871704
     ],
     [
      -48.708162864,
      -25.422880401
     ],
     [
      -48.708069524,
      -25.422888319
     ],
     [
      -48.707976183,
      -25.422895796
     ],
     [
      -48.707882843,
      -25.422903096
     ],
     [
      -48.707817461,
      -25.422908249
     ],
     [
      -48.707789503,
      -25.422910724
     ],
     [
      -48.707696163,
      -25.422919309
     ],
     [
      -48.707602822,
      -25.422928479
     ],
     [
      -48.707509482,
      -25.42293856
     ],
     [
      -48.707416142,
      -25.422949962
     ],
     [
      -48.707322801,
      -25.422963243
     ],
     [
      -48.707229461,
      -25.422979219
     ],
     [
      -48.707162959,
      -25.422993016
     ],
     [
      -48.707136121,
      -25.42300045
     ],
     [
      -48.70704278,
      -25.423033021
     ],
     [
      -48.706955293,
      -25.423077783
     ],
     [
      -48.70694944,
      -25.423082911
     ],
     [
      -48.706884213,
      -25.42316255
     ],
     [
      -48.706862939,
      -25.423247318
     ],
     [
      -48.706865542,
      -25.423332085
     ],
     [
      -48.706881063,
      -25.423416852
     ],
     [
      -48.706903996,
      -25.423501619
     ],
     [
      -48.706931242,
      -25.423586386
     ],
     [
      -48.70694944,
      -25.42363645
     ],
     [
      -48.706961808,
      -25.423671153
     ],
     [
      -48.706995132,
      -25.42375592
     ],
     [
      -48.707028872,
      -25.423840687
     ],
     [
      -48.707028872,
      -25.423840687
     ]
    ]
   },
   "properties": {
    "tipo": "curva_nivel",
    "cota_m": 75,
    "equidistancia_m": 5
   }
  },
  {
   "type": "Feature",
   "geometry": {
    "type": "LineString",
    "coordinates": [
     [
      -48.705050778,
      -25.422908249
     ],
     [
      -48.704989293,
      -25.42291561
     ],
     [
      -48.704895953,
      -25.42292714
     ],
     [
      -48.704802613,
      -25.422938932
     ],
     [
      -48.704709273,
      -25.422951097
     ],
     [
      -48.704615932,
      -25.422963738
     ],
     [
      -48.704522592,
      -25.422976961
     ],
     [
      -48.704429252,
      -25.422990873
     ],
     [
      -48.704429252,
      -25.422990873
     ]
    ]
   },
   "properties": {
    "tipo": "curva_nivel",
    "cota_m": 75,
    "equidistancia_m": 5
   }
  },
  {
   "type": "Feature",
   "geometry": {
    "type": "LineString",
    "coordinates": [
     [
      -48.709282948,
      -25.423148029
     ],
     [
      -48.709282948,
      -25.423148029
     ],
     [
      -48.709376288,
      -25.423108473
     ],
     [
      -48.709469628,
      -25.423082414
     ],
     [
      -48.709490686,
      -25.423077783
     ],
     [
      -48.709562969,
      -25.423062799
     ],
     [
      -48.709656309,
      -25.423048902
     ],
     [
      -48.709749649,
      -25.423039166
     ],
     [
      -48.70984299,
      -25.423032336
     ],
     [
      -48.70993633,
      -25.423027649
     ],
     [
      -48.71002967,
      -25.423024618
     ],
     [
      -48.710123011,
      -25.423022916
     ],
     [
      -48.710216351,
      -25.423022322
     ],
     [
      -48.710309691,
      -25.42302268
     ],
     [
      -48.710403032,
      -25.42302388
     ],
     [
      -48.710496372,
      -25.423025845
     ],
     [
      -48.710589712,
      -25.423028523
     ],
     [
      -48.710683052,
      -25.423031877
     ],
     [
      -48.710776393,
      -25.423035887
     ],
     [
      -48.710869733,
      -25.423040542
     ],
     [
      -48.710963073,
      -25.423045842
     ],
     [
      -48.711056414,
      -25.423051795
     ],
     [
      -48.711149754,
      -25.423058417
     ],
     [
      -48.711243094,
      -25.42306573
     ],
     [
      -48.711336435,
      -25.423073764
     ],
     [
      -48.711378591,
      -25.423077783
     ],
     [
      -48.711429775,
      -25.423082454
     ],
     [
      -48.711523115,
      -25.423091849
     ],
     [
      -48.711616456,
      -25.423102088
     ],
     [
      -48.711709796,
      -25.423113228
     ],
     [
      -48.711803136,
      -25.423125334
     ],
     [
      -48.711896477,
      -25.423138482
     ],
     [
      -48.711989817,
      -25.423152759
     ],
     [
      -48.712048745,
      -25.42316255
     ],
     [
      -48.712048745,
      -25.42316255
     ]
    ]
   },
   "properties": {
    "tipo": "curva_nivel",
    "cota_m": 75,
    "equidistancia_m": 5
   }
  },
  {
   "type": "Feature",
   "geometry": {
    "type": "LineString",
    "coordinates": [
     [
      -48.704415884,
      -25.422993016
     ],
     [
      -48.704335911,
      -25.423005178
     ],
     [
      -48.704242571,
      -25.423020323
     ],
     [
      -48.704149231,
      -25.423036501
     ],
     [
      -48.70405589,
      -25.423053847
     ],
     [
      -48.70396255,
      -25.423072516
     ],
     [
      -48.70396255,
      -25.423072516
     ]
    ]
   },
   "properties": {
    "tipo": "curva_nivel",
    "cota_m": 75,
    "equidistancia_m": 5
   }
  },
  {
   "type": "Feature",
   "geometry": {
    "type": "LineString",
    "coordinates": [
     [
      -48.703938183,
      -25.423077783
     ],
     [
      -48.70386921,
      -25.423092282
     ],
     [
      -48.703775869,
      -25.423113548
     ],
     [
      -48.703682529,
      -25.423136666
     ],
     [
      -48.703589189,
      -25.423161879
     ],
     [
      -48.703589189,
      -25.423161879
     ],
     [
      -48.703495848,
      -25.423188842
     ],
     [
      -48.703402508,
      -25.423218399
     ],
     [
      -48.703319354,
      -25.423247318
     ],
     [
      -48.703309168,
      -25.423250858
     ],
     [
      -48.703215828,
      -25.423286037
     ],
     [
      -48.703122487,
      -25.423324966
     ],
     [
      -48.703122487,
      -25.423324966
     ]
    ]
   },
   "properties": {
    "tipo": "curva_nivel",
    "cota_m": 75,
    "equidistancia_m": 5
   }
  },
  {
   "type": "Feature",
   "geometry": {
    "type": "LineString",
    "coordinates": [
     [
      -48.713378015,
      -25.423586386
     ],
     [
      -48.713378015,
      -25.423586386
     ],
     [
      -48.713296581,
      -25.423542395
     ],
     [
      -48.713214134,
      -25.423501619
     ],
     [
      -48.713203241,
      -25.42349636
     ],
     [
      -48.713109901,
      -25.423454214
     ],
     [
      -48.713019043,
      -25.423416852
     ],
     [
      -48.71301656,
      -25.423415848
     ],
     [
      -48.71292322,
      -25.423380538
     ],
     [
      -48.71282988,
      -25.423348329
     ],
     [
      -48.71277883,
      -25.423332085
     ],
     [
      -48.712736539,
      -25.423318734
     ],
     [
      -48.712643199,
      -25.423291487
     ],
     [
      -48.712549859,
      -25.423266535
     ],
     [
      -48.712456518,
      -25.423243599
     ],
     [
      -48.712471628,
      -25.423247318
     ],
     [
      -48.712363178,
      -25.423222295
     ],
     [
      -48.712269838,
      -25.423202725
     ],
     [
      -48.712176497,
      -25.423184729
     ],
     [
      -48.712083157,
      -25.423168168
     ]
    ]
   },
   "properties": {
    "tipo": "curva_nivel",
    "cota_m": 75,
    "equidistancia_m": 5
   }
  },
  {
   "type": "Feature",
   "geometry": {
    "type": "LineString",
    "coordinates": [
     [
      -48.709257069,
      -25.42316255
     ],
     [
      -48.709189607,
      -25.423203175
     ],
     [
      -48.709135443,
      -25.423247318
     ],
     [
      -48.709096267,
      -25.423281542
     ],
     [
      -48.709048936,
      -25.423332085
     ],
     [
      -48.709002927,
      -25.42338463
     ],
     [
      -48.709002927,
      -25.42338463
     ]
    ]
   },
   "properties": {
    "tipo": "curva_nivel",
    "cota_m": 75,
    "equidistancia_m": 5
   }
  },
  {
   "type": "Feature",
   "geometry": {
    "type": "LineString",
    "coordinates": [
     [
      -48.703106737,
      -25.423332085
     ],
     [
      -48.703029147,
      -25.423367561
     ],
     [
      -48.702935807,
      -25.423414816
     ],
     [
      -48.702935807,
      -25.423414816
     ],
     [
      -48.702842466,
      -25.423466832
     ],
     [
      -48.702785766,
      -25.423501619
     ],
     [
      -48.702749126,
      -25.423524727
     ],
     [
      -48.702659695,
      -25.423586386
     ],
     [
      -48.702655786,
      -25.423589176
     ],
     [
      -48.702562445,
      -25.423661075
     ],
     [
      -48.702562445,
      -25.423661075
     ]
    ]
   },
   "properties": {
    "tipo": "curva_nivel",
    "cota_m": 75,
    "equidistancia_m": 5
   }
  },
  {
   "type": "Feature",
   "geometry": {
    "type": "LineString",
    "coordinates": [
     [
      -48.70897834,
      -25.423416852
     ],
     [
      -48.70891644,
      -25.423501619
     ],
     [
      -48.708909587,
      -25.423511068
     ],
     [
      -48.708858521,
      -25.423586386
     ],
     [
      -48.708816246,
      -25.423652777
     ],
     [
      -48.708816246,
      -25.423652777
     ]
    ]
   },
   "properties": {
    "tipo": "curva_nivel",
    "cota_m": 75,
    "equidistancia_m": 5
   }
  },
  {
   "type": "Feature",
   "geometry": {
    "type": "LineString",
    "coordinates": [
     [
      -48.713389922,
      -25.423593007
     ],
     [
      -48.713483262,
      -25.423648504
     ],
     [
      -48.713518645,
      -25.423671153
     ],
     [
      -48.713576602,
      -25.423709594
     ],
     [
      -48.713641652,
      -25.42375592
     ],
     [
      -48.713641652,
      -25.42375592
     ]
    ]
   },
   "properties": {
    "tipo": "curva_nivel",
    "cota_m": 75,
    "equidistancia_m": 5
   }
  },
  {
   "type": "Feature",
   "geometry": {
    "type": "LineString",
    "coordinates": [
     [
      -48.719270361,
      -25.423909913
     ],
     [
      -48.719270361,
      -25.423909913
     ],
     [
      -48.719363701,
      -25.423860465
     ],
     [
      -48.719404383,
      -25.423840687
     ],
     [
      -48.719457042,
      -25.423815892
     ],
     [
      -48.719550382,
      -25.423775742
     ],
     [
      -48.719601006,
      -25.42375592
     ],
     [
      -48.719643722,
      -25.423739577
     ]
    ]
   },
   "properties": {
    "tipo": "curva_nivel",
    "cota_m": 75,
    "equidistancia_m": 5
   }
  },
  {
   "type": "Feature",
   "geometry": {
    "type": "LineString",
    "coordinates": [
     [
      -48.708804977,
      -25.423671153
     ],
     [
      -48.708752736,
      -25.42375592
     ],
     [
      -48.708722906,
      -25.423806551
     ],
     [
      -48.708722906,
      -25.423806551
     ]
    ]
   },
   "properties": {
    "tipo": "curva_nivel",
    "cota_m": 75,
    "equidistancia_m": 5
   }
  },
  {
   "type": "Feature",
   "geometry": {
    "type": "LineString",
    "coordinates": [
     [
      -48.702550333,
      -25.423671153
     ],
     [
      -48.702469105,
      -25.42374175
     ],
     [
      -48.702469105,
      -25.42374175
     ]
    ]
   },
   "properties": {
    "tipo": "curva_nivel",
    "cota_m": 75,
    "equidistancia_m": 5
   }
  },
  {
   "type": "Feature",
   "geometry": {
    "type": "LineString",
    "coordinates": [
     [
      -48.713669942,
      -25.423776897
     ],
     [
      -48.713750641,
      -25.423840687
     ],
     [
      -48.713750641,
      -25.423840687
     ]
    ]
   },
   "properties": {
    "tipo": "curva_nivel",
    "cota_m": 75,
    "equidistancia_m": 5
   }
  },
  {
   "type": "Feature",
   "geometry": {
    "type": "LineString",
    "coordinates": [
     [
      -48.702453931,
      -25.42375592
     ],
     [
      -48.702375765,
      -25.423832699
     ],
     [
      -48.702375765,
      -25.423832699
     ]
    ]
   },
   "properties": {
    "tipo": "curva_nivel",
    "cota_m": 75,
    "equidistancia_m": 5
   }
  },
  {
   "type": "Feature",
   "geometry": {
    "type": "LineString",
    "coordinates": [
     [
      -48.713763283,
      -25.423851141
     ],
     [
      -48.713848176,
      -25.423925454
     ],
     [
      -48.713848176,
      -25.423925454
     ]
    ]
   },
   "properties": {
    "tipo": "curva_nivel",
    "cota_m": 75,
    "equidistancia_m": 5
   }
  },
  {
   "type": "Feature",
   "geometry": {
    "type": "LineString",
    "coordinates": [
     [
      -48.708702772,
      -25.423840687
     ],
     [
      -48.70865383,
      -25.423925454
     ],
     [
      -48.708629566,
      -25.423969231
     ],
     [
      -48.708606079,
      -25.424010221
     ],
     [
      -48.708559336,
      -25.424094988
     ],
     [
      -48.708536225,
      -25.424139075
     ],
     [
      -48.70851351,
      -25.424179755
     ],
     [
      -48.708468562,
      -25.424264522
     ],
     [
      -48.708442885,
      -25.424316413
     ],
     [
      -48.708442885,
      -25.424316413
     ]
    ]
   },
   "properties": {
    "tipo": "curva_nivel",
    "cota_m": 75,
    "equidistancia_m": 5
   }
  },
  {
   "type": "Feature",
   "geometry": {
    "type": "LineString",
    "coordinates": [
     [
      -48.70704278,
      -25.423874562
     ],
     [
      -48.707064255,
      -25.423925454
     ],
     [
      -48.707100198,
      -25.424010221
     ],
     [
      -48.707134916,
      -25.424094988
     ],
     [
      -48.707171894,
      -25.424179755
     ],
     [
      -48.707207006,
      -25.424264522
     ],
     [
      -48.707229461,
      -25.424321831
     ],
     [
      -48.707241382,
      -25.424349289
     ],
     [
      -48.707276285,
      -25.424434057
     ],
     [
      -48.707308209,
      -25.424518824
     ],
     [
      -48.707322801,
      -25.424561333
     ],
     [
      -48.707339673,
      -25.424603591
     ],
     [
      -48.707370082,
      -25.424688358
     ],
     [
      -48.707396567,
      -25.424773125
     ],
     [
      -48.707416142,
      -25.424846903
     ],
     [
      -48.707419764,
      -25.424857892
     ],
     [
      -48.707442907,
      -25.424942659
     ],
     [
      -48.707461002,
      -25.425027426
     ],
     [
      -48.707474017,
      -25.425112193
     ],
     [
      -48.707481958,
      -25.42519696
     ],
     [
      -48.707484872,
      -25.425281727
     ],
     [
      -48.707482848,
      -25.425366494
     ],
     [
      -48.707476023,
      -25.425451261
     ],
     [
      -48.707464583,
      -25.425536029
     ],
     [
      -48.707448773,
      -25.425620796
     ],
     [
      -48.707428912,
      -25.425705563
     ],
     [
      -48.707416142,
      -25.425752411
     ],
     [
      -48.707416142,
      -25.425752411
     ]
    ]
   },
   "properties": {
    "tipo": "curva_nivel",
    "cota_m": 75,
    "equidistancia_m": 5
   }
  },
  {
   "type": "Feature",
   "geometry": {
    "type": "LineString",
    "coordinates": [
     [
      -48.702368142,
      -25.423840687
     ],
     [
      -48.702291407,
      -25.423925454
     ],
     [
      -48.702282424,
      -25.42393598
     ],
     [
      -48.702222423,
      -25.424010221
     ],
     [
      -48.702189084,
      -25.424054501
     ],
     [
      -48.702160008,
      -25.424094988
     ],
     [
      -48.702103501,
      -25.424179755
     ],
     [
      -48.702095744,
      -25.424192231
     ],
     [
      -48.702052446,
      -25.424264522
     ],
     [
      -48.702006163,
      -25.424349289
     ],
     [
      -48.702002403,
      -25.424356739
     ],
     [
      -48.701964461,
      -25.424434057
     ],
     [
      -48.701926939,
      -25.424518824
     ],
     [
      -48.701909063,
      -25.424563574
     ],
     [
      -48.701893372,
      -25.424603591
     ],
     [
      -48.701863586,
      -25.424688358
     ],
     [
      -48.701837428,
      -25.424773125
     ],
     [
      -48.701815723,
      -25.424854264
     ],
     [
      -48.701815723,
      -25.424854264
     ],
     [
      -48.70179538,
      -25.424942659
     ],
     [
      -48.701779284,
      -25.425027426
     ],
     [
      -48.701766374,
      -25.425112193
     ],
     [
      -48.70175656,
      -25.42519696
     ],
     [
      -48.701749759,
      -25.425281727
     ],
     [
      -48.701745893,
      -25.425366494
     ],
     [
      -48.701744887,
      -25.425451261
     ],
     [
      -48.701746668,
      -25.425536029
     ],
     [
      -48.701751168,
      -25.425620796
     ],
     [
      -48.70175832,
      -25.425705563
     ],
     [
      -48.701768057,
      -25.42579033
     ],
     [
      -48.701780316,
      -25.425875097
     ],
     [
      -48.701795037,
      -25.425959864
     ],
     [
      -48.70181216,
      -25.426044631
     ],
     [
      -48.70183153,
      -25.426129398
     ],
     [
      -48.701853151,
      -25.426214165
     ],
     [
      -48.701876997,
      -25.426298932
     ],
     [
      -48.701903029,
      -25.426383699
     ],
     [
      -48.701931157,
      -25.426468466
     ],
     [
      -48.701961384,
      -25.426553233
     ],
     [
      -48.701993718,
      -25.426638001
     ],
     [
      -48.701993718,
      -25.426638001
     ]
    ]
   },
   "properties": {
    "tipo": "curva_nivel",
    "cota_m": 75,
    "equidistancia_m": 5
   }
  },
  {
   "type": "Feature",
   "geometry": {
    "type": "LineString",
    "coordinates": [
     [
      -48.719243242,
      -25.423925454
     ],
     [
      -48.719177021,
      -25.423964972
     ],
     [
      -48.719107067,
      -25.424010221
     ],
     [
      -48.719083681,
      -25.42402608
     ],
     [
      -48.71899034,
      -25.42409417
     ],
     [
      -48.71899034,
      -25.42409417
     ],
     [
      -48.718897,
      -25.424170683
     ],
     [
      -48.718897,
      -25.424170683
     ]
    ]
   },
   "properties": {
    "tipo": "curva_nivel",
    "cota_m": 75,
    "equidistancia_m": 5
   }
  },
  {
   "type": "Feature",
   "geometry": {
    "type": "LineString",
    "coordinates": [
     [
      -48.713856623,
      -25.423933227
     ],
     [
      -48.713936231,
      -25.424010221
     ],
     [
      -48.713936231,
      -25.424010221
     ]
    ]
   },
   "properties": {
    "tipo": "curva_nivel",
    "cota_m": 75,
    "equidistancia_m": 5
   }
  },
  {
   "type": "Feature",
   "geometry": {
    "type": "LineString",
    "coordinates": [
     [
      -48.713949963,
      -25.424024247
     ],
     [
      -48.714016315,
      -25.424094988
     ],
     [
      -48.714016315,
      -25.424094988
     ]
    ]
   },
   "properties": {
    "tipo": "curva_nivel",
    "cota_m": 75,
    "equidistancia_m": 5
   }
  },
  {
   "type": "Feature",
   "geometry": {
    "type": "LineString",
    "coordinates": [
     [
      -48.714043304,
      -25.424125517
     ],
     [
      -48.714089558,
      -25.424179755
     ],
     [
      -48.714136644,
      -25.424238596
     ],
     [
      -48.714156794,
      -25.424264522
     ],
     [
      -48.71421869,
      -25.424349289
     ],
     [
      -48.71421869,
      -25.424349289
     ]
    ]
   },
   "properties": {
    "tipo": "curva_nivel",
    "cota_m": 75,
    "equidistancia_m": 5
   }
  },
  {
   "type": "Feature",
   "geometry": {
    "type": "LineString",
    "coordinates": [
     [
      -48.718886595,
      -25.424179755
     ],
     [
      -48.71880366,
      -25.424256711
     ],
     [
      -48.71880366,
      -25.424256711
     ]
    ]
   },
   "properties": {
    "tipo": "curva_nivel",
    "cota_m": 75,
    "equidistancia_m": 5
   }
  },
  {
   "type": "Feature",
   "geometry": {
    "type": "LineString",
    "coordinates": [
     [
      -48.718795681,
      -25.424264522
     ],
     [
      -48.718714764,
      -25.424349289
     ],
     [
      -48.718710319,
      -25.424354296
     ],
     [
      -48.71864255,
      -25.424434057
     ],
     [
      -48.718616979,
      -25.424466744
     ],
     [
      -48.718577698,
      -25.424518824
     ],
     [
      -48.718523639,
      -25.424597245
     ],
     [
      -48.718523639,
      -25.424597245
     ]
    ]
   },
   "properties": {
    "tipo": "curva_nivel",
    "cota_m": 75,
    "equidistancia_m": 5
   }
  },
  {
   "type": "Feature",
   "geometry": {
    "type": "LineString",
    "coordinates": [
     [
      -48.714229984,
      -25.424365754
     ],
     [
      -48.714275922,
      -25.424434057
     ],
     [
      -48.714323325,
      -25.424510111
     ],
     [
      -48.714328684,
      -25.424518824
     ],
     [
      -48.714377702,
      -25.424603591
     ],
     [
      -48.714416665,
      -25.424676703
     ],
     [
      -48.714422851,
      -25.424688358
     ],
     [
      -48.714464885,
      -25.424773125
     ],
     [
      -48.714503455,
      -25.424857892
     ],
     [
      -48.714503455,
      -25.424857892
     ]
    ]
   },
   "properties": {
    "tipo": "curva_nivel",
    "cota_m": 75,
    "equidistancia_m": 5
   }
  },
  {
   "type": "Feature",
   "geometry": {
    "type": "LineString",
    "coordinates": [
     [
      -48.708425011,
      -25.424349289
     ],
     [
      -48.708381793,
      -25.424434057
     ],
     [
      -48.708349545,
      -25.424503641
     ],
     [
      -48.708349545,
      -25.424503641
     ]
    ]
   },
   "properties": {
    "tipo": "curva_nivel",
    "cota_m": 75,
    "equidistancia_m": 5
   }
  },
  {
   "type": "Feature",
   "geometry": {
    "type": "LineString",
    "coordinates": [
     [
      -48.70834154,
      -25.424518824
     ],
     [
      -48.708300183,
      -25.424603591
     ],
     [
      -48.708263646,
      -25.424688358
     ],
     [
      -48.708256204,
      -25.424707625
     ],
     [
      -48.70822614,
      -25.424773125
     ],
     [
      -48.708192527,
      -25.424857892
     ],
     [
      -48.708164236,
      -25.424942659
     ],
     [
      -48.708162864,
      -25.424947525
     ],
     [
      -48.708134596,
      -25.425027426
     ],
     [
      -48.708110759,
      -25.425112193
     ],
     [
      -48.70809259,
      -25.42519696
     ],
     [
      -48.708079511,
      -25.425281727
     ],
     [
      -48.708070909,
      -25.425366494
     ],
     [
      -48.708069524,
      -25.425390727
     ],
     [
      -48.708064883,
      -25.425451261
     ],
     [
      -48.708062675,
      -25.425536029
     ],
     [
      -48.708063721,
      -25.425620796
     ],
     [
      -48.708066907,
      -25.425705563
     ],
     [
      -48.708069524,
      -25.425758251
     ],
     [
      -48.708070699,
      -25.42579033
     ],
     [
      -48.708073739,
      -25.425875097
     ],
     [
      -48.708075777,
      -25.425959864
     ],
     [
      -48.708075854,
      -25.426044631
     ],
     [
      -48.708072971,
      -25.426129398
     ],
     [
      -48.708069524,
      -25.426171718
     ],
     [
      -48.70806513,
      -25.426214165
     ],
     [
      -48.708049998,
      -25.426298932
     ],
     [
      -48.708027332,
      -25.426383699
     ],
     [
      -48.707995903,
      -25.426468466
     ],
     [
      -48.707976183,
      -25.426508637
     ],
     [
      -48.70794781,
      -25.426553233
     ],
     [
      -48.707882843,
      -25.426634946
     ],
     [
      -48.707882843,
      -25.426634946
     ],
     [
      -48.707789503,
      -25.426706148
     ],
     [
      -48.707789503,
      -25.426706148
     ]
    ]
   },
   "properties": {
    "tipo": "curva_nivel",
    "cota_m": 75,
    "equidistancia_m": 5
   }
  },
  {
   "type": "Feature",
   "geometry": {
    "type": "LineString",
    "coordinates": [
     [
      -48.71851939,
      -25.424603591
     ],
     [
      -48.718467261,
      -25.424688358
     ],
     [
      -48.718430298,
      -25.424755061
     ],
     [
      -48.718430298,
      -25.424755061
     ]
    ]
   },
   "properties": {
    "tipo": "curva_nivel",
    "cota_m": 75,
    "equidistancia_m": 5
   }
  },
  {
   "type": "Feature",
   "geometry": {
    "type": "LineString",
    "coordinates": [
     [
      -48.718420481,
      -25.424773125
     ],
     [
      -48.718378833,
      -25.424857892
     ],
     [
      -48.718341857,
      -25.424942659
     ],
     [
      -48.718336958,
      -25.424955334
     ],
     [
      -48.718309293,
      -25.425027426
     ],
     [
      -48.718280916,
      -25.425112193
     ],
     [
      -48.718256513,
      -25.42519696
     ],
     [
      -48.718243618,
      -25.425249977
     ],
     [
      -48.718243618,
      -25.425249977
     ]
    ]
   },
   "properties": {
    "tipo": "curva_nivel",
    "cota_m": 75,
    "equidistancia_m": 5
   }
  },
  {
   "type": "Feature",
   "geometry": {
    "type": "LineString",
    "coordinates": [
     [
      -48.714510005,
      -25.424873432
     ],
     [
      -48.71453939,
      -25.424942659
     ],
     [
      -48.714572404,
      -25.425027426
     ],
     [
      -48.714602588,
      -25.425112193
     ],
     [
      -48.714630818,
      -25.42519696
     ],
     [
      -48.714656596,
      -25.425281727
     ],
     [
      -48.714680118,
      -25.425366494
     ],
     [
      -48.714696686,
      -25.425431863
     ],
     [
      -48.714701743,
      -25.425451261
     ],
     [
      -48.714721977,
      -25.425536029
     ],
     [
      -48.714740567,
      -25.425620796
     ],
     [
      -48.714757761,
      -25.425705563
     ],
     [
      -48.71477382,
      -25.42579033
     ],
     [
      -48.714789023,
      -25.425875097
     ],
     [
      -48.714804124,
      -25.425959864
     ],
     [
      -48.714819011,
      -25.426044631
     ],
     [
      -48.714834019,
      -25.426129398
     ],
     [
      -48.714849552,
      -25.426214165
     ],
     [
      -48.714866059,
      -25.426298932
     ],
     [
      -48.714883367,
      -25.426380587
     ],
     [
      -48.714884066,
      -25.426383699
     ],
     [
      -48.714904818,
      -25.426468466
     ],
     [
      -48.714928329,
      -25.426553233
     ],
     [
      -48.714955353,
      -25.426638001
     ],
     [
      -48.714976707,
      -25.426696221
     ],
     [
      -48.714987167,
      -25.426722768
     ],
     [
      -48.715025418,
      -25.426807535
     ],
     [
      -48.715070047,
      -25.42689156
     ],
     [
      -48.715070474,
      -25.426892302
     ],
     [
      -48.715126027,
      -25.426977069
     ],
     [
      -48.715163387,
      -25.427026096
     ],
     [
      -48.715193176,
      -25.427061836
     ],
     [
      -48.715256728,
      -25.427128429
     ],
     [
      -48.715275817,
      -25.427146603
     ],
     [
      -48.715350068,
      -25.42720921
     ],
     [
      -48.715379159,
      -25.42723137
     ],
     [
      -48.715443408,
      -25.42727526
     ],
     [
      -48.715509954,
      -25.427316137
     ],
     [
      -48.715509954,
      -25.427316137
     ]
    ]
   },
   "properties": {
    "tipo": "curva_nivel",
    "cota_m": 75,
    "equidistancia_m": 5
   }
  },
  {
   "type": "Feature",
   "geometry": {
    "type": "LineString",
    "coordinates": [
     [
      -48.718235853,
      -25.425281727
     ],
     [
      -48.718218749,
      -25.425366494
     ],
     [
      -48.718205095,
      -25.425451261
     ],
     [
      -48.718194731,
      -25.425536029
     ],
     [
      -48.718187501,
      -25.425620796
     ],
     [
      -48.718183253,
      -25.425705563
     ],
     [
      -48.71818184,
      -25.42579033
     ],
     [
      -48.718183113,
      -25.425875097
     ],
     [
      -48.718186923,
      -25.425959864
     ],
     [
      -48.718193118,
      -25.426044631
     ],
     [
      -48.718201541,
      -25.426129398
     ],
     [
      -48.718212028,
      -25.426214165
     ],
     [
      -48.718224408,
      -25.426298932
     ],
     [
      -48.718238493,
      -25.426383699
     ],
     [
      -48.718254014,
      -25.426468466
     ],
     [
      -48.718270763,
      -25.426553233
     ],
     [
      -48.718288511,
      -25.426638001
     ],
     [
      -48.718306952,
      -25.426722768
     ],
     [
      -48.718325718,
      -25.426807535
     ],
     [
      -48.718336958,
      -25.426860202
     ],
     [
      -48.718344332,
      -25.426892302
     ],
     [
      -48.71836217,
      -25.426977069
     ],
     [
      -48.718378432,
      -25.427061836
     ],
     [
      -48.718391938,
      -25.427146603
     ],
     [
      -48.718400898,
      -25.42723137
     ],
     [
      -48.718402382,
      -25.427316137
     ],
     [
      -48.718391165,
      -25.427400904
     ],
     [
      -48.718356768,
      -25.427485671
     ]
    ]
   },
   "properties": {
    "tipo": "curva_nivel",
    "cota_m": 75,
    "equidistancia_m": 5
   }
  },
  {
   "type": "Feature",
   "geometry": {
    "type": "LineString",
    "coordinates": [
     [
      -48.707408006,
      -25.42579033
     ],
     [
      -48.707388053,
      -25.425875097
     ],
     [
      -48.707366642,
      -25.425959864
     ],
     [
      -48.707344555,
      -25.426044631
     ],
     [
      -48.707322801,
      -25.426129389
     ],
     [
      -48.707322801,
      -25.426129389
     ],
     [
      -48.707307027,
      -25.426214165
     ],
     [
      -48.70729424,
      -25.426298932
     ],
     [
      -48.707286344,
      -25.426383699
     ],
     [
      -48.707285972,
      -25.426468466
     ],
     [
      -48.707296898,
      -25.426553233
     ],
     [
      -48.707322801,
      -25.426632585
     ],
     [
      -48.707325502,
      -25.426638001
     ],
     [
      -48.707401803,
      -25.426722768
     ],
     [
      -48.707401803,
      -25.426722768
     ]
    ]
   },
   "properties": {
    "tipo": "curva_nivel",
    "cota_m": 75,
    "equidistancia_m": 5
   }
  },
  {
   "type": "Feature",
   "geometry": {
    "type": "LineString",
    "coordinates": [
     [
      -48.702002403,
      -25.426660135
     ],
     [
      -48.7020282,
      -25.426722768
     ],
     [
      -48.702064833,
      -25.426807535
     ],
     [
      -48.702095744,
      -25.426875754
     ],
     [
      -48.702103719,
      -25.426892302
     ],
     [
      -48.702145076,
      -25.426977069
     ],
     [
      -48.702188939,
      -25.427061836
     ],
     [
      -48.702235936,
      -25.427146603
     ],
     [
      -48.702282424,
      -25.427225593
     ],
     [
      -48.702286162,
      -25.42723137
     ],
     [
      -48.702340699,
      -25.427316137
     ],
     [
      -48.702375765,
      -25.427368395
     ],
     [
      -48.702400281,
      -25.427400904
     ],
     [
      -48.702466487,
      -25.427485671
     ]
    ]
   },
   "properties": {
    "tipo": "curva_nivel",
    "cota_m": 75,
    "equidistancia_m": 5
   }
  },
  {
   "type": "Feature",
   "geometry": {
    "type": "LineString",
    "coordinates": [
     [
      -48.707756367,
      -25.426722768
     ],
     [
      -48.707696163,
      -25.426748447
     ],
     [
      -48.707602822,
      -25.426767986
     ],
     [
      -48.707509482,
      -25.426764872
     ],
     [
      -48.707416142,
      -25.426732787
     ]
    ]
   },
   "properties": {
    "tipo": "curva_nivel",
    "cota_m": 75,
    "equidistancia_m": 5
   }
  },
  {
   "type": "Feature",
   "geometry": {
    "type": "LineString",
    "coordinates": [
     [
      -48.69798877,
      -25.426821766
     ],
     [
      -48.697999451,
      -25.426892302
     ],
     [
      -48.698016269,
      -25.426977069
     ],
     [
      -48.698038171,
      -25.427061836
     ],
     [
      -48.698066395,
      -25.427146603
     ],
     [
      -48.698066395,
      -25.427146603
     ]
    ]
   },
   "properties": {
    "tipo": "curva_nivel",
    "cota_m": 75,
    "equidistancia_m": 5
   }
  },
  {
   "type": "Feature",
   "geometry": {
    "type": "LineString",
    "coordinates": [
     [
      -48.69808211,
      -25.427184667
     ],
     [
      -48.698102842,
      -25.42723137
     ],
     [
      -48.698149485,
      -25.427316137
     ],
     [
      -48.698175451,
      -25.42735479
     ],
     [
      -48.698209193,
      -25.427400904
     ],
     [
      -48.698268791,
      -25.427468302
     ],
     [
      -48.698285666,
      -25.427485671
     ]
    ]
   },
   "properties": {
    "tipo": "curva_nivel",
    "cota_m": 75,
    "equidistancia_m": 5
   }
  },
  {
   "type": "Feature",
   "geometry": {
    "type": "LineString",
    "coordinates": [
     [
      -48.715536749,
      -25.427331065
     ],
     [
      -48.715630089,
      -25.427378255
     ],
     [
      -48.715679812,
      -25.427400904
     ],
     [
      -48.715723429,
      -25.427419206
     ],
     [
      -48.71581677,
      -25.427454721
     ],
     [
      -48.715907123,
      -25.427485671
     ]
    ]
   },
   "properties": {
    "tipo": "curva_nivel",
    "cota_m": 75,
    "equidistancia_m": 5
   }
  },
  {
   "type": "Feature",
   "geometry": {
    "type": "LineString",
    "coordinates": [
     [
      -48.707229461,
      -25.418916385
     ],
     [
      -48.707229461,
      -25.418916385
     ],
     [
      -48.707322801,
      -25.418900414
     ],
     [
      -48.707416142,
      -25.418889131
     ],
     [
      -48.707509482,
      -25.418882395
     ],
     [
      -48.707602822,
      -25.418880103
     ],
     [
      -48.707696163,
      -25.418882182
     ],
     [
      -48.707789503,
      -25.418888591
     ],
     [
      -48.707882843,
      -25.41889932
     ],
     [
      -48.707976183,
      -25.418914389
     ],
     [
      -48.708023225,
      -25.418924197
     ],
     [
      -48.708069524,
      -25.418934185
     ],
     [
      -48.708162864,
      -25.418958939
     ],
     [
      -48.708256204,
      -25.418988411
     ],
     [
      -48.708312211,
      -25.419008964
     ],
     [
      -48.708312211,
      -25.419008964
     ]
    ]
   },
   "properties": {
    "tipo": "curva_nivel",
    "cota_m": 80,
    "equidistancia_m": 5
   }
  },
  {
   "type": "Feature",
   "geometry": {
    "type": "LineString",
    "coordinates": [
     [
      -48.707194066,
      -25.418924197
     ],
     [
      -48.707136121,
      -25.418937671
     ],
     [
      -48.70704278,
      -25.418964468
     ],
     [
      -48.70694944,
      -25.418996766
     ],
     [
      -48.70694944,
      -25.418996766
     ]
    ]
   },
   "properties": {
    "tipo": "curva_nivel",
    "cota_m": 80,
    "equidistancia_m": 5
   }
  },
  {
   "type": "Feature",
   "geometry": {
    "type": "LineString",
    "coordinates": [
     [
      -48.708349545,
      -25.419023286
     ],
     [
      -48.708442885,
      -25.419064174
     ],
     [
      -48.708502702,
      -25.419093731
     ],
     [
      -48.708502702,
      -25.419093731
     ]
    ]
   },
   "properties": {
    "tipo": "curva_nivel",
    "cota_m": 80,
    "equidistancia_m": 5
   }
  },
  {
   "type": "Feature",
   "geometry": {
    "type": "LineString",
    "coordinates": [
     [
      -48.706919061,
      -25.419008964
     ],
     [
      -48.7068561,
      -25.419035888
     ],
     [
      -48.706762759,
      -25.419081855
     ],
     [
      -48.706762759,
      -25.419081855
     ]
    ]
   },
   "properties": {
    "tipo": "curva_nivel",
    "cota_m": 80,
    "equidistancia_m": 5
   }
  },
  {
   "type": "Feature",
   "geometry": {
    "type": "LineString",
    "coordinates": [
     [
      -48.708536225,
      -25.419111193
     ],
     [
      -48.708629566,
      -25.419165356
     ],
     [
      -48.708650126,
      -25.419178498
     ],
     [
      -48.708722906,
      -25.41922794
     ],
     [
      -48.708770444,
      -25.419263265
     ],
     [
      -48.708816246,
      -25.4192997
     ],
     [
      -48.708872318,
      -25.419348032
     ],
     [
      -48.708909587,
      -25.419382678
     ],
     [
      -48.708959784,
      -25.419432799
     ],
     [
      -48.709002927,
      -25.419479613
     ],
     [
      -48.709035762,
      -25.419517566
     ],
     [
      -48.709096267,
      -25.419594169
     ],
     [
      -48.709102369,
      -25.419602333
     ],
     [
      -48.709159944,
      -25.4196871
     ],
     [
      -48.709189607,
      -25.419735758
     ],
     [
      -48.709210629,
      -25.419771867
     ],
     [
      -48.709254573,
      -25.419856634
     ],
     [
      -48.709282948,
      -25.419918906
     ],
     [
      -48.709292825,
      -25.419941402
     ],
     [
      -48.709325108,
      -25.420026169
     ],
     [
      -48.709352592,
      -25.420110936
     ],
     [
      -48.709375429,
      -25.420195703
     ],
     [
      -48.709393218,
      -25.42028047
     ],
     [
      -48.709406726,
      -25.420365237
     ],
     [
      -48.709416086,
      -25.420450004
     ],
     [
      -48.709421398,
      -25.420534771
     ],
     [
      -48.709422745,
      -25.420619538
     ],
     [
      -48.709420203,
      -25.420704305
     ],
     [
      -48.70941383,
      -25.420789072
     ],
     [
      -48.709403675,
      -25.420873839
     ],
     [
      -48.709389769,
      -25.420958606
     ],
     [
      -48.709376288,
      -25.421023795
     ],
     [
      -48.709376288,
      -25.421023795
     ]
    ]
   },
   "properties": {
    "tipo": "curva_nivel",
    "cota_m": 80,
    "equidistancia_m": 5
   }
  },
  {
   "type": "Feature",
   "geometry": {
    "type": "LineString",
    "coordinates": [
     [
      -48.706741277,
      -25.419093731
     ],
     [
      -48.706669419,
      -25.419136423
     ],
     [
      -48.706606069,
      -25.419178498
     ],
     [
      -48.706576079,
      -25.419200072
     ],
     [
      -48.706496192,
      -25.419263265
     ],
     [
      -48.706482738,
      -25.419274889
     ],
     [
      -48.706404647,
      -25.419348032
     ],
     [
      -48.706389398,
      -25.419363771
     ],
     [
      -48.706326935,
      -25.419432799
     ],
     [
      -48.706296058,
      -25.419470759
     ],
     [
      -48.706260099,
      -25.419517566
     ],
     [
      -48.706202718,
      -25.419601521
     ],
     [
      -48.706202718,
      -25.419601521
     ],
     [
      -48.706152807,
      -25.4196871
     ],
     [
      -48.706109894,
      -25.419771867
     ],
     [
      -48.706109377,
      -25.41977304
     ],
     [
      -48.706073725,
      -25.419856634
     ],
     [
      -48.706043081,
      -25.419941402
     ],
     [
      -48.706017629,
      -25.420026169
     ],
     [
      -48.706016037,
      -25.420032721
     ],
     [
      -48.705997366,
      -25.420110936
     ],
     [
      -48.705981736,
      -25.420195703
     ],
     [
      -48.705970511,
      -25.42028047
     ],
     [
      -48.705963513,
      -25.420365237
     ],
     [
      -48.705960582,
      -25.420450004
     ],
     [
      -48.70596158,
      -25.420534771
     ],
     [
      -48.705966386,
      -25.420619538
     ],
     [
      -48.705974896,
      -25.420704305
     ],
     [
      -48.705987022,
      -25.420789072
     ],
     [
      -48.706002692,
      -25.420873839
     ],
     [
      -48.706016037,
      -25.420933286
     ],
     [
      -48.706021939,
      -25.420958606
     ],
     [
      -48.706044902,
      -25.421043374
     ],
     [
      -48.706071371,
      -25.421128141
     ],
     [
      -48.706101366,
      -25.421212908
     ],
     [
      -48.706101366,
      -25.421212908
     ]
    ]
   },
   "properties": {
    "tipo": "curva_nivel",
    "cota_m": 80,
    "equidistancia_m": 5
   }
  },
  {
   "type": "Feature",
   "geometry": {
    "type": "LineString",
    "coordinates": [
     [
      -48.699762236,
      -25.419257258
     ],
     [
      -48.699762236,
      -25.419257258
     ],
     [
      -48.699855576,
      -25.419231319
     ],
     [
      -48.699948917,
      -25.419213569
     ],
     [
      -48.700042257,
      -25.419203957
     ],
     [
      -48.700135597,
      -25.419202495
     ],
     [
      -48.700228938,
      -25.419209254
     ],
     [
      -48.700322278,
      -25.41922437
     ],
     [
      -48.700415618,
      -25.419248041
     ],
     [
      -48.700459745,
      -25.419263265
     ],
     [
      -48.700508959,
      -25.419282141
     ],
     [
      -48.700602299,
      -25.419327649
     ],
     [
      -48.700636772,
      -25.419348032
     ],
     [
      -48.700695639,
      -25.419387471
     ],
     [
      -48.700753216,
      -25.419432799
     ],
     [
      -48.700788979,
      -25.419465366
     ],
     [
      -48.700839209,
      -25.419517566
     ],
     [
      -48.70088232,
      -25.419570729
     ],
     [
      -48.700905298,
      -25.419602333
     ],
     [
      -48.700955794,
      -25.4196871
     ],
     [
      -48.70097566,
      -25.419729708
     ],
     [
      -48.700993689,
      -25.419771867
     ],
     [
      -48.701020214,
      -25.419856634
     ],
     [
      -48.701037124,
      -25.419941402
     ],
     [
      -48.701044581,
      -25.420026169
     ],
     [
      -48.701042639,
      -25.420110936
     ],
     [
      -48.701031246,
      -25.420195703
     ],
     [
      -48.701010242,
      -25.42028047
     ],
     [
      -48.700979347,
      -25.420365237
     ],
     [
      -48.70097566,
      -25.420372942
     ],
     [
      -48.700935192,
      -25.420450004
     ],
     [
      -48.70088232,
      -25.420529868
     ],
     [
      -48.70088232,
      -25.420529868
     ],
     [
      -48.700803435,
      -25.420619538
     ],
     [
      -48.700788979,
      -25.420633448
     ],
     [
      -48.700704514,
      -25.420704305
     ],
     [
      -48.700695639,
      -25.420710819
     ],
     [
      -48.700602299,
      -25.420769386
     ],
     [
      -48.700602299,
      -25.420769386
     ]
    ]
   },
   "properties": {
    "tipo": "curva_nivel",
    "cota_m": 80,
    "equidistancia_m": 5
   }
  },
  {
   "type": "Feature",
   "geometry": {
    "type": "LineString",
    "coordinates": [
     [
      -48.699745858,
      -25.419263265
     ],
     [
      -48.699668896,
      -25.419294116
     ],
     [
      -48.699575555,
      -25.419340759
     ],
     [
      -48.699575555,
      -25.419340759
     ]
    ]
   },
   "properties": {
    "tipo": "curva_nivel",
    "cota_m": 80,
    "equidistancia_m": 5
   }
  },
  {
   "type": "Feature",
   "geometry": {
    "type": "LineString",
    "coordinates": [
     [
      -48.699563415,
      -25.419348032
     ],
     [
      -48.699482215,
      -25.419402176
     ],
     [
      -48.699442915,
      -25.419432799
     ],
     [
      -48.699388875,
      -25.419480594
     ],
     [
      -48.699352329,
      -25.419517566
     ],
     [
      -48.699295534,
      -25.419584355
     ],
     [
      -48.699295534,
      -25.419584355
     ]
    ]
   },
   "properties": {
    "tipo": "curva_nivel",
    "cota_m": 80,
    "equidistancia_m": 5
   }
  },
  {
   "type": "Feature",
   "geometry": {
    "type": "LineString",
    "coordinates": [
     [
      -48.69928193,
      -25.419602333
     ],
     [
      -48.699228321,
      -25.4196871
     ],
     [
      -48.699202194,
      -25.419738704
     ],
     [
      -48.699202194,
      -25.419738704
     ]
    ]
   },
   "properties": {
    "tipo": "curva_nivel",
    "cota_m": 80,
    "equidistancia_m": 5
   }
  },
  {
   "type": "Feature",
   "geometry": {
    "type": "LineString",
    "coordinates": [
     [
      -48.699187005,
      -25.419771867
     ],
     [
      -48.699157841,
      -25.419856634
     ],
     [
      -48.699138367,
      -25.419941402
     ],
     [
      -48.699128602,
      -25.420026169
     ],
     [
      -48.6991286,
      -25.420110936
     ],
     [
      -48.69913845,
      -25.420195703
     ],
     [
      -48.69915828,
      -25.42028047
     ],
     [
      -48.69918826,
      -25.420365237
     ],
     [
      -48.69918826,
      -25.420365237
     ]
    ]
   },
   "properties": {
    "tipo": "curva_nivel",
    "cota_m": 80,
    "equidistancia_m": 5
   }
  },
  {
   "type": "Feature",
   "geometry": {
    "type": "LineString",
    "coordinates": [
     [
      -48.699202194,
      -25.420394761
     ],
     [
      -48.699231363,
      -25.420450004
     ],
     [
      -48.699287644,
      -25.420534771
     ],
     [
      -48.699287644,
      -25.420534771
     ]
    ]
   },
   "properties": {
    "tipo": "curva_nivel",
    "cota_m": 80,
    "equidistancia_m": 5
   }
  },
  {
   "type": "Feature",
   "geometry": {
    "type": "LineString",
    "coordinates": [
     [
      -48.699295534,
      -25.420544702
     ],
     [
      -48.699363252,
      -25.420619538
     ],
     [
      -48.699363252,
      -25.420619538
     ]
    ]
   },
   "properties": {
    "tipo": "curva_nivel",
    "cota_m": 80,
    "equidistancia_m": 5
   }
  },
  {
   "type": "Feature",
   "geometry": {
    "type": "LineString",
    "coordinates": [
     [
      -48.699388875,
      -25.420643865
     ],
     [
      -48.699462777,
      -25.420704305
     ],
     [
      -48.699462777,
      -25.420704305
     ]
    ]
   },
   "properties": {
    "tipo": "curva_nivel",
    "cota_m": 80,
    "equidistancia_m": 5
   }
  },
  {
   "type": "Feature",
   "geometry": {
    "type": "LineString",
    "coordinates": [
     [
      -48.699482215,
      -25.420718335
     ],
     [
      -48.699575555,
      -25.420775197
     ],
     [
      -48.699603362,
      -25.420789072
     ],
     [
      -48.699668896,
      -25.420818659
     ],
     [
      -48.699762236,
      -25.420851811
     ],
     [
      -48.699846296,
      -25.420873839
     ],
     [
      -48.699846296,
      -25.420873839
     ]
    ]
   },
   "properties": {
    "tipo": "curva_nivel",
    "cota_m": 80,
    "equidistancia_m": 5
   }
  },
  {
   "type": "Feature",
   "geometry": {
    "type": "LineString",
    "coordinates": [
     [
      -48.70056426,
      -25.420789072
     ],
     [
      -48.700508959,
      -25.420814702
     ],
     [
      -48.700415618,
      -25.420848986
     ],
     [
      -48.700324293,
      -25.420873839
     ],
     [
      -48.700322278,
      -25.42087434
     ],
     [
      -48.700228938,
      -25.420889962
     ],
     [
      -48.700135597,
      -25.420897872
     ],
     [
      -48.700042257,
      -25.420898192
     ],
     [
      -48.699948917,
      -25.420890952
     ],
     [
      -48.699855576,
      -25.420876087
     ]
    ]
   },
   "properties": {
    "tipo": "curva_nivel",
    "cota_m": 80,
    "equidistancia_m": 5
   }
  },
  {
   "type": "Feature",
   "geometry": {
    "type": "LineString",
    "coordinates": [
     [
      -48.709371989,
      -25.421043374
     ],
     [
      -48.70934989,
      -25.421128141
     ],
     [
      -48.70932388,
      -25.421212908
     ],
     [
      -48.709293884,
      -25.421297675
     ],
     [
      -48.709282948,
      -25.421325612
     ],
     [
      -48.709258884,
      -25.421382442
     ],
     [
      -48.70921901,
      -25.421467209
     ],
     [
      -48.709189607,
      -25.421524028
     ],
     [
      -48.709189607,
      -25.421524028
     ]
    ]
   },
   "properties": {
    "tipo": "curva_nivel",
    "cota_m": 80,
    "equidistancia_m": 5
   }
  },
  {
   "type": "Feature",
   "geometry": {
    "type": "LineString",
    "coordinates": [
     [
      -48.706109377,
      -25.421233692
     ],
     [
      -48.70613549,
      -25.421297675
     ],
     [
      -48.70617356,
      -25.421382442
     ],
     [
      -48.706202718,
      -25.421442064
     ],
     [
      -48.706215926,
      -25.421467209
     ],
     [
      -48.70626342,
      -25.421551976
     ],
     [
      -48.706296058,
      -25.421606058
     ],
     [
      -48.70631628,
      -25.421636743
     ],
     [
      -48.706375684,
      -25.42172151
     ],
     [
      -48.706375684,
      -25.42172151
     ]
    ]
   },
   "properties": {
    "tipo": "curva_nivel",
    "cota_m": 80,
    "equidistancia_m": 5
   }
  },
  {
   "type": "Feature",
   "geometry": {
    "type": "LineString",
    "coordinates": [
     [
      -48.709173746,
      -25.421551976
     ],
     [
      -48.709121855,
      -25.421636743
     ],
     [
      -48.709096267,
      -25.421675536
     ],
     [
      -48.709062481,
      -25.42172151
     ],
     [
      -48.709002927,
      -25.421796765
     ],
     [
      -48.709002927,
      -25.421796765
     ]
    ]
   },
   "properties": {
    "tipo": "curva_nivel",
    "cota_m": 80,
    "equidistancia_m": 5
   }
  },
  {
   "type": "Feature",
   "geometry": {
    "type": "LineString",
    "coordinates": [
     [
      -48.706389398,
      -25.421740181
     ],
     [
      -48.706443468,
      -25.421806277
     ],
     [
      -48.706482738,
      -25.421851641
     ],
     [
      -48.706521318,
      -25.421891044
     ],
     [
      -48.706576079,
      -25.421944475
     ],
     [
      -48.706613051,
      -25.421975811
     ],
     [
      -48.706669419,
      -25.422021926
     ],
     [
      -48.706724955,
      -25.422060578
     ],
     [
      -48.706762759,
      -25.422086232
     ],
     [
      -48.7068561,
      -25.422139216
     ],
     [
      -48.706868881,
      -25.422145346
     ],
     [
      -48.70694944,
      -25.422183566
     ],
     [
      -48.70704278,
      -25.422219188
     ],
     [
      -48.707077748,
      -25.422230113
     ],
     [
      -48.707136121,
      -25.422248416
     ],
     [
      -48.707229461,
      -25.422271743
     ],
     [
      -48.707322801,
      -25.422289611
     ],
     [
      -48.707416142,
      -25.422302776
     ],
     [
      -48.707509482,
      -25.422311771
     ],
     [
      -48.707565056,
      -25.42231488
     ],
     [
      -48.707565056,
      -25.42231488
     ]
    ]
   },
   "properties": {
    "tipo": "curva_nivel",
    "cota_m": 80,
    "equidistancia_m": 5
   }
  },
  {
   "type": "Feature",
   "geometry": {
    "type": "LineString",
    "coordinates": [
     [
      -48.708994435,
      -25.421806277
     ],
     [
      -48.7089145,
      -25.421891044
     ],
     [
      -48.708909587,
      -25.421896026
     ],
     [
      -48.708818986,
      -25.421975811
     ],
     [
      -48.708816246,
      -25.421978131
     ],
     [
      -48.708722906,
      -25.422046643
     ],
     [
      -48.708722906,
      -25.422046643
     ]
    ]
   },
   "properties": {
    "tipo": "curva_nivel",
    "cota_m": 80,
    "equidistancia_m": 5
   }
  },
  {
   "type": "Feature",
   "geometry": {
    "type": "LineString",
    "coordinates": [
     [
      -48.70870053,
      -25.422060578
     ],
     [
      -48.708629566,
      -25.42210386
     ],
     [
      -48.708547644,
      -25.422145346
     ],
     [
      -48.708536225,
      -25.422151074
     ],
     [
      -48.708442885,
      -25.422190985
     ],
     [
      -48.708349545,
      -25.422223409
     ],
     [
      -48.708349545,
      -25.422223409
     ]
    ]
   },
   "properties": {
    "tipo": "curva_nivel",
    "cota_m": 80,
    "equidistancia_m": 5
   }
  },
  {
   "type": "Feature",
   "geometry": {
    "type": "LineString",
    "coordinates": [
     [
      -48.708326256,
      -25.422230113
     ],
     [
      -48.708256204,
      -25.422250531
     ],
     [
      -48.708162864,
      -25.422272408
     ],
     [
      -48.708069524,
      -25.42228949
     ],
     [
      -48.707976183,
      -25.422302332
     ],
     [
      -48.707882843,
      -25.422311316
     ],
     [
      -48.707820935,
      -25.42231488
     ],
     [
      -48.707789503,
      -25.422316776
     ],
     [
      -48.707696163,
      -25.422318748
     ],
     [
      -48.707602822,
      -25.422317065
     ]
    ]
   },
   "properties": {
    "tipo": "curva_nivel",
    "cota_m": 80,
    "equidistancia_m": 5
   }
  },
  {
   "type": "Feature",
   "geometry": {
    "type": "LineString",
    "coordinates": [
     [
      -48.712339251,
      -25.423416852
     ],
     [
      -48.712339251,
      -25.423416852
     ],
     [
      -48.712269838,
      -25.42340166
     ],
     [
      -48.712176497,
      -25.423383246
     ],
     [
      -48.712083157,
      -25.423366745
     ],
     [
      -48.711989817,
      -25.423352045
     ],
     [
      -48.711896477,
      -25.423339051
     ],
     [
      -48.711803136,
      -25.423327646
     ],
     [
      -48.711839114,
      -25.423332085
     ],
     [
      -48.711709796,
      -25.423317757
     ],
     [
      -48.711616456,
      -25.423309403
     ],
     [
      -48.711523115,
      -25.423302553
     ],
     [
      -48.711429775,
      -25.423297191
     ],
     [
      -48.711336435,
      -25.423293321
     ],
     [
      -48.711243094,
      -25.42329096
     ],
     [
      -48.711149754,
      -25.423290147
     ],
     [
      -48.711056414,
      -25.42329094
     ],
     [
      -48.710963073,
      -25.423293421
     ],
     [
      -48.710869733,
      -25.423297698
     ],
     [
      -48.710776393,
      -25.423303913
     ],
     [
      -48.710683052,
      -25.423312244
     ],
     [
      -48.710589712,
      -25.423322917
     ],
     [
      -48.710524353,
      -25.423332085
     ],
     [
      -48.710496372,
      -25.423336132
     ],
     [
      -48.710403032,
      -25.423352043
     ],
     [
      -48.710309691,
      -25.423371229
     ],
     [
      -48.710216351,
      -25.423394205
     ],
     [
      -48.710138359,
      -25.423416852
     ],
     [
      -48.710123011,
      -25.423421506
     ],
     [
      -48.71002967,
      -25.423453283
     ],
     [
      -48.70993633,
      -25.42349098
     ],
     [
      -48.70993633,
      -25.42349098
     ]
    ]
   },
   "properties": {
    "tipo": "curva_nivel",
    "cota_m": 80,
    "equidistancia_m": 5
   }
  },
  {
   "type": "Feature",
   "geometry": {
    "type": "LineString",
    "coordinates": [
     [
      -48.70405589,
      -25.423326837
     ],
     [
      -48.70405589,
      -25.423326837
     ],
     [
      -48.704149231,
      -25.423312677
     ],
     [
      -48.704242571,
      -25.423300576
     ],
     [
      -48.704335911,
      -25.423290465
     ],
     [
      -48.704429252,
      -25.423282301
     ],
     [
      -48.704522592,
      -25.423276068
     ],
     [
      -48.704615932,
      -25.42327178
     ],
     [
      -48.704709273,
      -25.423269479
     ],
     [
      -48.704802613,
      -25.423269245
     ],
     [
      -48.704895953,
      -25.423271192
     ],
     [
      -48.704989293,
      -25.423275483
     ],
     [
      -48.705082634,
      -25.423282334
     ],
     [
      -48.705175974,
      -25.42329203
     ],
     [
      -48.705269314,
      -25.423304942
     ],
     [
      -48.705362655,
      -25.423321549
     ],
     [
      -48.705411153,
      -25.423332085
     ],
     [
      -48.705411153,
      -25.423332085
     ]
    ]
   },
   "properties": {
    "tipo": "curva_nivel",
    "cota_m": 80,
    "equidistancia_m": 5
   }
  },
  {
   "type": "Feature",
   "geometry": {
    "type": "LineString",
    "coordinates": [
     [
      -48.705455995,
      -25.423342164
     ],
     [
      -48.705549335,
      -25.423367325
     ],
     [
      -48.705642676,
      -25.423398272
     ],
     [
      -48.705690208,
      -25.423416852
     ],
     [
      -48.705736016,
      -25.423435604
     ],
     [
      -48.705829356,
      -25.423480424
     ],
     [
      -48.705867485,
      -25.423501619
     ],
     [
      -48.705922697,
      -25.423534064
     ],
     [
      -48.705999693,
      -25.423586386
     ],
     [
      -48.705999693,
      -25.423586386
     ]
    ]
   },
   "properties": {
    "tipo": "curva_nivel",
    "cota_m": 80,
    "equidistancia_m": 5
   }
  },
  {
   "type": "Feature",
   "geometry": {
    "type": "LineString",
    "coordinates": [
     [
      -48.70402596,
      -25.423332085
     ],
     [
      -48.70396255,
      -25.423343019
     ],
     [
      -48.70386921,
      -25.423361394
     ],
     [
      -48.703775869,
      -25.423382177
     ],
     [
      -48.703682529,
      -25.423405555
     ],
     [
      -48.703682529,
      -25.423405555
     ]
    ]
   },
   "properties": {
    "tipo": "curva_nivel",
    "cota_m": 80,
    "equidistancia_m": 5
   }
  },
  {
   "type": "Feature",
   "geometry": {
    "type": "LineString",
    "coordinates": [
     [
      -48.712897604,
      -25.423586386
     ],
     [
      -48.712897604,
      -25.423586386
     ],
     [
      -48.71282988,
      -25.423560124
     ],
     [
      -48.712736539,
      -25.42352702
     ],
     [
      -48.712643199,
      -25.423496907
     ],
     [
      -48.712657959,
      -25.423501619
     ],
     [
      -48.712549859,
      -25.423469481
     ],
     [
      -48.712456518,
      -25.42344461
     ],
     [
      -48.712363178,
      -25.423422091
     ]
    ]
   },
   "properties": {
    "tipo": "curva_nivel",
    "cota_m": 80,
    "equidistancia_m": 5
   }
  },
  {
   "type": "Feature",
   "geometry": {
    "type": "LineString",
    "coordinates": [
     [
      -48.703642093,
      -25.423416852
     ],
     [
      -48.703589189,
      -25.423431633
     ],
     [
      -48.703495848,
      -25.423460661
     ],
     [
      -48.703402508,
      -25.423493033
     ],
     [
      -48.703402508,
      -25.423493033
     ]
    ]
   },
   "properties": {
    "tipo": "curva_nivel",
    "cota_m": 80,
    "equidistancia_m": 5
   }
  },
  {
   "type": "Feature",
   "geometry": {
    "type": "LineString",
    "coordinates": [
     [
      -48.709912766,
      -25.423501619
     ],
     [
      -48.70984299,
      -25.42353485
     ],
     [
      -48.709749909,
      -25.423586386
     ],
     [
      -48.709749649,
      -25.423586538
     ],
     [
      -48.709656309,
      -25.423646289
     ],
     [
      -48.709656309,
      -25.423646289
     ]
    ]
   },
   "properties": {
    "tipo": "curva_nivel",
    "cota_m": 80,
    "equidistancia_m": 5
   }
  },
  {
   "type": "Feature",
   "geometry": {
    "type": "LineString",
    "coordinates": [
     [
      -48.703379997,
      -25.423501619
     ],
     [
      -48.703309168,
      -25.42352898
     ],
     [
      -48.703215828,
      -25.423568946
     ],
     [
      -48.703215828,
      -25.423568946
     ]
    ]
   },
   "properties": {
    "tipo": "curva_nivel",
    "cota_m": 80,
    "equidistancia_m": 5
   }
  },
  {
   "type": "Feature",
   "geometry": {
    "type": "LineString",
    "coordinates": [
     [
      -48.71292322,
      -25.42359652
     ],
     [
      -48.71301656,
      -25.423636487
     ],
     [
      -48.713090621,
      -25.423671153
     ],
     [
      -48.713090621,
      -25.423671153
     ]
    ]
   },
   "properties": {
    "tipo": "curva_nivel",
    "cota_m": 80,
    "equidistancia_m": 5
   }
  },
  {
   "type": "Feature",
   "geometry": {
    "type": "LineString",
    "coordinates": [
     [
      -48.706016037,
      -25.423598207
     ],
     [
      -48.706105833,
      -25.423671153
     ],
     [
      -48.706194896,
      -25.42375592
     ],
     [
      -48.706194896,
      -25.42375592
     ]
    ]
   },
   "properties": {
    "tipo": "curva_nivel",
    "cota_m": 80,
    "equidistancia_m": 5
   }
  },
  {
   "type": "Feature",
   "geometry": {
    "type": "LineString",
    "coordinates": [
     [
      -48.703178728,
      -25.423586386
     ],
     [
      -48.703122487,
      -25.423613423
     ],
     [
      -48.703029147,
      -25.42366291
     ],
     [
      -48.703029147,
      -25.42366291
     ]
    ]
   },
   "properties": {
    "tipo": "curva_nivel",
    "cota_m": 80,
    "equidistancia_m": 5
   }
  },
  {
   "type": "Feature",
   "geometry": {
    "type": "LineString",
    "coordinates": [
     [
      -48.713109901,
      -25.423680426
     ],
     [
      -48.713203241,
      -25.42372876
     ],
     [
      -48.71325167,
      -25.42375592
     ],
     [
      -48.713296581,
      -25.423781984
     ],
     [
      -48.713389922,
      -25.423840573
     ],
     [
      -48.713390093,
      -25.423840687
     ],
     [
      -48.713483262,
      -25.423905402
     ],
     [
      -48.713510235,
      -25.423925454
     ],
     [
      -48.713576602,
      -25.42397712
     ],
     [
      -48.713616602,
      -25.424010221
     ],
     [
      -48.713669942,
      -25.424056683
     ],
     [
      -48.713711594,
      -25.424094988
     ],
     [
      -48.713763283,
      -25.424145281
     ],
     [
      -48.713797068,
      -25.424179755
     ],
     [
      -48.713856623,
      -25.424244379
     ],
     [
      -48.713874442,
      -25.424264522
     ],
     [
      -48.713944759,
      -25.424349289
     ],
     [
      -48.71400884,
      -25.424434057
     ],
     [
      -48.714043304,
      -25.424483366
     ],
     [
      -48.714067465,
      -25.424518824
     ],
     [
      -48.714121089,
      -25.424603591
     ],
     [
      -48.714121089,
      -25.424603591
     ]
    ]
   },
   "properties": {
    "tipo": "curva_nivel",
    "cota_m": 80,
    "equidistancia_m": 5
   }
  },
  {
   "type": "Feature",
   "geometry": {
    "type": "LineString",
    "coordinates": [
     [
      -48.709621608,
      -25.423671153
     ],
     [
      -48.709562969,
      -25.423716046
     ],
     [
      -48.709515344,
      -25.42375592
     ],
     [
      -48.709469628,
      -25.42379704
     ],
     [
      -48.709424372,
      -25.423840687
     ],
     [
      -48.709376288,
      -25.423890789
     ],
     [
      -48.709344721,
      -25.423925454
     ],
     [
      -48.709282948,
      -25.423999168
     ],
     [
      -48.709282948,
      -25.423999168
     ]
    ]
   },
   "properties": {
    "tipo": "curva_nivel",
    "cota_m": 80,
    "equidistancia_m": 5
   }
  },
  {
   "type": "Feature",
   "geometry": {
    "type": "LineString",
    "coordinates": [
     [
      -48.703014844,
      -25.423671153
     ],
     [
      -48.702935807,
      -25.423718186
     ],
     [
      -48.702877943,
      -25.42375592
     ],
     [
      -48.702842466,
      -25.423779981
     ],
     [
      -48.702760244,
      -25.423840687
     ],
     [
      -48.702749126,
      -25.423849288
     ],
     [
      -48.702658064,
      -25.423925454
     ],
     [
      -48.702655786,
      -25.423927467
     ],
     [
      -48.702568518,
      -25.424010221
     ],
     [
      -48.702562445,
      -25.424016351
     ],
     [
      -48.702489377,
      -25.424094988
     ],
     [
      -48.702469105,
      -25.424118409
     ],
     [
      -48.702418954,
      -25.424179755
     ],
     [
      -48.702375765,
      -25.424236975
     ],
     [
      -48.702375765,
      -25.424236975
     ]
    ]
   },
   "properties": {
    "tipo": "curva_nivel",
    "cota_m": 80,
    "equidistancia_m": 5
   }
  },
  {
   "type": "Feature",
   "geometry": {
    "type": "LineString",
    "coordinates": [
     [
      -48.706202718,
      -25.423763985
     ],
     [
      -48.706271897,
      -25.423840687
     ],
     [
      -48.706271897,
      -25.423840687
     ]
    ]
   },
   "properties": {
    "tipo": "curva_nivel",
    "cota_m": 80,
    "equidistancia_m": 5
   }
  },
  {
   "type": "Feature",
   "geometry": {
    "type": "LineString",
    "coordinates": [
     [
      -48.706296058,
      -25.423869825
     ],
     [
      -48.70633972,
      -25.423925454
     ],
     [
      -48.706389398,
      -25.423994842
     ],
     [
      -48.70639999,
      -25.424010221
     ],
     [
      -48.706454457,
      -25.424094988
     ],
     [
      -48.706482738,
      -25.424143498
     ],
     [
      -48.706503515,
      -25.424179755
     ],
     [
      -48.70654799,
      -25.424264522
     ],
     [
      -48.706576079,
      -25.42432413
     ],
     [
      -48.706587958,
      -25.424349289
     ],
     [
      -48.706624374,
      -25.424434057
     ],
     [
      -48.706656365,
      -25.424518824
     ],
     [
      -48.706656365,
      -25.424518824
     ]
    ]
   },
   "properties": {
    "tipo": "curva_nivel",
    "cota_m": 80,
    "equidistancia_m": 5
   }
  },
  {
   "type": "Feature",
   "geometry": {
    "type": "LineString",
    "coordinates": [
     [
      -48.71880366,
      -25.424672344
     ],
     [
      -48.71880366,
      -25.424672344
     ],
     [
      -48.718853828,
      -25.424603591
     ],
     [
      -48.718897,
      -25.424549911
     ],
     [
      -48.718923265,
      -25.424518824
     ],
     [
      -48.71899034,
      -25.424446134
     ],
     [
      -48.719002138,
      -25.424434057
     ],
     [
      -48.719083681,
      -25.424356952
     ],
     [
      -48.719092325,
      -25.424349289
     ],
     [
      -48.719177021,
      -25.424279368
     ],
     [
      -48.719196356,
      -25.424264522
     ],
     [
      -48.719270361,
      -25.42421117
     ],
     [
      -48.719317587,
      -25.424179755
     ],
     [
      -48.719363701,
      -25.424150729
     ],
     [
      -48.719457042,
      -25.424096916
     ],
     [
      -48.719460686,
      -25.424094988
     ],
     [
      -48.719550382,
      -25.424049673
     ],
     [
      -48.719636997,
      -25.424010221
     ],
     [
      -48.719643722,
      -25.424007273
     ]
    ]
   },
   "properties": {
    "tipo": "curva_nivel",
    "cota_m": 80,
    "equidistancia_m": 5
   }
  },
  {
   "type": "Feature",
   "geometry": {
    "type": "LineString",
    "coordinates": [
     [
      -48.709274021,
      -25.424010221
     ],
     [
      -48.70921003,
      -25.424094988
     ],
     [
      -48.709189607,
      -25.424124464
     ],
     [
      -48.709151907,
      -25.424179755
     ],
     [
      -48.709099513,
      -25.424264522
     ],
     [
      -48.709096267,
      -25.424270164
     ],
     [
      -48.709050649,
      -25.424349289
     ],
     [
      -48.709006972,
      -25.424434057
     ],
     [
      -48.709002927,
      -25.424442572
     ],
     [
      -48.708966024,
      -25.424518824
     ],
     [
      -48.708929458,
      -25.424603591
     ],
     [
      -48.708909587,
      -25.424655041
     ],
     [
      -48.708909587,
      -25.424655041
     ]
    ]
   },
   "properties": {
    "tipo": "curva_nivel",
    "cota_m": 80,
    "equidistancia_m": 5
   }
  },
  {
   "type": "Feature",
   "geometry": {
    "type": "LineString",
    "coordinates": [
     [
      -48.702355991,
      -25.424264522
     ],
     [
      -48.702299883,
      -25.424349289
     ],
     [
      -48.702282424,
      -25.424378111
     ],
     [
      -48.702249895,
      -25.424434057
     ],
     [
      -48.702205344,
      -25.424518824
     ],
     [
      -48.702189084,
      -25.42455317
     ],
     [
      -48.702165962,
      -25.424603591
     ],
     [
      -48.702131361,
      -25.424688358
     ],
     [
      -48.702101127,
      -25.424773125
     ],
     [
      -48.702095744,
      -25.42479049
     ],
     [
      -48.702075271,
      -25.424857892
     ],
     [
      -48.702053471,
      -25.424942659
     ],
     [
      -48.702035549,
      -25.425027426
     ],
     [
      -48.702021389,
      -25.425112193
     ],
     [
      -48.702010891,
      -25.42519696
     ],
     [
      -48.702003966,
      -25.425281727
     ],
     [
      -48.702002403,
      -25.42532034
     ],
     [
      -48.702000541,
      -25.425366494
     ],
     [
      -48.702000533,
      -25.425451261
     ],
     [
      -48.702002403,
      -25.425498873
     ],
     [
      -48.702003878,
      -25.425536029
     ],
     [
      -48.702010542,
      -25.425620796
     ],
     [
      -48.702020471,
      -25.425705563
     ],
     [
      -48.702033631,
      -25.42579033
     ],
     [
      -48.702049996,
      -25.425875097
     ],
     [
      -48.702069554,
      -25.425959864
     ],
     [
      -48.702092305,
      -25.426044631
     ],
     [
      -48.702118445,
      -25.426129398
     ],
     [
      -48.702147874,
      -25.426214165
     ],
     [
      -48.702180624,
      -25.426298932
     ],
     [
      -48.702180624,
      -25.426298932
     ]
    ]
   },
   "properties": {
    "tipo": "curva_nivel",
    "cota_m": 80,
    "equidistancia_m": 5
   }
  },
  {
   "type": "Feature",
   "geometry": {
    "type": "LineString",
    "coordinates": [
     [
      -48.706669419,
      -25.42455801
     ],
     [
      -48.706684981,
      -25.424603591
     ],
     [
      -48.706710146,
      -25.424688358
     ],
     [
      -48.706731345,
      -25.424773125
     ],
     [
      -48.706748728,
      -25.424857892
     ],
     [
      -48.70676242,
      -25.424942659
     ],
     [
      -48.70677318,
      -25.425027426
     ],
     [
      -48.706780263,
      -25.425112193
     ],
     [
      -48.706783743,
      -25.42519696
     ],
     [
      -48.706783706,
      -25.425281727
     ],
     [
      -48.706780238,
      -25.425366494
     ],
     [
      -48.70677342,
      -25.425451261
     ],
     [
      -48.706763333,
      -25.425536029
     ],
     [
      -48.706762759,
      -25.425539732
     ],
     [
      -48.70675089,
      -25.425620796
     ],
     [
      -48.706735601,
      -25.425705563
     ],
     [
      -48.706717513,
      -25.42579033
     ],
     [
      -48.706696714,
      -25.425875097
     ],
     [
      -48.706673292,
      -25.425959864
     ],
     [
      -48.706669419,
      -25.425972823
     ],
     [
      -48.706648641,
      -25.426044631
     ],
     [
      -48.706621967,
      -25.426129398
     ],
     [
      -48.706593148,
      -25.426214165
     ],
     [
      -48.706576079,
      -25.426261913
     ],
     [
      -48.706576079,
      -25.426261913
     ]
    ]
   },
   "properties": {
    "tipo": "curva_nivel",
    "cota_m": 80,
    "equidistancia_m": 5
   }
  },
  {
   "type": "Feature",
   "geometry": {
    "type": "LineString",
    "coordinates": [
     [
      -48.714136644,
      -25.424630118
     ],
     [
      -48.71417023,
      -25.424688358
     ],
     [
      -48.714215161,
      -25.424773125
     ],
     [
      -48.714215161,
      -25.424773125
     ]
    ]
   },
   "properties": {
    "tipo": "curva_nivel",
    "cota_m": 80,
    "equidistancia_m": 5
   }
  },
  {
   "type": "Feature",
   "geometry": {
    "type": "LineString",
    "coordinates": [
     [
      -48.718792452,
      -25.424688358
     ],
     [
      -48.718738743,
      -25.424773125
     ],
     [
      -48.718710319,
      -25.424823428
     ],
     [
      -48.718710319,
      -25.424823428
     ]
    ]
   },
   "properties": {
    "tipo": "curva_nivel",
    "cota_m": 80,
    "equidistancia_m": 5
   }
  },
  {
   "type": "Feature",
   "geometry": {
    "type": "LineString",
    "coordinates": [
     [
      -48.70889627,
      -25.424688358
     ],
     [
      -48.708865898,
      -25.424773125
     ],
     [
      -48.708839396,
      -25.424857892
     ],
     [
      -48.708816486,
      -25.424942659
     ],
     [
      -48.708816246,
      -25.424943675
     ],
     [
      -48.708795408,
      -25.425027426
     ],
     [
      -48.708777663,
      -25.425112193
     ],
     [
      -48.708763014,
      -25.42519696
     ],
     [
      -48.708751211,
      -25.425281727
     ],
     [
      -48.708742002,
      -25.425366494
     ],
     [
      -48.708735128,
      -25.425451261
     ],
     [
      -48.708730323,
      -25.425536029
     ],
     [
      -48.708727305,
      -25.425620796
     ],
     [
      -48.708725777,
      -25.425705563
     ],
     [
      -48.708725421,
      -25.42579033
     ],
     [
      -48.708725898,
      -25.425875097
     ],
     [
      -48.708726839,
      -25.425959864
     ],
     [
      -48.708727844,
      -25.426044631
     ],
     [
      -48.708728476,
      -25.426129398
     ],
     [
      -48.708728259,
      -25.426214165
     ],
     [
      -48.708726665,
      -25.426298932
     ],
     [
      -48.70872311,
      -25.426383699
     ],
     [
      -48.708722906,
      -25.426386553
     ],
     [
      -48.708716497,
      -25.426468466
     ],
     [
      -48.708706303,
      -25.426553233
     ],
     [
      -48.708691684,
      -25.426638001
     ],
     [
      -48.708671668,
      -25.426722768
     ],
     [
      -48.708645155,
      -25.426807535
     ],
     [
      -48.708629566,
      -25.426846723
     ],
     [
      -48.708609475,
      -25.426892302
     ],
     [
      -48.708562885,
      -25.426977069
     ],
     [
      -48.708536225,
      -25.427016736
     ],
     [
      -48.708502421,
      -25.427061836
     ],
     [
      -48.708442885,
      -25.42712819
     ],
     [
      -48.708442885,
      -25.42712819
     ]
    ]
   },
   "properties": {
    "tipo": "curva_nivel",
    "cota_m": 80,
    "equidistancia_m": 5
   }
  },
  {
   "type": "Feature",
   "geometry": {
    "type": "LineString",
    "coordinates": [
     [
      -48.714229984,
      -25.424803494
     ],
     [
      -48.714256321,
      -25.424857892
     ],
     [
      -48.714293878,
      -25.424942659
     ],
     [
      -48.714323325,
      -25.42501573
     ],
     [
      -48.714328039,
      -25.425027426
     ],
     [
      -48.71435927,
      -25.425112193
     ],
     [
      -48.714387477,
      -25.42519696
     ],
     [
      -48.714412877,
      -25.425281727
     ],
     [
      -48.714435963,
      -25.425366494
     ],
     [
      -48.714456678,
      -25.425451261
     ],
     [
      -48.714475177,
      -25.425536029
     ],
     [
      -48.714491676,
      -25.425620796
     ],
     [
      -48.714506395,
      -25.425705563
     ],
     [
      -48.714519744,
      -25.42579033
     ],
     [
      -48.714531823,
      -25.425875097
     ],
     [
      -48.714542825,
      -25.425959864
     ],
     [
      -48.71455303,
      -25.426044631
     ],
     [
      -48.71456274,
      -25.426129398
     ],
     [
      -48.714572285,
      -25.426214165
     ],
     [
      -48.714582026,
      -25.426298932
     ],
     [
      -48.714592366,
      -25.426383699
     ],
     [
      -48.714603346,
      -25.426465488
     ],
     [
      -48.714603765,
      -25.426468466
     ],
     [
      -48.714616986,
      -25.426553233
     ],
     [
      -48.714632385,
      -25.426638001
     ],
     [
      -48.714650646,
      -25.426722768
     ],
     [
      -48.714672567,
      -25.426807535
     ],
     [
      -48.714696686,
      -25.426884898
     ],
     [
      -48.714699147,
      -25.426892302
     ],
     [
      -48.714732131,
      -25.426977069
     ],
     [
      -48.714772319,
      -25.427061836
     ],
     [
      -48.714772319,
      -25.427061836
     ]
    ]
   },
   "properties": {
    "tipo": "curva_nivel",
    "cota_m": 80,
    "equidistancia_m": 5
   }
  },
  {
   "type": "Feature",
   "geometry": {
    "type": "LineString",
    "coordinates": [
     [
      -48.71869146,
      -25.424857892
     ],
     [
      -48.718650362,
      -25.424942659
     ],
     [
      -48.718616979,
      -25.42502172
     ],
     [
      -48.718616979,
      -25.42502172
     ]
    ]
   },
   "properties": {
    "tipo": "curva_nivel",
    "cota_m": 80,
    "equidistancia_m": 5
   }
  },
  {
   "type": "Feature",
   "geometry": {
    "type": "LineString",
    "coordinates": [
     [
      -48.718614623,
      -25.425027426
     ],
     [
      -48.718584405,
      -25.425112193
     ],
     [
      -48.718558971,
      -25.42519696
     ],
     [
      -48.718538128,
      -25.425281727
     ],
     [
      -48.718523639,
      -25.425356538
     ],
     [
      -48.718523639,
      -25.425356538
     ]
    ]
   },
   "properties": {
    "tipo": "curva_nivel",
    "cota_m": 80,
    "equidistancia_m": 5
   }
  },
  {
   "type": "Feature",
   "geometry": {
    "type": "LineString",
    "coordinates": [
     [
      -48.718521726,
      -25.425366494
     ],
     [
      -48.718509703,
      -25.425451261
     ],
     [
      -48.71850177,
      -25.425536029
     ],
     [
      -48.718497807,
      -25.425620796
     ],
     [
      -48.718497713,
      -25.425705563
     ],
     [
      -48.718501401,
      -25.42579033
     ],
     [
      -48.718508799,
      -25.425875097
     ],
     [
      -48.718519853,
      -25.425959864
     ],
     [
      -48.718534653,
      -25.426044631
     ],
     [
      -48.718553147,
      -25.426129398
     ],
     [
      -48.718575306,
      -25.426214165
     ],
     [
      -48.718601178,
      -25.426298932
     ],
     [
      -48.718616979,
      -25.426344898
     ],
     [
      -48.718631092,
      -25.426383699
     ],
     [
      -48.718665295,
      -25.426468466
     ],
     [
      -48.718703739,
      -25.426553233
     ],
     [
      -48.718703739,
      -25.426553233
     ]
    ]
   },
   "properties": {
    "tipo": "curva_nivel",
    "cota_m": 80,
    "equidistancia_m": 5
   }
  },
  {
   "type": "Feature",
   "geometry": {
    "type": "LineString",
    "coordinates": [
     [
      -48.70656301,
      -25.426298932
     ],
     [
      -48.706531982,
      -25.426383699
     ],
     [
      -48.706499319,
      -25.426468466
     ],
     [
      -48.706482738,
      -25.426510813
     ],
     [
      -48.706465971,
      -25.426553233
     ],
     [
      -48.706432172,
      -25.426638001
     ],
     [
      -48.706397365,
      -25.426722768
     ],
     [
      -48.706389398,
      -25.426742931
     ],
     [
      -48.706362909,
      -25.426807535
     ],
     [
      -48.706328399,
      -25.426892302
     ],
     [
      -48.706296058,
      -25.426972247
     ],
     [
      -48.706296058,
      -25.426972247
     ],
     [
      -48.706261311,
      -25.427061836
     ],
     [
      -48.706230122,
      -25.427146603
     ],
     [
      -48.706202718,
      -25.427228878
     ],
     [
      -48.706202718,
      -25.427228878
     ],
     [
      -48.706179542,
      -25.427316137
     ],
     [
      -48.706167504,
      -25.427400904
     ],
     [
      -48.706178095,
      -25.427485671
     ]
    ]
   },
   "properties": {
    "tipo": "curva_nivel",
    "cota_m": 80,
    "equidistancia_m": 5
   }
  },
  {
   "type": "Feature",
   "geometry": {
    "type": "LineString",
    "coordinates": [
     [
      -48.702189084,
      -25.42631925
     ],
     [
      -48.702217117,
      -25.426383699
     ],
     [
      -48.702257273,
      -25.426468466
     ],
     [
      -48.702282424,
      -25.426517837
     ],
     [
      -48.702301466,
      -25.426553233
     ],
     [
      -48.702350078,
      -25.426638001
     ],
     [
      -48.702375765,
      -25.426680113
     ],
     [
      -48.702403561,
      -25.426722768
     ],
     [
      -48.702462359,
      -25.426807535
     ],
     [
      -48.702462359,
      -25.426807535
     ]
    ]
   },
   "properties": {
    "tipo": "curva_nivel",
    "cota_m": 80,
    "equidistancia_m": 5
   }
  },
  {
   "type": "Feature",
   "geometry": {
    "type": "LineString",
    "coordinates": [
     [
      -48.718710319,
      -25.426566808
     ],
     [
      -48.718747592,
      -25.426638001
     ],
     [
      -48.718796739,
      -25.426722768
     ],
     [
      -48.718796739,
      -25.426722768
     ]
    ]
   },
   "properties": {
    "tipo": "curva_nivel",
    "cota_m": 80,
    "equidistancia_m": 5
   }
  },
  {
   "type": "Feature",
   "geometry": {
    "type": "LineString",
    "coordinates": [
     [
      -48.71880366,
      -25.426734079
     ],
     [
      -48.718853134,
      -25.426807535
     ],
     [
      -48.718897,
      -25.426867345
     ],
     [
      -48.71891745,
      -25.426892302
     ],
     [
      -48.71899034,
      -25.426975182
     ],
     [
      -48.718992226,
      -25.426977069
     ],
     [
      -48.719081802,
      -25.427061836
     ],
     [
      -48.719177021,
      -25.42713604
     ],
     [
      -48.719193131,
      -25.427146603
     ],
     [
      -48.719270361,
      -25.427195531
     ],
     [
      -48.719339577,
      -25.42723137
     ],
     [
      -48.719339577,
      -25.42723137
     ]
    ]
   },
   "properties": {
    "tipo": "curva_nivel",
    "cota_m": 80,
    "equidistancia_m": 5
   }
  },
  {
   "type": "Feature",
   "geometry": {
    "type": "LineString",
    "coordinates": [
     [
      -48.702469105,
      -25.426816897
     ],
     [
      -48.702527901,
      -25.426892302
     ],
     [
      -48.702562445,
      -25.426934311
     ],
     [
      -48.702600845,
      -25.426977069
     ],
     [
      -48.702655786,
      -25.427035596
     ],
     [
      -48.702682947,
      -25.427061836
     ],
     [
      -48.702749126,
      -25.427123526
     ],
     [
      -48.702776698,
      -25.427146603
     ],
     [
      -48.702842466,
      -25.42720016
     ],
     [
      -48.702885594,
      -25.42723137
     ],
     [
      -48.702935807,
      -25.427267016
     ],
     [
      -48.703014493,
      -25.427316137
     ],
     [
      -48.703014493,
      -25.427316137
     ]
    ]
   },
   "properties": {
    "tipo": "curva_nivel",
    "cota_m": 80,
    "equidistancia_m": 5
   }
  },
  {
   "type": "Feature",
   "geometry": {
    "type": "LineString",
    "coordinates": [
     [
      -48.714790026,
      -25.427093443
     ],
     [
      -48.714822198,
      -25.427146603
     ],
     [
      -48.714883367,
      -25.42723093
     ],
     [
      -48.714883714,
      -25.42723137
     ],
     [
      -48.7149611,
      -25.427316137
     ],
     [
      -48.7149611,
      -25.427316137
     ]
    ]
   },
   "properties": {
    "tipo": "curva_nivel",
    "cota_m": 80,
    "equidistancia_m": 5
   }
  },
  {
   "type": "Feature",
   "geometry": {
    "type": "LineString",
    "coordinates": [
     [
      -48.70842437,
      -25.427146603
     ],
     [
      -48.708349545,
      -25.427210439
     ],
     [
      -48.708349545,
      -25.427210439
     ]
    ]
   },
   "properties": {
    "tipo": "curva_nivel",
    "cota_m": 80,
    "equidistancia_m": 5
   }
  },
  {
   "type": "Feature",
   "geometry": {
    "type": "LineString",
    "coordinates": [
     [
      -48.719643722,
      -25.427339813
     ],
     [
      -48.719550382,
      -25.427314202
     ],
     [
      -48.719557415,
      -25.427316137
     ],
     [
      -48.719457042,
      -25.427283043
     ],
     [
      -48.719363701,
      -25.427243573
     ]
    ]
   },
   "properties": {
    "tipo": "curva_nivel",
    "cota_m": 80,
    "equidistancia_m": 5
   }
  },
  {
   "type": "Feature",
   "geometry": {
    "type": "LineString",
    "coordinates": [
     [
      -48.708321967,
      -25.42723137
     ],
     [
      -48.708256204,
      -25.427275116
     ],
     [
      -48.708186885,
      -25.427316137
     ],
     [
      -48.708162864,
      -25.42732882
     ],
     [
      -48.708069524,
      -25.427372996
     ],
     [
      -48.708003496,
      -25.427400904
     ],
     [
      -48.707976183,
      -25.427411423
     ],
     [
      -48.707882843,
      -25.427443639
     ],
     [
      -48.707789503,
      -25.427472599
     ],
     [
      -48.707742324,
      -25.427485671
     ]
    ]
   },
   "properties": {
    "tipo": "curva_nivel",
    "cota_m": 80,
    "equidistancia_m": 5
   }
  },
  {
   "type": "Feature",
   "geometry": {
    "type": "LineString",
    "coordinates": [
     [
      -48.714976707,
      -25.42733086
     ],
     [
      -48.715058301,
      -25.427400904
     ],
     [
      -48.715058301,
      -25.427400904
     ]
    ]
   },
   "properties": {
    "tipo": "curva_nivel",
    "cota_m": 80,
    "equidistancia_m": 5
   }
  },
  {
   "type": "Feature",
   "geometry": {
    "type": "LineString",
    "coordinates": [
     [
      -48.703029147,
      -25.427325185
     ],
     [
      -48.703122487,
      -25.427376639
     ],
     [
      -48.703172798,
      -25.427400904
     ],
     [
      -48.703215828,
      -25.427421681
     ],
     [
      -48.703309168,
      -25.42746145
     ],
     [
      -48.703374088,
      -25.427485671
     ]
    ]
   },
   "properties": {
    "tipo": "curva_nivel",
    "cota_m": 80,
    "equidistancia_m": 5
   }
  },
  {
   "type": "Feature",
   "geometry": {
    "type": "LineString",
    "coordinates": [
     [
      -48.715070047,
      -25.427409748
     ],
     [
      -48.715163387,
      -25.427473923
     ],
     [
      -48.715182188,
      -25.427485671
     ]
    ]
   },
   "properties": {
    "tipo": "curva_nivel",
    "cota_m": 80,
    "equidistancia_m": 5
   }
  },
  {
   "type": "Feature",
   "geometry": {
    "type": "LineString",
    "coordinates": [
     [
      -48.708310758,
      -25.419263265
     ],
     [
      -48.708310758,
      -25.419263265
     ],
     [
      -48.708256204,
      -25.419239597
     ],
     [
      -48.708162864,
      -25.419204996
     ],
     [
      -48.708069524,
      -25.419176355
     ],
     [
      -48.708076862,
      -25.419178498
     ],
     [
      -48.707976183,
      -25.419154552
     ],
     [
      -48.707882843,
      -25.419138155
     ],
     [
      -48.707789503,
      -25.419127132
     ],
     [
      -48.707696163,
      -25.419121481
     ],
     [
      -48.707602822,
      -25.419121232
     ],
     [
      -48.707509482,
      -25.419126447
     ],
     [
      -48.707416142,
      -25.419137223
     ],
     [
      -48.707322801,
      -25.419153691
     ],
     [
      -48.707229461,
      -25.419176023
     ],
     [
      -48.707229461,
      -25.419176023
     ]
    ]
   },
   "properties": {
    "tipo": "curva_nivel",
    "cota_m": 85,
    "equidistancia_m": 5
   }
  },
  {
   "type": "Feature",
   "geometry": {
    "type": "LineString",
    "coordinates": [
     [
      -48.707221197,
      -25.419178498
     ],
     [
      -48.707136121,
      -25.41920585
     ],
     [
      -48.70704278,
      -25.419242465
     ],
     [
      -48.706997727,
      -25.419263265
     ],
     [
      -48.70694944,
      -25.419287452
     ],
     [
      -48.7068561,
      -25.419341459
     ],
     [
      -48.7068561,
      -25.419341459
     ]
    ]
   },
   "properties": {
    "tipo": "curva_nivel",
    "cota_m": 85,
    "equidistancia_m": 5
   }
  },
  {
   "type": "Feature",
   "geometry": {
    "type": "LineString",
    "coordinates": [
     [
      -48.708349545,
      -25.419281194
     ],
     [
      -48.708442885,
      -25.419330687
     ],
     [
      -48.708471881,
      -25.419348032
     ],
     [
      -48.708536225,
      -25.419389434
     ],
     [
      -48.708596696,
      -25.419432799
     ],
     [
      -48.708596696,
      -25.419432799
     ]
    ]
   },
   "properties": {
    "tipo": "curva_nivel",
    "cota_m": 85,
    "equidistancia_m": 5
   }
  },
  {
   "type": "Feature",
   "geometry": {
    "type": "LineString",
    "coordinates": [
     [
      -48.706846006,
      -25.419348032
     ],
     [
      -48.706762759,
      -25.419407505
     ],
     [
      -48.706762759,
      -25.419407505
     ]
    ]
   },
   "properties": {
    "tipo": "curva_nivel",
    "cota_m": 85,
    "equidistancia_m": 5
   }
  },
  {
   "type": "Feature",
   "geometry": {
    "type": "LineString",
    "coordinates": [
     [
      -48.708629566,
      -25.419458379
     ],
     [
      -48.708698657,
      -25.419517566
     ],
     [
      -48.708698657,
      -25.419517566
     ]
    ]
   },
   "properties": {
    "tipo": "curva_nivel",
    "cota_m": 85,
    "equidistancia_m": 5
   }
  },
  {
   "type": "Feature",
   "geometry": {
    "type": "LineString",
    "coordinates": [
     [
      -48.706731001,
      -25.419432799
     ],
     [
      -48.706669419,
      -25.419487163
     ],
     [
      -48.706669419,
      -25.419487163
     ]
    ]
   },
   "properties": {
    "tipo": "curva_nivel",
    "cota_m": 85,
    "equidistancia_m": 5
   }
  },
  {
   "type": "Feature",
   "geometry": {
    "type": "LineString",
    "coordinates": [
     [
      -48.708722906,
      -25.419540323
     ],
     [
      -48.708783607,
      -25.419602333
     ],
     [
      -48.708816246,
      -25.419639233
     ],
     [
      -48.70885554,
      -25.4196871
     ],
     [
      -48.708909587,
      -25.419760758
     ],
     [
      -48.708917223,
      -25.419771867
     ],
     [
      -48.708968774,
      -25.419856634
     ],
     [
      -48.709002927,
      -25.41992117
     ],
     [
      -48.709013061,
      -25.419941402
     ],
     [
      -48.70904937,
      -25.420026169
     ],
     [
      -48.709079686,
      -25.420110936
     ],
     [
      -48.709096267,
      -25.420168473
     ],
     [
      -48.709103782,
      -25.420195703
     ],
     [
      -48.709121643,
      -25.42028047
     ],
     [
      -48.709134158,
      -25.420365237
     ],
     [
      -48.709141413,
      -25.420450004
     ],
     [
      -48.709143476,
      -25.420534771
     ],
     [
      -48.709140393,
      -25.420619538
     ],
     [
      -48.709132189,
      -25.420704305
     ],
     [
      -48.709118863,
      -25.420789072
     ],
     [
      -48.709100388,
      -25.420873839
     ],
     [
      -48.709096267,
      -25.420888897
     ],
     [
      -48.709075701,
      -25.420958606
     ],
     [
      -48.709045216,
      -25.421043374
     ],
     [
      -48.70900899,
      -25.421128141
     ],
     [
      -48.709002927,
      -25.421140681
     ],
     [
      -48.70896468,
      -25.421212908
     ],
     [
      -48.708913391,
      -25.421297675
     ],
     [
      -48.708909587,
      -25.421303418
     ],
     [
      -48.708851405,
      -25.421382442
     ],
     [
      -48.708816246,
      -25.421425758
     ],
     [
      -48.708778383,
      -25.421467209
     ],
     [
      -48.708722906,
      -25.421523308
     ],
     [
      -48.708722906,
      -25.421523308
     ]
    ]
   },
   "properties": {
    "tipo": "curva_nivel",
    "cota_m": 85,
    "equidistancia_m": 5
   }
  },
  {
   "type": "Feature",
   "geometry": {
    "type": "LineString",
    "coordinates": [
     [
      -48.706638012,
      -25.419517566
     ],
     [
      -48.706576079,
      -25.41958478
     ],
     [
      -48.706576079,
      -25.41958478
     ]
    ]
   },
   "properties": {
    "tipo": "curva_nivel",
    "cota_m": 85,
    "equidistancia_m": 5
   }
  },
  {
   "type": "Feature",
   "geometry": {
    "type": "LineString",
    "coordinates": [
     [
      -48.706561119,
      -25.419602333
     ],
     [
      -48.706497228,
      -25.4196871
     ],
     [
      -48.706482738,
      -25.419709147
     ],
     [
      -48.706444008,
      -25.419771867
     ],
     [
      -48.706399206,
      -25.419856634
     ],
     [
      -48.706389398,
      -25.419878618
     ],
     [
      -48.706362712,
      -25.419941402
     ],
     [
      -48.706333135,
      -25.420026169
     ],
     [
      -48.706309755,
      -25.420110936
     ],
     [
      -48.706296058,
      -25.420177393
     ],
     [
      -48.706296058,
      -25.420177393
     ]
    ]
   },
   "properties": {
    "tipo": "curva_nivel",
    "cota_m": 85,
    "equidistancia_m": 5
   }
  },
  {
   "type": "Feature",
   "geometry": {
    "type": "LineString",
    "coordinates": [
     [
      -48.699931604,
      -25.42028047
     ],
     [
      -48.699931604,
      -25.42028047
     ],
     [
      -48.699855576,
      -25.420232034
     ],
     [
      -48.699820078,
      -25.420195703
     ],
     [
      -48.699774203,
      -25.420110936
     ],
     [
      -48.699765267,
      -25.420026169
     ],
     [
      -48.699792651,
      -25.419941402
     ],
     [
      -48.699855576,
      -25.419856585
     ],
     [
      -48.699855576,
      -25.419856585
     ],
     [
      -48.699948917,
      -25.419804992
     ],
     [
      -48.700042257,
      -25.419782335
     ],
     [
      -48.700135597,
      -25.419789059
     ],
     [
      -48.700228938,
      -25.419825662
     ],
     [
      -48.700272366,
      -25.419856634
     ],
     [
      -48.700322278,
      -25.41991389
     ],
     [
      -48.700338962,
      -25.419941402
     ],
     [
      -48.700359806,
      -25.420026169
     ],
     [
      -48.700350381,
      -25.420110936
     ],
     [
      -48.700322278,
      -25.420170978
     ],
     [
      -48.700322278,
      -25.420170978
     ]
    ]
   },
   "properties": {
    "tipo": "curva_nivel",
    "cota_m": 85,
    "equidistancia_m": 5
   }
  },
  {
   "type": "Feature",
   "geometry": {
    "type": "LineString",
    "coordinates": [
     [
      -48.706292407,
      -25.420195703
     ],
     [
      -48.706280984,
      -25.42028047
     ],
     [
      -48.706274861,
      -25.420365237
     ],
     [
      -48.706273882,
      -25.420450004
     ],
     [
      -48.706277925,
      -25.420534771
     ],
     [
      -48.706286898,
      -25.420619538
     ],
     [
      -48.706296058,
      -25.420675903
     ],
     [
      -48.706300893,
      -25.420704305
     ],
     [
      -48.706320189,
      -25.420789072
     ],
     [
      -48.706344498,
      -25.420873839
     ],
     [
      -48.706373872,
      -25.420958606
     ],
     [
      -48.706373872,
      -25.420958606
     ]
    ]
   },
   "properties": {
    "tipo": "curva_nivel",
    "cota_m": 85,
    "equidistancia_m": 5
   }
  },
  {
   "type": "Feature",
   "geometry": {
    "type": "LineString",
    "coordinates": [
     [
      -48.700305784,
      -25.420195703
     ],
     [
      -48.700228938,
      -25.420260842
     ],
     [
      -48.700228938,
      -25.420260842
     ]
    ]
   },
   "properties": {
    "tipo": "curva_nivel",
    "cota_m": 85,
    "equidistancia_m": 5
   }
  },
  {
   "type": "Feature",
   "geometry": {
    "type": "LineString",
    "coordinates": [
     [
      -48.700187947,
      -25.42028047
     ],
     [
      -48.700135597,
      -25.420297991
     ],
     [
      -48.700042257,
      -25.420305171
     ],
     [
      -48.699948917,
      -25.420288165
     ]
    ]
   },
   "properties": {
    "tipo": "curva_nivel",
    "cota_m": 85,
    "equidistancia_m": 5
   }
  },
  {
   "type": "Feature",
   "geometry": {
    "type": "LineString",
    "coordinates": [
     [
      -48.706389398,
      -25.42099726
     ],
     [
      -48.706409165,
      -25.421043374
     ],
     [
      -48.706450613,
      -25.421128141
     ],
     [
      -48.706482738,
      -25.421186401
     ],
     [
      -48.706498559,
      -25.421212908
     ],
     [
      -48.70655444,
      -25.421297675
     ],
     [
      -48.70655444,
      -25.421297675
     ]
    ]
   },
   "properties": {
    "tipo": "curva_nivel",
    "cota_m": 85,
    "equidistancia_m": 5
   }
  },
  {
   "type": "Feature",
   "geometry": {
    "type": "LineString",
    "coordinates": [
     [
      -48.706576079,
      -25.421327679
     ],
     [
      -48.706619516,
      -25.421382442
     ],
     [
      -48.706669419,
      -25.421440238
     ],
     [
      -48.706695379,
      -25.421467209
     ],
     [
      -48.706762759,
      -25.421532414
     ],
     [
      -48.706785642,
      -25.421551976
     ],
     [
      -48.7068561,
      -25.421608785
     ],
     [
      -48.706896052,
      -25.421636743
     ],
     [
      -48.70694944,
      -25.421672387
     ],
     [
      -48.707036012,
      -25.42172151
     ],
     [
      -48.707036012,
      -25.42172151
     ]
    ]
   },
   "properties": {
    "tipo": "curva_nivel",
    "cota_m": 85,
    "equidistancia_m": 5
   }
  },
  {
   "type": "Feature",
   "geometry": {
    "type": "LineString",
    "coordinates": [
     [
      -48.708690551,
      -25.421551976
     ],
     [
      -48.708629566,
      -25.421602678
     ],
     [
      -48.708582053,
      -25.421636743
     ],
     [
      -48.708536225,
      -25.421668007
     ],
     [
      -48.708443592,
      -25.42172151
     ],
     [
      -48.708442885,
      -25.421721904
     ],
     [
      -48.708349545,
      -25.421766236
     ],
     [
      -48.708256204,
      -25.421802292
     ],
     [
      -48.708256204,
      -25.421802292
     ]
    ]
   },
   "properties": {
    "tipo": "curva_nivel",
    "cota_m": 85,
    "equidistancia_m": 5
   }
  },
  {
   "type": "Feature",
   "geometry": {
    "type": "LineString",
    "coordinates": [
     [
      -48.708243512,
      -25.421806277
     ],
     [
      -48.708162864,
      -25.42183121
     ],
     [
      -48.708069524,
      -25.421853575
     ],
     [
      -48.707976183,
      -25.421869937
     ],
     [
      -48.707882843,
      -25.421880699
     ],
     [
      -48.707789503,
      -25.421886119
     ],
     [
      -48.707696163,
      -25.421886318
     ],
     [
      -48.707602822,
      -25.421881296
     ],
     [
      -48.707509482,
      -25.421870926
     ],
     [
      -48.707416142,
      -25.421854953
     ],
     [
      -48.707322801,
      -25.421832974
     ],
     [
      -48.707229461,
      -25.421804436
     ],
     [
      -48.707235384,
      -25.421806277
     ],
     [
      -48.707136121,
      -25.421768904
     ],
     [
      -48.70704278,
      -25.421725214
     ]
    ]
   },
   "properties": {
    "tipo": "curva_nivel",
    "cota_m": 85,
    "equidistancia_m": 5
   }
  },
  {
   "type": "Feature",
   "geometry": {
    "type": "LineString",
    "coordinates": [
     [
      -48.710683052,
      -25.423576381
     ],
     [
      -48.710683052,
      -25.423576381
     ],
     [
      -48.710776393,
      -25.423557848
     ],
     [
      -48.710869733,
      -25.423542536
     ],
     [
      -48.710963073,
      -25.423530163
     ],
     [
      -48.711056414,
      -25.423520502
     ],
     [
      -48.711149754,
      -25.423513367
     ],
     [
      -48.711243094,
      -25.423508608
     ],
     [
      -48.711336435,
      -25.423506111
     ],
     [
      -48.711429775,
      -25.423505786
     ],
     [
      -48.711523115,
      -25.423507572
     ],
     [
      -48.711616456,
      -25.42351143
     ],
     [
      -48.711709796,
      -25.423517341
     ],
     [
      -48.711803136,
      -25.423525309
     ],
     [
      -48.711896477,
      -25.423535356
     ],
     [
      -48.711989817,
      -25.423547527
     ],
     [
      -48.712083157,
      -25.423561883
     ],
     [
      -48.712176497,
      -25.423578509
     ],
     [
      -48.712215273,
      -25.423586386
     ],
     [
      -48.712269838,
      -25.423597533
     ],
     [
      -48.712363178,
      -25.423619077
     ],
     [
      -48.712456518,
      -25.42364327
     ],
     [
      -48.712549859,
      -25.423670289
     ],
     [
      -48.712552577,
      -25.423671153
     ],
     [
      -48.712643199,
      -25.423700481
     ],
     [
      -48.712736539,
      -25.423733934
     ],
     [
      -48.712792433,
      -25.42375592
     ],
     [
      -48.712792433,
      -25.42375592
     ]
    ]
   },
   "properties": {
    "tipo": "curva_nivel",
    "cota_m": 85,
    "equidistancia_m": 5
   }
  },
  {
   "type": "Feature",
   "geometry": {
    "type": "LineString",
    "coordinates": [
     [
      -48.703682529,
      -25.423667244
     ],
     [
      -48.703682529,
      -25.423667244
     ],
     [
      -48.703775869,
      -25.423642816
     ],
     [
      -48.70386921,
      -25.423621719
     ],
     [
      -48.70396255,
      -25.423603781
     ],
     [
      -48.70405589,
      -25.42358887
     ],
     [
      -48.704075346,
      -25.423586386
     ],
     [
      -48.704149231,
      -25.423576913
     ],
     [
      -48.704242571,
      -25.42356782
     ],
     [
      -48.704335911,
      -25.423561555
     ],
     [
      -48.704429252,
      -25.423558124
     ],
     [
      -48.704522592,
      -25.423557573
     ],
     [
      -48.704615932,
      -25.423559983
     ],
     [
      -48.704709273,
      -25.423565484
     ],
     [
      -48.704802613,
      -25.423574248
     ],
     [
      -48.704895064,
      -25.423586386
     ],
     [
      -48.704989293,
      -25.42360252
     ],
     [
      -48.705082634,
      -25.423622645
     ],
     [
      -48.705175974,
      -25.42364732
     ],
     [
      -48.705251385,
      -25.423671153
     ],
     [
      -48.705251385,
      -25.423671153
     ]
    ]
   },
   "properties": {
    "tipo": "curva_nivel",
    "cota_m": 85,
    "equidistancia_m": 5
   }
  },
  {
   "type": "Feature",
   "geometry": {
    "type": "LineString",
    "coordinates": [
     [
      -48.710639792,
      -25.423586386
     ],
     [
      -48.710589712,
      -25.42359842
     ],
     [
      -48.710496372,
      -25.423624324
     ],
     [
      -48.710403032,
      -25.423654602
     ],
     [
      -48.710357957,
      -25.423671153
     ],
     [
      -48.710309691,
      -25.423689761
     ],
     [
      -48.710216351,
      -25.423730391
     ],
     [
      -48.710164231,
      -25.42375592
     ],
     [
      -48.710123011,
      -25.423777293
     ],
     [
      -48.71002967,
      -25.423831277
     ],
     [
      -48.71002967,
      -25.423831277
     ]
    ]
   },
   "properties": {
    "tipo": "curva_nivel",
    "cota_m": 85,
    "equidistancia_m": 5
   }
  },
  {
   "type": "Feature",
   "geometry": {
    "type": "LineString",
    "coordinates": [
     [
      -48.7056099,
      -25.423840687
     ],
     [
      -48.7056099,
      -25.423840687
     ],
     [
      -48.705549335,
      -25.423803942
     ],
     [
      -48.705455995,
      -25.423754498
     ],
     [
      -48.70545884,
      -25.42375592
     ],
     [
      -48.705362655,
      -25.423712568
     ],
     [
      -48.705269314,
      -25.423677089
     ]
    ]
   },
   "properties": {
    "tipo": "curva_nivel",
    "cota_m": 85,
    "equidistancia_m": 5
   }
  },
  {
   "type": "Feature",
   "geometry": {
    "type": "LineString",
    "coordinates": [
     [
      -48.703669404,
      -25.423671153
     ],
     [
      -48.703589189,
      -25.423695399
     ],
     [
      -48.703495848,
      -25.423727398
     ],
     [
      -48.703421941,
      -25.42375592
     ],
     [
      -48.703402508,
      -25.42376361
     ],
     [
      -48.703309168,
      -25.423804688
     ],
     [
      -48.703235832,
      -25.423840687
     ],
     [
      -48.703215828,
      -25.423850859
     ],
     [
      -48.703122487,
      -25.423903119
     ],
     [
      -48.703122487,
      -25.423903119
     ]
    ]
   },
   "properties": {
    "tipo": "curva_nivel",
    "cota_m": 85,
    "equidistancia_m": 5
   }
  },
  {
   "type": "Feature",
   "geometry": {
    "type": "LineString",
    "coordinates": [
     [
      -48.71282988,
      -25.42377103
     ],
     [
      -48.71292322,
      -25.423812128
     ],
     [
      -48.712982602,
      -25.423840687
     ],
     [
      -48.712982602,
      -25.423840687
     ]
    ]
   },
   "properties": {
    "tipo": "curva_nivel",
    "cota_m": 85,
    "equidistancia_m": 5
   }
  },
  {
   "type": "Feature",
   "geometry": {
    "type": "LineString",
    "coordinates": [
     [
      -48.71301656,
      -25.423857565
     ],
     [
      -48.713109901,
      -25.423907865
     ],
     [
      -48.713140143,
      -25.423925454
     ],
     [
      -48.713203241,
      -25.423963656
     ],
     [
      -48.713274418,
      -25.424010221
     ],
     [
      -48.713274418,
      -25.424010221
     ]
    ]
   },
   "properties": {
    "tipo": "curva_nivel",
    "cota_m": 85,
    "equidistancia_m": 5
   }
  },
  {
   "type": "Feature",
   "geometry": {
    "type": "LineString",
    "coordinates": [
     [
      -48.710014744,
      -25.423840687
     ],
     [
      -48.70993633,
      -25.423893465
     ],
     [
      -48.70989299,
      -25.423925454
     ],
     [
      -48.70984299,
      -25.423965107
     ],
     [
      -48.709790255,
      -25.424010221
     ],
     [
      -48.709749649,
      -25.424047798
     ],
     [
      -48.709701689,
      -25.424094988
     ],
     [
      -48.709656309,
      -25.424143635
     ],
     [
      -48.709624202,
      -25.424179755
     ],
     [
      -48.709562969,
      -25.424255374
     ],
     [
      -48.709562969,
      -25.424255374
     ]
    ]
   },
   "properties": {
    "tipo": "curva_nivel",
    "cota_m": 85,
    "equidistancia_m": 5
   }
  },
  {
   "type": "Feature",
   "geometry": {
    "type": "LineString",
    "coordinates": [
     [
      -48.705642676,
      -25.423861961
     ],
     [
      -48.705730207,
      -25.423925454
     ],
     [
      -48.705829356,
      -25.4240101
     ],
     [
      -48.705829486,
      -25.424010221
     ],
     [
      -48.705913569,
      -25.424094988
     ],
     [
      -48.705913569,
      -25.424094988
     ]
    ]
   },
   "properties": {
    "tipo": "curva_nivel",
    "cota_m": 85,
    "equidistancia_m": 5
   }
  },
  {
   "type": "Feature",
   "geometry": {
    "type": "LineString",
    "coordinates": [
     [
      -48.703086194,
      -25.423925454
     ],
     [
      -48.703029147,
      -25.423962196
     ],
     [
      -48.702961084,
      -25.424010221
     ],
     [
      -48.702935807,
      -25.424029041
     ],
     [
      -48.702854358,
      -25.424094988
     ],
     [
      -48.702842466,
      -25.424105236
     ],
     [
      -48.702762359,
      -25.424179755
     ],
     [
      -48.702749126,
      -25.424192977
     ],
     [
      -48.702682304,
      -25.424264522
     ],
     [
      -48.702655786,
      -25.42429532
     ],
     [
      -48.702612102,
      -25.424349289
     ],
     [
      -48.702562445,
      -25.424416541
     ],
     [
      -48.702562445,
      -25.424416541
     ]
    ]
   },
   "properties": {
    "tipo": "curva_nivel",
    "cota_m": 85,
    "equidistancia_m": 5
   }
  },
  {
   "type": "Feature",
   "geometry": {
    "type": "LineString",
    "coordinates": [
     [
      -48.713739737,
      -25.424434057
     ],
     [
      -48.713739737,
      -25.424434057
     ],
     [
      -48.713666454,
      -25.424349289
     ],
     [
      -48.713584837,
      -25.424264522
     ],
     [
      -48.713576602,
      -25.424256489
     ],
     [
      -48.713493666,
      -25.424179755
     ],
     [
      -48.713483262,
      -25.424170675
     ],
     [
      -48.713389922,
      -25.424093977
     ],
     [
      -48.713391218,
      -25.424094988
     ],
     [
      -48.713296581,
      -25.4240254
     ]
    ]
   },
   "properties": {
    "tipo": "curva_nivel",
    "cota_m": 85,
    "equidistancia_m": 5
   }
  },
  {
   "type": "Feature",
   "geometry": {
    "type": "LineString",
    "coordinates": [
     [
      -48.705922697,
      -25.424105108
     ],
     [
      -48.70598604,
      -25.424179755
     ],
     [
      -48.706016037,
      -25.424219058
     ],
     [
      -48.706049121,
      -25.424264522
     ],
     [
      -48.706104167,
      -25.424349289
     ],
     [
      -48.706152449,
      -25.424434057
     ],
     [
      -48.706194393,
      -25.424518824
     ],
     [
      -48.706194393,
      -25.424518824
     ]
    ]
   },
   "properties": {
    "tipo": "curva_nivel",
    "cota_m": 85,
    "equidistancia_m": 5
   }
  },
  {
   "type": "Feature",
   "geometry": {
    "type": "LineString",
    "coordinates": [
     [
      -48.719457042,
      -25.424411196
     ],
     [
      -48.719457042,
      -25.424411196
     ],
     [
      -48.719550382,
      -25.424350744
     ],
     [
      -48.719552855,
      -25.424349289
     ],
     [
      -48.719643722,
      -25.424299152
     ]
    ]
   },
   "properties": {
    "tipo": "curva_nivel",
    "cota_m": 85,
    "equidistancia_m": 5
   }
  },
  {
   "type": "Feature",
   "geometry": {
    "type": "LineString",
    "coordinates": [
     [
      -48.709555824,
      -25.424264522
     ],
     [
      -48.709494771,
      -25.424349289
     ],
     [
      -48.709469628,
      -25.424387965
     ],
     [
      -48.709440263,
      -25.424434057
     ],
     [
      -48.709391629,
      -25.424518824
     ],
     [
      -48.709376288,
      -25.424548455
     ],
     [
      -48.709347912,
      -25.424603591
     ],
     [
      -48.709309034,
      -25.424688358
     ],
     [
      -48.709282948,
      -25.424752799
     ],
     [
      -48.709282948,
      -25.424752799
     ]
    ]
   },
   "properties": {
    "tipo": "curva_nivel",
    "cota_m": 85,
    "equidistancia_m": 5
   }
  },
  {
   "type": "Feature",
   "geometry": {
    "type": "LineString",
    "coordinates": [
     [
      -48.719424841,
      -25.424434057
     ],
     [
      -48.719363701,
      -25.424480827
     ],
     [
      -48.719317976,
      -25.424518824
     ],
     [
      -48.719270361,
      -25.424561875
     ],
     [
      -48.719227504,
      -25.424603591
     ],
     [
      -48.719177021,
      -25.424657617
     ],
     [
      -48.719177021,
      -25.424657617
     ]
    ]
   },
   "properties": {
    "tipo": "curva_nivel",
    "cota_m": 85,
    "equidistancia_m": 5
   }
  },
  {
   "type": "Feature",
   "geometry": {
    "type": "LineString",
    "coordinates": [
     [
      -48.713763283,
      -25.424463453
     ],
     [
      -48.713805997,
      -25.424518824
     ],
     [
      -48.713856623,
      -25.424589916
     ],
     [
      -48.713866062,
      -25.424603591
     ],
     [
      -48.71392034,
      -25.424688358
     ],
     [
      -48.713949963,
      -25.42473887
     ],
     [
      -48.713969601,
      -25.424773125
     ],
     [
      -48.71401415,
      -25.424857892
     ],
     [
      -48.714043304,
      -25.424918967
     ],
     [
      -48.714054451,
      -25.424942659
     ],
     [
      -48.714090748,
      -25.425027426
     ],
     [
      -48.714123357,
      -25.425112193
     ],
     [
      -48.714123357,
      -25.425112193
     ]
    ]
   },
   "properties": {
    "tipo": "curva_nivel",
    "cota_m": 85,
    "equidistancia_m": 5
   }
  },
  {
   "type": "Feature",
   "geometry": {
    "type": "LineString",
    "coordinates": [
     [
      -48.702550201,
      -25.424434057
     ],
     [
      -48.702496211,
      -25.424518824
     ],
     [
      -48.702469105,
      -25.424566324
     ],
     [
      -48.702469105,
      -25.424566324
     ]
    ]
   },
   "properties": {
    "tipo": "curva_nivel",
    "cota_m": 85,
    "equidistancia_m": 5
   }
  },
  {
   "type": "Feature",
   "geometry": {
    "type": "LineString",
    "coordinates": [
     [
      -48.706202718,
      -25.424537914
     ],
     [
      -48.706230946,
      -25.424603591
     ],
     [
      -48.706262212,
      -25.424688358
     ],
     [
      -48.706288435,
      -25.424773125
     ],
     [
      -48.706288435,
      -25.424773125
     ]
    ]
   },
   "properties": {
    "tipo": "curva_nivel",
    "cota_m": 85,
    "equidistancia_m": 5
   }
  },
  {
   "type": "Feature",
   "geometry": {
    "type": "LineString",
    "coordinates": [
     [
      -48.702448787,
      -25.424603591
     ],
     [
      -48.702407656,
      -25.424688358
     ],
     [
      -48.702375765,
      -25.424763708
     ],
     [
      -48.702375765,
      -25.424763708
     ]
    ]
   },
   "properties": {
    "tipo": "curva_nivel",
    "cota_m": 85,
    "equidistancia_m": 5
   }
  },
  {
   "type": "Feature",
   "geometry": {
    "type": "LineString",
    "coordinates": [
     [
      -48.719150107,
      -25.424688358
     ],
     [
      -48.719083681,
      -25.424772715
     ],
     [
      -48.719083681,
      -25.424772715
     ],
     [
      -48.719026968,
      -25.424857892
     ],
     [
      -48.71899034,
      -25.424920716
     ],
     [
      -48.71899034,
      -25.424920716
     ]
    ]
   },
   "properties": {
    "tipo": "curva_nivel",
    "cota_m": 85,
    "equidistancia_m": 5
   }
  },
  {
   "type": "Feature",
   "geometry": {
    "type": "LineString",
    "coordinates": [
     [
      -48.70927466,
      -25.424773125
     ],
     [
      -48.709243881,
      -25.424857892
     ],
     [
      -48.709217259,
      -25.424942659
     ],
     [
      -48.709194466,
      -25.425027426
     ],
     [
      -48.709189607,
      -25.425048553
     ],
     [
      -48.709174603,
      -25.425112193
     ],
     [
      -48.709157947,
      -25.42519696
     ],
     [
      -48.709144445,
      -25.425281727
     ],
     [
      -48.709133848,
      -25.425366494
     ],
     [
      -48.709125916,
      -25.425451261
     ],
     [
      -48.709120413,
      -25.425536029
     ],
     [
      -48.709117101,
      -25.425620796
     ],
     [
      -48.709115736,
      -25.425705563
     ],
     [
      -48.70911607,
      -25.42579033
     ],
     [
      -48.70911784,
      -25.425875097
     ],
     [
      -48.709120771,
      -25.425959864
     ],
     [
      -48.70912457,
      -25.426044631
     ],
     [
      -48.70912892,
      -25.426129398
     ],
     [
      -48.709133479,
      -25.426214165
     ],
     [
      -48.709137871,
      -25.426298932
     ],
     [
      -48.709141684,
      -25.426383699
     ],
     [
      -48.709144458,
      -25.426468466
     ],
     [
      -48.709145678,
      -25.426553233
     ],
     [
      -48.709144761,
      -25.426638001
     ],
     [
      -48.70914104,
      -25.426722768
     ],
     [
      -48.709133746,
      -25.426807535
     ],
     [
      -48.70912198,
      -25.426892302
     ],
     [
      -48.709104682,
      -25.426977069
     ],
     [
      -48.709096267,
      -25.427007528
     ],
     [
      -48.709080023,
      -25.427061836
     ],
     [
      -48.709046499,
      -25.427146603
     ],
     [
      -48.709002927,
      -25.427230621
     ],
     [
      -48.709002927,
      -25.427230621
     ],
     [
      -48.708943698,
      -25.427316137
     ],
     [
      -48.708909587,
      -25.427356019
     ],
     [
      -48.708867321,
      -25.427400904
     ],
     [
      -48.708816246,
      -25.427446491
     ],
     [
      -48.708767733,
      -25.427485671
     ]
    ]
   },
   "properties": {
    "tipo": "curva_nivel",
    "cota_m": 85,
    "equidistancia_m": 5
   }
  },
  {
   "type": "Feature",
   "geometry": {
    "type": "LineString",
    "coordinates": [
     [
      -48.706296058,
      -25.424802855
     ],
     [
      -48.706310226,
      -25.424857892
     ],
     [
      -48.706327598,
      -25.424942659
     ],
     [
      -48.706340581,
      -25.425027426
     ],
     [
      -48.706349344,
      -25.425112193
     ],
     [
      -48.706354025,
      -25.42519696
     ],
     [
      -48.70635474,
      -25.425281727
     ],
     [
      -48.706351582,
      -25.425366494
     ],
     [
      -48.706344627,
      -25.425451261
     ],
     [
      -48.706333931,
      -25.425536029
     ],
     [
      -48.706319533,
      -25.425620796
     ],
     [
      -48.706301455,
      -25.425705563
     ],
     [
      -48.706296058,
      -25.425726838
     ],
     [
      -48.706280109,
      -25.42579033
     ],
     [
      -48.706255304,
      -25.425875097
     ],
     [
      -48.706226863,
      -25.425959864
     ],
     [
      -48.706202718,
      -25.426023924
     ],
     [
      -48.706202718,
      -25.426023924
     ]
    ]
   },
   "properties": {
    "tipo": "curva_nivel",
    "cota_m": 85,
    "equidistancia_m": 5
   }
  },
  {
   "type": "Feature",
   "geometry": {
    "type": "LineString",
    "coordinates": [
     [
      -48.702371922,
      -25.424773125
     ],
     [
      -48.702341894,
      -25.424857892
     ],
     [
      -48.702316666,
      -25.424942659
     ],
     [
      -48.702296082,
      -25.425027426
     ],
     [
      -48.702282424,
      -25.425099391
     ],
     [
      -48.702282424,
      -25.425099391
     ]
    ]
   },
   "properties": {
    "tipo": "curva_nivel",
    "cota_m": 85,
    "equidistancia_m": 5
   }
  },
  {
   "type": "Feature",
   "geometry": {
    "type": "LineString",
    "coordinates": [
     [
      -48.71897813,
      -25.424942659
     ],
     [
      -48.718937219,
      -25.425027426
     ],
     [
      -48.718902583,
      -25.425112193
     ],
     [
      -48.718897,
      -25.425128732
     ],
     [
      -48.718874747,
      -25.42519696
     ],
     [
      -48.718852761,
      -25.425281727
     ],
     [
      -48.718836278,
      -25.425366494
     ],
     [
      -48.718825161,
      -25.425451261
     ],
     [
      -48.718819304,
      -25.425536029
     ],
     [
      -48.718818625,
      -25.425620796
     ],
     [
      -48.718823072,
      -25.425705563
     ],
     [
      -48.718832622,
      -25.42579033
     ],
     [
      -48.718847285,
      -25.425875097
     ],
     [
      -48.718867108,
      -25.425959864
     ],
     [
      -48.718892184,
      -25.426044631
     ],
     [
      -48.718923583,
      -25.426129398
     ],
     [
      -48.718960974,
      -25.426214165
     ],
     [
      -48.71899034,
      -25.426272027
     ],
     [
      -48.719005108,
      -25.426298932
     ],
     [
      -48.71905736,
      -25.426383699
     ],
     [
      -48.719083681,
      -25.42642201
     ],
     [
      -48.719118778,
      -25.426468466
     ],
     [
      -48.719177021,
      -25.426538178
     ],
     [
      -48.719191047,
      -25.426553233
     ],
     [
      -48.719270361,
      -25.426631494
     ],
     [
      -48.719277831,
      -25.426638001
     ],
     [
      -48.719363701,
      -25.426707747
     ],
     [
      -48.719385043,
      -25.426722768
     ],
     [
      -48.719457042,
      -25.426770641
     ],
     [
      -48.719522509,
      -25.426807535
     ],
     [
      -48.719522509,
      -25.426807535
     ]
    ]
   },
   "properties": {
    "tipo": "curva_nivel",
    "cota_m": 85,
    "equidistancia_m": 5
   }
  },
  {
   "type": "Feature",
   "geometry": {
    "type": "LineString",
    "coordinates": [
     [
      -48.714136644,
      -25.425150692
     ],
     [
      -48.714152545,
      -25.42519696
     ],
     [
      -48.714178522,
      -25.425281727
     ],
     [
      -48.714201478,
      -25.425366494
     ],
     [
      -48.714221622,
      -25.425451261
     ],
     [
      -48.714221622,
      -25.425451261
     ]
    ]
   },
   "properties": {
    "tipo": "curva_nivel",
    "cota_m": 85,
    "equidistancia_m": 5
   }
  },
  {
   "type": "Feature",
   "geometry": {
    "type": "LineString",
    "coordinates": [
     [
      -48.702280051,
      -25.425112193
     ],
     [
      -48.702268584,
      -25.42519696
     ],
     [
      -48.702261335,
      -25.425281727
     ],
     [
      -48.702258223,
      -25.425366494
     ],
     [
      -48.702259184,
      -25.425451261
     ],
     [
      -48.702264165,
      -25.425536029
     ],
     [
      -48.702273129,
      -25.425620796
     ],
     [
      -48.702282424,
      -25.425681927
     ],
     [
      -48.702286122,
      -25.425705563
     ],
     [
      -48.702303314,
      -25.42579033
     ],
     [
      -48.702324545,
      -25.425875097
     ],
     [
      -48.702349846,
      -25.425959864
     ],
     [
      -48.702375765,
      -25.426034695
     ],
     [
      -48.702379356,
      -25.426044631
     ],
     [
      -48.702413765,
      -25.426129398
     ],
     [
      -48.702452595,
      -25.426214165
     ],
     [
      -48.702452595,
      -25.426214165
     ]
    ]
   },
   "properties": {
    "tipo": "curva_nivel",
    "cota_m": 85,
    "equidistancia_m": 5
   }
  },
  {
   "type": "Feature",
   "geometry": {
    "type": "LineString",
    "coordinates": [
     [
      -48.714229984,
      -25.425491726
     ],
     [
      -48.71423921,
      -25.425536029
     ],
     [
      -48.714254421,
      -25.425620796
     ],
     [
      -48.714267415,
      -25.425705563
     ],
     [
      -48.714278399,
      -25.42579033
     ],
     [
      -48.714287591,
      -25.425875097
     ],
     [
      -48.714295212,
      -25.425959864
     ],
     [
      -48.7143015,
      -25.426044631
     ],
     [
      -48.714306705,
      -25.426129398
     ],
     [
      -48.714311095,
      -25.426214165
     ],
     [
      -48.714314962,
      -25.426298932
     ],
     [
      -48.714318626,
      -25.426383699
     ],
     [
      -48.714322442,
      -25.426468466
     ],
     [
      -48.714326831,
      -25.426553233
     ],
     [
      -48.714332229,
      -25.426638001
     ],
     [
      -48.714339146,
      -25.426722768
     ],
     [
      -48.714348183,
      -25.426807535
     ],
     [
      -48.714360044,
      -25.426892302
     ],
     [
      -48.714375571,
      -25.426977069
     ],
     [
      -48.714395785,
      -25.427061836
     ],
     [
      -48.714416665,
      -25.427130237
     ],
     [
      -48.714421989,
      -25.427146603
     ],
     [
      -48.714455931,
      -25.42723137
     ],
     [
      -48.714499428,
      -25.427316137
     ],
     [
      -48.714499428,
      -25.427316137
     ]
    ]
   },
   "properties": {
    "tipo": "curva_nivel",
    "cota_m": 85,
    "equidistancia_m": 5
   }
  },
  {
   "type": "Feature",
   "geometry": {
    "type": "LineString",
    "coordinates": [
     [
      -48.706194865,
      -25.426044631
     ],
     [
      -48.706159599,
      -25.426129398
     ],
     [
      -48.706120449,
      -25.426214165
     ],
     [
      -48.706109377,
      -25.426236478
     ],
     [
      -48.70607764,
      -25.426298932
     ],
     [
      -48.706030673,
      -25.426383699
     ],
     [
      -48.706016037,
      -25.426408531
     ],
     [
      -48.705979288,
      -25.426468466
     ],
     [
      -48.705922852,
      -25.426553233
     ],
     [
      -48.705922697,
      -25.426553458
     ],
     [
      -48.705860619,
      -25.426638001
     ],
     [
      -48.705829356,
      -25.42667775
     ],
     [
      -48.705791347,
      -25.426722768
     ],
     [
      -48.705736016,
      -25.426784394
     ],
     [
      -48.705736016,
      -25.426784394
     ]
    ]
   },
   "properties": {
    "tipo": "curva_nivel",
    "cota_m": 85,
    "equidistancia_m": 5
   }
  },
  {
   "type": "Feature",
   "geometry": {
    "type": "LineString",
    "coordinates": [
     [
      -48.702469105,
      -25.426246962
     ],
     [
      -48.702496751,
      -25.426298932
     ],
     [
      -48.702546275,
      -25.426383699
     ],
     [
      -48.702546275,
      -25.426383699
     ]
    ]
   },
   "properties": {
    "tipo": "curva_nivel",
    "cota_m": 85,
    "equidistancia_m": 5
   }
  },
  {
   "type": "Feature",
   "geometry": {
    "type": "LineString",
    "coordinates": [
     [
      -48.702562445,
      -25.426409352
     ],
     [
      -48.702602246,
      -25.426468466
     ],
     [
      -48.702655786,
      -25.426541802
     ],
     [
      -48.702664774,
      -25.426553233
     ],
     [
      -48.702735712,
      -25.426638001
     ],
     [
      -48.702735712,
      -25.426638001
     ]
    ]
   },
   "properties": {
    "tipo": "curva_nivel",
    "cota_m": 85,
    "equidistancia_m": 5
   }
  },
  {
   "type": "Feature",
   "geometry": {
    "type": "LineString",
    "coordinates": [
     [
      -48.702749126,
      -25.426653134
     ],
     [
      -48.702816405,
      -25.426722768
     ],
     [
      -48.702816405,
      -25.426722768
     ]
    ]
   },
   "properties": {
    "tipo": "curva_nivel",
    "cota_m": 85,
    "equidistancia_m": 5
   }
  },
  {
   "type": "Feature",
   "geometry": {
    "type": "LineString",
    "coordinates": [
     [
      -48.702842466,
      -25.426748351
     ],
     [
      -48.702908791,
      -25.426807535
     ],
     [
      -48.702908791,
      -25.426807535
     ]
    ]
   },
   "properties": {
    "tipo": "curva_nivel",
    "cota_m": 85,
    "equidistancia_m": 5
   }
  },
  {
   "type": "Feature",
   "geometry": {
    "type": "LineString",
    "coordinates": [
     [
      -48.705713372,
      -25.426807535
     ],
     [
      -48.705642676,
      -25.426875953
     ],
     [
      -48.705642676,
      -25.426875953
     ]
    ]
   },
   "properties": {
    "tipo": "curva_nivel",
    "cota_m": 85,
    "equidistancia_m": 5
   }
  },
  {
   "type": "Feature",
   "geometry": {
    "type": "LineString",
    "coordinates": [
     [
      -48.702935807,
      -25.426830612
     ],
     [
      -48.703016018,
      -25.426892302
     ],
     [
      -48.703016018,
      -25.426892302
     ]
    ]
   },
   "properties": {
    "tipo": "curva_nivel",
    "cota_m": 85,
    "equidistancia_m": 5
   }
  },
  {
   "type": "Feature",
   "geometry": {
    "type": "LineString",
    "coordinates": [
     [
      -48.705623946,
      -25.426892302
     ],
     [
      -48.705549335,
      -25.426954403
     ],
     [
      -48.705549335,
      -25.426954403
     ]
    ]
   },
   "properties": {
    "tipo": "curva_nivel",
    "cota_m": 85,
    "equidistancia_m": 5
   }
  },
  {
   "type": "Feature",
   "geometry": {
    "type": "LineString",
    "coordinates": [
     [
      -48.703029147,
      -25.426902053
     ],
     [
      -48.703122487,
      -25.426964367
     ],
     [
      -48.70314385,
      -25.426977069
     ],
     [
      -48.703215828,
      -25.427018898
     ],
     [
      -48.703300159,
      -25.427061836
     ],
     [
      -48.703300159,
      -25.427061836
     ]
    ]
   },
   "properties": {
    "tipo": "curva_nivel",
    "cota_m": 85,
    "equidistancia_m": 5
   }
  },
  {
   "type": "Feature",
   "geometry": {
    "type": "LineString",
    "coordinates": [
     [
      -48.705518534,
      -25.426977069
     ],
     [
      -48.705455995,
      -25.427021249
     ],
     [
      -48.705389423,
      -25.427061836
     ],
     [
      -48.705362655,
      -25.427077609
     ],
     [
      -48.705269314,
      -25.42712525
     ],
     [
      -48.705219799,
      -25.427146603
     ],
     [
      -48.705175974,
      -25.427165045
     ],
     [
      -48.705082634,
      -25.427198169
     ],
     [
      -48.704989293,
      -25.427224966
     ],
     [
      -48.704989293,
      -25.427224966
     ]
    ]
   },
   "properties": {
    "tipo": "curva_nivel",
    "cota_m": 85,
    "equidistancia_m": 5
   }
  },
  {
   "type": "Feature",
   "geometry": {
    "type": "LineString",
    "coordinates": [
     [
      -48.704962353,
      -25.42723137
     ],
     [
      -48.704895953,
      -25.427246974
     ],
     [
      -48.704802613,
      -25.42726433
     ],
     [
      -48.704709273,
      -25.427277397
     ],
     [
      -48.704615932,
      -25.427286635
     ],
     [
      -48.704522592,
      -25.427292377
     ],
     [
      -48.704429252,
      -25.427294861
     ],
     [
      -48.704335911,
      -25.427294238
     ],
     [
      -48.704242571,
      -25.42729059
     ],
     [
      -48.704149231,
      -25.427283939
     ],
     [
      -48.70405589,
      -25.427274241
     ],
     [
      -48.70396255,
      -25.427261397
     ],
     [
      -48.70386921,
      -25.427245244
     ],
     [
      -48.703803322,
      -25.42723137
     ],
     [
      -48.703775869,
      -25.427225691
     ],
     [
      -48.703682529,
      -25.427202734
     ],
     [
      -48.703589189,
      -25.427175668
     ],
     [
      -48.703495848,
      -25.427144077
     ],
     [
      -48.703503319,
      -25.427146603
     ],
     [
      -48.703402508,
      -25.427108058
     ],
     [
      -48.703309168,
      -25.427066357
     ]
    ]
   },
   "properties": {
    "tipo": "curva_nivel",
    "cota_m": 85,
    "equidistancia_m": 5
   }
  },
  {
   "type": "Feature",
   "geometry": {
    "type": "LineString",
    "coordinates": [
     [
      -48.714510005,
      -25.4273332
     ],
     [
      -48.714555541,
      -25.427400904
     ],
     [
      -48.714603346,
      -25.427458716
     ],
     [
      -48.714627734,
      -25.427485671
     ]
    ]
   },
   "properties": {
    "tipo": "curva_nivel",
    "cota_m": 85,
    "equidistancia_m": 5
   }
  },
  {
   "type": "Feature",
   "geometry": {
    "type": "LineString",
    "coordinates": [
     [
      -48.707416142,
      -25.419429224
     ],
     [
      -48.707416142,
      -25.419429224
     ],
     [
      -48.707509482,
      -25.419412514
     ],
     [
      -48.707602822,
      -25.419403096
     ],
     [
      -48.707696163,
      -25.419400835
     ],
     [
      -48.707789503,
      -25.419405634
     ],
     [
      -48.707882843,
      -25.419417432
     ],
     [
      -48.707959226,
      -25.419432799
     ],
     [
      -48.707959226,
      -25.419432799
     ]
    ]
   },
   "properties": {
    "tipo": "curva_nivel",
    "cota_m": 90,
    "equidistancia_m": 5
   }
  },
  {
   "type": "Feature",
   "geometry": {
    "type": "LineString",
    "coordinates": [
     [
      -48.707976183,
      -25.419436479
     ],
     [
      -48.708069524,
      -25.419464325
     ],
     [
      -48.708162864,
      -25.419499723
     ],
     [
      -48.708201609,
      -25.419517566
     ],
     [
      -48.708256204,
      -25.419545045
     ],
     [
      -48.708349545,
      -25.419600341
     ],
     [
      -48.708352471,
      -25.419602333
     ],
     [
      -48.708442885,
      -25.419670434
     ],
     [
      -48.708462495,
      -25.4196871
     ],
     [
      -48.708536225,
      -25.419757369
     ],
     [
      -48.708549921,
      -25.419771867
     ],
     [
      -48.708620279,
      -25.419856634
     ],
     [
      -48.708620279,
      -25.419856634
     ]
    ]
   },
   "properties": {
    "tipo": "curva_nivel",
    "cota_m": 90,
    "equidistancia_m": 5
   }
  },
  {
   "type": "Feature",
   "geometry": {
    "type": "LineString",
    "coordinates": [
     [
      -48.707402178,
      -25.419432799
     ],
     [
      -48.707322801,
      -25.419455116
     ],
     [
      -48.707229461,
      -25.419489616
     ],
     [
      -48.707168542,
      -25.419517566
     ],
     [
      -48.707136121,
      -25.419534132
     ],
     [
      -48.70704278,
      -25.419591022
     ],
     [
      -48.70704278,
      -25.419591022
     ]
    ]
   },
   "properties": {
    "tipo": "curva_nivel",
    "cota_m": 90,
    "equidistancia_m": 5
   }
  },
  {
   "type": "Feature",
   "geometry": {
    "type": "LineString",
    "coordinates": [
     [
      -48.707026756,
      -25.419602333
     ],
     [
      -48.70694944,
      -25.419664055
     ],
     [
      -48.70694944,
      -25.419664055
     ]
    ]
   },
   "properties": {
    "tipo": "curva_nivel",
    "cota_m": 90,
    "equidistancia_m": 5
   }
  },
  {
   "type": "Feature",
   "geometry": {
    "type": "LineString",
    "coordinates": [
     [
      -48.706923996,
      -25.4196871
     ],
     [
      -48.7068561,
      -25.419757791
     ],
     [
      -48.7068561,
      -25.419757791
     ]
    ]
   },
   "properties": {
    "tipo": "curva_nivel",
    "cota_m": 90,
    "equidistancia_m": 5
   }
  },
  {
   "type": "Feature",
   "geometry": {
    "type": "LineString",
    "coordinates": [
     [
      -48.706843936,
      -25.419771867
     ],
     [
      -48.706781184,
      -25.419856634
     ],
     [
      -48.706762759,
      -25.419886432
     ],
     [
      -48.70673155,
      -25.419941402
     ],
     [
      -48.706692513,
      -25.420026169
     ],
     [
      -48.706669419,
      -25.420090757
     ],
     [
      -48.706669419,
      -25.420090757
     ]
    ]
   },
   "properties": {
    "tipo": "curva_nivel",
    "cota_m": 90,
    "equidistancia_m": 5
   }
  },
  {
   "type": "Feature",
   "geometry": {
    "type": "LineString",
    "coordinates": [
     [
      -48.708629566,
      -25.419869612
     ],
     [
      -48.708676504,
      -25.419941402
     ],
     [
      -48.708722906,
      -25.42002552
     ],
     [
      -48.708723237,
      -25.420026169
     ],
     [
      -48.708758526,
      -25.420110936
     ],
     [
      -48.708786095,
      -25.420195703
     ],
     [
      -48.708806055,
      -25.42028047
     ],
     [
      -48.708816246,
      -25.420350074
     ],
     [
      -48.708818333,
      -25.420365237
     ],
     [
      -48.708822945,
      -25.420450004
     ],
     [
      -48.708820625,
      -25.420534771
     ],
     [
      -48.708816246,
      -25.420575194
     ],
     [
      -48.708810996,
      -25.420619538
     ],
     [
      -48.708793521,
      -25.420704305
     ],
     [
      -48.708768437,
      -25.420789072
     ],
     [
      -48.708735602,
      -25.420873839
     ],
     [
      -48.708722906,
      -25.420900694
     ],
     [
      -48.708692361,
      -25.420958606
     ],
     [
      -48.708639059,
      -25.421043374
     ],
     [
      -48.708629566,
      -25.421056562
     ],
     [
      -48.708571064,
      -25.421128141
     ],
     [
      -48.708536225,
      -25.421165864
     ],
     [
      -48.708486025,
      -25.421212908
     ],
     [
      -48.708442885,
      -25.42124953
     ],
     [
      -48.708375969,
      -25.421297675
     ],
     [
      -48.708349545,
      -25.421315234
     ],
     [
      -48.708256204,
      -25.421366841
     ],
     [
      -48.708256204,
      -25.421366841
     ]
    ]
   },
   "properties": {
    "tipo": "curva_nivel",
    "cota_m": 90,
    "equidistancia_m": 5
   }
  },
  {
   "type": "Feature",
   "geometry": {
    "type": "LineString",
    "coordinates": [
     [
      -48.706662679,
      -25.420110936
     ],
     [
      -48.706642098,
      -25.420195703
     ],
     [
      -48.706629041,
      -25.42028047
     ],
     [
      -48.706623269,
      -25.420365237
     ],
     [
      -48.706624603,
      -25.420450004
     ],
     [
      -48.706632922,
      -25.420534771
     ],
     [
      -48.706648157,
      -25.420619538
     ],
     [
      -48.706669419,
      -25.420700991
     ],
     [
      -48.706670353,
      -25.420704305
     ],
     [
      -48.706701321,
      -25.420789072
     ],
     [
      -48.706739812,
      -25.420873839
     ],
     [
      -48.706762759,
      -25.42091642
     ],
     [
      -48.706787778,
      -25.420958606
     ],
     [
      -48.706846099,
      -25.421043374
     ],
     [
      -48.706846099,
      -25.421043374
     ]
    ]
   },
   "properties": {
    "tipo": "curva_nivel",
    "cota_m": 90,
    "equidistancia_m": 5
   }
  },
  {
   "type": "Feature",
   "geometry": {
    "type": "LineString",
    "coordinates": [
     [
      -48.7068561,
      -25.421056274
     ],
     [
      -48.706918538,
      -25.421128141
     ],
     [
      -48.70694944,
      -25.42116004
     ],
     [
      -48.707007858,
      -25.421212908
     ],
     [
      -48.70704278,
      -25.421241778
     ],
     [
      -48.707121553,
      -25.421297675
     ],
     [
      -48.707121553,
      -25.421297675
     ]
    ]
   },
   "properties": {
    "tipo": "curva_nivel",
    "cota_m": 90,
    "equidistancia_m": 5
   }
  },
  {
   "type": "Feature",
   "geometry": {
    "type": "LineString",
    "coordinates": [
     [
      -48.707136121,
      -25.421307269
     ],
     [
      -48.707229461,
      -25.42135927
     ],
     [
      -48.707280428,
      -25.421382442
     ],
     [
      -48.707322801,
      -25.42140064
     ],
     [
      -48.707416142,
      -25.421432356
     ],
     [
      -48.707509482,
      -25.421455832
     ],
     [
      -48.707577024,
      -25.421467209
     ],
     [
      -48.707577024,
      -25.421467209
     ]
    ]
   },
   "properties": {
    "tipo": "curva_nivel",
    "cota_m": 90,
    "equidistancia_m": 5
   }
  },
  {
   "type": "Feature",
   "geometry": {
    "type": "LineString",
    "coordinates": [
     [
      -48.708221255,
      -25.421382442
     ],
     [
      -48.708162864,
      -25.421407035
     ],
     [
      -48.708069524,
      -25.421437534
     ],
     [
      -48.707976183,
      -25.421459632
     ],
     [
      -48.707926528,
      -25.421467209
     ],
     [
      -48.707882843,
      -25.421473647
     ],
     [
      -48.707789503,
      -25.421480093
     ],
     [
      -48.707696163,
      -25.42147934
     ],
     [
      -48.707602822,
      -25.421471397
     ]
    ]
   },
   "properties": {
    "tipo": "curva_nivel",
    "cota_m": 90,
    "equidistancia_m": 5
   }
  },
  {
   "type": "Feature",
   "geometry": {
    "type": "LineString",
    "coordinates": [
     [
      -48.710683052,
      -25.423837174
     ],
     [
      -48.710683052,
      -25.423837174
     ],
     [
      -48.710776393,
      -25.423808801
     ],
     [
      -48.710869733,
      -25.423784668
     ],
     [
      -48.710963073,
      -25.423764422
     ],
     [
      -48.711010063,
      -25.42375592
     ],
     [
      -48.711056414,
      -25.42374784
     ],
     [
      -48.711149754,
      -25.423734659
     ],
     [
      -48.711243094,
      -25.423724605
     ],
     [
      -48.711336435,
      -25.423717509
     ],
     [
      -48.711429775,
      -25.42371324
     ],
     [
      -48.711523115,
      -25.423711698
     ],
     [
      -48.711616456,
      -25.423712811
     ],
     [
      -48.711709796,
      -25.423716535
     ],
     [
      -48.711803136,
      -25.42372285
     ],
     [
      -48.711896477,
      -25.42373176
     ],
     [
      -48.711989817,
      -25.423743293
     ],
     [
      -48.712072757,
      -25.42375592
     ],
     [
      -48.712072757,
      -25.42375592
     ]
    ]
   },
   "properties": {
    "tipo": "curva_nivel",
    "cota_m": 90,
    "equidistancia_m": 5
   }
  },
  {
   "type": "Feature",
   "geometry": {
    "type": "LineString",
    "coordinates": [
     [
      -48.712083157,
      -25.423757518
     ],
     [
      -48.712176497,
      -25.423774656
     ],
     [
      -48.712269838,
      -25.423794667
     ],
     [
      -48.712363178,
      -25.423817672
     ],
     [
      -48.712445402,
      -25.423840687
     ],
     [
      -48.712445402,
      -25.423840687
     ]
    ]
   },
   "properties": {
    "tipo": "curva_nivel",
    "cota_m": 90,
    "equidistancia_m": 5
   }
  },
  {
   "type": "Feature",
   "geometry": {
    "type": "LineString",
    "coordinates": [
     [
      -48.704980281,
      -25.423925454
     ],
     [
      -48.704980281,
      -25.423925454
     ],
     [
      -48.704895953,
      -25.423900634
     ],
     [
      -48.704802613,
      -25.423878261
     ],
     [
      -48.704709273,
      -25.423860691
     ],
     [
      -48.704615932,
      -25.423847616
     ],
     [
      -48.704522592,
      -25.423838826
     ],
     [
      -48.704542978,
      -25.423840687
     ],
     [
      -48.704429252,
      -25.423834153
     ],
     [
      -48.704335911,
      -25.423833334
     ],
     [
      -48.704242571,
      -25.423836278
     ],
     [
      -48.704180999,
      -25.423840687
     ],
     [
      -48.704149231,
      -25.423842984
     ],
     [
      -48.70405589,
      -25.423853566
     ],
     [
      -48.70396255,
      -25.423867975
     ],
     [
      -48.70386921,
      -25.423886291
     ],
     [
      -48.703775869,
      -25.423908637
     ],
     [
      -48.703716644,
      -25.423925454
     ],
     [
      -48.703682529,
      -25.423935427
     ],
     [
      -48.703589189,
      -25.423967158
     ],
     [
      -48.703495848,
      -25.424003661
     ],
     [
      -48.703495848,
      -25.424003661
     ]
    ]
   },
   "properties": {
    "tipo": "curva_nivel",
    "cota_m": 90,
    "equidistancia_m": 5
   }
  },
  {
   "type": "Feature",
   "geometry": {
    "type": "LineString",
    "coordinates": [
     [
      -48.712456518,
      -25.423843867
     ],
     [
      -48.712549859,
      -25.423873752
     ],
     [
      -48.712643199,
      -25.423907193
     ],
     [
      -48.712689304,
      -25.423925454
     ],
     [
      -48.712736539,
      -25.423944765
     ],
     [
      -48.71282988,
      -25.423986773
     ],
     [
      -48.712877455,
      -25.424010221
     ],
     [
      -48.71292322,
      -25.424033685
     ],
     [
      -48.71301656,
      -25.424085918
     ],
     [
      -48.713031578,
      -25.424094988
     ],
     [
      -48.713109901,
      -25.42414457
     ],
     [
      -48.713161305,
      -25.424179755
     ],
     [
      -48.713203241,
      -25.424210024
     ],
     [
      -48.713273568,
      -25.424264522
     ],
     [
      -48.713273568,
      -25.424264522
     ]
    ]
   },
   "properties": {
    "tipo": "curva_nivel",
    "cota_m": 90,
    "equidistancia_m": 5
   }
  },
  {
   "type": "Feature",
   "geometry": {
    "type": "LineString",
    "coordinates": [
     [
      -48.71067277,
      -25.423840687
     ],
     [
      -48.710589712,
      -25.423870516
     ],
     [
      -48.710496372,
      -25.423909052
     ],
     [
      -48.710496372,
      -25.423909052
     ]
    ]
   },
   "properties": {
    "tipo": "curva_nivel",
    "cota_m": 90,
    "equidistancia_m": 5
   }
  },
  {
   "type": "Feature",
   "geometry": {
    "type": "LineString",
    "coordinates": [
     [
      -48.710460801,
      -25.423925454
     ],
     [
      -48.710403032,
      -25.423953705
     ],
     [
      -48.710309691,
      -25.42400501
     ],
     [
      -48.710309691,
      -25.42400501
     ]
    ]
   },
   "properties": {
    "tipo": "curva_nivel",
    "cota_m": 90,
    "equidistancia_m": 5
   }
  },
  {
   "type": "Feature",
   "geometry": {
    "type": "LineString",
    "coordinates": [
     [
      -48.704989293,
      -25.423928258
     ],
     [
      -48.705082634,
      -25.423962217
     ],
     [
      -48.705175974,
      -25.424002482
     ],
     [
      -48.705191805,
      -25.424010221
     ],
     [
      -48.705269314,
      -25.424050846
     ],
     [
      -48.705342925,
      -25.424094988
     ],
     [
      -48.705342925,
      -25.424094988
     ]
    ]
   },
   "properties": {
    "tipo": "curva_nivel",
    "cota_m": 90,
    "equidistancia_m": 5
   }
  },
  {
   "type": "Feature",
   "geometry": {
    "type": "LineString",
    "coordinates": [
     [
      -48.710300987,
      -25.424010221
     ],
     [
      -48.710216351,
      -25.424064441
     ],
     [
      -48.710172985,
      -25.424094988
     ],
     [
      -48.710123011,
      -25.424132928
     ],
     [
      -48.710066062,
      -25.424179755
     ],
     [
      -48.71002967,
      -25.424212251
     ],
     [
      -48.709974901,
      -25.424264522
     ],
     [
      -48.70993633,
      -25.424304819
     ],
     [
      -48.709896025,
      -25.424349289
     ],
     [
      -48.70984299,
      -25.424413902
     ],
     [
      -48.70984299,
      -25.424413902
     ]
    ]
   },
   "properties": {
    "tipo": "curva_nivel",
    "cota_m": 90,
    "equidistancia_m": 5
   }
  },
  {
   "type": "Feature",
   "geometry": {
    "type": "LineString",
    "coordinates": [
     [
      -48.703480982,
      -25.424010221
     ],
     [
      -48.703402508,
      -25.424046351
     ],
     [
      -48.703309168,
      -25.424094855
     ],
     [
      -48.703309168,
      -25.424094855
     ],
     [
      -48.703215828,
      -25.424151465
     ],
     [
      -48.703173736,
      -25.424179755
     ],
     [
      -48.703122487,
      -25.424216435
     ],
     [
      -48.703061314,
      -25.424264522
     ],
     [
      -48.703029147,
      -25.42429172
     ],
     [
      -48.702966621,
      -25.424349289
     ],
     [
      -48.702935807,
      -25.424380138
     ],
     [
      -48.702885936,
      -25.424434057
     ],
     [
      -48.702842466,
      -25.424485769
     ],
     [
      -48.702842466,
      -25.424485769
     ]
    ]
   },
   "properties": {
    "tipo": "curva_nivel",
    "cota_m": 90,
    "equidistancia_m": 5
   }
  },
  {
   "type": "Feature",
   "geometry": {
    "type": "LineString",
    "coordinates": [
     [
      -48.705813058,
      -25.424603591
     ],
     [
      -48.705813058,
      -25.424603591
     ],
     [
      -48.705763942,
      -25.424518824
     ],
     [
      -48.705736016,
      -25.424476769
     ],
     [
      -48.705706108,
      -25.424434057
     ],
     [
      -48.705638276,
      -25.424349289
     ],
     [
      -48.705557766,
      -25.424264522
     ],
     [
      -48.705549335,
      -25.424256505
     ],
     [
      -48.705455995,
      -25.424175451
     ],
     [
      -48.705461405,
      -25.424179755
     ],
     [
      -48.705362655,
      -25.424107797
     ]
    ]
   },
   "properties": {
    "tipo": "curva_nivel",
    "cota_m": 90,
    "equidistancia_m": 5
   }
  },
  {
   "type": "Feature",
   "geometry": {
    "type": "LineString",
    "coordinates": [
     [
      -48.713296581,
      -25.424283444
     ],
     [
      -48.713371697,
      -25.424349289
     ],
     [
      -48.713371697,
      -25.424349289
     ]
    ]
   },
   "properties": {
    "tipo": "curva_nivel",
    "cota_m": 90,
    "equidistancia_m": 5
   }
  },
  {
   "type": "Feature",
   "geometry": {
    "type": "LineString",
    "coordinates": [
     [
      -48.713389922,
      -25.424366345
     ],
     [
      -48.713458251,
      -25.424434057
     ],
     [
      -48.713458251,
      -25.424434057
     ]
    ]
   },
   "properties": {
    "tipo": "curva_nivel",
    "cota_m": 90,
    "equidistancia_m": 5
   }
  },
  {
   "type": "Feature",
   "geometry": {
    "type": "LineString",
    "coordinates": [
     [
      -48.713483262,
      -25.424460686
     ],
     [
      -48.713535178,
      -25.424518824
     ],
     [
      -48.713576602,
      -25.424568984
     ],
     [
      -48.713603954,
      -25.424603591
     ],
     [
      -48.713665593,
      -25.424688358
     ],
     [
      -48.71372051,
      -25.424773125
     ],
     [
      -48.713763283,
      -25.424846118
     ],
     [
      -48.713769985,
      -25.424857892
     ],
     [
      -48.713813977,
      -25.424942659
     ],
     [
      -48.713853429,
      -25.425027426
     ],
     [
      -48.713888267,
      -25.425112193
     ],
     [
      -48.713919102,
      -25.42519696
     ],
     [
      -48.713946205,
      -25.425281727
     ],
     [
      -48.713969659,
      -25.425366494
     ],
     [
      -48.713989806,
      -25.425451261
     ],
     [
      -48.714006873,
      -25.425536029
     ],
     [
      -48.714021057,
      -25.425620796
     ],
     [
      -48.71403255,
      -25.425705563
     ],
     [
      -48.714041543,
      -25.42579033
     ],
     [
      -48.714048209,
      -25.425875097
     ],
     [
      -48.714052762,
      -25.425959864
     ],
     [
      -48.714055406,
      -25.426044631
     ],
     [
      -48.71405635,
      -25.426129398
     ],
     [
      -48.714055811,
      -25.426214165
     ],
     [
      -48.714054018,
      -25.426298932
     ],
     [
      -48.714051217,
      -25.426383699
     ],
     [
      -48.714047675,
      -25.426468466
     ],
     [
      -48.714043681,
      -25.426553233
     ],
     [
      -48.714043304,
      -25.426561227
     ],
     [
      -48.714039539,
      -25.426638001
     ],
     [
      -48.714035628,
      -25.426722768
     ],
     [
      -48.714032364,
      -25.426807535
     ],
     [
      -48.714030227,
      -25.426892302
     ],
     [
      -48.714029782,
      -25.426977069
     ],
     [
      -48.714031707,
      -25.427061836
     ],
     [
      -48.71403683,
      -25.427146603
     ],
     [
      -48.714043304,
      -25.427206386
     ],
     [
      -48.714046162,
      -25.42723137
     ],
     [
      -48.714060944,
      -25.427316137
     ],
     [
      -48.714082926,
      -25.427400904
     ],
     [
      -48.714114402,
      -25.427485671
     ]
    ]
   },
   "properties": {
    "tipo": "curva_nivel",
    "cota_m": 90,
    "equidistancia_m": 5
   }
  },
  {
   "type": "Feature",
   "geometry": {
    "type": "LineString",
    "coordinates": [
     [
      -48.709827151,
      -25.424434057
     ],
     [
      -48.709766698,
      -25.424518824
     ],
     [
      -48.709749649,
      -25.424545407
     ],
     [
      -48.709713406,
      -25.424603591
     ],
     [
      -48.709666589,
      -25.424688358
     ],
     [
      -48.709656309,
      -25.424709206
     ],
     [
      -48.709625302,
      -25.424773125
     ],
     [
      -48.709589284,
      -25.424857892
     ],
     [
      -48.709562969,
      -25.424929355
     ],
     [
      -48.709562969,
      -25.424929355
     ]
    ]
   },
   "properties": {
    "tipo": "curva_nivel",
    "cota_m": 90,
    "equidistancia_m": 5
   }
  },
  {
   "type": "Feature",
   "geometry": {
    "type": "LineString",
    "coordinates": [
     [
      -48.702816531,
      -25.424518824
     ],
     [
      -48.702756751,
      -25.424603591
     ],
     [
      -48.702749126,
      -25.424615719
     ],
     [
      -48.702706086,
      -25.424688358
     ],
     [
      -48.702662328,
      -25.424773125
     ],
     [
      -48.702655786,
      -25.424787804
     ],
     [
      -48.702626068,
      -25.424857892
     ],
     [
      -48.702595931,
      -25.424942659
     ],
     [
      -48.702571481,
      -25.425027426
     ],
     [
      -48.702562445,
      -25.42506781
     ],
     [
      -48.70255289,
      -25.425112193
     ],
     [
      -48.70253982,
      -25.42519696
     ],
     [
      -48.702531867,
      -25.425281727
     ],
     [
      -48.702528945,
      -25.425366494
     ],
     [
      -48.702530991,
      -25.425451261
     ],
     [
      -48.702537962,
      -25.425536029
     ],
     [
      -48.702549835,
      -25.425620796
     ],
     [
      -48.702562445,
      -25.425684679
     ],
     [
      -48.702566753,
      -25.425705563
     ],
     [
      -48.702589199,
      -25.42579033
     ],
     [
      -48.702616786,
      -25.425875097
     ],
     [
      -48.702649597,
      -25.425959864
     ],
     [
      -48.702689023,
      -25.426044631
     ],
     [
      -48.702734402,
      -25.426129398
     ],
     [
      -48.702734402,
      -25.426129398
     ]
    ]
   },
   "properties": {
    "tipo": "curva_nivel",
    "cota_m": 90,
    "equidistancia_m": 5
   }
  },
  {
   "type": "Feature",
   "geometry": {
    "type": "LineString",
    "coordinates": [
     [
      -48.719363701,
      -25.424935514
     ],
     [
      -48.719363701,
      -25.424935514
     ],
     [
      -48.719423325,
      -25.424857892
     ],
     [
      -48.719457042,
      -25.42481948
     ],
     [
      -48.719501392,
      -25.424773125
     ],
     [
      -48.719550382,
      -25.424727569
     ],
     [
      -48.719596882,
      -25.424688358
     ],
     [
      -48.719643722,
      -25.424652705
     ]
    ]
   },
   "properties": {
    "tipo": "curva_nivel",
    "cota_m": 90,
    "equidistancia_m": 5
   }
  },
  {
   "type": "Feature",
   "geometry": {
    "type": "LineString",
    "coordinates": [
     [
      -48.705829356,
      -25.424636172
     ],
     [
      -48.705854507,
      -25.424688358
     ],
     [
      -48.705889089,
      -25.424773125
     ],
     [
      -48.70591746,
      -25.424857892
     ],
     [
      -48.705939956,
      -25.424942659
     ],
     [
      -48.705956955,
      -25.425027426
     ],
     [
      -48.705968723,
      -25.425112193
     ],
     [
      -48.705975459,
      -25.42519696
     ],
     [
      -48.705977319,
      -25.425281727
     ],
     [
      -48.70597442,
      -25.425366494
     ],
     [
      -48.705966844,
      -25.425451261
     ],
     [
      -48.70595464,
      -25.425536029
     ],
     [
      -48.705937822,
      -25.425620796
     ],
     [
      -48.705922697,
      -25.425680757
     ],
     [
      -48.705922697,
      -25.425680757
     ]
    ]
   },
   "properties": {
    "tipo": "curva_nivel",
    "cota_m": 90,
    "equidistancia_m": 5
   }
  },
  {
   "type": "Feature",
   "geometry": {
    "type": "LineString",
    "coordinates": [
     [
      -48.719358612,
      -25.424942659
     ],
     [
      -48.719306643,
      -25.425027426
     ],
     [
      -48.719270361,
      -25.425098112
     ],
     [
      -48.719270361,
      -25.425098112
     ]
    ]
   },
   "properties": {
    "tipo": "curva_nivel",
    "cota_m": 90,
    "equidistancia_m": 5
   }
  },
  {
   "type": "Feature",
   "geometry": {
    "type": "LineString",
    "coordinates": [
     [
      -48.709558091,
      -25.424942659
     ],
     [
      -48.709531018,
      -25.425027426
     ],
     [
      -48.709508163,
      -25.425112193
     ],
     [
      -48.709489205,
      -25.42519696
     ],
     [
      -48.709473858,
      -25.425281727
     ],
     [
      -48.709469628,
      -25.425311444
     ],
     [
      -48.709461681,
      -25.425366494
     ],
     [
      -48.709452582,
      -25.425451261
     ],
     [
      -48.709446422,
      -25.425536029
     ],
     [
      -48.709442971,
      -25.425620796
     ],
     [
      -48.709442005,
      -25.425705563
     ],
     [
      -48.709443301,
      -25.42579033
     ],
     [
      -48.709446637,
      -25.425875097
     ],
     [
      -48.709451783,
      -25.425959864
     ],
     [
      -48.709458503,
      -25.426044631
     ],
     [
      -48.70946655,
      -25.426129398
     ],
     [
      -48.709475541,
      -25.426214165
     ],
     [
      -48.709485246,
      -25.426298932
     ],
     [
      -48.709495435,
      -25.426383699
     ],
     [
      -48.709505789,
      -25.426468466
     ],
     [
      -48.709515952,
      -25.426553233
     ],
     [
      -48.709525531,
      -25.426638001
     ],
     [
      -48.709534076,
      -25.426722768
     ],
     [
      -48.709541076,
      -25.426807535
     ],
     [
      -48.709545935,
      -25.426892302
     ],
     [
      -48.709547948,
      -25.426977069
     ],
     [
      -48.709546274,
      -25.427061836
     ],
     [
      -48.709539883,
      -25.427146603
     ],
     [
      -48.709527497,
      -25.42723137
     ],
     [
      -48.709507494,
      -25.427316137
     ],
     [
      -48.709477769,
      -25.427400904
     ],
     [
      -48.709469628,
      -25.427418293
     ],
     [
      -48.709435224,
      -25.427485671
     ]
    ]
   },
   "properties": {
    "tipo": "curva_nivel",
    "cota_m": 90,
    "equidistancia_m": 5
   }
  },
  {
   "type": "Feature",
   "geometry": {
    "type": "LineString",
    "coordinates": [
     [
      -48.71926358,
      -25.425112193
     ],
     [
      -48.71923046,
      -25.42519696
     ],
     [
      -48.719204929,
      -25.425281727
     ],
     [
      -48.719186837,
      -25.425366494
     ],
     [
      -48.719177021,
      -25.425443853
     ],
     [
      -48.719177021,
      -25.425443853
     ]
    ]
   },
   "properties": {
    "tipo": "curva_nivel",
    "cota_m": 90,
    "equidistancia_m": 5
   }
  },
  {
   "type": "Feature",
   "geometry": {
    "type": "LineString",
    "coordinates": [
     [
      -48.719176125,
      -25.425451261
     ],
     [
      -48.719172816,
      -25.425536029
     ],
     [
      -48.719176355,
      -25.425620796
     ],
     [
      -48.719187321,
      -25.425705563
     ],
     [
      -48.719205663,
      -25.42579033
     ],
     [
      -48.719231475,
      -25.425875097
     ],
     [
      -48.71926496,
      -25.425959864
     ],
     [
      -48.71930889,
      -25.426044631
     ],
     [
      -48.719362148,
      -25.426129398
     ],
     [
      -48.719429896,
      -25.426214165
     ],
     [
      -48.719429896,
      -25.426214165
     ]
    ]
   },
   "properties": {
    "tipo": "curva_nivel",
    "cota_m": 90,
    "equidistancia_m": 5
   }
  },
  {
   "type": "Feature",
   "geometry": {
    "type": "LineString",
    "coordinates": [
     [
      -48.705916361,
      -25.425705563
     ],
     [
      -48.705890188,
      -25.42579033
     ],
     [
      -48.705859222,
      -25.425875097
     ],
     [
      -48.705829356,
      -25.425945838
     ],
     [
      -48.705829356,
      -25.425945838
     ]
    ]
   },
   "properties": {
    "tipo": "curva_nivel",
    "cota_m": 90,
    "equidistancia_m": 5
   }
  },
  {
   "type": "Feature",
   "geometry": {
    "type": "LineString",
    "coordinates": [
     [
      -48.705823266,
      -25.425959864
     ],
     [
      -48.705781907,
      -25.426044631
     ],
     [
      -48.705736016,
      -25.426127729
     ],
     [
      -48.705736016,
      -25.426127729
     ],
     [
      -48.705681642,
      -25.426214165
     ],
     [
      -48.705642676,
      -25.426270035
     ],
     [
      -48.705642676,
      -25.426270035
     ]
    ]
   },
   "properties": {
    "tipo": "curva_nivel",
    "cota_m": 90,
    "equidistancia_m": 5
   }
  },
  {
   "type": "Feature",
   "geometry": {
    "type": "LineString",
    "coordinates": [
     [
      -48.702749126,
      -25.426154156
     ],
     [
      -48.702787375,
      -25.426214165
     ],
     [
      -48.702842466,
      -25.426292041
     ],
     [
      -48.702847737,
      -25.426298932
     ],
     [
      -48.702918131,
      -25.426383699
     ],
     [
      -48.702918131,
      -25.426383699
     ]
    ]
   },
   "properties": {
    "tipo": "curva_nivel",
    "cota_m": 90,
    "equidistancia_m": 5
   }
  },
  {
   "type": "Feature",
   "geometry": {
    "type": "LineString",
    "coordinates": [
     [
      -48.719457042,
      -25.426244002
     ],
     [
      -48.719513872,
      -25.426298932
     ],
     [
      -48.719550382,
      -25.426330699
     ],
     [
      -48.719621091,
      -25.426383699
     ],
     [
      -48.719621091,
      -25.426383699
     ]
    ]
   },
   "properties": {
    "tipo": "curva_nivel",
    "cota_m": 90,
    "equidistancia_m": 5
   }
  },
  {
   "type": "Feature",
   "geometry": {
    "type": "LineString",
    "coordinates": [
     [
      -48.705621347,
      -25.426298932
     ],
     [
      -48.705552976,
      -25.426383699
     ],
     [
      -48.705549335,
      -25.426387911
     ],
     [
      -48.705474361,
      -25.426468466
     ],
     [
      -48.705455995,
      -25.426486807
     ],
     [
      -48.705383385,
      -25.426553233
     ],
     [
      -48.705362655,
      -25.426571015
     ],
     [
      -48.705276068,
      -25.426638001
     ],
     [
      -48.705269314,
      -25.42664294
     ],
     [
      -48.705175974,
      -25.426704317
     ],
     [
      -48.705175974,
      -25.426704317
     ]
    ]
   },
   "properties": {
    "tipo": "curva_nivel",
    "cota_m": 90,
    "equidistancia_m": 5
   }
  },
  {
   "type": "Feature",
   "geometry": {
    "type": "LineString",
    "coordinates": [
     [
      -48.702935807,
      -25.4264034
     ],
     [
      -48.702999681,
      -25.426468466
     ],
     [
      -48.702999681,
      -25.426468466
     ]
    ]
   },
   "properties": {
    "tipo": "curva_nivel",
    "cota_m": 90,
    "equidistancia_m": 5
   }
  },
  {
   "type": "Feature",
   "geometry": {
    "type": "LineString",
    "coordinates": [
     [
      -48.703029147,
      -25.426496517
     ],
     [
      -48.703094991,
      -25.426553233
     ],
     [
      -48.703094991,
      -25.426553233
     ]
    ]
   },
   "properties": {
    "tipo": "curva_nivel",
    "cota_m": 90,
    "equidistancia_m": 5
   }
  },
  {
   "type": "Feature",
   "geometry": {
    "type": "LineString",
    "coordinates": [
     [
      -48.703122487,
      -25.42657561
     ],
     [
      -48.703208129,
      -25.426638001
     ],
     [
      -48.703208129,
      -25.426638001
     ]
    ]
   },
   "properties": {
    "tipo": "curva_nivel",
    "cota_m": 90,
    "equidistancia_m": 5
   }
  },
  {
   "type": "Feature",
   "geometry": {
    "type": "LineString",
    "coordinates": [
     [
      -48.703215828,
      -25.426643353
     ],
     [
      -48.703309168,
      -25.426701364
     ],
     [
      -48.703348392,
      -25.426722768
     ],
     [
      -48.703402508,
      -25.426751311
     ],
     [
      -48.703495848,
      -25.426794117
     ],
     [
      -48.703529754,
      -25.426807535
     ],
     [
      -48.703589189,
      -25.426830555
     ],
     [
      -48.703682529,
      -25.426861233
     ],
     [
      -48.703775869,
      -25.426886673
     ],
     [
      -48.703801329,
      -25.426892302
     ],
     [
      -48.70386921,
      -25.426907227
     ],
     [
      -48.70396255,
      -25.426923165
     ],
     [
      -48.70405589,
      -25.426934687
     ],
     [
      -48.704149231,
      -25.426941921
     ],
     [
      -48.704242571,
      -25.426944928
     ],
     [
      -48.704335911,
      -25.426943702
     ],
     [
      -48.704429252,
      -25.426938168
     ],
     [
      -48.704522592,
      -25.426928178
     ],
     [
      -48.704615932,
      -25.426913506
     ],
     [
      -48.704709273,
      -25.426893836
     ],
     [
      -48.704802613,
      -25.426868904
     ],
     [
      -48.704895953,
      -25.426838146
     ],
     [
      -48.704973205,
      -25.426807535
     ],
     [
      -48.704989293,
      -25.42680093
     ],
     [
      -48.705082634,
      -25.42675665
     ],
     [
      -48.705144035,
      -25.426722768
     ]
    ]
   },
   "properties": {
    "tipo": "curva_nivel",
    "cota_m": 90,
    "equidistancia_m": 5
   }
  },
  {
   "type": "Feature",
   "geometry": {
    "type": "LineString",
    "coordinates": [
     [
      -48.707416142,
      -25.419847595
     ],
     [
      -48.707416142,
      -25.419847595
     ],
     [
      -48.707509482,
      -25.419812558
     ],
     [
      -48.707602822,
      -25.419790889
     ],
     [
      -48.707696163,
      -25.419782326
     ],
     [
      -48.707789503,
      -25.419786632
     ],
     [
      -48.707882843,
      -25.419803593
     ],
     [
      -48.707976183,
      -25.41983302
     ],
     [
      -48.708028892,
      -25.419856634
     ],
     [
      -48.708069524,
      -25.419877905
     ],
     [
      -48.708162864,
      -25.41994104
     ],
     [
      -48.708163301,
      -25.419941402
     ],
     [
      -48.708248376,
      -25.420026169
     ],
     [
      -48.708248376,
      -25.420026169
     ]
    ]
   },
   "properties": {
    "tipo": "curva_nivel",
    "cota_m": 95,
    "equidistancia_m": 5
   }
  },
  {
   "type": "Feature",
   "geometry": {
    "type": "LineString",
    "coordinates": [
     [
      -48.707398629,
      -25.419856634
     ],
     [
      -48.707322801,
      -25.419903511
     ],
     [
      -48.707274716,
      -25.419941402
     ],
     [
      -48.707229461,
      -25.41998569
     ],
     [
      -48.70719518,
      -25.420026169
     ],
     [
      -48.707140253,
      -25.420110936
     ],
     [
      -48.707136121,
      -25.420119966
     ],
     [
      -48.707106169,
      -25.420195703
     ],
     [
      -48.70708607,
      -25.42028047
     ],
     [
      -48.707078946,
      -25.420365237
     ],
     [
      -48.707084465,
      -25.420450004
     ],
     [
      -48.707102427,
      -25.420534771
     ],
     [
      -48.707132756,
      -25.420619538
     ],
     [
      -48.707181307,
      -25.420704305
     ],
     [
      -48.707229461,
      -25.420768863
     ],
     [
      -48.707247552,
      -25.420789072
     ],
     [
      -48.707322801,
      -25.420858355
     ],
     [
      -48.707343875,
      -25.420873839
     ],
     [
      -48.707416142,
      -25.420919419
     ],
     [
      -48.707499222,
      -25.420958606
     ],
     [
      -48.707499222,
      -25.420958606
     ]
    ]
   },
   "properties": {
    "tipo": "curva_nivel",
    "cota_m": 95,
    "equidistancia_m": 5
   }
  },
  {
   "type": "Feature",
   "geometry": {
    "type": "LineString",
    "coordinates": [
     [
      -48.708256204,
      -25.420035944
     ],
     [
      -48.708307153,
      -25.420110936
     ],
     [
      -48.708349545,
      -25.420193849
     ],
     [
      -48.708350371,
      -25.420195703
     ],
     [
      -48.708375542,
      -25.42028047
     ],
     [
      -48.708388373,
      -25.420365237
     ],
     [
      -48.708388814,
      -25.420450004
     ],
     [
      -48.708376765,
      -25.420534771
     ],
     [
      -48.708352072,
      -25.420619538
     ],
     [
      -48.708349545,
      -25.420625347
     ],
     [
      -48.708308857,
      -25.420704305
     ],
     [
      -48.708256204,
      -25.420780202
     ],
     [
      -48.708256204,
      -25.420780202
     ]
    ]
   },
   "properties": {
    "tipo": "curva_nivel",
    "cota_m": 95,
    "equidistancia_m": 5
   }
  },
  {
   "type": "Feature",
   "geometry": {
    "type": "LineString",
    "coordinates": [
     [
      -48.708248665,
      -25.420789072
     ],
     [
      -48.708162864,
      -25.420870346
     ],
     [
      -48.708162864,
      -25.420870346
     ],
     [
      -48.708069524,
      -25.420929203
     ],
     [
      -48.708004458,
      -25.420958606
     ],
     [
      -48.707976183,
      -25.420969835
     ],
     [
      -48.707882843,
      -25.420993727
     ],
     [
      -48.707789503,
      -25.42100474
     ],
     [
      -48.707696163,
      -25.421003238
     ],
     [
      -48.707602822,
      -25.420989332
     ],
     [
      -48.707509482,
      -25.420962888
     ]
    ]
   },
   "properties": {
    "tipo": "curva_nivel",
    "cota_m": 95,
    "equidistancia_m": 5
   }
  },
  {
   "type": "Feature",
   "geometry": {
    "type": "LineString",
    "coordinates": [
     [
      -48.712915571,
      -25.424264522
     ],
     [
      -48.712915571,
      -25.424264522
     ],
     [
      -48.71282988,
      -25.424214675
     ],
     [
      -48.712763871,
      -25.424179755
     ],
     [
      -48.712736539,
      -25.42416596
     ],
     [
      -48.712643199,
      -25.42412312
     ],
     [
      -48.712574925,
      -25.424094988
     ],
     [
      -48.712549859,
      -25.424085053
     ],
     [
      -48.712456518,
      -25.424051914
     ],
     [
      -48.712363178,
      -25.424022717
     ],
     [
      -48.712317422,
      -25.424010221
     ],
     [
      -48.712269838,
      -25.423997594
     ],
     [
      -48.712176497,
      -25.423976308
     ],
     [
      -48.712083157,
      -25.423958443
     ],
     [
      -48.711989817,
      -25.423943907
     ],
     [
      -48.711896477,
      -25.423932634
     ],
     [
      -48.711803136,
      -25.423924601
     ],
     [
      -48.711813174,
      -25.423925454
     ],
     [
      -48.711709796,
      -25.423919857
     ],
     [
      -48.711616456,
      -25.423918275
     ],
     [
      -48.711523115,
      -25.423919894
     ],
     [
      -48.711429775,
      -25.423924785
     ],
     [
      -48.711429775,
      -25.423924785
     ]
    ]
   },
   "properties": {
    "tipo": "curva_nivel",
    "cota_m": 95,
    "equidistancia_m": 5
   }
  },
  {
   "type": "Feature",
   "geometry": {
    "type": "LineString",
    "coordinates": [
     [
      -48.711422097,
      -25.423925454
     ],
     [
      -48.711336435,
      -25.423933199
     ],
     [
      -48.711243094,
      -25.423945198
     ],
     [
      -48.711149754,
      -25.42396094
     ],
     [
      -48.711056414,
      -25.423980635
     ],
     [
      -48.710963073,
      -25.42400454
     ],
     [
      -48.710963073,
      -25.42400454
     ]
    ]
   },
   "properties": {
    "tipo": "curva_nivel",
    "cota_m": 95,
    "equidistancia_m": 5
   }
  },
  {
   "type": "Feature",
   "geometry": {
    "type": "LineString",
    "coordinates": [
     [
      -48.710943964,
      -25.424010221
     ],
     [
      -48.710869733,
      -25.424033483
     ],
     [
      -48.710776393,
      -25.424067522
     ],
     [
      -48.710710694,
      -25.424094988
     ],
     [
      -48.710683052,
      -25.424107282
     ],
     [
      -48.710589712,
      -25.42415382
     ],
     [
      -48.710543228,
      -25.424179755
     ],
     [
      -48.710496372,
      -25.424207836
     ],
     [
      -48.710411154,
      -25.424264522
     ],
     [
      -48.710403032,
      -25.424270372
     ],
     [
      -48.710309691,
      -25.424343595
     ],
     [
      -48.710309691,
      -25.424343595
     ]
    ]
   },
   "properties": {
    "tipo": "curva_nivel",
    "cota_m": 95,
    "equidistancia_m": 5
   }
  },
  {
   "type": "Feature",
   "geometry": {
    "type": "LineString",
    "coordinates": [
     [
      -48.705362655,
      -25.426024066
     ],
     [
      -48.705362655,
      -25.426024066
     ],
     [
      -48.705405183,
      -25.425959864
     ],
     [
      -48.705455995,
      -25.425871437
     ],
     [
      -48.705455995,
      -25.425871437
     ],
     [
      -48.705494643,
      -25.42579033
     ],
     [
      -48.705528495,
      -25.425705563
     ],
     [
      -48.705549335,
      -25.425641459
     ],
     [
      -48.705555799,
      -25.425620796
     ],
     [
      -48.70557646,
      -25.425536029
     ],
     [
      -48.705591117,
      -25.425451261
     ],
     [
      -48.705599775,
      -25.425366494
     ],
     [
      -48.705602387,
      -25.425281727
     ],
     [
      -48.705598847,
      -25.42519696
     ],
     [
      -48.705588994,
      -25.425112193
     ],
     [
      -48.705572606,
      -25.425027426
     ],
     [
      -48.705549388,
      -25.424942659
     ],
     [
      -48.705549335,
      -25.42494251
     ],
     [
      -48.705518039,
      -25.424857892
     ],
     [
      -48.705478753,
      -25.424773125
     ],
     [
      -48.705455995,
      -25.424732284
     ],
     [
      -48.705429923,
      -25.424688358
     ],
     [
      -48.705370451,
      -25.424603591
     ],
     [
      -48.705362655,
      -25.424593908
     ],
     [
      -48.705297085,
      -25.424518824
     ],
     [
      -48.705269314,
      -25.424490928
     ],
     [
      -48.705206932,
      -25.424434057
     ],
     [
      -48.705175974,
      -25.424408889
     ],
     [
      -48.705093699,
      -25.424349289
     ],
     [
      -48.705082634,
      -25.424342039
     ],
     [
      -48.704989293,
      -25.424287939
     ],
     [
      -48.70494229,
      -25.424264522
     ],
     [
      -48.704895953,
      -25.424243325
     ],
     [
      -48.704802613,
      -25.424207215
     ],
     [
      -48.704709273,
      -25.424177943
     ],
     [
      -48.704715451,
      -25.424179755
     ],
     [
      -48.704615932,
      -25.424155959
     ],
     [
      -48.704522592,
      -25.424139694
     ],
     [
      -48.704429252,
      -25.424128884
     ],
     [
      -48.704335911,
      -25.424123331
     ],
     [
      -48.704242571,
      -25.424122894
     ],
     [
      -48.704149231,
      -25.424127486
     ],
     [
      -48.70405589,
      -25.424137074
     ],
     [
      -48.70396255,
      -25.424151674
     ],
     [
      -48.70386921,
      -25.424171352
     ],
     [
      -48.70386921,
      -25.424171352
     ]
    ]
   },
   "properties": {
    "tipo": "curva_nivel",
    "cota_m": 95,
    "equidistancia_m": 5
   }
  },
  {
   "type": "Feature",
   "geometry": {
    "type": "LineString",
    "coordinates": [
     [
      -48.703837662,
      -25.424179755
     ],
     [
      -48.703775869,
      -25.424197008
     ],
     [
      -48.703682529,
      -25.424228672
     ],
     [
      -48.703593277,
      -25.424264522
     ],
     [
      -48.703589189,
      -25.424266266
     ],
     [
      -48.703495848,
      -25.424312308
     ],
     [
      -48.703430328,
      -25.424349289
     ],
     [
      -48.703402508,
      -25.424366182
     ],
     [
      -48.703309168,
      -25.424430131
     ],
     [
      -48.703309168,
      -25.424430131
     ],
     [
      -48.703215828,
      -25.424507398
     ],
     [
      -48.703215828,
      -25.424507398
     ]
    ]
   },
   "properties": {
    "tipo": "curva_nivel",
    "cota_m": 95,
    "equidistancia_m": 5
   }
  },
  {
   "type": "Feature",
   "geometry": {
    "type": "LineString",
    "coordinates": [
     [
      -48.71292322,
      -25.424269217
     ],
     [
      -48.71301656,
      -25.424331375
     ],
     [
      -48.71304142,
      -25.424349289
     ],
     [
      -48.713109901,
      -25.424401779
     ],
     [
      -48.71314906,
      -25.424434057
     ],
     [
      -48.713203241,
      -25.424481884
     ],
     [
      -48.713242442,
      -25.424518824
     ],
     [
      -48.713296581,
      -25.424573843
     ],
     [
      -48.7133242,
      -25.424603591
     ],
     [
      -48.713389922,
      -25.424680486
     ],
     [
      -48.713396314,
      -25.424688358
     ],
     [
      -48.713459586,
      -25.424773125
     ],
     [
      -48.713459586,
      -25.424773125
     ]
    ]
   },
   "properties": {
    "tipo": "curva_nivel",
    "cota_m": 95,
    "equidistancia_m": 5
   }
  },
  {
   "type": "Feature",
   "geometry": {
    "type": "LineString",
    "coordinates": [
     [
      -48.710302974,
      -25.424349289
     ],
     [
      -48.710216351,
      -25.424429641
     ],
     [
      -48.710216351,
      -25.424429641
     ],
     [
      -48.710134167,
      -25.424518824
     ],
     [
      -48.710123011,
      -25.424532332
     ],
     [
      -48.710067164,
      -25.424603591
     ],
     [
      -48.71002967,
      -25.424657414
     ],
     [
      -48.71002967,
      -25.424657414
     ]
    ]
   },
   "properties": {
    "tipo": "curva_nivel",
    "cota_m": 95,
    "equidistancia_m": 5
   }
  },
  {
   "type": "Feature",
   "geometry": {
    "type": "LineString",
    "coordinates": [
     [
      -48.703203382,
      -25.424518824
     ],
     [
      -48.703122487,
      -25.424600981
     ],
     [
      -48.703122487,
      -25.424600981
     ],
     [
      -48.703051848,
      -25.424688358
     ],
     [
      -48.703029147,
      -25.424720528
     ],
     [
      -48.702994806,
      -25.424773125
     ],
     [
      -48.702947293,
      -25.424857892
     ],
     [
      -48.702935807,
      -25.424882287
     ],
     [
      -48.702909222,
      -25.424942659
     ],
     [
      -48.702878998,
      -25.425027426
     ],
     [
      -48.702855785,
      -25.425112193
     ],
     [
      -48.702842466,
      -25.42518122
     ],
     [
      -48.702842466,
      -25.42518122
     ]
    ]
   },
   "properties": {
    "tipo": "curva_nivel",
    "cota_m": 95,
    "equidistancia_m": 5
   }
  },
  {
   "type": "Feature",
   "geometry": {
    "type": "LineString",
    "coordinates": [
     [
      -48.710009009,
      -25.424688358
     ],
     [
      -48.709958661,
      -25.424773125
     ],
     [
      -48.70993633,
      -25.424815926
     ],
     [
      -48.709915071,
      -25.424857892
     ],
     [
      -48.709877581,
      -25.424942659
     ],
     [
      -48.709845569,
      -25.425027426
     ],
     [
      -48.70984299,
      -25.425035413
     ],
     [
      -48.70981856,
      -25.425112193
     ],
     [
      -48.709796199,
      -25.42519696
     ],
     [
      -48.70977815,
      -25.425281727
     ],
     [
      -48.709764114,
      -25.425366494
     ],
     [
      -48.70975382,
      -25.425451261
     ],
     [
      -48.709749649,
      -25.425503201
     ],
     [
      -48.709749649,
      -25.425503201
     ]
    ]
   },
   "properties": {
    "tipo": "curva_nivel",
    "cota_m": 95,
    "equidistancia_m": 5
   }
  },
  {
   "type": "Feature",
   "geometry": {
    "type": "LineString",
    "coordinates": [
     [
      -48.713483262,
      -25.424808036
     ],
     [
      -48.713515666,
      -25.424857892
     ],
     [
      -48.713565376,
      -25.424942659
     ],
     [
      -48.713565376,
      -25.424942659
     ]
    ]
   },
   "properties": {
    "tipo": "curva_nivel",
    "cota_m": 95,
    "equidistancia_m": 5
   }
  },
  {
   "type": "Feature",
   "geometry": {
    "type": "LineString",
    "coordinates": [
     [
      -48.713576602,
      -25.424963961
     ],
     [
      -48.71360893,
      -25.425027426
     ],
     [
      -48.713647283,
      -25.425112193
     ],
     [
      -48.713669942,
      -25.425169086
     ],
     [
      -48.713680763,
      -25.42519696
     ],
     [
      -48.713709473,
      -25.425281727
     ],
     [
      -48.713734098,
      -25.425366494
     ],
     [
      -48.713754853,
      -25.425451261
     ],
     [
      -48.713763283,
      -25.425493136
     ],
     [
      -48.7137718,
      -25.425536029
     ],
     [
      -48.713785189,
      -25.425620796
     ],
     [
      -48.713795337,
      -25.425705563
     ],
     [
      -48.71380242,
      -25.42579033
     ],
     [
      -48.713806609,
      -25.425875097
     ],
     [
      -48.713808073,
      -25.425959864
     ],
     [
      -48.713806979,
      -25.426044631
     ],
     [
      -48.713803492,
      -25.426129398
     ],
     [
      -48.71379778,
      -25.426214165
     ],
     [
      -48.713790013,
      -25.426298932
     ],
     [
      -48.713780364,
      -25.426383699
     ],
     [
      -48.71376901,
      -25.426468466
     ],
     [
      -48.713763283,
      -25.426506828
     ],
     [
      -48.713756007,
      -25.426553233
     ],
     [
      -48.713741546,
      -25.426638001
     ],
     [
      -48.713725941,
      -25.426722768
     ],
     [
      -48.713709414,
      -25.426807535
     ],
     [
      -48.713692209,
      -25.426892302
     ],
     [
      -48.713674597,
      -25.426977069
     ],
     [
      -48.713669942,
      -25.427000225
     ],
     [
      -48.713656564,
      -25.427061836
     ],
     [
      -48.713638664,
      -25.427146603
     ],
     [
      -48.713621434,
      -25.42723137
     ],
     [
      -48.71360539,
      -25.427316137
     ],
     [
      -48.713591187,
      -25.427400904
     ],
     [
      -48.713579674,
      -25.427485671
     ]
    ]
   },
   "properties": {
    "tipo": "curva_nivel",
    "cota_m": 95,
    "equidistancia_m": 5
   }
  },
  {
   "type": "Feature",
   "geometry": {
    "type": "LineString",
    "coordinates": [
     [
      -48.70283959,
      -25.42519696
     ],
     [
      -48.702830477,
      -25.425281727
     ],
     [
      -48.70282768,
      -25.425366494
     ],
     [
      -48.702831137,
      -25.425451261
     ],
     [
      -48.702840814,
      -25.425536029
     ],
     [
      -48.702857475,
      -25.425620796
     ],
     [
      -48.702880798,
      -25.425705563
     ],
     [
      -48.702910752,
      -25.42579033
     ],
     [
      -48.702935807,
      -25.425848496
     ],
     [
      -48.702948146,
      -25.425875097
     ],
     [
      -48.70299436,
      -25.425959864
     ],
     [
      -48.703029147,
      -25.426015163
     ],
     [
      -48.703049357,
      -25.426044631
     ],
     [
      -48.703115018,
      -25.426129398
     ],
     [
      -48.703115018,
      -25.426129398
     ]
    ]
   },
   "properties": {
    "tipo": "curva_nivel",
    "cota_m": 95,
    "equidistancia_m": 5
   }
  },
  {
   "type": "Feature",
   "geometry": {
    "type": "LineString",
    "coordinates": [
     [
      -48.719642046,
      -25.425620796
     ],
     [
      -48.719642046,
      -25.425620796
     ],
     [
      -48.719629646,
      -25.425536029
     ],
     [
      -48.719628703,
      -25.425451261
     ],
     [
      -48.719639087,
      -25.425366494
     ],
     [
      -48.719643722,
      -25.425348455
     ]
    ]
   },
   "properties": {
    "tipo": "curva_nivel",
    "cota_m": 95,
    "equidistancia_m": 5
   }
  },
  {
   "type": "Feature",
   "geometry": {
    "type": "LineString",
    "coordinates": [
     [
      -48.709747005,
      -25.425536029
     ],
     [
      -48.70974345,
      -25.425620796
     ],
     [
      -48.709742966,
      -25.425705563
     ],
     [
      -48.709745346,
      -25.42579033
     ],
     [
      -48.709749649,
      -25.425862705
     ],
     [
      -48.709750387,
      -25.425875097
     ],
     [
      -48.709757859,
      -25.425959864
     ],
     [
      -48.7097676,
      -25.426044631
     ],
     [
      -48.709779419,
      -25.426129398
     ],
     [
      -48.709793127,
      -25.426214165
     ],
     [
      -48.709808529,
      -25.426298932
     ],
     [
      -48.709825423,
      -25.426383699
     ],
     [
      -48.70984299,
      -25.426465676
     ],
     [
      -48.709843603,
      -25.426468466
     ],
     [
      -48.709862859,
      -25.426553233
     ],
     [
      -48.709882957,
      -25.426638001
     ],
     [
      -48.709903646,
      -25.426722768
     ],
     [
      -48.709924652,
      -25.426807535
     ],
     [
      -48.70993633,
      -25.426855525
     ],
     [
      -48.709945732,
      -25.426892302
     ],
     [
      -48.709966567,
      -25.426977069
     ],
     [
      -48.70998668,
      -25.427061836
     ],
     [
      -48.710005596,
      -25.427146603
     ],
     [
      -48.710022739,
      -25.42723137
     ],
     [
      -48.710022739,
      -25.42723137
     ]
    ]
   },
   "properties": {
    "tipo": "curva_nivel",
    "cota_m": 95,
    "equidistancia_m": 5
   }
  },
  {
   "type": "Feature",
   "geometry": {
    "type": "LineString",
    "coordinates": [
     [
      -48.705348079,
      -25.426044631
     ],
     [
      -48.705280672,
      -25.426129398
     ],
     [
      -48.705269314,
      -25.42614232
     ],
     [
      -48.705200566,
      -25.426214165
     ],
     [
      -48.705175974,
      -25.426237578
     ],
     [
      -48.705104742,
      -25.426298932
     ],
     [
      -48.705082634,
      -25.426316486
     ],
     [
      -48.704989293,
      -25.426382401
     ],
     [
      -48.704989293,
      -25.426382401
     ],
     [
      -48.704895953,
      -25.42643686
     ],
     [
      -48.704832439,
      -25.426468466
     ],
     [
      -48.704802613,
      -25.426482466
     ],
     [
      -48.704709273,
      -25.426519582
     ],
     [
      -48.704615932,
      -25.426549677
     ],
     [
      -48.704615932,
      -25.426549677
     ]
    ]
   },
   "properties": {
    "tipo": "curva_nivel",
    "cota_m": 95,
    "equidistancia_m": 5
   }
  },
  {
   "type": "Feature",
   "geometry": {
    "type": "LineString",
    "coordinates": [
     [
      -48.703122487,
      -25.426138111
     ],
     [
      -48.703194517,
      -25.426214165
     ],
     [
      -48.703194517,
      -25.426214165
     ]
    ]
   },
   "properties": {
    "tipo": "curva_nivel",
    "cota_m": 95,
    "equidistancia_m": 5
   }
  },
  {
   "type": "Feature",
   "geometry": {
    "type": "LineString",
    "coordinates": [
     [
      -48.703215828,
      -25.426234699
     ],
     [
      -48.703290377,
      -25.426298932
     ],
     [
      -48.703290377,
      -25.426298932
     ]
    ]
   },
   "properties": {
    "tipo": "curva_nivel",
    "cota_m": 95,
    "equidistancia_m": 5
   }
  },
  {
   "type": "Feature",
   "geometry": {
    "type": "LineString",
    "coordinates": [
     [
      -48.703565657,
      -25.426468466
     ],
     [
      -48.703565657,
      -25.426468466
     ],
     [
      -48.703495848,
      -25.426433949
     ],
     [
      -48.703402508,
      -25.426379676
     ],
     [
      -48.703409044,
      -25.426383699
     ],
     [
      -48.703309168,
      -25.42631392
     ]
    ]
   },
   "properties": {
    "tipo": "curva_nivel",
    "cota_m": 95,
    "equidistancia_m": 5
   }
  },
  {
   "type": "Feature",
   "geometry": {
    "type": "LineString",
    "coordinates": [
     [
      -48.703589189,
      -25.426479536
     ],
     [
      -48.703682529,
      -25.426516661
     ],
     [
      -48.703775869,
      -25.426546999
     ],
     [
      -48.703800095,
      -25.426553233
     ],
     [
      -48.70386921,
      -25.426570445
     ],
     [
      -48.70396255,
      -25.426587769
     ],
     [
      -48.70405589,
      -25.42659934
     ],
     [
      -48.704149231,
      -25.426605283
     ],
     [
      -48.704242571,
      -25.42660565
     ],
     [
      -48.704335911,
      -25.426600417
     ],
     [
      -48.704429252,
      -25.426589488
     ],
     [
      -48.704522592,
      -25.426572689
     ],
     [
      -48.704602038,
      -25.426553233
     ]
    ]
   },
   "properties": {
    "tipo": "curva_nivel",
    "cota_m": 95,
    "equidistancia_m": 5
   }
  },
  {
   "type": "Feature",
   "geometry": {
    "type": "LineString",
    "coordinates": [
     [
      -48.71002967,
      -25.427272938
     ],
     [
      -48.710037503,
      -25.427316137
     ],
     [
      -48.710048918,
      -25.427400904
     ],
     [
      -48.710055635,
      -25.427485671
     ]
    ]
   },
   "properties": {
    "tipo": "curva_nivel",
    "cota_m": 95,
    "equidistancia_m": 5
   }
  },
  {
   "type": "Feature",
   "geometry": {
    "type": "LineString",
    "coordinates": [
     [
      -48.711243094,
      -25.424178015
     ],
     [
      -48.711243094,
      -25.424178015
     ],
     [
      -48.711336435,
      -25.42416068
     ],
     [
      -48.711429775,
      -25.424147732
     ],
     [
      -48.711523115,
      -25.424139
     ],
     [
      -48.711616456,
      -25.424134349
     ],
     [
      -48.711709796,
      -25.424133682
     ],
     [
      -48.711803136,
      -25.424136932
     ],
     [
      -48.711896477,
      -25.424144069
     ],
     [
      -48.711989817,
      -25.424155088
     ],
     [
      -48.712083157,
      -25.424170019
     ],
     [
      -48.712131241,
      -25.424179755
     ],
     [
      -48.712131241,
      -25.424179755
     ]
    ]
   },
   "properties": {
    "tipo": "curva_nivel",
    "cota_m": 100,
    "equidistancia_m": 5
   }
  },
  {
   "type": "Feature",
   "geometry": {
    "type": "LineString",
    "coordinates": [
     [
      -48.712176497,
      -25.424189243
     ],
     [
      -48.712269838,
      -25.424213005
     ],
     [
      -48.712363178,
      -25.424241075
     ],
     [
      -48.712430574,
      -25.424264522
     ],
     [
      -48.712430574,
      -25.424264522
     ]
    ]
   },
   "properties": {
    "tipo": "curva_nivel",
    "cota_m": 100,
    "equidistancia_m": 5
   }
  },
  {
   "type": "Feature",
   "geometry": {
    "type": "LineString",
    "coordinates": [
     [
      -48.711235541,
      -25.424179755
     ],
     [
      -48.711149754,
      -25.424200667
     ],
     [
      -48.711056414,
      -25.424228406
     ],
     [
      -48.710963073,
      -25.424261487
     ],
     [
      -48.710963073,
      -25.424261487
     ]
    ]
   },
   "properties": {
    "tipo": "curva_nivel",
    "cota_m": 100,
    "equidistancia_m": 5
   }
  },
  {
   "type": "Feature",
   "geometry": {
    "type": "LineString",
    "coordinates": [
     [
      -48.712456518,
      -25.424273969
     ],
     [
      -48.712549859,
      -25.424312619
     ],
     [
      -48.712628363,
      -25.424349289
     ],
     [
      -48.712628363,
      -25.424349289
     ]
    ]
   },
   "properties": {
    "tipo": "curva_nivel",
    "cota_m": 100,
    "equidistancia_m": 5
   }
  },
  {
   "type": "Feature",
   "geometry": {
    "type": "LineString",
    "coordinates": [
     [
      -48.710955576,
      -25.424264522
     ],
     [
      -48.710869733,
      -25.424301745
     ],
     [
      -48.710776393,
      -25.424348511
     ],
     [
      -48.710776393,
      -25.424348511
     ],
     [
      -48.710683052,
      -25.42440467
     ],
     [
      -48.710639388,
      -25.424434057
     ],
     [
      -48.710589712,
      -25.424470573
     ],
     [
      -48.710530004,
      -25.424518824
     ],
     [
      -48.710496372,
      -25.424548801
     ],
     [
      -48.710439669,
      -25.424603591
     ],
     [
      -48.710403032,
      -25.424643058
     ],
     [
      -48.71036376,
      -25.424688358
     ],
     [
      -48.710309691,
      -25.42475872
     ],
     [
      -48.710309691,
      -25.42475872
     ]
    ]
   },
   "properties": {
    "tipo": "curva_nivel",
    "cota_m": 100,
    "equidistancia_m": 5
   }
  },
  {
   "type": "Feature",
   "geometry": {
    "type": "LineString",
    "coordinates": [
     [
      -48.712643199,
      -25.424356607
     ],
     [
      -48.712736539,
      -25.424407757
     ],
     [
      -48.712779984,
      -25.424434057
     ],
     [
      -48.71282988,
      -25.424466237
     ],
     [
      -48.712904276,
      -25.424518824
     ],
     [
      -48.712904276,
      -25.424518824
     ]
    ]
   },
   "properties": {
    "tipo": "curva_nivel",
    "cota_m": 100,
    "equidistancia_m": 5
   }
  },
  {
   "type": "Feature",
   "geometry": {
    "type": "LineString",
    "coordinates": [
     [
      -48.70386921,
      -25.424511414
     ],
     [
      -48.70386921,
      -25.424511414
     ],
     [
      -48.70396255,
      -25.424487194
     ],
     [
      -48.70405589,
      -25.424470355
     ],
     [
      -48.704149231,
      -25.424460847
     ],
     [
      -48.704242571,
      -25.424458687
     ],
     [
      -48.704335911,
      -25.424463962
     ],
     [
      -48.704429252,
      -25.424476832
     ],
     [
      -48.704522592,
      -25.424497533
     ],
     [
      -48.704591831,
      -25.424518824
     ],
     [
      -48.704591831,
      -25.424518824
     ]
    ]
   },
   "properties": {
    "tipo": "curva_nivel",
    "cota_m": 100,
    "equidistancia_m": 5
   }
  },
  {
   "type": "Feature",
   "geometry": {
    "type": "LineString",
    "coordinates": [
     [
      -48.71292322,
      -25.4245332
     ],
     [
      -48.713008623,
      -25.424603591
     ],
     [
      -48.713008623,
      -25.424603591
     ]
    ]
   },
   "properties": {
    "tipo": "curva_nivel",
    "cota_m": 100,
    "equidistancia_m": 5
   }
  },
  {
   "type": "Feature",
   "geometry": {
    "type": "LineString",
    "coordinates": [
     [
      -48.704615932,
      -25.424527081
     ],
     [
      -48.704709273,
      -25.424567947
     ],
     [
      -48.704775286,
      -25.424603591
     ],
     [
      -48.704775286,
      -25.424603591
     ]
    ]
   },
   "properties": {
    "tipo": "curva_nivel",
    "cota_m": 100,
    "equidistancia_m": 5
   }
  },
  {
   "type": "Feature",
   "geometry": {
    "type": "LineString",
    "coordinates": [
     [
      -48.703847406,
      -25.424518824
     ],
     [
      -48.703775869,
      -25.424545332
     ],
     [
      -48.703682529,
      -25.424588283
     ],
     [
      -48.703682529,
      -25.424588283
     ]
    ]
   },
   "properties": {
    "tipo": "curva_nivel",
    "cota_m": 100,
    "equidistancia_m": 5
   }
  },
  {
   "type": "Feature",
   "geometry": {
    "type": "LineString",
    "coordinates": [
     [
      -48.71301656,
      -25.424610671
     ],
     [
      -48.713097435,
      -25.424688358
     ],
     [
      -48.713097435,
      -25.424688358
     ]
    ]
   },
   "properties": {
    "tipo": "curva_nivel",
    "cota_m": 100,
    "equidistancia_m": 5
   }
  },
  {
   "type": "Feature",
   "geometry": {
    "type": "LineString",
    "coordinates": [
     [
      -48.704802613,
      -25.424620378
     ],
     [
      -48.7048958,
      -25.424688358
     ],
     [
      -48.704982603,
      -25.424773125
     ],
     [
      -48.704982603,
      -25.424773125
     ]
    ]
   },
   "properties": {
    "tipo": "curva_nivel",
    "cota_m": 100,
    "equidistancia_m": 5
   }
  },
  {
   "type": "Feature",
   "geometry": {
    "type": "LineString",
    "coordinates": [
     [
      -48.703654744,
      -25.424603591
     ],
     [
      -48.703589189,
      -25.424643693
     ],
     [
      -48.703526754,
      -25.424688358
     ],
     [
      -48.703495848,
      -25.424713376
     ],
     [
      -48.703431445,
      -25.424773125
     ],
     [
      -48.703402508,
      -25.42480421
     ],
     [
      -48.703358156,
      -25.424857892
     ],
     [
      -48.703309168,
      -25.424928584
     ],
     [
      -48.703309168,
      -25.424928584
     ]
    ]
   },
   "properties": {
    "tipo": "curva_nivel",
    "cota_m": 100,
    "equidistancia_m": 5
   }
  },
  {
   "type": "Feature",
   "geometry": {
    "type": "LineString",
    "coordinates": [
     [
      -48.713109901,
      -25.424701426
     ],
     [
      -48.713173927,
      -25.424773125
     ],
     [
      -48.713203241,
      -25.424809268
     ],
     [
      -48.713240446,
      -25.424857892
     ],
     [
      -48.713296581,
      -25.424939419
     ],
     [
      -48.713298701,
      -25.424942659
     ],
     [
      -48.713348499,
      -25.425027426
     ],
     [
      -48.713389922,
      -25.425107401
     ],
     [
      -48.713392301,
      -25.425112193
     ],
     [
      -48.713429248,
      -25.42519696
     ],
     [
      -48.71346104,
      -25.425281727
     ],
     [
      -48.713483262,
      -25.425351784
     ],
     [
      -48.713487783,
      -25.425366494
     ],
     [
      -48.713509311,
      -25.425451261
     ],
     [
      -48.713526494,
      -25.425536029
     ],
     [
      -48.713539522,
      -25.425620796
     ],
     [
      -48.713548569,
      -25.425705563
     ],
     [
      -48.713553801,
      -25.42579033
     ],
     [
      -48.71355537,
      -25.425875097
     ],
     [
      -48.71355342,
      -25.425959864
     ],
     [
      -48.713548087,
      -25.426044631
     ],
     [
      -48.713539495,
      -25.426129398
     ],
     [
      -48.713527763,
      -25.426214165
     ],
     [
      -48.713512998,
      -25.426298932
     ],
     [
      -48.713495296,
      -25.426383699
     ],
     [
      -48.713483262,
      -25.426433914
     ],
     [
      -48.713483262,
      -25.426433914
     ]
    ]
   },
   "properties": {
    "tipo": "curva_nivel",
    "cota_m": 100,
    "equidistancia_m": 5
   }
  },
  {
   "type": "Feature",
   "geometry": {
    "type": "LineString",
    "coordinates": [
     [
      -48.710299238,
      -25.424773125
     ],
     [
      -48.710244701,
      -25.424857892
     ],
     [
      -48.710216351,
      -25.424908684
     ],
     [
      -48.710216351,
      -25.424908684
     ]
    ]
   },
   "properties": {
    "tipo": "curva_nivel",
    "cota_m": 100,
    "equidistancia_m": 5
   }
  },
  {
   "type": "Feature",
   "geometry": {
    "type": "LineString",
    "coordinates": [
     [
      -48.704989293,
      -25.424780941
     ],
     [
      -48.705047909,
      -25.424857892
     ],
     [
      -48.705082634,
      -25.42491448
     ],
     [
      -48.705098327,
      -25.424942659
     ],
     [
      -48.705135043,
      -25.425027426
     ],
     [
      -48.705161334,
      -25.425112193
     ],
     [
      -48.705175974,
      -25.425187813
     ],
     [
      -48.705177621,
      -25.42519696
     ],
     [
      -48.705184094,
      -25.425281727
     ],
     [
      -48.705181914,
      -25.425366494
     ],
     [
      -48.705175974,
      -25.425413665
     ],
     [
      -48.705175974,
      -25.425413665
     ]
    ]
   },
   "properties": {
    "tipo": "curva_nivel",
    "cota_m": 100,
    "equidistancia_m": 5
   }
  },
  {
   "type": "Feature",
   "geometry": {
    "type": "LineString",
    "coordinates": [
     [
      -48.710198197,
      -25.424942659
     ],
     [
      -48.710159077,
      -25.425027426
     ],
     [
      -48.710126173,
      -25.425112193
     ],
     [
      -48.710123011,
      -25.425121938
     ],
     [
      -48.710099355,
      -25.42519696
     ],
     [
      -48.710077813,
      -25.425281727
     ],
     [
      -48.710061146,
      -25.425366494
     ],
     [
      -48.710049042,
      -25.425451261
     ],
     [
      -48.710041224,
      -25.425536029
     ],
     [
      -48.710037445,
      -25.425620796
     ],
     [
      -48.710037482,
      -25.425705563
     ],
     [
      -48.710041134,
      -25.42579033
     ],
     [
      -48.710048214,
      -25.425875097
     ],
     [
      -48.710058553,
      -25.425959864
     ],
     [
      -48.710071994,
      -25.426044631
     ],
     [
      -48.710088392,
      -25.426129398
     ],
     [
      -48.710107615,
      -25.426214165
     ],
     [
      -48.710123011,
      -25.426274043
     ],
     [
      -48.710129638,
      -25.426298932
     ],
     [
      -48.710154532,
      -25.426383699
     ],
     [
      -48.710181965,
      -25.426468466
     ],
     [
      -48.710211852,
      -25.426553233
     ],
     [
      -48.710244721,
      -25.426638001
     ],
     [
      -48.71028009,
      -25.426722768
     ],
     [
      -48.710309691,
      -25.426789792
     ],
     [
      -48.71031807,
      -25.426807535
     ],
     [
      -48.710359343,
      -25.426892302
     ],
     [
      -48.710403032,
      -25.426976824
     ],
     [
      -48.710403169,
      -25.426977069
     ],
     [
      -48.710451267,
      -25.427061836
     ],
     [
      -48.710496372,
      -25.427137156
     ],
     [
      -48.710502624,
      -25.427146603
     ],
     [
      -48.710559362,
      -25.42723137
     ],
     [
      -48.710589712,
      -25.427275225
     ],
     [
      -48.710621682,
      -25.427316137
     ],
     [
      -48.710683052,
      -25.427392191
     ],
     [
      -48.710691127,
      -25.427400904
     ],
     [
      -48.710771071,
      -25.427485671
     ]
    ]
   },
   "properties": {
    "tipo": "curva_nivel",
    "cota_m": 100,
    "equidistancia_m": 5
   }
  },
  {
   "type": "Feature",
   "geometry": {
    "type": "LineString",
    "coordinates": [
     [
      -48.703300383,
      -25.424942659
     ],
     [
      -48.703257513,
      -25.425027426
     ],
     [
      -48.703224778,
      -25.425112193
     ],
     [
      -48.703215828,
      -25.425145511
     ],
     [
      -48.703203183,
      -25.42519696
     ],
     [
      -48.703191381,
      -25.425281727
     ],
     [
      -48.703188534,
      -25.425366494
     ],
     [
      -48.703194587,
      -25.425451261
     ],
     [
      -48.703209521,
      -25.425536029
     ],
     [
      -48.703234977,
      -25.425620796
     ],
     [
      -48.7032708,
      -25.425705563
     ],
     [
      -48.703309168,
      -25.425776852
     ],
     [
      -48.70331729,
      -25.42579033
     ],
     [
      -48.703378965,
      -25.425875097
     ],
     [
      -48.703378965,
      -25.425875097
     ]
    ]
   },
   "properties": {
    "tipo": "curva_nivel",
    "cota_m": 100,
    "equidistancia_m": 5
   }
  },
  {
   "type": "Feature",
   "geometry": {
    "type": "LineString",
    "coordinates": [
     [
      -48.705170929,
      -25.425451261
     ],
     [
      -48.70515058,
      -25.425536029
     ],
     [
      -48.705121222,
      -25.425620796
     ],
     [
      -48.705082719,
      -25.425705563
     ],
     [
      -48.705082634,
      -25.425705715
     ],
     [
      -48.705031147,
      -25.42579033
     ],
     [
      -48.704989293,
      -25.425847768
     ],
     [
      -48.704989293,
      -25.425847768
     ]
    ]
   },
   "properties": {
    "tipo": "curva_nivel",
    "cota_m": 100,
    "equidistancia_m": 5
   }
  },
  {
   "type": "Feature",
   "geometry": {
    "type": "LineString",
    "coordinates": [
     [
      -48.704967183,
      -25.425875097
     ],
     [
      -48.704895953,
      -25.425950793
     ],
     [
      -48.704895953,
      -25.425950793
     ]
    ]
   },
   "properties": {
    "tipo": "curva_nivel",
    "cota_m": 100,
    "equidistancia_m": 5
   }
  },
  {
   "type": "Feature",
   "geometry": {
    "type": "LineString",
    "coordinates": [
     [
      -48.703402508,
      -25.425902734
     ],
     [
      -48.703458037,
      -25.425959864
     ],
     [
      -48.703495848,
      -25.425993983
     ],
     [
      -48.703561207,
      -25.426044631
     ],
     [
      -48.703561207,
      -25.426044631
     ]
    ]
   },
   "properties": {
    "tipo": "curva_nivel",
    "cota_m": 100,
    "equidistancia_m": 5
   }
  },
  {
   "type": "Feature",
   "geometry": {
    "type": "LineString",
    "coordinates": [
     [
      -48.70488628,
      -25.425959864
     ],
     [
      -48.704802613,
      -25.426028891
     ],
     [
      -48.704802613,
      -25.426028891
     ]
    ]
   },
   "properties": {
    "tipo": "curva_nivel",
    "cota_m": 100,
    "equidistancia_m": 5
   }
  },
  {
   "type": "Feature",
   "geometry": {
    "type": "LineString",
    "coordinates": [
     [
      -48.70478044,
      -25.426044631
     ],
     [
      -48.704709273,
      -25.426089921
     ],
     [
      -48.704634769,
      -25.426129398
     ],
     [
      -48.704615932,
      -25.426138491
     ],
     [
      -48.704522592,
      -25.426174975
     ],
     [
      -48.704429252,
      -25.426202587
     ],
     [
      -48.7043727,
      -25.426214165
     ],
     [
      -48.704335911,
      -25.426221154
     ],
     [
      -48.704242571,
      -25.426231125
     ],
     [
      -48.704149231,
      -25.426233322
     ],
     [
      -48.70405589,
      -25.426227768
     ],
     [
      -48.70396255,
      -25.426214398
     ],
     [
      -48.70386921,
      -25.426191628
     ],
     [
      -48.703775869,
      -25.426160066
     ],
     [
      -48.703705399,
      -25.426129398
     ],
     [
      -48.703705399,
      -25.426129398
     ]
    ]
   },
   "properties": {
    "tipo": "curva_nivel",
    "cota_m": 100,
    "equidistancia_m": 5
   }
  },
  {
   "type": "Feature",
   "geometry": {
    "type": "LineString",
    "coordinates": [
     [
      -48.713474461,
      -25.426468466
     ],
     [
      -48.713450351,
      -25.426553233
     ],
     [
      -48.713423418,
      -25.426638001
     ],
     [
      -48.713393695,
      -25.426722768
     ],
     [
      -48.713389922,
      -25.426732974
     ],
     [
      -48.713360059,
      -25.426807535
     ],
     [
      -48.713323344,
      -25.426892302
     ],
     [
      -48.713296581,
      -25.426950324
     ],
     [
      -48.713296581,
      -25.426950324
     ]
    ]
   },
   "properties": {
    "tipo": "curva_nivel",
    "cota_m": 100,
    "equidistancia_m": 5
   }
  },
  {
   "type": "Feature",
   "geometry": {
    "type": "LineString",
    "coordinates": [
     [
      -48.713283027,
      -25.426977069
     ],
     [
      -48.713238183,
      -25.427061836
     ],
     [
      -48.713203241,
      -25.427124049
     ],
     [
      -48.713203241,
      -25.427124049
     ]
    ]
   },
   "properties": {
    "tipo": "curva_nivel",
    "cota_m": 100,
    "equidistancia_m": 5
   }
  },
  {
   "type": "Feature",
   "geometry": {
    "type": "LineString",
    "coordinates": [
     [
      -48.71318909,
      -25.427146603
     ],
     [
      -48.713134042,
      -25.42723137
     ],
     [
      -48.713109901,
      -25.427267108
     ],
     [
      -48.713072172,
      -25.427316137
     ],
     [
      -48.71301656,
      -25.427385327
     ],
     [
      -48.71301656,
      -25.427385327
     ]
    ]
   },
   "properties": {
    "tipo": "curva_nivel",
    "cota_m": 100,
    "equidistancia_m": 5
   }
  },
  {
   "type": "Feature",
   "geometry": {
    "type": "LineString",
    "coordinates": [
     [
      -48.713002077,
      -25.427400904
     ],
     [
      -48.71292322,
      -25.42748312
     ],
     [
      -48.71292322,
      -25.42748312
     ]
    ]
   },
   "properties": {
    "tipo": "curva_nivel",
    "cota_m": 100,
    "equidistancia_m": 5
   }
  },
  {
   "type": "Feature",
   "geometry": {
    "type": "LineString",
    "coordinates": [
     [
      -48.711056414,
      -25.424507483
     ],
     [
      -48.711056414,
      -25.424507483
     ],
     [
      -48.711149754,
      -25.424468532
     ],
     [
      -48.711243094,
      -25.424436154
     ],
     [
      -48.71125045,
      -25.424434057
     ],
     [
      -48.711336435,
      -25.424411272
     ],
     [
      -48.711429775,
      -25.424392129
     ],
     [
      -48.711523115,
      -25.424378387
     ],
     [
      -48.711616456,
      -25.424369867
     ],
     [
      -48.711709796,
      -25.424366434
     ],
     [
      -48.711803136,
      -25.424367989
     ],
     [
      -48.711896477,
      -25.424374473
     ],
     [
      -48.711989817,
      -25.424385865
     ],
     [
      -48.712083157,
      -25.424402175
     ],
     [
      -48.712176497,
      -25.424423449
     ],
     [
      -48.712214146,
      -25.424434057
     ],
     [
      -48.712269838,
      -25.424450622
     ],
     [
      -48.712363178,
      -25.424483794
     ],
     [
      -48.712447616,
      -25.424518824
     ],
     [
      -48.712447616,
      -25.424518824
     ]
    ]
   },
   "properties": {
    "tipo": "curva_nivel",
    "cota_m": 105,
    "equidistancia_m": 5
   }
  },
  {
   "type": "Feature",
   "geometry": {
    "type": "LineString",
    "coordinates": [
     [
      -48.712456518,
      -25.424522762
     ],
     [
      -48.712549859,
      -25.424569951
     ],
     [
      -48.712608754,
      -25.424603591
     ],
     [
      -48.712608754,
      -25.424603591
     ]
    ]
   },
   "properties": {
    "tipo": "curva_nivel",
    "cota_m": 105,
    "equidistancia_m": 5
   }
  },
  {
   "type": "Feature",
   "geometry": {
    "type": "LineString",
    "coordinates": [
     [
      -48.711032919,
      -25.424518824
     ],
     [
      -48.710963073,
      -25.424555609
     ],
     [
      -48.71088384,
      -25.424603591
     ],
     [
      -48.710869733,
      -25.424613011
     ],
     [
      -48.710776393,
      -25.424682999
     ],
     [
      -48.710776393,
      -25.424682999
     ]
    ]
   },
   "properties": {
    "tipo": "curva_nivel",
    "cota_m": 105,
    "equidistancia_m": 5
   }
  },
  {
   "type": "Feature",
   "geometry": {
    "type": "LineString",
    "coordinates": [
     [
      -48.712643199,
      -25.424624784
     ],
     [
      -48.712735816,
      -25.424688358
     ],
     [
      -48.71282988,
      -25.424765616
     ],
     [
      -48.712838246,
      -25.424773125
     ],
     [
      -48.71292322,
      -25.424856933
     ],
     [
      -48.712924119,
      -25.424857892
     ],
     [
      -48.712995879,
      -25.424942659
     ],
     [
      -48.712995879,
      -25.424942659
     ]
    ]
   },
   "properties": {
    "tipo": "curva_nivel",
    "cota_m": 105,
    "equidistancia_m": 5
   }
  },
  {
   "type": "Feature",
   "geometry": {
    "type": "LineString",
    "coordinates": [
     [
      -48.710769933,
      -25.424688358
     ],
     [
      -48.710683052,
      -25.42476896
     ],
     [
      -48.710683052,
      -25.42476896
     ],
     [
      -48.710604814,
      -25.424857892
     ],
     [
      -48.710589712,
      -25.424877685
     ],
     [
      -48.710543598,
      -25.424942659
     ],
     [
      -48.710496372,
      -25.425020409
     ],
     [
      -48.710496372,
      -25.425020409
     ]
    ]
   },
   "properties": {
    "tipo": "curva_nivel",
    "cota_m": 105,
    "equidistancia_m": 5
   }
  },
  {
   "type": "Feature",
   "geometry": {
    "type": "LineString",
    "coordinates": [
     [
      -48.71301656,
      -25.424970083
     ],
     [
      -48.713056962,
      -25.425027426
     ],
     [
      -48.713109489,
      -25.425112193
     ],
     [
      -48.713152636,
      -25.42519696
     ],
     [
      -48.71318939,
      -25.425281727
     ],
     [
      -48.71318939,
      -25.425281727
     ]
    ]
   },
   "properties": {
    "tipo": "curva_nivel",
    "cota_m": 105,
    "equidistancia_m": 5
   }
  },
  {
   "type": "Feature",
   "geometry": {
    "type": "LineString",
    "coordinates": [
     [
      -48.704335911,
      -25.425012878
     ],
     [
      -48.704366726,
      -25.425027426
     ],
     [
      -48.704429252,
      -25.425067425
     ],
     [
      -48.704477284,
      -25.425112193
     ],
     [
      -48.704522592,
      -25.42517739
     ],
     [
      -48.70453303,
      -25.42519696
     ],
     [
      -48.704554813,
      -25.425281727
     ],
     [
      -48.704553735,
      -25.425366494
     ],
     [
      -48.704530452,
      -25.425451261
     ],
     [
      -48.704522592,
      -25.425466019
     ],
     [
      -48.704475057,
      -25.425536029
     ],
     [
      -48.704429252,
      -25.425581544
     ],
     [
      -48.70437399,
      -25.425620796
     ],
     [
      -48.704335911,
      -25.425641263
     ],
     [
      -48.704242571,
      -25.425671061
     ],
     [
      -48.704149231,
      -25.425680283
     ],
     [
      -48.70405589,
      -25.425668716
     ],
     [
      -48.70396255,
      -25.425635953
     ],
     [
      -48.703936504,
      -25.425620796
     ],
     [
      -48.70386921,
      -25.425568343
     ],
     [
      -48.70383973,
      -25.425536029
     ],
     [
      -48.703789488,
      -25.425451261
     ],
     [
      -48.703775869,
      -25.425400904
     ],
     [
      -48.703768643,
      -25.425366494
     ],
     [
      -48.703772027,
      -25.425281727
     ],
     [
      -48.703775869,
      -25.425268493
     ],
     [
      -48.70380221,
      -25.42519696
     ],
     [
      -48.70386002,
      -25.425112193
     ],
     [
      -48.70386921,
      -25.425102954
     ],
     [
      -48.70396255,
      -25.42503404
     ],
     [
      -48.70405589,
      -25.424998833
     ],
     [
      -48.704149231,
      -25.424984138
     ],
     [
      -48.704242571,
      -25.424988658
     ],
     [
      -48.704335911,
      -25.425012878
     ]
    ]
   },
   "properties": {
    "tipo": "curva_nivel",
    "cota_m": 105,
    "equidistancia_m": 5
   }
  },
  {
   "type": "Feature",
   "geometry": {
    "type": "LineString",
    "coordinates": [
     [
      -48.710492361,
      -25.425027426
     ],
     [
      -48.710450942,
      -25.425112193
     ],
     [
      -48.710416818,
      -25.42519696
     ],
     [
      -48.710403032,
      -25.425239414
     ],
     [
      -48.710389886,
      -25.425281727
     ],
     [
      -48.710369483,
      -25.425366494
     ],
     [
      -48.710354784,
      -25.425451261
     ],
     [
      -48.710345459,
      -25.425536029
     ],
     [
      -48.710341227,
      -25.425620796
     ],
     [
      -48.710341842,
      -25.425705563
     ],
     [
      -48.71034709,
      -25.42579033
     ],
     [
      -48.710356791,
      -25.425875097
     ],
     [
      -48.710370788,
      -25.425959864
     ],
     [
      -48.710388954,
      -25.426044631
     ],
     [
      -48.710403032,
      -25.426098599
     ],
     [
      -48.710411451,
      -25.426129398
     ],
     [
      -48.710438529,
      -25.426214165
     ],
     [
      -48.710469683,
      -25.426298932
     ],
     [
      -48.710496372,
      -25.426363531
     ],
     [
      -48.710505236,
      -25.426383699
     ],
     [
      -48.710546097,
      -25.426468466
     ],
     [
      -48.710589712,
      -25.426550357
     ],
     [
      -48.710591364,
      -25.426553233
     ],
     [
      -48.710643363,
      -25.426638001
     ],
     [
      -48.710683052,
      -25.426697772
     ],
     [
      -48.710701221,
      -25.426722768
     ],
     [
      -48.710766799,
      -25.426807535
     ],
     [
      -48.710766799,
      -25.426807535
     ]
    ]
   },
   "properties": {
    "tipo": "curva_nivel",
    "cota_m": 105,
    "equidistancia_m": 5
   }
  },
  {
   "type": "Feature",
   "geometry": {
    "type": "LineString",
    "coordinates": [
     [
      -48.713203241,
      -25.425320031
     ],
     [
      -48.713219254,
      -25.425366494
     ],
     [
      -48.713242873,
      -25.425451261
     ],
     [
      -48.713261102,
      -25.425536029
     ],
     [
      -48.713274134,
      -25.425620796
     ],
     [
      -48.713282138,
      -25.425705563
     ],
     [
      -48.713285268,
      -25.42579033
     ],
     [
      -48.713283661,
      -25.425875097
     ],
     [
      -48.713277432,
      -25.425959864
     ],
     [
      -48.713266684,
      -25.426044631
     ],
     [
      -48.713251495,
      -25.426129398
     ],
     [
      -48.713231925,
      -25.426214165
     ],
     [
      -48.71320801,
      -25.426298932
     ],
     [
      -48.713203241,
      -25.426313552
     ],
     [
      -48.713178548,
      -25.426383699
     ],
     [
      -48.713144245,
      -25.426468466
     ],
     [
      -48.713109901,
      -25.426543453
     ],
     [
      -48.713109901,
      -25.426543453
     ]
    ]
   },
   "properties": {
    "tipo": "curva_nivel",
    "cota_m": 105,
    "equidistancia_m": 5
   }
  },
  {
   "type": "Feature",
   "geometry": {
    "type": "LineString",
    "coordinates": [
     [
      -48.713105002,
      -25.426553233
     ],
     [
      -48.713058649,
      -25.426638001
     ],
     [
      -48.71301656,
      -25.42670758
     ],
     [
      -48.71301656,
      -25.42670758
     ]
    ]
   },
   "properties": {
    "tipo": "curva_nivel",
    "cota_m": 105,
    "equidistancia_m": 5
   }
  },
  {
   "type": "Feature",
   "geometry": {
    "type": "LineString",
    "coordinates": [
     [
      -48.713006368,
      -25.426722768
     ],
     [
      -48.712945281,
      -25.426807535
     ],
     [
      -48.71292322,
      -25.426836114
     ],
     [
      -48.712874293,
      -25.426892302
     ],
     [
      -48.71282988,
      -25.426940285
     ],
     [
      -48.712790908,
      -25.426977069
     ],
     [
      -48.712736539,
      -25.427025996
     ],
     [
      -48.712690184,
      -25.427061836
     ],
     [
      -48.712643199,
      -25.427096904
     ],
     [
      -48.71256416,
      -25.427146603
     ],
     [
      -48.712549859,
      -25.427155386
     ],
     [
      -48.712456518,
      -25.4272036
     ],
     [
      -48.712390094,
      -25.42723137
     ],
     [
      -48.712363178,
      -25.427242542
     ],
     [
      -48.712269838,
      -25.427273666
     ],
     [
      -48.712176497,
      -25.427297313
     ],
     [
      -48.712083157,
      -25.427314225
     ],
     [
      -48.712083157,
      -25.427314225
     ]
    ]
   },
   "properties": {
    "tipo": "curva_nivel",
    "cota_m": 105,
    "equidistancia_m": 5
   }
  },
  {
   "type": "Feature",
   "geometry": {
    "type": "LineString",
    "coordinates": [
     [
      -48.710776393,
      -25.426819345
     ],
     [
      -48.710842392,
      -25.426892302
     ],
     [
      -48.710842392,
      -25.426892302
     ]
    ]
   },
   "properties": {
    "tipo": "curva_nivel",
    "cota_m": 105,
    "equidistancia_m": 5
   }
  },
  {
   "type": "Feature",
   "geometry": {
    "type": "LineString",
    "coordinates": [
     [
      -48.710869733,
      -25.426921053
     ],
     [
      -48.710929938,
      -25.426977069
     ],
     [
      -48.710929938,
      -25.426977069
     ]
    ]
   },
   "properties": {
    "tipo": "curva_nivel",
    "cota_m": 105,
    "equidistancia_m": 5
   }
  },
  {
   "type": "Feature",
   "geometry": {
    "type": "LineString",
    "coordinates": [
     [
      -48.710963073,
      -25.42700669
     ],
     [
      -48.711033989,
      -25.427061836
     ],
     [
      -48.711033989,
      -25.427061836
     ]
    ]
   },
   "properties": {
    "tipo": "curva_nivel",
    "cota_m": 105,
    "equidistancia_m": 5
   }
  },
  {
   "type": "Feature",
   "geometry": {
    "type": "LineString",
    "coordinates": [
     [
      -48.711056414,
      -25.427078753
     ],
     [
      -48.711149754,
      -25.42713913
     ],
     [
      -48.711163369,
      -25.427146603
     ],
     [
      -48.711243094,
      -25.427189619
     ],
     [
      -48.711336435,
      -25.427230671
     ],
     [
      -48.711338374,
      -25.42723137
     ],
     [
      -48.711429775,
      -25.427264205
     ],
     [
      -48.711523115,
      -25.42729012
     ],
     [
      -48.711616456,
      -25.427309176
     ],
     [
      -48.711667143,
      -25.427316137
     ],
     [
      -48.711667143,
      -25.427316137
     ]
    ]
   },
   "properties": {
    "tipo": "curva_nivel",
    "cota_m": 105,
    "equidistancia_m": 5
   }
  },
  {
   "type": "Feature",
   "geometry": {
    "type": "LineString",
    "coordinates": [
     [
      -48.712066568,
      -25.427316137
     ],
     [
      -48.711989817,
      -25.427325159
     ],
     [
      -48.711896477,
      -25.427330069
     ],
     [
      -48.711803136,
      -25.427329053
     ],
     [
      -48.711709796,
      -25.427322086
     ]
    ]
   },
   "properties": {
    "tipo": "curva_nivel",
    "cota_m": 105,
    "equidistancia_m": 5
   }
  },
  {
   "type": "Feature",
   "geometry": {
    "type": "LineString",
    "coordinates": [
     [
      -48.711429775,
      -25.42467928
     ],
     [
      -48.711429775,
      -25.42467928
     ],
     [
      -48.711523115,
      -25.424658076
     ],
     [
      -48.711616456,
      -25.424643865
     ],
     [
      -48.711709796,
      -25.424636448
     ],
     [
      -48.711803136,
      -25.424635674
     ],
     [
      -48.711896477,
      -25.424641443
     ],
     [
      -48.711989817,
      -25.424653694
     ],
     [
      -48.712083157,
      -25.424672413
     ],
     [
      -48.712142155,
      -25.424688358
     ],
     [
      -48.712142155,
      -25.424688358
     ]
    ]
   },
   "properties": {
    "tipo": "curva_nivel",
    "cota_m": 110,
    "equidistancia_m": 5
   }
  },
  {
   "type": "Feature",
   "geometry": {
    "type": "LineString",
    "coordinates": [
     [
      -48.712176497,
      -25.424698371
     ],
     [
      -48.712269838,
      -25.424732678
     ],
     [
      -48.712360885,
      -25.424773125
     ],
     [
      -48.712456518,
      -25.42482738
     ],
     [
      -48.712503151,
      -25.424857892
     ],
     [
      -48.712549859,
      -25.424891712
     ],
     [
      -48.712612166,
      -25.424942659
     ],
     [
      -48.712612166,
      -25.424942659
     ]
    ]
   },
   "properties": {
    "tipo": "curva_nivel",
    "cota_m": 110,
    "equidistancia_m": 5
   }
  },
  {
   "type": "Feature",
   "geometry": {
    "type": "LineString",
    "coordinates": [
     [
      -48.711399643,
      -25.424688358
     ],
     [
      -48.711336435,
      -25.424709335
     ],
     [
      -48.711243094,
      -25.42474833
     ],
     [
      -48.711193963,
      -25.424773125
     ],
     [
      -48.711149754,
      -25.424798081
     ],
     [
      -48.711059692,
      -25.424857892
     ],
     [
      -48.711056414,
      -25.424860365
     ],
     [
      -48.710963073,
      -25.424940886
     ],
     [
      -48.710963073,
      -25.424940886
     ],
     [
      -48.710885424,
      -25.425027426
     ],
     [
      -48.710869733,
      -25.42504813
     ],
     [
      -48.710825607,
      -25.425112193
     ],
     [
      -48.710777448,
      -25.42519696
     ],
     [
      -48.710776393,
      -25.425199255
     ],
     [
      -48.710741299,
      -25.425281727
     ],
     [
      -48.710713609,
      -25.425366494
     ],
     [
      -48.710693777,
      -25.425451261
     ],
     [
      -48.710683052,
      -25.425524415
     ],
     [
      -48.710683052,
      -25.425524415
     ]
    ]
   },
   "properties": {
    "tipo": "curva_nivel",
    "cota_m": 110,
    "equidistancia_m": 5
   }
  },
  {
   "type": "Feature",
   "geometry": {
    "type": "LineString",
    "coordinates": [
     [
      -48.712643199,
      -25.424971112
     ],
     [
      -48.712698411,
      -25.425027426
     ],
     [
      -48.712736539,
      -25.425071688
     ],
     [
      -48.712768317,
      -25.425112193
     ],
     [
      -48.712825759,
      -25.42519696
     ],
     [
      -48.712870906,
      -25.425281727
     ],
     [
      -48.71290778,
      -25.425366494
     ],
     [
      -48.71292322,
      -25.425411421
     ],
     [
      -48.712936008,
      -25.425451261
     ],
     [
      -48.7129562,
      -25.425536029
     ],
     [
      -48.712969605,
      -25.425620796
     ],
     [
      -48.712976387,
      -25.425705563
     ],
     [
      -48.712976684,
      -25.42579033
     ],
     [
      -48.712970609,
      -25.425875097
     ],
     [
      -48.712958246,
      -25.425959864
     ],
     [
      -48.712939647,
      -25.426044631
     ],
     [
      -48.71292322,
      -25.426101107
     ],
     [
      -48.71292322,
      -25.426101107
     ]
    ]
   },
   "properties": {
    "tipo": "curva_nivel",
    "cota_m": 110,
    "equidistancia_m": 5
   }
  },
  {
   "type": "Feature",
   "geometry": {
    "type": "LineString",
    "coordinates": [
     [
      -48.710681447,
      -25.425536029
     ],
     [
      -48.710676344,
      -25.425620796
     ],
     [
      -48.710677605,
      -25.425705563
     ],
     [
      -48.710683052,
      -25.425768177
     ],
     [
      -48.710685095,
      -25.42579033
     ],
     [
      -48.710699142,
      -25.425875097
     ],
     [
      -48.710719286,
      -25.425959864
     ],
     [
      -48.710745415,
      -25.426044631
     ],
     [
      -48.710776393,
      -25.426126592
     ],
     [
      -48.710777538,
      -25.426129398
     ],
     [
      -48.710817945,
      -25.426214165
     ],
     [
      -48.710864692,
      -25.426298932
     ],
     [
      -48.710921497,
      -25.426383699
     ],
     [
      -48.710963073,
      -25.426438984
     ],
     [
      -48.710987817,
      -25.426468466
     ],
     [
      -48.711056414,
      -25.426543214
     ],
     [
      -48.711066849,
      -25.426553233
     ],
     [
      -48.711149754,
      -25.426627121
     ],
     [
      -48.71116389,
      -25.426638001
     ],
     [
      -48.711243094,
      -25.426695349
     ],
     [
      -48.711288046,
      -25.426722768
     ],
     [
      -48.711336435,
      -25.426750879
     ],
     [
      -48.711429775,
      -25.426795391
     ],
     [
      -48.711461783,
      -25.426807535
     ],
     [
      -48.711523115,
      -25.426830032
     ],
     [
      -48.711616456,
      -25.426855758
     ],
     [
      -48.711709796,
      -25.426873257
     ],
     [
      -48.711803136,
      -25.426882848
     ],
     [
      -48.711896477,
      -25.42688468
     ],
     [
      -48.711989817,
      -25.426878738
     ],
     [
      -48.712083157,
      -25.426864841
     ],
     [
      -48.712176497,
      -25.426842628
     ],
     [
      -48.712269838,
      -25.42681154
     ],
     [
      -48.712363178,
      -25.426770107
     ],
     [
      -48.712447715,
      -25.426722768
     ],
     [
      -48.712456518,
      -25.426717566
     ],
     [
      -48.712549859,
      -25.426651084
     ],
     [
      -48.712643199,
      -25.42656753
     ],
     [
      -48.712730688,
      -25.426468466
     ],
     [
      -48.712736539,
      -25.426461037
     ],
     [
      -48.712790237,
      -25.426383699
     ],
     [
      -48.71282988,
      -25.42631855
     ],
     [
      -48.712880773,
      -25.426214165
     ],
     [
      -48.712914194,
      -25.426129398
     ]
    ]
   },
   "properties": {
    "tipo": "curva_nivel",
    "cota_m": 110,
    "equidistancia_m": 5
   }
  },
  {
   "type": "Feature",
   "geometry": {
    "type": "LineString",
    "coordinates": [
     [
      -48.71113678,
      -25.425875097
     ],
     [
      -48.71113678,
      -25.425875097
     ],
     [
      -48.711114301,
      -25.42579033
     ],
     [
      -48.711101797,
      -25.425705563
     ],
     [
      -48.711099567,
      -25.425620796
     ],
     [
      -48.711108013,
      -25.425536029
     ],
     [
      -48.711127644,
      -25.425451261
     ],
     [
      -48.711149754,
      -25.425391518
     ],
     [
      -48.711160289,
      -25.425366494
     ],
     [
      -48.711210024,
      -25.425281727
     ],
     [
      -48.711243094,
      -25.425238363
     ],
     [
      -48.711280242,
      -25.42519696
     ],
     [
      -48.711336435,
      -25.425146452
     ],
     [
      -48.711383135,
      -25.425112193
     ],
     [
      -48.711429775,
      -25.425083609
     ],
     [
      -48.711523115,
      -25.425039459
     ],
     [
      -48.711558923,
      -25.425027426
     ],
     [
      -48.711616456,
      -25.425010797
     ],
     [
      -48.711709796,
      -25.424994669
     ],
     [
      -48.711803136,
      -25.424989245
     ],
     [
      -48.711896477,
      -25.424994294
     ],
     [
      -48.711989817,
      -25.425009649
     ],
     [
      -48.712054658,
      -25.425027426
     ],
     [
      -48.712054658,
      -25.425027426
     ]
    ]
   },
   "properties": {
    "tipo": "curva_nivel",
    "cota_m": 115,
    "equidistancia_m": 5
   }
  },
  {
   "type": "Feature",
   "geometry": {
    "type": "LineString",
    "coordinates": [
     [
      -48.712083157,
      -25.425036296
     ],
     [
      -48.712176497,
      -25.425076974
     ],
     [
      -48.712239498,
      -25.425112193
     ],
     [
      -48.712239498,
      -25.425112193
     ]
    ]
   },
   "properties": {
    "tipo": "curva_nivel",
    "cota_m": 115,
    "equidistancia_m": 5
   }
  },
  {
   "type": "Feature",
   "geometry": {
    "type": "LineString",
    "coordinates": [
     [
      -48.712269838,
      -25.42513187
     ],
     [
      -48.712352082,
      -25.42519696
     ],
     [
      -48.712352082,
      -25.42519696
     ]
    ]
   },
   "properties": {
    "tipo": "curva_nivel",
    "cota_m": 115,
    "equidistancia_m": 5
   }
  },
  {
   "type": "Feature",
   "geometry": {
    "type": "LineString",
    "coordinates": [
     [
      -48.712363178,
      -25.425207419
     ],
     [
      -48.712430056,
      -25.425281727
     ],
     [
      -48.712456518,
      -25.42531796
     ],
     [
      -48.712487383,
      -25.425366494
     ],
     [
      -48.71252899,
      -25.425451261
     ],
     [
      -48.712549859,
      -25.425511167
     ],
     [
      -48.712557566,
      -25.425536029
     ],
     [
      -48.712573227,
      -25.425620796
     ],
     [
      -48.712578528,
      -25.425705563
     ],
     [
      -48.712573569,
      -25.42579033
     ],
     [
      -48.71255841,
      -25.425875097
     ],
     [
      -48.712549859,
      -25.425904001
     ],
     [
      -48.71253079,
      -25.425959864
     ],
     [
      -48.71249037,
      -25.426044631
     ],
     [
      -48.712456518,
      -25.426100016
     ],
     [
      -48.712456518,
      -25.426100016
     ]
    ]
   },
   "properties": {
    "tipo": "curva_nivel",
    "cota_m": 115,
    "equidistancia_m": 5
   }
  },
  {
   "type": "Feature",
   "geometry": {
    "type": "LineString",
    "coordinates": [
     [
      -48.711149754,
      -25.425909365
     ],
     [
      -48.711171389,
      -25.425959864
     ],
     [
      -48.711218401,
      -25.426044631
     ],
     [
      -48.711243094,
      -25.426081125
     ],
     [
      -48.711281032,
      -25.426129398
     ],
     [
      -48.711336435,
      -25.426189387
     ],
     [
      -48.711363838,
      -25.426214165
     ],
     [
      -48.711429775,
      -25.426266509
     ],
     [
      -48.711480766,
      -25.426298932
     ],
     [
      -48.711523115,
      -25.426323161
     ],
     [
      -48.711616456,
      -25.426363553
     ],
     [
      -48.711684665,
      -25.426383699
     ],
     [
      -48.711684665,
      -25.426383699
     ]
    ]
   },
   "properties": {
    "tipo": "curva_nivel",
    "cota_m": 115,
    "equidistancia_m": 5
   }
  },
  {
   "type": "Feature",
   "geometry": {
    "type": "LineString",
    "coordinates": [
     [
      -48.712435193,
      -25.426129398
     ],
     [
      -48.712363178,
      -25.42621122
     ],
     [
      -48.712363178,
      -25.42621122
     ],
     [
      -48.712269838,
      -25.42628591
     ],
     [
      -48.712269838,
      -25.42628591
     ]
    ]
   },
   "properties": {
    "tipo": "curva_nivel",
    "cota_m": 115,
    "equidistancia_m": 5
   }
  },
  {
   "type": "Feature",
   "geometry": {
    "type": "LineString",
    "coordinates": [
     [
      -48.712248707,
      -25.426298932
     ],
     [
      -48.712176497,
      -25.42633849
     ],
     [
      -48.712083157,
      -25.426375262
     ],
     [
      -48.712083157,
      -25.426375262
     ]
    ]
   },
   "properties": {
    "tipo": "curva_nivel",
    "cota_m": 115,
    "equidistancia_m": 5
   }
  },
  {
   "type": "Feature",
   "geometry": {
    "type": "LineString",
    "coordinates": [
     [
      -48.712049323,
      -25.426383699
     ],
     [
      -48.711989817,
      -25.426397287
     ],
     [
      -48.711896477,
      -25.426406671
     ],
     [
      -48.711803136,
      -25.426404385
     ],
     [
      -48.711709796,
      -25.426390536
     ]
    ]
   },
   "properties": {
    "tipo": "curva_nivel",
    "cota_m": 115,
    "equidistancia_m": 5
   }
  },
  {
   "type": "Feature",
   "geometry": {
    "type": "Polygon",
    "coordinates": [
     [
      [
       -48.7095493,
       -25.421091473
      ],
      [
       -48.709743865,
       -25.421619019
      ],
      [
       -48.710275426,
       -25.422005209
      ],
      [
       -48.711001553,
       -25.422146564
      ],
      [
       -48.711727679,
       -25.422005209
      ],
      [
       -48.71225924,
       -25.421619019
      ],
      [
       -48.712453805,
       -25.421091473
      ],
      [
       -48.71225924,
       -25.420563927
      ],
      [
       -48.711727679,
       -25.420177737
      ],
      [
       -48.711001553,
       -25.420036381
      ],
      [
       -48.710275426,
       -25.420177737
      ],
      [
       -48.709743865,
       -25.420563927
      ],
      [
       -48.7095493,
       -25.421091473
      ]
     ]
    ]
   },
   "properties": {
    "id": "app-hidrica",
    "nome": "APP hídrica — faixa de 30 m",
    "categoria": "app_rio",
    "motivo": "Restrição app_rio do estudo de prova, com a área declarada nele.",
    "origem": "geo",
    "padraoLigada": true,
    "percentualDoTerreno": 0.0361,
    "usoPermitido": "publico_condicionado",
    "geometriaFechadaPor": "geo",
    "area_m2": 51230.4,
    "descontaAreaLiquida": true,
    "tipo": "app",
    "baseLegal": "Lei 12.651/2012, art. 4º, I",
    "fonte": "calculada",
    "largura_m": 30
   }
  },
  {
   "type": "Feature",
   "geometry": {
    "type": "Polygon",
    "coordinates": [
     [
      [
       -48.703779268,
       -25.418690233
      ],
      [
       -48.704236977,
       -25.41993127
      ],
      [
       -48.70548746,
       -25.420839772
      ],
      [
       -48.707195653,
       -25.421172307
      ],
      [
       -48.708903845,
       -25.420839772
      ],
      [
       -48.710154329,
       -25.41993127
      ],
      [
       -48.710612038,
       -25.418690233
      ],
      [
       -48.710154329,
       -25.417449195
      ],
      [
       -48.708903845,
       -25.416540693
      ],
      [
       -48.707195653,
       -25.416208158
      ],
      [
       -48.70548746,
       -25.416540693
      ],
      [
       -48.704236977,
       -25.417449195
      ],
      [
       -48.703779268,
       -25.418690233
      ]
     ]
    ]
   },
   "properties": {
    "id": "car-reserva",
    "nome": "Reserva legal (CAR)",
    "categoria": "reserva_legal",
    "motivo": "Restrição reserva_legal do estudo de prova, com a área declarada nele.",
    "origem": "geo",
    "padraoLigada": true,
    "percentualDoTerreno": 0.2,
    "usoPermitido": "nenhum",
    "geometriaFechadaPor": "geo",
    "area_m2": 283515.6,
    "descontaAreaLiquida": true,
    "tipo": "reserva_legal",
    "fonte": "car_declarada"
   }
  },
  {
   "type": "Feature",
   "geometry": {
    "type": "Polygon",
    "coordinates": [
     [
      [
       -48.712399213,
       -25.418471938
      ],
      [
       -48.712480327,
       -25.418691872
      ],
      [
       -48.712701935,
       -25.418852875
      ],
      [
       -48.713004658,
       -25.418911806
      ],
      [
       -48.71330738,
       -25.418852875
      ],
      [
       -48.713528988,
       -25.418691872
      ],
      [
       -48.713610102,
       -25.418471938
      ],
      [
       -48.713528988,
       -25.418252004
      ],
      [
       -48.71330738,
       -25.418091001
      ],
      [
       -48.713004658,
       -25.41803207
      ],
      [
       -48.712701935,
       -25.418091001
      ],
      [
       -48.712480327,
       -25.418252004
      ],
      [
       -48.712399213,
       -25.418471938
      ]
     ]
    ]
   },
   "properties": {
    "id": "app-relevo",
    "nome": "APP de encosta",
    "categoria": "app_declividade",
    "motivo": "Restrição app_declividade do estudo de prova, com a área declarada nele.",
    "origem": "geo",
    "padraoLigada": true,
    "percentualDoTerreno": 0.0063,
    "usoPermitido": "publico_condicionado",
    "geometriaFechadaPor": "geo",
    "area_m2": 8904.15,
    "descontaAreaLiquida": true,
    "tipo": "app",
    "baseLegal": "Lei 12.651/2012, art. 4º, V",
    "fonte": "calculada",
    "largura_m": 30
   }
  },
  {
   "type": "Feature",
   "geometry": {
    "type": "Polygon",
    "coordinates": [
     [
      [
       -48.699482215,
       -25.42
      ],
      [
       -48.702769441,
       -25.421536167
      ],
      [
       -48.705923714,
       -25.421936494
      ],
      [
       -48.705920594,
       -25.423671354
      ],
      [
       -48.70752338,
       -25.424983951
      ],
      [
       -48.71,
       -25.426045858
      ],
      [
       -48.712657471,
       -25.425347895
      ],
      [
       -48.715022405,
       -25.424520028
      ],
      [
       -48.717064408,
       -25.423356041
      ],
      [
       -48.715280664,
       -25.421121902
      ],
      [
       -48.715892872,
       -25.42
      ],
      [
       -48.717781617,
       -25.418346758
      ],
      [
       -48.718150277,
       -25.416128102
      ],
      [
       -48.715810609,
       -25.41477061
      ],
      [
       -48.712073971,
       -25.415826339
      ],
      [
       -48.71,
       -25.415315445
      ],
      [
       -48.707779719,
       -25.415531906
      ],
      [
       -48.706139287,
       -25.416525463
      ],
      [
       -48.703451971,
       -25.416889272
      ],
      [
       -48.701275384,
       -25.418146414
      ],
      [
       -48.699482215,
       -25.42
      ]
     ]
    ]
   },
   "properties": {
    "tipo": "zoneamento",
    "zona": "ZR-3",
    "sigla": "ZR3",
    "fonte": "estudo de prova",
    "parametros": {
     "coeficienteAproveitamento": 1,
     "taxaOcupacao": 0.5,
     "taxaPermeabilidade": 0.2,
     "alturaMaxima_m": null,
     "pavimentos": 2,
     "recuoFrontal_m": 4,
     "recuosLaterais_m": 1.5,
     "recuoFundos_m": 3,
     "loteMinimo_m2": 360,
     "testadaMinima_m": 12,
     "densidade": null
    }
   }
  },
  {
   "type": "Feature",
   "geometry": {
    "type": "Polygon",
    "coordinates": [
     [
      [
       -48.699482215,
       -25.42
      ],
      [
       -48.702769441,
       -25.421536167
      ],
      [
       -48.705923714,
       -25.421936494
      ],
      [
       -48.705920594,
       -25.423671354
      ],
      [
       -48.70752338,
       -25.424983951
      ],
      [
       -48.71,
       -25.426045858
      ],
      [
       -48.712657471,
       -25.425347895
      ],
      [
       -48.715022405,
       -25.424520028
      ],
      [
       -48.717064408,
       -25.423356041
      ],
      [
       -48.715280664,
       -25.421121902
      ],
      [
       -48.715892872,
       -25.42
      ],
      [
       -48.717781617,
       -25.418346758
      ],
      [
       -48.718150277,
       -25.416128102
      ],
      [
       -48.715810609,
       -25.41477061
      ],
      [
       -48.712073971,
       -25.415826339
      ],
      [
       -48.71,
       -25.415315445
      ],
      [
       -48.707779719,
       -25.415531906
      ],
      [
       -48.706139287,
       -25.416525463
      ],
      [
       -48.703451971,
       -25.416889272
      ],
      [
       -48.701275384,
       -25.418146414
      ],
      [
       -48.699482215,
       -25.42
      ]
     ]
    ]
   },
   "properties": {
    "tipo": "zoneamento",
    "zona": "ZR-2",
    "sigla": "ZR2",
    "fonte": "estudo de prova",
    "parametros": {
     "coeficienteAproveitamento": 1,
     "taxaOcupacao": 0.5,
     "taxaPermeabilidade": 0.2,
     "alturaMaxima_m": null,
     "pavimentos": 2,
     "recuoFrontal_m": 4,
     "recuosLaterais_m": 1.5,
     "recuoFundos_m": 3,
     "loteMinimo_m2": 450,
     "testadaMinima_m": 15,
     "densidade": null
    }
   }
  }
 ]
}
