{
 "type": "FeatureCollection",
 "archilly": {
  "schema": "archilly-terreno",
  "versao": "1.1",
  "origem": "archilly-lab LAB-01 · gerar-terrenos.ts",
  "geradoEm": "2026-09-10T00:00:00.000Z",
  "estudoId": "sintetico-50ha-ondulado",
  "empreendimento": {
   "nome": "Gleba Sintética 50 ha (ondulado)",
   "id": "sintetico-50ha-ondulado"
  },
  "crsTrabalho": null,
  "procedencia": "SINTÉTICO — inventado pelo LAB-01, não vem de estudo nenhum do Geo. 50 ha, relevo ondulado com 45 m de desnível e curvas de 2 m. Existe para exercitar o campo tensorial no regime em que ele deveria brilhar: vias principais seguindo a curva de nível e locais descendo o gradiente.",
  "sintese": {
   "areaBruta_m2": 500000,
   "areaLiquida_m2": 500000,
   "areaParcelavel_m2": 500000,
   "restricoes": [],
   "restricoesDetalhadas": [],
   "relevo": {
    "cotaMin": 700,
    "cotaMax": 745,
    "desnivel": 45,
    "classesDeclividade": [],
    "fonteMdt": "superfície analítica do gerador do LAB-01",
    "resolucao_m": 4.919650604201053
   }
  }
 },
 "features": [
  {
   "type": "Feature",
   "geometry": {
    "type": "Polygon",
    "coordinates": [
     [
      [
       -48.795643217,
       -25.5
      ],
      [
       -48.796099533,
       -25.501227379
      ],
      [
       -48.796268743,
       -25.503057297
      ],
      [
       -48.798770905,
       -25.503518729
      ],
      [
       -48.800653583,
       -25.501871117
      ],
      [
       -48.80306022,
       -25.502507466
      ],
      [
       -48.804536797,
       -25.501427616
      ],
      [
       -48.805429896,
       -25.5
      ],
      [
       -48.804703283,
       -25.498519995
      ],
      [
       -48.802010302,
       -25.49835281
      ],
      [
       -48.801009442,
       -25.497110108
      ],
      [
       -48.798680519,
       -25.496222508
      ],
      [
       -48.796722149,
       -25.497314213
      ],
      [
       -48.796411413,
       -25.498870762
      ],
      [
       -48.795643217,
       -25.5
      ]
     ]
    ]
   },
   "properties": {
    "tipo": "terreno",
    "nome": "Gleba Sintética 50 ha (ondulado)",
    "origem": "desenho",
    "areaDocumento_m2": 500000,
    "areaCalculada_m2": 500000,
    "metodoArea": "plano_local",
    "perimetro_m": 2919.79,
    "vertices": 14,
    "datum": "SIRGAS 2000",
    "zonaUtm": "UTM 22S",
    "matricula": null,
    "cartorioCns": null,
    "codigoIncra": null,
    "certificacaoSigef": null,
    "numeroCar": null,
    "municipio": "Antonina",
    "uf": "PR",
    "rural": true
   }
  },
  {
   "type": "Feature",
   "geometry": {
    "type": "LineString",
    "coordinates": [
     [
      -48.798677087,
      -25.495511964
     ],
     [
      -48.798677087,
      -25.495511964
     ],
     [
      -48.798677087,
      -25.495511964
     ]
    ]
   },
   "properties": {
    "tipo": "curva_nivel",
    "cota_m": 700,
    "equidistancia_m": 2
   }
  },
  {
   "type": "Feature",
   "geometry": {
    "type": "LineString",
    "coordinates": [
     [
      -48.799319273,
      -25.495511964
     ],
     [
      -48.799313221,
      -25.495520186
     ],
     [
      -48.799285323,
      -25.495556373
     ],
     [
      -48.799264288,
      -25.495583584
     ],
     [
      -48.799264288,
      -25.495583584
     ]
    ]
   },
   "properties": {
    "tipo": "curva_nivel",
    "cota_m": 702,
    "equidistancia_m": 2
   }
  },
  {
   "type": "Feature",
   "geometry": {
    "type": "LineString",
    "coordinates": [
     [
      -48.798029448,
      -25.495511964
     ],
     [
      -48.798040953,
      -25.495527437
     ],
     [
      -48.798063619,
      -25.495556373
     ],
     [
      -48.798089887,
      -25.495589764
     ],
     [
      -48.798099096,
      -25.495600782
     ],
     [
      -48.798136416,
      -25.495645191
     ],
     [
      -48.798176533,
      -25.4956896
     ],
     [
      -48.798176533,
      -25.4956896
     ]
    ]
   },
   "properties": {
    "tipo": "curva_nivel",
    "cota_m": 702,
    "equidistancia_m": 2
   }
  },
  {
   "type": "Feature",
   "geometry": {
    "type": "LineString",
    "coordinates": [
     [
      -48.799250235,
      -25.495600782
     ],
     [
      -48.799215355,
      -25.495643318
     ],
     [
      -48.799215355,
      -25.495643318
     ],
     [
      -48.799174587,
      -25.4956896
     ],
     [
      -48.799166421,
      -25.495698846
     ],
     [
      -48.799132813,
      -25.495734009
     ],
     [
      -48.799117488,
      -25.495750002
     ],
     [
      -48.799087603,
      -25.495778418
     ],
     [
      -48.799068554,
      -25.495796474
     ],
     [
      -48.799037518,
      -25.495822827
     ],
     [
      -48.799019621,
      -25.49583797
     ],
     [
      -48.798980174,
      -25.495867236
     ],
     [
      -48.798970688,
      -25.495874247
     ],
     [
      -48.798921754,
      -25.495905085
     ],
     [
      -48.798921754,
      -25.495905085
     ]
    ]
   },
   "properties": {
    "tipo": "curva_nivel",
    "cota_m": 702,
    "equidistancia_m": 2
   }
  },
  {
   "type": "Feature",
   "geometry": {
    "type": "LineString",
    "coordinates": [
     [
      -48.798187753,
      -25.495701946
     ],
     [
      -48.798219384,
      -25.495734009
     ],
     [
      -48.798236687,
      -25.495751525
     ],
     [
      -48.798265894,
      -25.495778418
     ],
     [
      -48.79828562,
      -25.495796565
     ],
     [
      -48.798317488,
      -25.495822827
     ],
     [
      -48.798317488,
      -25.495822827
     ]
    ]
   },
   "properties": {
    "tipo": "curva_nivel",
    "cota_m": 702,
    "equidistancia_m": 2
   }
  },
  {
   "type": "Feature",
   "geometry": {
    "type": "LineString",
    "coordinates": [
     [
      -48.798334553,
      -25.495836888
     ],
     [
      -48.798376453,
      -25.495867236
     ],
     [
      -48.79843242,
      -25.495902694
     ],
     [
      -48.798449826,
      -25.495911645
     ],
     [
      -48.798481354,
      -25.495927872
     ],
     [
      -48.798530287,
      -25.495947742
     ],
     [
      -48.798558485,
      -25.495956054
     ],
     [
      -48.798558485,
      -25.495956054
     ]
    ]
   },
   "properties": {
    "tipo": "curva_nivel",
    "cota_m": 702,
    "equidistancia_m": 2
   }
  },
  {
   "type": "Feature",
   "geometry": {
    "type": "LineString",
    "coordinates": [
     [
      -48.798909102,
      -25.495911645
     ],
     [
      -48.798872821,
      -25.495930349
     ],
     [
      -48.798823887,
      -25.495949951
     ],
     [
      -48.798823887,
      -25.495949951
     ]
    ]
   },
   "properties": {
    "tipo": "curva_nivel",
    "cota_m": 702,
    "equidistancia_m": 2
   }
  },
  {
   "type": "Feature",
   "geometry": {
    "type": "LineString",
    "coordinates": [
     [
      -48.798802439,
      -25.495956054
     ],
     [
      -48.798774954,
      -25.495963823
     ],
     [
      -48.798726021,
      -25.495971943
     ],
     [
      -48.798677087,
      -25.495974343
     ],
     [
      -48.798628154,
      -25.495971065
     ],
     [
      -48.79857922,
      -25.495962178
     ]
    ]
   },
   "properties": {
    "tipo": "curva_nivel",
    "cota_m": 702,
    "equidistancia_m": 2
   }
  },
  {
   "type": "Feature",
   "geometry": {
    "type": "LineString",
    "coordinates": [
     [
      -48.799615157,
      -25.495511964
     ],
     [
      -48.799606822,
      -25.495524659
     ],
     [
      -48.799585653,
      -25.495556373
     ],
     [
      -48.799557888,
      -25.495598628
     ],
     [
      -48.799557888,
      -25.495598628
     ],
     [
      -48.799526844,
      -25.495645191
     ],
     [
      -48.799508955,
      -25.495672468
     ],
     [
      -48.799508955,
      -25.495672468
     ]
    ]
   },
   "properties": {
    "tipo": "curva_nivel",
    "cota_m": 704,
    "equidistancia_m": 2
   }
  },
  {
   "type": "Feature",
   "geometry": {
    "type": "LineString",
    "coordinates": [
     [
      -48.797752746,
      -25.495511964
     ],
     [
      -48.79778208,
      -25.495556373
     ],
     [
      -48.797796286,
      -25.495578081
     ],
     [
      -48.797811554,
      -25.495600782
     ],
     [
      -48.797841132,
      -25.495645191
     ],
     [
      -48.797871407,
      -25.4956896
     ],
     [
      -48.797894153,
      -25.495723239
     ],
     [
      -48.797901729,
      -25.495734009
     ],
     [
      -48.797932708,
      -25.495778418
     ],
     [
      -48.797932708,
      -25.495778418
     ]
    ]
   },
   "properties": {
    "tipo": "curva_nivel",
    "cota_m": 704,
    "equidistancia_m": 2
   }
  },
  {
   "type": "Feature",
   "geometry": {
    "type": "LineString",
    "coordinates": [
     [
      -48.799497384,
      -25.4956896
     ],
     [
      -48.79946779,
      -25.495734009
     ],
     [
      -48.799460022,
      -25.495745828
     ],
     [
      -48.799437792,
      -25.495778418
     ],
     [
      -48.799411088,
      -25.495818199
     ],
     [
      -48.799411088,
      -25.495818199
     ],
     [
      -48.799377082,
      -25.495867236
     ],
     [
      -48.799362155,
      -25.495889121
     ],
     [
      -48.799345957,
      -25.495911645
     ],
     [
      -48.799314469,
      -25.495956054
     ],
     [
      -48.799313221,
      -25.495957839
     ],
     [
      -48.799281497,
      -25.496000463
     ],
     [
      -48.799264288,
      -25.496023891
     ],
     [
      -48.799247719,
      -25.496044872
     ],
     [
      -48.799215355,
      -25.496086314
     ],
     [
      -48.799215355,
      -25.496086314
     ],
     [
      -48.799175538,
      -25.49613369
     ],
     [
      -48.799166421,
      -25.496144649
     ],
     [
      -48.799135718,
      -25.496178099
     ],
     [
      -48.799117488,
      -25.496198098
     ],
     [
      -48.79909255,
      -25.496222508
     ],
     [
      -48.799068554,
      -25.496246107
     ],
     [
      -48.79904437,
      -25.496266917
     ],
     [
      -48.799019621,
      -25.496288269
     ],
     [
      -48.79898829,
      -25.496311326
     ],
     [
      -48.798970688,
      -25.49632429
     ],
     [
      -48.798921754,
      -25.496354007
     ],
     [
      -48.798921754,
      -25.496354007
     ],
     [
      -48.798872821,
      -25.496377534
     ],
     [
      -48.798823887,
      -25.496394728
     ],
     [
      -48.798800034,
      -25.496400145
     ],
     [
      -48.798774954,
      -25.496405826
     ],
     [
      -48.798726021,
      -25.496410938
     ],
     [
      -48.798677087,
      -25.496410168
     ],
     [
      -48.798628154,
      -25.496403645
     ],
     [
      -48.798614162,
      -25.496400145
     ],
     [
      -48.79857922,
      -25.496391532
     ],
     [
      -48.798530287,
      -25.4963739
     ],
     [
      -48.798491901,
      -25.496355735
     ],
     [
      -48.798491901,
      -25.496355735
     ],
     [
      -48.79843242,
      -25.496322446
     ],
     [
      -48.798416333,
      -25.496311326
     ],
     [
      -48.798383487,
      -25.496288892
     ],
     [
      -48.79835577,
      -25.496266917
     ],
     [
      -48.798334553,
      -25.496250294
     ],
     [
      -48.798303379,
      -25.496222508
     ],
     [
      -48.79828562,
      -25.496206866
     ],
     [
      -48.79825644,
      -25.496178099
     ],
     [
      -48.798236687,
      -25.496158859
     ],
     [
      -48.79821329,
      -25.49613369
     ],
     [
      -48.798187753,
      -25.496106558
     ],
     [
      -48.798172862,
      -25.496089281
     ],
     [
      -48.79813882,
      -25.496050289
     ],
     [
      -48.798098153,
      -25.496000463
     ],
     [
      -48.798098153,
      -25.496000463
     ]
    ]
   },
   "properties": {
    "tipo": "curva_nivel",
    "cota_m": 704,
    "equidistancia_m": 2
   }
  },
  {
   "type": "Feature",
   "geometry": {
    "type": "LineString",
    "coordinates": [
     [
      -48.797943086,
      -25.49579346
     ],
     [
      -48.797964315,
      -25.495822827
     ],
     [
      -48.79799202,
      -25.495861656
     ],
     [
      -48.797996218,
      -25.495867236
     ],
     [
      -48.798029314,
      -25.495911645
     ],
     [
      -48.798029314,
      -25.495911645
     ]
    ]
   },
   "properties": {
    "tipo": "curva_nivel",
    "cota_m": 704,
    "equidistancia_m": 2
   }
  },
  {
   "type": "Feature",
   "geometry": {
    "type": "LineString",
    "coordinates": [
     [
      -48.798040953,
      -25.495927462
     ],
     [
      -48.798063318,
      -25.495956054
     ],
     [
      -48.798089887,
      -25.495990468
     ]
    ]
   },
   "properties": {
    "tipo": "curva_nivel",
    "cota_m": 704,
    "equidistancia_m": 2
   }
  },
  {
   "type": "Feature",
   "geometry": {
    "type": "LineString",
    "coordinates": [
     [
      -48.799862669,
      -25.495511964
     ],
     [
      -48.799851489,
      -25.495528701
     ],
     [
      -48.799833002,
      -25.495556373
     ],
     [
      -48.799804104,
      -25.495600782
     ],
     [
      -48.799802555,
      -25.495603211
     ],
     [
      -48.799775633,
      -25.495645191
     ],
     [
      -48.799753622,
      -25.495680511
     ],
     [
      -48.799753622,
      -25.495680511
     ]
    ]
   },
   "properties": {
    "tipo": "curva_nivel",
    "cota_m": 706,
    "equidistancia_m": 2
   }
  },
  {
   "type": "Feature",
   "geometry": {
    "type": "LineString",
    "coordinates": [
     [
      -48.797529053,
      -25.495511964
     ],
     [
      -48.797551619,
      -25.495547039
     ],
     [
      -48.797557679,
      -25.495556373
     ],
     [
      -48.797586139,
      -25.495600782
     ],
     [
      -48.797600553,
      -25.49562371
     ],
     [
      -48.797614255,
      -25.495645191
     ],
     [
      -48.797642065,
      -25.4956896
     ],
     [
      -48.797669811,
      -25.495734009
     ],
     [
      -48.797697095,
      -25.495778418
     ],
     [
      -48.797724608,
      -25.495822827
     ],
     [
      -48.797747353,
      -25.495860351
     ],
     [
      -48.797751654,
      -25.495867236
     ],
     [
      -48.797778918,
      -25.495911645
     ],
     [
      -48.797796286,
      -25.495940561
     ],
     [
      -48.797805933,
      -25.495956054
     ],
     [
      -48.797833048,
      -25.496000463
     ],
     [
      -48.79784522,
      -25.496020813
     ],
     [
      -48.797860225,
      -25.496044872
     ],
     [
      -48.797887365,
      -25.496089281
     ],
     [
      -48.797914955,
      -25.49613369
     ],
     [
      -48.797942333,
      -25.496178099
     ],
     [
      -48.797970673,
      -25.496222508
     ],
     [
      -48.79799202,
      -25.496256506
     ],
     [
      -48.797998964,
      -25.496266917
     ],
     [
      -48.79802811,
      -25.496311326
     ],
     [
      -48.798040953,
      -25.49633119
     ],
     [
      -48.798057932,
      -25.496355735
     ],
     [
      -48.798088263,
      -25.496400145
     ],
     [
      -48.798120427,
      -25.496444554
     ],
     [
      -48.79813882,
      -25.496470068
     ],
     [
      -48.798153613,
      -25.496488963
     ],
     [
      -48.798187753,
      -25.496532845
     ],
     [
      -48.798188202,
      -25.496533372
     ],
     [
      -48.798225834,
      -25.496577781
     ],
     [
      -48.798225834,
      -25.496577781
     ]
    ]
   },
   "properties": {
    "tipo": "curva_nivel",
    "cota_m": 706,
    "equidistancia_m": 2
   }
  },
  {
   "type": "Feature",
   "geometry": {
    "type": "LineString",
    "coordinates": [
     [
      -48.799747898,
      -25.4956896
     ],
     [
      -48.799720567,
      -25.495734009
     ],
     [
      -48.799704689,
      -25.495760543
     ],
     [
      -48.799704689,
      -25.495760543
     ]
    ]
   },
   "properties": {
    "tipo": "curva_nivel",
    "cota_m": 706,
    "equidistancia_m": 2
   }
  },
  {
   "type": "Feature",
   "geometry": {
    "type": "LineString",
    "coordinates": [
     [
      -48.799693812,
      -25.495778418
     ],
     [
      -48.799667495,
      -25.495822827
     ],
     [
      -48.799655755,
      -25.495843202
     ],
     [
      -48.799641584,
      -25.495867236
     ],
     [
      -48.799616127,
      -25.495911645
     ],
     [
      -48.799606822,
      -25.49592835
     ],
     [
      -48.799590924,
      -25.495956054
     ],
     [
      -48.799566159,
      -25.496000463
     ],
     [
      -48.799557888,
      -25.496015734
     ],
     [
      -48.799541516,
      -25.496044872
     ],
     [
      -48.799517249,
      -25.496089281
     ],
     [
      -48.799508955,
      -25.496104904
     ],
     [
      -48.79949298,
      -25.49613369
     ],
     [
      -48.799468969,
      -25.496178099
     ],
     [
      -48.799460022,
      -25.496195105
     ],
     [
      -48.799444823,
      -25.496222508
     ],
     [
      -48.799420752,
      -25.496266917
     ],
     [
      -48.799411088,
      -25.496285174
     ],
     [
      -48.79939636,
      -25.496311326
     ],
     [
      -48.799371798,
      -25.496355735
     ],
     [
      -48.799362155,
      -25.496373489
     ],
     [
      -48.799346592,
      -25.496400145
     ],
     [
      -48.799320924,
      -25.496444554
     ],
     [
      -48.799313221,
      -25.496458034
     ],
     [
      -48.799293995,
      -25.496488963
     ],
     [
      -48.799266315,
      -25.496533372
     ],
     [
      -48.799264288,
      -25.496536641
     ],
     [
      -48.799236145,
      -25.496577781
     ],
     [
      -48.799215355,
      -25.496607727
     ],
     [
      -48.799215355,
      -25.496607727
     ]
    ]
   },
   "properties": {
    "tipo": "curva_nivel",
    "cota_m": 706,
    "equidistancia_m": 2
   }
  },
  {
   "type": "Feature",
   "geometry": {
    "type": "LineString",
    "coordinates": [
     [
      -48.798236687,
      -25.496590609
     ],
     [
      -48.798266224,
      -25.49662219
     ],
     [
      -48.79828562,
      -25.496642918
     ],
     [
      -48.798310377,
      -25.496666599
     ],
     [
      -48.798334553,
      -25.49668967
     ],
     [
      -48.798359841,
      -25.496711008
     ],
     [
      -48.798383487,
      -25.496730883
     ],
     [
      -48.798416974,
      -25.496755417
     ],
     [
      -48.798416974,
      -25.496755417
     ]
    ]
   },
   "properties": {
    "tipo": "curva_nivel",
    "cota_m": 706,
    "equidistancia_m": 2
   }
  },
  {
   "type": "Feature",
   "geometry": {
    "type": "LineString",
    "coordinates": [
     [
      -48.799204121,
      -25.49662219
     ],
     [
      -48.799168999,
      -25.496666599
     ],
     [
      -48.799166421,
      -25.496669804
     ],
     [
      -48.799128569,
      -25.496711008
     ],
     [
      -48.799117488,
      -25.496722709
     ],
     [
      -48.799081299,
      -25.496755417
     ],
     [
      -48.799068554,
      -25.496766547
     ],
     [
      -48.799022698,
      -25.496799826
     ],
     [
      -48.799019621,
      -25.496801977
     ],
     [
      -48.798970688,
      -25.49682973
     ],
     [
      -48.798937046,
      -25.496844235
     ],
     [
      -48.798921754,
      -25.496850589
     ],
     [
      -48.798872821,
      -25.496865158
     ],
     [
      -48.798823887,
      -25.496874042
     ],
     [
      -48.798774954,
      -25.496877623
     ],
     [
      -48.798726021,
      -25.496876178
     ],
     [
      -48.798677087,
      -25.4968699
     ],
     [
      -48.798628154,
      -25.496858901
     ],
     [
      -48.798582394,
      -25.496844235
     ],
     [
      -48.798582394,
      -25.496844235
     ],
     [
      -48.798530287,
      -25.496822638
     ],
     [
      -48.798486344,
      -25.496799826
     ],
     [
      -48.798486344,
      -25.496799826
     ],
     [
      -48.79843242,
      -25.496766674
     ]
    ]
   },
   "properties": {
    "tipo": "curva_nivel",
    "cota_m": 706,
    "equidistancia_m": 2
   }
  },
  {
   "type": "Feature",
   "geometry": {
    "type": "LineString",
    "coordinates": [
     [
      -48.804729954,
      -25.495511964
     ],
     [
      -48.804714406,
      -25.495556373
     ],
     [
      -48.80469837,
      -25.495600782
     ],
     [
      -48.804695895,
      -25.495607407
     ],
     [
      -48.804680703,
      -25.495645191
     ],
     [
      -48.804662565,
      -25.4956896
     ],
     [
      -48.804646962,
      -25.495727498
     ],
     [
      -48.804646962,
      -25.495727498
     ],
     [
      -48.804623867,
      -25.495778418
     ],
     [
      -48.804603807,
      -25.495822827
     ],
     [
      -48.804598028,
      -25.495835673
     ],
     [
      -48.804582271,
      -25.495867236
     ],
     [
      -48.804560377,
      -25.495911645
     ],
     [
      -48.804549095,
      -25.495934905
     ],
     [
      -48.804537499,
      -25.495956054
     ],
     [
      -48.804513633,
      -25.496000463
     ],
     [
      -48.804500161,
      -25.496026177
     ],
     [
      -48.804500161,
      -25.496026177
     ]
    ]
   },
   "properties": {
    "tipo": "curva_nivel",
    "cota_m": 708,
    "equidistancia_m": 2
   }
  },
  {
   "type": "Feature",
   "geometry": {
    "type": "LineString",
    "coordinates": [
     [
      -48.803573458,
      -25.495511964
     ],
     [
      -48.803596838,
      -25.495556373
     ],
     [
      -48.80361936,
      -25.495600363
     ],
     [
      -48.803619585,
      -25.495600782
     ],
     [
      -48.803643276,
      -25.495645191
     ],
     [
      -48.803666216,
      -25.4956896
     ],
     [
      -48.803690075,
      -25.495734009
     ],
     [
      -48.803713258,
      -25.495778418
     ],
     [
      -48.803737342,
      -25.495822827
     ],
     [
      -48.803760854,
      -25.495867236
     ],
     [
      -48.803785328,
      -25.495911645
     ],
     [
      -48.803809338,
      -25.495956054
     ],
     [
      -48.803834548,
      -25.496000463
     ],
     [
      -48.803859357,
      -25.496044872
     ],
     [
      -48.803886016,
      -25.496089281
     ],
     [
      -48.803912171,
      -25.49613369
     ],
     [
      -48.803941823,
      -25.496178099
     ],
     [
      -48.803961894,
      -25.496209393
     ],
     [
      -48.803972461,
      -25.496222508
     ],
     [
      -48.80400671,
      -25.496266917
     ],
     [
      -48.804049909,
      -25.496311326
     ],
     [
      -48.804108694,
      -25.496353179
     ],
     [
      -48.804118226,
      -25.496355735
     ],
     [
      -48.804157628,
      -25.496366667
     ],
     [
      -48.804206561,
      -25.496361408
     ],
     [
      -48.804255494,
      -25.496338904
     ],
     [
      -48.804289976,
      -25.496311326
     ],
     [
      -48.804304428,
      -25.496300404
     ],
     [
      -48.804335197,
      -25.496266917
     ],
     [
      -48.804353361,
      -25.496248128
     ],
     [
      -48.804372302,
      -25.496222508
     ],
     [
      -48.804402295,
      -25.496183768
     ],
     [
      -48.804434804,
      -25.49613369
     ],
     [
      -48.804451228,
      -25.496109435
     ],
     [
      -48.804462704,
      -25.496089281
     ],
     [
      -48.80448884,
      -25.496044872
     ]
    ]
   },
   "properties": {
    "tipo": "curva_nivel",
    "cota_m": 708,
    "equidistancia_m": 2
   }
  },
  {
   "type": "Feature",
   "geometry": {
    "type": "LineString",
    "coordinates": [
     [
      -48.800093309,
      -25.495511964
     ],
     [
      -48.800061526,
      -25.495556373
     ],
     [
      -48.800047222,
      -25.495577034
     ],
     [
      -48.800030937,
      -25.495600782
     ],
     [
      -48.800001505,
      -25.495645191
     ],
     [
      -48.799998289,
      -25.495650197
     ],
     [
      -48.799973081,
      -25.4956896
     ],
     [
      -48.799949356,
      -25.495728127
     ],
     [
      -48.799949356,
      -25.495728127
     ],
     [
      -48.799919276,
      -25.495778418
     ],
     [
      -48.799900422,
      -25.495811337
     ],
     [
      -48.799900422,
      -25.495811337
     ]
    ]
   },
   "properties": {
    "tipo": "curva_nivel",
    "cota_m": 708,
    "equidistancia_m": 2
   }
  },
  {
   "type": "Feature",
   "geometry": {
    "type": "LineString",
    "coordinates": [
     [
      -48.797443115,
      -25.4956896
     ],
     [
      -48.797443115,
      -25.4956896
     ],
     [
      -48.797415438,
      -25.495645191
     ],
     [
      -48.797404819,
      -25.495628556
     ],
     [
      -48.797387152,
      -25.495600782
     ],
     [
      -48.797355886,
      -25.495553043
     ],
     [
      -48.797358104,
      -25.495556373
     ],
     [
      -48.797328482,
      -25.495511964
     ]
    ]
   },
   "properties": {
    "tipo": "curva_nivel",
    "cota_m": 708,
    "equidistancia_m": 2
   }
  },
  {
   "type": "Feature",
   "geometry": {
    "type": "LineString",
    "coordinates": [
     [
      -48.797453752,
      -25.495707108
     ],
     [
      -48.797470236,
      -25.495734009
     ],
     [
      -48.797496706,
      -25.495778418
     ],
     [
      -48.797522794,
      -25.495822827
     ],
     [
      -48.797548201,
      -25.495867236
     ],
     [
      -48.797573369,
      -25.495911645
     ],
     [
      -48.797597851,
      -25.495956054
     ],
     [
      -48.797622195,
      -25.496000463
     ],
     [
      -48.797645888,
      -25.496044872
     ],
     [
      -48.797669505,
      -25.496089281
     ],
     [
      -48.797692559,
      -25.49613369
     ],
     [
      -48.797715555,
      -25.496178099
     ],
     [
      -48.797738139,
      -25.496222508
     ],
     [
      -48.797738139,
      -25.496222508
     ]
    ]
   },
   "properties": {
    "tipo": "curva_nivel",
    "cota_m": 708,
    "equidistancia_m": 2
   }
  },
  {
   "type": "Feature",
   "geometry": {
    "type": "LineString",
    "coordinates": [
     [
      -48.799893805,
      -25.495822827
     ],
     [
      -48.799869156,
      -25.495867236
     ],
     [
      -48.799851489,
      -25.495900398
     ],
     [
      -48.799851489,
      -25.495900398
     ]
    ]
   },
   "properties": {
    "tipo": "curva_nivel",
    "cota_m": 708,
    "equidistancia_m": 2
   }
  },
  {
   "type": "Feature",
   "geometry": {
    "type": "LineString",
    "coordinates": [
     [
      -48.79984543,
      -25.495911645
     ],
     [
      -48.799822437,
      -25.495956054
     ],
     [
      -48.799802555,
      -25.495996125
     ],
     [
      -48.799802555,
      -25.495996125
     ],
     [
      -48.799778887,
      -25.496044872
     ],
     [
      -48.799758322,
      -25.496089281
     ],
     [
      -48.799753622,
      -25.496099913
     ],
     [
      -48.799738319,
      -25.49613369
     ],
     [
      -48.79971908,
      -25.496178099
     ],
     [
      -48.799704689,
      -25.496212858
     ],
     [
      -48.799704689,
      -25.496212858
     ]
    ]
   },
   "properties": {
    "tipo": "curva_nivel",
    "cota_m": 708,
    "equidistancia_m": 2
   }
  },
  {
   "type": "Feature",
   "geometry": {
    "type": "LineString",
    "coordinates": [
     [
      -48.799700567,
      -25.496222508
     ],
     [
      -48.799682502,
      -25.496266917
     ],
     [
      -48.799665197,
      -25.496311326
     ],
     [
      -48.799655755,
      -25.496336722
     ],
     [
      -48.799655755,
      -25.496336722
     ]
    ]
   },
   "properties": {
    "tipo": "curva_nivel",
    "cota_m": 708,
    "equidistancia_m": 2
   }
  },
  {
   "type": "Feature",
   "geometry": {
    "type": "LineString",
    "coordinates": [
     [
      -48.797747353,
      -25.496241106
     ],
     [
      -48.797760645,
      -25.496266917
     ],
     [
      -48.797782963,
      -25.496311326
     ],
     [
      -48.797796286,
      -25.49633846
     ],
     [
      -48.797805152,
      -25.496355735
     ],
     [
      -48.797827455,
      -25.496400145
     ],
     [
      -48.79784522,
      -25.496436158
     ],
     [
      -48.797849572,
      -25.496444554
     ],
     [
      -48.797872179,
      -25.496488963
     ],
     [
      -48.797894153,
      -25.496532586
     ],
     [
      -48.797894571,
      -25.496533372
     ],
     [
      -48.797917895,
      -25.496577781
     ],
     [
      -48.797941165,
      -25.49662219
     ],
     [
      -48.797965639,
      -25.496666599
     ],
     [
      -48.797990399,
      -25.496711008
     ],
     [
      -48.798016836,
      -25.496755417
     ],
     [
      -48.798040953,
      -25.496795104
     ],
     [
      -48.79804404,
      -25.496799826
     ],
     [
      -48.798073446,
      -25.496844235
     ],
     [
      -48.798089887,
      -25.496868487
     ],
     [
      -48.798104674,
      -25.496888644
     ],
     [
      -48.798138161,
      -25.496933053
     ],
     [
      -48.798175515,
      -25.496977462
     ],
     [
      -48.798175515,
      -25.496977462
     ]
    ]
   },
   "properties": {
    "tipo": "curva_nivel",
    "cota_m": 708,
    "equidistancia_m": 2
   }
  },
  {
   "type": "Feature",
   "geometry": {
    "type": "LineString",
    "coordinates": [
     [
      -48.799648401,
      -25.496355735
     ],
     [
      -48.79963201,
      -25.496400145
     ],
     [
      -48.799616241,
      -25.496444554
     ],
     [
      -48.799606822,
      -25.496472214
     ],
     [
      -48.799606822,
      -25.496472214
     ]
    ]
   },
   "properties": {
    "tipo": "curva_nivel",
    "cota_m": 708,
    "equidistancia_m": 2
   }
  },
  {
   "type": "Feature",
   "geometry": {
    "type": "LineString",
    "coordinates": [
     [
      -48.799600832,
      -25.496488963
     ],
     [
      -48.799585602,
      -25.496533372
     ],
     [
      -48.799570782,
      -25.496577781
     ],
     [
      -48.799557888,
      -25.496617345
     ],
     [
      -48.799557888,
      -25.496617345
     ],
     [
      -48.799541345,
      -25.496666599
     ],
     [
      -48.79952655,
      -25.496711008
     ],
     [
      -48.799511672,
      -25.496755417
     ],
     [
      -48.799508955,
      -25.49676359
     ],
     [
      -48.799495964,
      -25.496799826
     ],
     [
      -48.799479624,
      -25.496844235
     ],
     [
      -48.799462511,
      -25.496888644
     ],
     [
      -48.799460022,
      -25.496894926
     ],
     [
      -48.799443458,
      -25.496933053
     ],
     [
      -48.799422684,
      -25.496977462
     ],
     [
      -48.799411088,
      -25.497000503
     ],
     [
      -48.799399098,
      -25.497021871
     ],
     [
      -48.799371818,
      -25.49706628
     ],
     [
      -48.799362155,
      -25.497080617
     ],
     [
      -48.799339062,
      -25.497110689
     ],
     [
      -48.799313221,
      -25.497140757
     ],
     [
      -48.799313221,
      -25.497140757
     ]
    ]
   },
   "properties": {
    "tipo": "curva_nivel",
    "cota_m": 708,
    "equidistancia_m": 2
   }
  },
  {
   "type": "Feature",
   "geometry": {
    "type": "LineString",
    "coordinates": [
     [
      -48.798187753,
      -25.496991499
     ],
     [
      -48.79821675,
      -25.497021871
     ],
     [
      -48.798236687,
      -25.497042022
     ],
     [
      -48.79826313,
      -25.49706628
     ],
     [
      -48.79828562,
      -25.497086172
     ],
     [
      -48.798316353,
      -25.497110689
     ],
     [
      -48.798316353,
      -25.497110689
     ]
    ]
   },
   "properties": {
    "tipo": "curva_nivel",
    "cota_m": 708,
    "equidistancia_m": 2
   }
  },
  {
   "type": "Feature",
   "geometry": {
    "type": "LineString",
    "coordinates": [
     [
      -48.798334553,
      -25.497124683
     ],
     [
      -48.798378698,
      -25.497155098
     ],
     [
      -48.79843242,
      -25.497187275
     ],
     [
      -48.798455829,
      -25.497199507
     ],
     [
      -48.798481354,
      -25.497212406
     ],
     [
      -48.798530287,
      -25.49723403
     ],
     [
      -48.798556249,
      -25.497243916
     ],
     [
      -48.79857922,
      -25.497252407
     ],
     [
      -48.798628154,
      -25.497267722
     ],
     [
      -48.798677087,
      -25.497280387
     ],
     [
      -48.798715803,
      -25.497288325
     ],
     [
      -48.798774954,
      -25.49729757
     ],
     [
      -48.798823887,
      -25.497302223
     ],
     [
      -48.798872821,
      -25.497304255
     ],
     [
      -48.798921754,
      -25.497303537
     ],
     [
      -48.798970688,
      -25.49729988
     ],
     [
      -48.799019621,
      -25.497293023
     ],
     [
      -48.799019621,
      -25.497293023
     ]
    ]
   },
   "properties": {
    "tipo": "curva_nivel",
    "cota_m": 708,
    "equidistancia_m": 2
   }
  },
  {
   "type": "Feature",
   "geometry": {
    "type": "LineString",
    "coordinates": [
     [
      -48.799298896,
      -25.497155098
     ],
     [
      -48.799264288,
      -25.497186213
     ],
     [
      -48.799264288,
      -25.497186213
     ]
    ]
   },
   "properties": {
    "tipo": "curva_nivel",
    "cota_m": 708,
    "equidistancia_m": 2
   }
  },
  {
   "type": "Feature",
   "geometry": {
    "type": "LineString",
    "coordinates": [
     [
      -48.799246652,
      -25.497199507
     ],
     [
      -48.799215355,
      -25.497220809
     ],
     [
      -48.799173423,
      -25.497243916
     ],
     [
      -48.799166421,
      -25.497247419
     ],
     [
      -48.799117488,
      -25.49726734
     ],
     [
      -48.799068554,
      -25.49728238
     ],
     [
      -48.799042177,
      -25.497288325
     ]
    ]
   },
   "properties": {
    "tipo": "curva_nivel",
    "cota_m": 708,
    "equidistancia_m": 2
   }
  },
  {
   "type": "Feature",
   "geometry": {
    "type": "LineString",
    "coordinates": [
     [
      -48.801662024,
      -25.498662334
     ],
     [
      -48.801665869,
      -25.498665006
     ],
     [
      -48.801613091,
      -25.49865214
     ],
     [
      -48.801564158,
      -25.498664421
     ],
     [
      -48.801564158,
      -25.498664421
     ],
     [
      -48.801536832,
      -25.498709415
     ],
     [
      -48.801544497,
      -25.498753824
     ],
     [
      -48.801564158,
      -25.498776352
     ],
     [
      -48.801613091,
      -25.498793646
     ],
     [
      -48.801662024,
      -25.498772371
     ],
     [
      -48.801678463,
      -25.498753824
     ],
     [
      -48.801689531,
      -25.498709415
     ],
     [
      -48.801665869,
      -25.498665006
     ]
    ]
   },
   "properties": {
    "tipo": "curva_nivel",
    "cota_m": 708,
    "equidistancia_m": 2
   }
  },
  {
   "type": "Feature",
   "geometry": {
    "type": "LineString",
    "coordinates": [
     [
      -48.805065988,
      -25.495511964
     ],
     [
      -48.805050565,
      -25.495556373
     ],
     [
      -48.805038429,
      -25.495591608
     ],
     [
      -48.805038429,
      -25.495591608
     ]
    ]
   },
   "properties": {
    "tipo": "curva_nivel",
    "cota_m": 710,
    "equidistancia_m": 2
   }
  },
  {
   "type": "Feature",
   "geometry": {
    "type": "LineString",
    "coordinates": [
     [
      -48.803187542,
      -25.495511964
     ],
     [
      -48.803213327,
      -25.495556373
     ],
     [
      -48.803227893,
      -25.495582697
     ],
     [
      -48.803237899,
      -25.495600782
     ],
     [
      -48.803261415,
      -25.495645191
     ],
     [
      -48.803276826,
      -25.495675877
     ],
     [
      -48.803283778,
      -25.4956896
     ],
     [
      -48.803305251,
      -25.495734009
     ],
     [
      -48.803325438,
      -25.495778418
     ],
     [
      -48.803344998,
      -25.495822827
     ],
     [
      -48.803363312,
      -25.495867236
     ],
     [
      -48.803374693,
      -25.49589672
     ],
     [
      -48.803380616,
      -25.495911645
     ],
     [
      -48.803397108,
      -25.495956054
     ],
     [
      -48.803412372,
      -25.496000463
     ],
     [
      -48.803423627,
      -25.496035985
     ],
     [
      -48.803426552,
      -25.496044872
     ],
     [
      -48.803439987,
      -25.496089281
     ],
     [
      -48.803452197,
      -25.49613369
     ],
     [
      -48.803463198,
      -25.496178099
     ],
     [
      -48.80347256,
      -25.496220499
     ],
     [
      -48.803473027,
      -25.496222508
     ],
     [
      -48.803482092,
      -25.496266917
     ],
     [
      -48.803489936,
      -25.496311326
     ],
     [
      -48.803496572,
      -25.496355735
     ],
     [
      -48.803502017,
      -25.496400145
     ],
     [
      -48.803506285,
      -25.496444554
     ],
     [
      -48.803509394,
      -25.496488963
     ],
     [
      -48.803511362,
      -25.496533372
     ],
     [
      -48.803512207,
      -25.496577781
     ],
     [
      -48.803511953,
      -25.49662219
     ],
     [
      -48.80351062,
      -25.496666599
     ],
     [
      -48.803508237,
      -25.496711008
     ],
     [
      -48.80350483,
      -25.496755417
     ],
     [
      -48.803500432,
      -25.496799826
     ],
     [
      -48.80349508,
      -25.496844235
     ],
     [
      -48.803488814,
      -25.496888644
     ],
     [
      -48.803481681,
      -25.496933053
     ],
     [
      -48.803473735,
      -25.496977462
     ],
     [
      -48.80347256,
      -25.496983693
     ],
     [
      -48.803465467,
      -25.497021871
     ],
     [
      -48.80345665,
      -25.49706628
     ],
     [
      -48.803447309,
      -25.497110689
     ],
     [
      -48.803437557,
      -25.497155098
     ],
     [
      -48.803427532,
      -25.497199507
     ],
     [
      -48.803423627,
      -25.497217349
     ],
     [
      -48.803417765,
      -25.497243916
     ],
     [
      -48.803408382,
      -25.497288325
     ],
     [
      -48.803399468,
      -25.497332734
     ],
     [
      -48.803391437,
      -25.497377144
     ],
     [
      -48.803384878,
      -25.497421553
     ],
     [
      -48.803380664,
      -25.497465962
     ],
     [
      -48.803380161,
      -25.497510371
     ],
     [
      -48.803385639,
      -25.49755478
     ],
     [
      -48.803401195,
      -25.497599189
     ],
     [
      -48.803423627,
      -25.497630704
     ],
     [
      -48.803436552,
      -25.497643598
     ],
     [
      -48.80347256,
      -25.49766619
     ],
     [
      -48.803521493,
      -25.497685119
     ],
     [
      -48.803533137,
      -25.497688007
     ],
     [
      -48.803570427,
      -25.497695044
     ],
     [
      -48.80361936,
      -25.497700232
     ],
     [
      -48.803668294,
      -25.497702244
     ],
     [
      -48.803717227,
      -25.49770179
     ],
     [
      -48.80376616,
      -25.497699319
     ],
     [
      -48.803815094,
      -25.497695123
     ],
     [
      -48.803864027,
      -25.497689388
     ],
     [
      -48.803912961,
      -25.497681725
     ],
     [
      -48.803961894,
      -25.497672506
     ],
     [
      -48.804010827,
      -25.497661877
     ],
     [
      -48.804059761,
      -25.497649823
     ],
     [
      -48.804059761,
      -25.497649823
     ]
    ]
   },
   "properties": {
    "tipo": "curva_nivel",
    "cota_m": 710,
    "equidistancia_m": 2
   }
  },
  {
   "type": "Feature",
   "geometry": {
    "type": "LineString",
    "coordinates": [
     [
      -48.800322896,
      -25.495511964
     ],
     [
      -48.800291889,
      -25.495550398
     ],
     [
      -48.800291889,
      -25.495550398
     ],
     [
      -48.800253377,
      -25.495600782
     ],
     [
      -48.800242956,
      -25.495615017
     ],
     [
      -48.800221274,
      -25.495645191
     ],
     [
      -48.800194023,
      -25.49568476
     ],
     [
      -48.800194023,
      -25.49568476
     ],
     [
      -48.800161756,
      -25.495734009
     ],
     [
      -48.800145089,
      -25.495760741
     ],
     [
      -48.800145089,
      -25.495760741
     ]
    ]
   },
   "properties": {
    "tipo": "curva_nivel",
    "cota_m": 710,
    "equidistancia_m": 2
   }
  },
  {
   "type": "Feature",
   "geometry": {
    "type": "LineString",
    "coordinates": [
     [
      -48.797138855,
      -25.495511964
     ],
     [
      -48.797160152,
      -25.495541762
     ],
     [
      -48.797170483,
      -25.495556373
     ],
     [
      -48.797201007,
      -25.495600782
     ],
     [
      -48.797230533,
      -25.495645191
     ],
     [
      -48.797258019,
      -25.495688045
     ],
     [
      -48.797259013,
      -25.4956896
     ],
     [
      -48.797286689,
      -25.495734009
     ],
     [
      -48.797306952,
      -25.495767705
     ],
     [
      -48.797313408,
      -25.495778418
     ],
     [
      -48.797339372,
      -25.495822827
     ],
     [
      -48.797355886,
      -25.495852084
     ],
     [
      -48.797364496,
      -25.495867236
     ],
     [
      -48.797388921,
      -25.495911645
     ],
     [
      -48.797404819,
      -25.495941605
     ],
     [
      -48.797412574,
      -25.495956054
     ],
     [
      -48.797435616,
      -25.496000463
     ],
     [
      -48.797453752,
      -25.496036726
     ],
     [
      -48.797457892,
      -25.496044872
     ],
     [
      -48.797479698,
      -25.496089281
     ],
     [
      -48.797500715,
      -25.49613369
     ],
     [
      -48.797521389,
      -25.496178099
     ],
     [
      -48.797541379,
      -25.496222508
     ],
     [
      -48.797551619,
      -25.496246083
     ],
     [
      -48.797560911,
      -25.496266917
     ],
     [
      -48.797580041,
      -25.496311326
     ],
     [
      -48.797598563,
      -25.496355735
     ],
     [
      -48.797616969,
      -25.496400145
     ],
     [
      -48.797634914,
      -25.496444554
     ],
     [
      -48.797649486,
      -25.496481595
     ],
     [
      -48.797652494,
      -25.496488963
     ],
     [
      -48.797670114,
      -25.496533372
     ],
     [
      -48.797687406,
      -25.496577781
     ],
     [
      -48.797698419,
      -25.496606578
     ],
     [
      -48.797704651,
      -25.49662219
     ],
     [
      -48.797722093,
      -25.496666599
     ],
     [
      -48.797739465,
      -25.496711008
     ],
     [
      -48.797739465,
      -25.496711008
     ]
    ]
   },
   "properties": {
    "tipo": "curva_nivel",
    "cota_m": 710,
    "equidistancia_m": 2
   }
  },
  {
   "type": "Feature",
   "geometry": {
    "type": "LineString",
    "coordinates": [
     [
      -48.805035184,
      -25.495600782
     ],
     [
      -48.805019499,
      -25.495645191
     ],
     [
      -48.805004111,
      -25.4956896
     ],
     [
      -48.804989495,
      -25.495732724
     ],
     [
      -48.804989495,
      -25.495732724
     ],
     [
      -48.804973645,
      -25.495778418
     ],
     [
      -48.804958686,
      -25.495822827
     ],
     [
      -48.804944202,
      -25.495867236
     ],
     [
      -48.804940562,
      -25.495878724
     ],
     [
      -48.804929646,
      -25.495911645
     ],
     [
      -48.804915445,
      -25.495956054
     ],
     [
      -48.804901823,
      -25.496000463
     ],
     [
      -48.804891629,
      -25.496035179
     ],
     [
      -48.804891629,
      -25.496035179
     ]
    ]
   },
   "properties": {
    "tipo": "curva_nivel",
    "cota_m": 710,
    "equidistancia_m": 2
   }
  },
  {
   "type": "Feature",
   "geometry": {
    "type": "LineString",
    "coordinates": [
     [
      -48.800134173,
      -25.495778418
     ],
     [
      -48.80010796,
      -25.495822827
     ],
     [
      -48.800096156,
      -25.495843814
     ],
     [
      -48.800083038,
      -25.495867236
     ],
     [
      -48.800059374,
      -25.495911645
     ],
     [
      -48.800047222,
      -25.495935678
     ],
     [
      -48.800036909,
      -25.495956054
     ],
     [
      -48.800015612,
      -25.496000463
     ],
     [
      -48.799998289,
      -25.496038702
     ],
     [
      -48.799998289,
      -25.496038702
     ],
     [
      -48.799976396,
      -25.496089281
     ],
     [
      -48.799958448,
      -25.49613369
     ],
     [
      -48.799949356,
      -25.496157717
     ],
     [
      -48.799949356,
      -25.496157717
     ]
    ]
   },
   "properties": {
    "tipo": "curva_nivel",
    "cota_m": 710,
    "equidistancia_m": 2
   }
  },
  {
   "type": "Feature",
   "geometry": {
    "type": "LineString",
    "coordinates": [
     [
      -48.804888624,
      -25.496044872
     ],
     [
      -48.804875443,
      -25.496089281
     ],
     [
      -48.804862916,
      -25.49613369
     ],
     [
      -48.804851044,
      -25.496178099
     ],
     [
      -48.804842695,
      -25.496211134
     ],
     [
      -48.804842695,
      -25.496211134
     ]
    ]
   },
   "properties": {
    "tipo": "curva_nivel",
    "cota_m": 710,
    "equidistancia_m": 2
   }
  },
  {
   "type": "Feature",
   "geometry": {
    "type": "LineString",
    "coordinates": [
     [
      -48.799941539,
      -25.496178099
     ],
     [
      -48.799925641,
      -25.496222508
     ],
     [
      -48.799910809,
      -25.496266917
     ],
     [
      -48.799900422,
      -25.496300441
     ],
     [
      -48.799900422,
      -25.496300441
     ]
    ]
   },
   "properties": {
    "tipo": "curva_nivel",
    "cota_m": 710,
    "equidistancia_m": 2
   }
  },
  {
   "type": "Feature",
   "geometry": {
    "type": "LineString",
    "coordinates": [
     [
      -48.804839631,
      -25.496222508
     ],
     [
      -48.804828342,
      -25.496266917
     ],
     [
      -48.804817727,
      -25.496311326
     ],
     [
      -48.804807765,
      -25.496355735
     ],
     [
      -48.804798425,
      -25.496400145
     ],
     [
      -48.804793762,
      -25.496423836
     ],
     [
      -48.804793762,
      -25.496423836
     ]
    ]
   },
   "properties": {
    "tipo": "curva_nivel",
    "cota_m": 710,
    "equidistancia_m": 2
   }
  },
  {
   "type": "Feature",
   "geometry": {
    "type": "LineString",
    "coordinates": [
     [
      -48.799896979,
      -25.496311326
     ],
     [
      -48.799884053,
      -25.496355735
     ],
     [
      -48.799872127,
      -25.496400145
     ],
     [
      -48.799861172,
      -25.496444554
     ],
     [
      -48.799851489,
      -25.49648753
     ],
     [
      -48.799851489,
      -25.49648753
     ],
     [
      -48.799841916,
      -25.496533372
     ],
     [
      -48.799833565,
      -25.496577781
     ],
     [
      -48.799826065,
      -25.49662219
     ],
     [
      -48.799819375,
      -25.496666599
     ],
     [
      -48.79981345,
      -25.496711008
     ],
     [
      -48.799808239,
      -25.496755417
     ],
     [
      -48.799803685,
      -25.496799826
     ],
     [
      -48.799802555,
      -25.496812763
     ],
     [
      -48.799799665,
      -25.496844235
     ],
     [
      -48.799796147,
      -25.496888644
     ],
     [
      -48.799793066,
      -25.496933053
     ],
     [
      -48.799790318,
      -25.496977462
     ],
     [
      -48.799787781,
      -25.497021871
     ],
     [
      -48.799785307,
      -25.49706628
     ],
     [
      -48.799782718,
      -25.497110689
     ],
     [
      -48.799779791,
      -25.497155098
     ],
     [
      -48.799776249,
      -25.497199507
     ],
     [
      -48.799771736,
      -25.497243916
     ],
     [
      -48.799765787,
      -25.497288325
     ],
     [
      -48.799757777,
      -25.497332734
     ],
     [
      -48.799753622,
      -25.497350528
     ],
     [
      -48.799746629,
      -25.497377144
     ],
     [
      -48.799731036,
      -25.497421553
     ],
     [
      -48.799709223,
      -25.497465962
     ],
     [
      -48.799704689,
      -25.497473188
     ],
     [
      -48.799677013,
      -25.497510371
     ],
     [
      -48.799655755,
      -25.497531926
     ],
     [
      -48.799628026,
      -25.49755478
     ],
     [
      -48.799606822,
      -25.497568717
     ],
     [
      -48.799557888,
      -25.497594102
     ],
     [
      -48.799557888,
      -25.497594102
     ]
    ]
   },
   "properties": {
    "tipo": "curva_nivel",
    "cota_m": 710,
    "equidistancia_m": 2
   }
  },
  {
   "type": "Feature",
   "geometry": {
    "type": "LineString",
    "coordinates": [
     [
      -48.804789371,
      -25.496444554
     ],
     [
      -48.804780562,
      -25.496488963
     ],
     [
      -48.804772289,
      -25.496533372
     ],
     [
      -48.804764488,
      -25.496577781
     ],
     [
      -48.804757087,
      -25.49662219
     ],
     [
      -48.804750006,
      -25.496666599
     ],
     [
      -48.804744828,
      -25.496700216
     ],
     [
      -48.804744828,
      -25.496700216
     ]
    ]
   },
   "properties": {
    "tipo": "curva_nivel",
    "cota_m": 710,
    "equidistancia_m": 2
   }
  },
  {
   "type": "Feature",
   "geometry": {
    "type": "LineString",
    "coordinates": [
     [
      -48.80474302,
      -25.496711008
     ],
     [
      -48.80473577,
      -25.496755417
     ],
     [
      -48.804728541,
      -25.496799826
     ],
     [
      -48.804721198,
      -25.496844235
     ],
     [
      -48.804713594,
      -25.496888644
     ],
     [
      -48.804705564,
      -25.496933053
     ],
     [
      -48.804696928,
      -25.496977462
     ],
     [
      -48.804695895,
      -25.496982385
     ],
     [
      -48.804686814,
      -25.497021871
     ],
     [
      -48.804675539,
      -25.49706628
     ],
     [
      -48.804662935,
      -25.497110689
     ],
     [
      -48.804648729,
      -25.497155098
     ],
     [
      -48.804646962,
      -25.497160048
     ],
     [
      -48.804631446,
      -25.497199507
     ],
     [
      -48.804611672,
      -25.497243916
     ],
     [
      -48.804598028,
      -25.49727105
     ],
     [
      -48.804598028,
      -25.49727105
     ]
    ]
   },
   "properties": {
    "tipo": "curva_nivel",
    "cota_m": 710,
    "equidistancia_m": 2
   }
  },
  {
   "type": "Feature",
   "geometry": {
    "type": "LineString",
    "coordinates": [
     [
      -48.797747353,
      -25.496731276
     ],
     [
      -48.797757217,
      -25.496755417
     ],
     [
      -48.79777541,
      -25.496799826
     ],
     [
      -48.797793897,
      -25.496844235
     ],
     [
      -48.797813461,
      -25.496888644
     ],
     [
      -48.797833738,
      -25.496933053
     ],
     [
      -48.79784522,
      -25.496957446
     ],
     [
      -48.797855219,
      -25.496977462
     ],
     [
      -48.797878221,
      -25.497021871
     ],
     [
      -48.797894153,
      -25.497051217
     ],
     [
      -48.797902875,
      -25.49706628
     ],
     [
      -48.797929831,
      -25.497110689
     ],
     [
      -48.797943086,
      -25.49713135
     ],
     [
      -48.797959416,
      -25.497155098
     ],
     [
      -48.797991937,
      -25.497199507
     ],
     [
      -48.798028883,
      -25.497243916
     ],
     [
      -48.798028883,
      -25.497243916
     ]
    ]
   },
   "properties": {
    "tipo": "curva_nivel",
    "cota_m": 710,
    "equidistancia_m": 2
   }
  },
  {
   "type": "Feature",
   "geometry": {
    "type": "LineString",
    "coordinates": [
     [
      -48.798040953,
      -25.497257505
     ],
     [
      -48.798070532,
      -25.497288325
     ],
     [
      -48.798089887,
      -25.497307249
     ],
     [
      -48.798118143,
      -25.497332734
     ],
     [
      -48.79813882,
      -25.497350272
     ],
     [
      -48.798173269,
      -25.497377144
     ],
     [
      -48.798173269,
      -25.497377144
     ]
    ]
   },
   "properties": {
    "tipo": "curva_nivel",
    "cota_m": 710,
    "equidistancia_m": 2
   }
  },
  {
   "type": "Feature",
   "geometry": {
    "type": "LineString",
    "coordinates": [
     [
      -48.804588428,
      -25.497288325
     ],
     [
      -48.804560728,
      -25.497332734
     ],
     [
      -48.804549095,
      -25.497349374
     ],
     [
      -48.804527595,
      -25.497377144
     ],
     [
      -48.804500161,
      -25.497408933
     ],
     [
      -48.804500161,
      -25.497408933
     ]
    ]
   },
   "properties": {
    "tipo": "curva_nivel",
    "cota_m": 710,
    "equidistancia_m": 2
   }
  },
  {
   "type": "Feature",
   "geometry": {
    "type": "LineString",
    "coordinates": [
     [
      -48.798315937,
      -25.497465962
     ],
     [
      -48.798315937,
      -25.497465962
     ],
     [
      -48.79828562,
      -25.497449662
     ],
     [
      -48.798236687,
      -25.497420818
     ],
     [
      -48.79823787,
      -25.497421553
     ],
     [
      -48.798187753,
      -25.497387794
     ]
    ]
   },
   "properties": {
    "tipo": "curva_nivel",
    "cota_m": 710,
    "equidistancia_m": 2
   }
  },
  {
   "type": "Feature",
   "geometry": {
    "type": "LineString",
    "coordinates": [
     [
      -48.80448807,
      -25.497421553
     ],
     [
      -48.804451228,
      -25.497456395
     ],
     [
      -48.804451228,
      -25.497456395
     ]
    ]
   },
   "properties": {
    "tipo": "curva_nivel",
    "cota_m": 710,
    "equidistancia_m": 2
   }
  },
  {
   "type": "Feature",
   "geometry": {
    "type": "LineString",
    "coordinates": [
     [
      -48.804439979,
      -25.497465962
     ],
     [
      -48.804402295,
      -25.497495265
     ],
     [
      -48.804380699,
      -25.497510371
     ],
     [
      -48.804353361,
      -25.497527994
     ],
     [
      -48.804307287,
      -25.49755478
     ],
     [
      -48.804304428,
      -25.497556323
     ],
     [
      -48.804255494,
      -25.497580096
     ],
     [
      -48.804212015,
      -25.497599189
     ],
     [
      -48.804206561,
      -25.497601436
     ],
     [
      -48.804157628,
      -25.497619449
     ],
     [
      -48.804108694,
      -25.497635707
     ],
     [
      -48.804081961,
      -25.497643598
     ]
    ]
   },
   "properties": {
    "tipo": "curva_nivel",
    "cota_m": 710,
    "equidistancia_m": 2
   }
  },
  {
   "type": "Feature",
   "geometry": {
    "type": "LineString",
    "coordinates": [
     [
      -48.798334553,
      -25.497475477
     ],
     [
      -48.798383487,
      -25.497498418
     ],
     [
      -48.798411383,
      -25.497510371
     ],
     [
      -48.798411383,
      -25.497510371
     ]
    ]
   },
   "properties": {
    "tipo": "curva_nivel",
    "cota_m": 710,
    "equidistancia_m": 2
   }
  },
  {
   "type": "Feature",
   "geometry": {
    "type": "LineString",
    "coordinates": [
     [
      -48.799545619,
      -25.497599189
     ],
     [
      -48.799508955,
      -25.497612026
     ],
     [
      -48.799460022,
      -25.49762526
     ],
     [
      -48.799411088,
      -25.497635151
     ],
     [
      -48.799362155,
      -25.497642376
     ],
     [
      -48.799350821,
      -25.497643598
     ],
     [
      -48.799313221,
      -25.497647214
     ],
     [
      -48.799264288,
      -25.49765026
     ],
     [
      -48.799215355,
      -25.497651807
     ],
     [
      -48.799166421,
      -25.497652026
     ],
     [
      -48.799117488,
      -25.49765104
     ],
     [
      -48.799068554,
      -25.497648942
     ],
     [
      -48.799019621,
      -25.497645797
     ],
     [
      -48.798993999,
      -25.497643598
     ],
     [
      -48.798970688,
      -25.497641565
     ],
     [
      -48.798921754,
      -25.497636223
     ],
     [
      -48.798872821,
      -25.497629885
     ],
     [
      -48.798823887,
      -25.497622548
     ],
     [
      -48.798774954,
      -25.497614198
     ],
     [
      -48.798726021,
      -25.497604806
     ],
     [
      -48.798699899,
      -25.497599189
     ],
     [
      -48.798677087,
      -25.497594135
     ],
     [
      -48.798628154,
      -25.497582058
     ],
     [
      -48.79857922,
      -25.497568738
     ],
     [
      -48.798530287,
      -25.497554059
     ],
     [
      -48.798532607,
      -25.49755478
     ],
     [
      -48.798481354,
      -25.497537331
     ],
     [
      -48.79843242,
      -25.497518988
     ]
    ]
   },
   "properties": {
    "tipo": "curva_nivel",
    "cota_m": 710,
    "equidistancia_m": 2
   }
  },
  {
   "type": "Feature",
   "geometry": {
    "type": "LineString",
    "coordinates": [
     [
      -48.802493892,
      -25.498647445
     ],
     [
      -48.802493892,
      -25.498647445
     ],
     [
      -48.802508055,
      -25.498620597
     ],
     [
      -48.802530432,
      -25.498576188
     ],
     [
      -48.802542826,
      -25.498550056
     ],
     [
      -48.802551788,
      -25.498531779
     ],
     [
      -48.802571804,
      -25.49848737
     ],
     [
      -48.802591759,
      -25.498439732
     ],
     [
      -48.802591759,
      -25.498439732
     ],
     [
      -48.802607275,
      -25.498398552
     ],
     [
      -48.802621779,
      -25.498354143
     ],
     [
      -48.802633371,
      -25.498309733
     ],
     [
      -48.802640692,
      -25.498266144
     ],
     [
      -48.802640843,
      -25.498265324
     ],
     [
      -48.802642208,
      -25.498220915
     ],
     [
      -48.802640692,
      -25.49821096
     ],
     [
      -48.802634236,
      -25.498176506
     ],
     [
      -48.802610272,
      -25.498132097
     ],
     [
      -48.802591759,
      -25.498114194
     ],
     [
      -48.802554071,
      -25.498087688
     ],
     [
      -48.802542826,
      -25.498082422
     ],
     [
      -48.802493892,
      -25.498064468
     ],
     [
      -48.802444959,
      -25.498051686
     ],
     [
      -48.802396025,
      -25.498042433
     ],
     [
      -48.802401465,
      -25.498043279
     ],
     [
      -48.802347092,
      -25.498036135
     ],
     [
      -48.802298159,
      -25.498031324
     ],
     [
      -48.802249225,
      -25.498027655
     ],
     [
      -48.802200292,
      -25.498024886
     ],
     [
      -48.802151358,
      -25.498022842
     ],
     [
      -48.802102425,
      -25.498021396
     ],
     [
      -48.802053492,
      -25.498020453
     ],
     [
      -48.802004558,
      -25.49801994
     ],
     [
      -48.801955625,
      -25.498019806
     ],
     [
      -48.801906691,
      -25.49802001
     ],
     [
      -48.801857758,
      -25.498020526
     ],
     [
      -48.801808825,
      -25.498021334
     ],
     [
      -48.801759891,
      -25.498022422
     ],
     [
      -48.801710958,
      -25.498023785
     ],
     [
      -48.801662024,
      -25.498025426
     ],
     [
      -48.801613091,
      -25.49802735
     ],
     [
      -48.801564158,
      -25.498029572
     ],
     [
      -48.801515224,
      -25.498032111
     ],
     [
      -48.801466291,
      -25.498034994
     ],
     [
      -48.801417357,
      -25.498038253
     ],
     [
      -48.801368424,
      -25.498041933
     ],
     [
      -48.801368424,
      -25.498041933
     ]
    ]
   },
   "properties": {
    "tipo": "curva_nivel",
    "cota_m": 710,
    "equidistancia_m": 2
   }
  },
  {
   "type": "Feature",
   "geometry": {
    "type": "LineString",
    "coordinates": [
     [
      -48.801352392,
      -25.498043279
     ],
     [
      -48.801319491,
      -25.498046266
     ],
     [
      -48.801270557,
      -25.498051271
     ],
     [
      -48.801221624,
      -25.498056958
     ],
     [
      -48.80117269,
      -25.498063448
     ],
     [
      -48.801123757,
      -25.498070894
     ],
     [
      -48.801074824,
      -25.49807949
     ],
     [
      -48.801034389,
      -25.498087688
     ],
     [
      -48.80102589,
      -25.498089651
     ],
     [
      -48.800976957,
      -25.498102494
     ],
     [
      -48.800928023,
      -25.498117897
     ],
     [
      -48.800890308,
      -25.498132097
     ],
     [
      -48.80087909,
      -25.498137215
     ],
     [
      -48.800830157,
      -25.498163686
     ],
     [
      -48.800830157,
      -25.498163686
     ]
    ]
   },
   "properties": {
    "tipo": "curva_nivel",
    "cota_m": 710,
    "equidistancia_m": 2
   }
  },
  {
   "type": "Feature",
   "geometry": {
    "type": "LineString",
    "coordinates": [
     [
      -48.800810603,
      -25.498176506
     ],
     [
      -48.800781223,
      -25.498202093
     ],
     [
      -48.800763293,
      -25.498220915
     ],
     [
      -48.800734895,
      -25.498265324
     ],
     [
      -48.80073229,
      -25.498271803
     ],
     [
      -48.800719188,
      -25.498309733
     ],
     [
      -48.800711921,
      -25.498354143
     ],
     [
      -48.800710826,
      -25.498398552
     ],
     [
      -48.800714422,
      -25.498442961
     ],
     [
      -48.800721658,
      -25.49848737
     ],
     [
      -48.80073176,
      -25.498531779
     ],
     [
      -48.800744677,
      -25.498576188
     ],
     [
      -48.800759539,
      -25.498620597
     ],
     [
      -48.800775953,
      -25.498665006
     ],
     [
      -48.800794233,
      -25.498709415
     ],
     [
      -48.80081384,
      -25.498753824
     ],
     [
      -48.800830157,
      -25.49878891
     ],
     [
      -48.80083453,
      -25.498798233
     ],
     [
      -48.800856823,
      -25.498842642
     ],
     [
      -48.80087909,
      -25.498885853
     ],
     [
      -48.80087972,
      -25.498887051
     ],
     [
      -48.800904399,
      -25.49893146
     ],
     [
      -48.800928023,
      -25.498973311
     ],
     [
      -48.800929511,
      -25.498975869
     ],
     [
      -48.80095642,
      -25.499020278
     ],
     [
      -48.800976957,
      -25.499053737
     ],
     [
      -48.800983954,
      -25.499064687
     ],
     [
      -48.801013047,
      -25.499109096
     ],
     [
      -48.80102589,
      -25.49912842
     ],
     [
      -48.801043437,
      -25.499153505
     ],
     [
      -48.801074771,
      -25.499197914
     ],
     [
      -48.801108743,
      -25.499242323
     ],
     [
      -48.801123757,
      -25.49926185
     ],
     [
      -48.801144369,
      -25.499286732
     ],
     [
      -48.80117269,
      -25.49932074
     ],
     [
      -48.80118215,
      -25.499331142
     ],
     [
      -48.801221624,
      -25.499374312
     ],
     [
      -48.801222881,
      -25.499375551
     ],
     [
      -48.80126823,
      -25.49941996
     ],
     [
      -48.801319432,
      -25.499464369
     ],
     [
      -48.801368424,
      -25.499500528
     ],
     [
      -48.801381895,
      -25.499508778
     ],
     [
      -48.801417357,
      -25.499530431
     ],
     [
      -48.801464682,
      -25.499553187
     ],
     [
      -48.801515224,
      -25.499570719
     ],
     [
      -48.801564158,
      -25.499580721
     ],
     [
      -48.801613091,
      -25.499583807
     ],
     [
      -48.801662024,
      -25.499579907
     ],
     [
      -48.801710958,
      -25.499569039
     ],
     [
      -48.801754708,
      -25.499553187
     ],
     [
      -48.801808825,
      -25.499526712
     ],
     [
      -48.801837113,
      -25.499508778
     ],
     [
      -48.801857758,
      -25.499495625
     ],
     [
      -48.801898769,
      -25.499464369
     ],
     [
      -48.801950102,
      -25.49941996
     ],
     [
      -48.80199528,
      -25.499375551
     ],
     [
      -48.802004558,
      -25.499366278
     ],
     [
      -48.802036488,
      -25.499331142
     ],
     [
      -48.802053492,
      -25.499312393
     ],
     [
      -48.802074975,
      -25.499286732
     ],
     [
      -48.802102425,
      -25.499253915
     ],
     [
      -48.802146155,
      -25.499197914
     ],
     [
      -48.802179,
      -25.499153505
     ],
     [
      -48.802200292,
      -25.499124423
     ],
     [
      -48.802200292,
      -25.499124423
     ]
    ]
   },
   "properties": {
    "tipo": "curva_nivel",
    "cota_m": 710,
    "equidistancia_m": 2
   }
  },
  {
   "type": "Feature",
   "geometry": {
    "type": "LineString",
    "coordinates": [
     [
      -48.802484817,
      -25.498665006
     ],
     [
      -48.802460647,
      -25.498709415
     ],
     [
      -48.802444959,
      -25.498737408
     ],
     [
      -48.802444959,
      -25.498737408
     ]
    ]
   },
   "properties": {
    "tipo": "curva_nivel",
    "cota_m": 710,
    "equidistancia_m": 2
   }
  },
  {
   "type": "Feature",
   "geometry": {
    "type": "LineString",
    "coordinates": [
     [
      -48.80243584,
      -25.498753824
     ],
     [
      -48.802410203,
      -25.498798233
     ],
     [
      -48.802396025,
      -25.498822233
     ],
     [
      -48.802383946,
      -25.498842642
     ],
     [
      -48.802357022,
      -25.498887051
     ],
     [
      -48.802347092,
      -25.498903074
     ],
     [
      -48.802329282,
      -25.49893146
     ],
     [
      -48.802301149,
      -25.498975869
     ],
     [
      -48.802298159,
      -25.498980481
     ],
     [
      -48.802271758,
      -25.499020278
     ],
     [
      -48.802249225,
      -25.499054136
     ],
     [
      -48.802249225,
      -25.499054136
     ]
    ]
   },
   "properties": {
    "tipo": "curva_nivel",
    "cota_m": 710,
    "equidistancia_m": 2
   }
  },
  {
   "type": "Feature",
   "geometry": {
    "type": "LineString",
    "coordinates": [
     [
      -48.805323422,
      -25.495511964
     ],
     [
      -48.805305652,
      -25.495556373
     ],
     [
      -48.80528849,
      -25.495600782
     ],
     [
      -48.805283096,
      -25.495615098
     ],
     [
      -48.805271649,
      -25.495645191
     ],
     [
      -48.805255307,
      -25.4956896
     ],
     [
      -48.805239617,
      -25.495734009
     ],
     [
      -48.805234162,
      -25.495749997
     ],
     [
      -48.805224299,
      -25.495778418
     ],
     [
      -48.805209504,
      -25.495822827
     ],
     [
      -48.805195406,
      -25.495867236
     ],
     [
      -48.805185229,
      -25.495900901
     ],
     [
      -48.805185229,
      -25.495900901
     ]
    ]
   },
   "properties": {
    "tipo": "curva_nivel",
    "cota_m": 712,
    "equidistancia_m": 2
   }
  },
  {
   "type": "Feature",
   "geometry": {
    "type": "LineString",
    "coordinates": [
     [
      -48.80286056,
      -25.495511964
     ],
     [
      -48.802885359,
      -25.495545379
     ],
     [
      -48.802893284,
      -25.495556373
     ],
     [
      -48.802923636,
      -25.495600782
     ],
     [
      -48.802923636,
      -25.495600782
     ]
    ]
   },
   "properties": {
    "tipo": "curva_nivel",
    "cota_m": 712,
    "equidistancia_m": 2
   }
  },
  {
   "type": "Feature",
   "geometry": {
    "type": "LineString",
    "coordinates": [
     [
      -48.800566146,
      -25.495511964
     ],
     [
      -48.800536556,
      -25.495542691
     ],
     [
      -48.800536556,
      -25.495542691
     ]
    ]
   },
   "properties": {
    "tipo": "curva_nivel",
    "cota_m": 712,
    "equidistancia_m": 2
   }
  },
  {
   "type": "Feature",
   "geometry": {
    "type": "LineString",
    "coordinates": [
     [
      -48.796952605,
      -25.495511964
     ],
     [
      -48.796964418,
      -25.495526979
     ],
     [
      -48.796987098,
      -25.495556373
     ],
     [
      -48.797013352,
      -25.495591625
     ],
     [
      -48.797020062,
      -25.495600782
     ],
     [
      -48.797051586,
      -25.495645191
     ],
     [
      -48.797051586,
      -25.495645191
     ]
    ]
   },
   "properties": {
    "tipo": "curva_nivel",
    "cota_m": 712,
    "equidistancia_m": 2
   }
  },
  {
   "type": "Feature",
   "geometry": {
    "type": "LineString",
    "coordinates": [
     [
      -48.800523863,
      -25.495556373
     ],
     [
      -48.800487623,
      -25.495597054
     ],
     [
      -48.800487623,
      -25.495597054
     ],
     [
      -48.80044767,
      -25.495645191
     ],
     [
      -48.80043869,
      -25.495656551
     ],
     [
      -48.800413288,
      -25.4956896
     ],
     [
      -48.800389756,
      -25.495721754
     ],
     [
      -48.800389756,
      -25.495721754
     ]
    ]
   },
   "properties": {
    "tipo": "curva_nivel",
    "cota_m": 712,
    "equidistancia_m": 2
   }
  },
  {
   "type": "Feature",
   "geometry": {
    "type": "LineString",
    "coordinates": [
     [
      -48.802934293,
      -25.495617332
     ],
     [
      -48.802951864,
      -25.495645191
     ],
     [
      -48.802978094,
      -25.4956896
     ],
     [
      -48.803002528,
      -25.495734009
     ],
     [
      -48.803025178,
      -25.495778418
     ],
     [
      -48.803025178,
      -25.495778418
     ]
    ]
   },
   "properties": {
    "tipo": "curva_nivel",
    "cota_m": 712,
    "equidistancia_m": 2
   }
  },
  {
   "type": "Feature",
   "geometry": {
    "type": "LineString",
    "coordinates": [
     [
      -48.797062285,
      -25.495660807
     ],
     [
      -48.797081786,
      -25.4956896
     ],
     [
      -48.797110716,
      -25.495734009
     ],
     [
      -48.797138499,
      -25.495778418
     ],
     [
      -48.797160152,
      -25.495814501
     ],
     [
      -48.79716513,
      -25.495822827
     ],
     [
      -48.797190734,
      -25.495867236
     ],
     [
      -48.797209085,
      -25.495900433
     ],
     [
      -48.797215289,
      -25.495911645
     ],
     [
      -48.797238916,
      -25.495956054
     ],
     [
      -48.797258019,
      -25.495993554
     ],
     [
      -48.797261557,
      -25.496000463
     ],
     [
      -48.797283387,
      -25.496044872
     ],
     [
      -48.797304263,
      -25.496089281
     ],
     [
      -48.797324426,
      -25.49613369
     ],
     [
      -48.79734373,
      -25.496178099
     ],
     [
      -48.797355886,
      -25.496207365
     ],
     [
      -48.797362271,
      -25.496222508
     ],
     [
      -48.797380159,
      -25.496266917
     ],
     [
      -48.797397263,
      -25.496311326
     ],
     [
      -48.797397263,
      -25.496311326
     ]
    ]
   },
   "properties": {
    "tipo": "curva_nivel",
    "cota_m": 712,
    "equidistancia_m": 2
   }
  },
  {
   "type": "Feature",
   "geometry": {
    "type": "LineString",
    "coordinates": [
     [
      -48.800381001,
      -25.495734009
     ],
     [
      -48.800350801,
      -25.495778418
     ],
     [
      -48.800340823,
      -25.49579389
     ],
     [
      -48.800322513,
      -25.495822827
     ],
     [
      -48.800295962,
      -25.495867236
     ],
     [
      -48.800291889,
      -25.495874457
     ],
     [
      -48.800271204,
      -25.495911645
     ],
     [
      -48.80024801,
      -25.495956054
     ],
     [
      -48.800242956,
      -25.495966392
     ],
     [
      -48.800226443,
      -25.496000463
     ],
     [
      -48.800206373,
      -25.496044872
     ],
     [
      -48.800194023,
      -25.496074322
     ],
     [
      -48.800194023,
      -25.496074322
     ]
    ]
   },
   "properties": {
    "tipo": "curva_nivel",
    "cota_m": 712,
    "equidistancia_m": 2
   }
  },
  {
   "type": "Feature",
   "geometry": {
    "type": "LineString",
    "coordinates": [
     [
      -48.803032159,
      -25.495793099
     ],
     [
      -48.803046223,
      -25.495822827
     ],
     [
      -48.803065656,
      -25.495867236
     ],
     [
      -48.803081093,
      -25.495905669
     ],
     [
      -48.803083499,
      -25.495911645
     ],
     [
      -48.803099949,
      -25.495956054
     ],
     [
      -48.803114848,
      -25.496000463
     ],
     [
      -48.80312823,
      -25.496044872
     ],
     [
      -48.803140291,
      -25.496089281
     ],
     [
      -48.80315089,
      -25.49613369
     ],
     [
      -48.803160015,
      -25.496178099
     ],
     [
      -48.803167678,
      -25.496222508
     ],
     [
      -48.803173888,
      -25.496266917
     ],
     [
      -48.803178651,
      -25.496311326
     ],
     [
      -48.803182031,
      -25.496355735
     ],
     [
      -48.80318394,
      -25.496400145
     ],
     [
      -48.803184364,
      -25.496444554
     ],
     [
      -48.803183293,
      -25.496488963
     ],
     [
      -48.803180712,
      -25.496533372
     ],
     [
      -48.80317896,
      -25.496552462
     ],
     [
      -48.803176652,
      -25.496577781
     ],
     [
      -48.803171112,
      -25.49662219
     ],
     [
      -48.803164023,
      -25.496666599
     ],
     [
      -48.803155349,
      -25.496711008
     ],
     [
      -48.803145045,
      -25.496755417
     ],
     [
      -48.803133056,
      -25.496799826
     ],
     [
      -48.803130026,
      -25.496809826
     ],
     [
      -48.803119523,
      -25.496844235
     ],
     [
      -48.803104258,
      -25.496888644
     ],
     [
      -48.803087107,
      -25.496933053
     ],
     [
      -48.803081093,
      -25.496947334
     ],
     [
      -48.803068174,
      -25.496977462
     ],
     [
      -48.803047243,
      -25.497021871
     ],
     [
      -48.803032159,
      -25.497051151
     ],
     [
      -48.803032159,
      -25.497051151
     ]
    ]
   },
   "properties": {
    "tipo": "curva_nivel",
    "cota_m": 712,
    "equidistancia_m": 2
   }
  },
  {
   "type": "Feature",
   "geometry": {
    "type": "LineString",
    "coordinates": [
     [
      -48.805181901,
      -25.495911645
     ],
     [
      -48.805168781,
      -25.495956054
     ],
     [
      -48.805156396,
      -25.496000463
     ],
     [
      -48.805144747,
      -25.496044872
     ],
     [
      -48.805136295,
      -25.496079225
     ],
     [
      -48.805136295,
      -25.496079225
     ]
    ]
   },
   "properties": {
    "tipo": "curva_nivel",
    "cota_m": 712,
    "equidistancia_m": 2
   }
  },
  {
   "type": "Feature",
   "geometry": {
    "type": "LineString",
    "coordinates": [
     [
      -48.80513374,
      -25.496089281
     ],
     [
      -48.805123174,
      -25.49613369
     ],
     [
      -48.805113364,
      -25.496178099
     ],
     [
      -48.8051043,
      -25.496222508
     ],
     [
      -48.805095972,
      -25.496266917
     ],
     [
      -48.805088366,
      -25.496311326
     ],
     [
      -48.805087362,
      -25.496317799
     ],
     [
      -48.805081221,
      -25.496355735
     ],
     [
      -48.805074747,
      -25.496400145
     ],
     [
      -48.805068961,
      -25.496444554
     ],
     [
      -48.805063833,
      -25.496488963
     ],
     [
      -48.805059329,
      -25.496533372
     ],
     [
      -48.805055409,
      -25.496577781
     ],
     [
      -48.80505203,
      -25.49662219
     ],
     [
      -48.805049142,
      -25.496666599
     ],
     [
      -48.805046691,
      -25.496711008
     ],
     [
      -48.805044613,
      -25.496755417
     ],
     [
      -48.80504284,
      -25.496799826
     ],
     [
      -48.805041295,
      -25.496844235
     ],
     [
      -48.805039893,
      -25.496888644
     ],
     [
      -48.805038539,
      -25.496933053
     ],
     [
      -48.805038429,
      -25.496936586
     ],
     [
      -48.805037073,
      -25.496977462
     ],
     [
      -48.805035422,
      -25.497021871
     ],
     [
      -48.805033454,
      -25.49706628
     ],
     [
      -48.805031018,
      -25.497110689
     ],
     [
      -48.805027944,
      -25.497155098
     ],
     [
      -48.805024043,
      -25.497199507
     ],
     [
      -48.805019101,
      -25.497243916
     ],
     [
      -48.805012877,
      -25.497288325
     ],
     [
      -48.805005098,
      -25.497332734
     ],
     [
      -48.804995451,
      -25.497377144
     ],
     [
      -48.804989495,
      -25.497399795
     ],
     [
      -48.804983352,
      -25.497421553
     ],
     [
      -48.804968308,
      -25.497465962
     ],
     [
      -48.804950072,
      -25.497510371
     ],
     [
      -48.804940562,
      -25.49753
     ],
     [
      -48.804927611,
      -25.49755478
     ],
     [
      -48.804900276,
      -25.497599189
     ],
     [
      -48.804891629,
      -25.497611331
     ],
     [
      -48.804866775,
      -25.497643598
     ],
     [
      -48.804842695,
      -25.497670716
     ],
     [
      -48.80482607,
      -25.497688007
     ],
     [
      -48.804793762,
      -25.49771768
     ],
     [
      -48.804793762,
      -25.49771768
     ]
    ]
   },
   "properties": {
    "tipo": "curva_nivel",
    "cota_m": 712,
    "equidistancia_m": 2
   }
  },
  {
   "type": "Feature",
   "geometry": {
    "type": "LineString",
    "coordinates": [
     [
      -48.80018777,
      -25.496089281
     ],
     [
      -48.800170641,
      -25.49613369
     ],
     [
      -48.8001549,
      -25.496178099
     ],
     [
      -48.800145089,
      -25.496208483
     ],
     [
      -48.800145089,
      -25.496208483
     ]
    ]
   },
   "properties": {
    "tipo": "curva_nivel",
    "cota_m": 712,
    "equidistancia_m": 2
   }
  },
  {
   "type": "Feature",
   "geometry": {
    "type": "LineString",
    "coordinates": [
     [
      -48.800140545,
      -25.496222508
     ],
     [
      -48.800127575,
      -25.496266917
     ],
     [
      -48.800115949,
      -25.496311326
     ],
     [
      -48.80010566,
      -25.496355735
     ],
     [
      -48.800096701,
      -25.496400145
     ],
     [
      -48.800096156,
      -25.496403352
     ],
     [
      -48.800089064,
      -25.496444554
     ],
     [
      -48.800082747,
      -25.496488963
     ],
     [
      -48.800077748,
      -25.496533372
     ],
     [
      -48.80007407,
      -25.496577781
     ],
     [
      -48.800071716,
      -25.49662219
     ],
     [
      -48.800070693,
      -25.496666599
     ],
     [
      -48.80007101,
      -25.496711008
     ],
     [
      -48.800072684,
      -25.496755417
     ],
     [
      -48.800075734,
      -25.496799826
     ],
     [
      -48.800080185,
      -25.496844235
     ],
     [
      -48.800086072,
      -25.496888644
     ],
     [
      -48.800093438,
      -25.496933053
     ],
     [
      -48.800093438,
      -25.496933053
     ]
    ]
   },
   "properties": {
    "tipo": "curva_nivel",
    "cota_m": 712,
    "equidistancia_m": 2
   }
  },
  {
   "type": "Feature",
   "geometry": {
    "type": "LineString",
    "coordinates": [
     [
      -48.797404819,
      -25.496331882
     ],
     [
      -48.79741377,
      -25.496355735
     ],
     [
      -48.797429692,
      -25.496400145
     ],
     [
      -48.797444952,
      -25.496444554
     ],
     [
      -48.797453752,
      -25.496471307
     ],
     [
      -48.797459713,
      -25.496488963
     ],
     [
      -48.797474071,
      -25.496533372
     ],
     [
      -48.797487921,
      -25.496577781
     ],
     [
      -48.797501328,
      -25.49662219
     ],
     [
      -48.797514606,
      -25.496666599
     ],
     [
      -48.797527605,
      -25.496711008
     ],
     [
      -48.797540382,
      -25.496755417
     ],
     [
      -48.797551619,
      -25.496794937
     ],
     [
      -48.797553064,
      -25.496799826
     ],
     [
      -48.797565974,
      -25.496844235
     ],
     [
      -48.797578967,
      -25.496888644
     ],
     [
      -48.79759217,
      -25.496933053
     ],
     [
      -48.797600553,
      -25.496960736
     ],
     [
      -48.797605853,
      -25.496977462
     ],
     [
      -48.797620262,
      -25.497021871
     ],
     [
      -48.797635364,
      -25.49706628
     ],
     [
      -48.797649486,
      -25.49710559
     ],
     [
      -48.797651415,
      -25.497110689
     ],
     [
      -48.79766899,
      -25.497155098
     ],
     [
      -48.797687973,
      -25.497199507
     ],
     [
      -48.797698419,
      -25.49722226
     ],
     [
      -48.797708954,
      -25.497243916
     ],
     [
      -48.797732323,
      -25.497288325
     ],
     [
      -48.797747353,
      -25.497314495
     ],
     [
      -48.797758507,
      -25.497332734
     ],
     [
      -48.797788156,
      -25.497377144
     ],
     [
      -48.79782214,
      -25.497421553
     ],
     [
      -48.79784522,
      -25.497448578
     ],
     [
      -48.797861153,
      -25.497465962
     ],
     [
      -48.797894153,
      -25.49749895
     ],
     [
      -48.79790645,
      -25.497510371
     ],
     [
      -48.797943086,
      -25.497541718
     ],
     [
      -48.797959559,
      -25.49755478
     ],
     [
      -48.79799202,
      -25.49757862
     ],
     [
      -48.798022297,
      -25.497599189
     ],
     [
      -48.798022297,
      -25.497599189
     ]
    ]
   },
   "properties": {
    "tipo": "curva_nivel",
    "cota_m": 712,
    "equidistancia_m": 2
   }
  },
  {
   "type": "Feature",
   "geometry": {
    "type": "LineString",
    "coordinates": [
     [
      -48.800096156,
      -25.496946968
     ],
     [
      -48.800102331,
      -25.496977462
     ],
     [
      -48.800112821,
      -25.497021871
     ],
     [
      -48.800124998,
      -25.49706628
     ],
     [
      -48.800138978,
      -25.497110689
     ],
     [
      -48.800138978,
      -25.497110689
     ]
    ]
   },
   "properties": {
    "tipo": "curva_nivel",
    "cota_m": 712,
    "equidistancia_m": 2
   }
  },
  {
   "type": "Feature",
   "geometry": {
    "type": "LineString",
    "coordinates": [
     [
      -48.803024155,
      -25.49706628
     ],
     [
      -48.802998842,
      -25.497110689
     ],
     [
      -48.802983226,
      -25.497135972
     ],
     [
      -48.802983226,
      -25.497135972
     ]
    ]
   },
   "properties": {
    "tipo": "curva_nivel",
    "cota_m": 712,
    "equidistancia_m": 2
   }
  },
  {
   "type": "Feature",
   "geometry": {
    "type": "LineString",
    "coordinates": [
     [
      -48.800145089,
      -25.497128269
     ],
     [
      -48.800154915,
      -25.497155098
     ],
     [
      -48.800172993,
      -25.497199507
     ],
     [
      -48.800193451,
      -25.497243916
     ],
     [
      -48.800216691,
      -25.497288325
     ],
     [
      -48.800242956,
      -25.497332547
     ],
     [
      -48.800243077,
      -25.497332734
     ],
     [
      -48.800273385,
      -25.497377144
     ],
     [
      -48.800291889,
      -25.497401642
     ],
     [
      -48.80030843,
      -25.497421553
     ],
     [
      -48.800340823,
      -25.497457293
     ],
     [
      -48.800349573,
      -25.497465962
     ],
     [
      -48.800389756,
      -25.497502908
     ],
     [
      -48.80039893,
      -25.497510371
     ],
     [
      -48.80043869,
      -25.497540717
     ],
     [
      -48.800459886,
      -25.49755478
     ],
     [
      -48.800487623,
      -25.497572212
     ],
     [
      -48.800536556,
      -25.497598435
     ],
     [
      -48.800538132,
      -25.497599189
     ],
     [
      -48.80058549,
      -25.497620944
     ],
     [
      -48.800634423,
      -25.497639733
     ],
     [
      -48.800645802,
      -25.497643598
     ],
     [
      -48.800683356,
      -25.497655986
     ],
     [
      -48.80073229,
      -25.497669828
     ],
     [
      -48.800781223,
      -25.497681581
     ],
     [
      -48.80081204,
      -25.497688007
     ],
     [
      -48.80081204,
      -25.497688007
     ]
    ]
   },
   "properties": {
    "tipo": "curva_nivel",
    "cota_m": 712,
    "equidistancia_m": 2
   }
  },
  {
   "type": "Feature",
   "geometry": {
    "type": "LineString",
    "coordinates": [
     [
      -48.802970978,
      -25.497155098
     ],
     [
      -48.802940323,
      -25.497199507
     ],
     [
      -48.802934293,
      -25.497207745
     ],
     [
      -48.802906543,
      -25.497243916
     ],
     [
      -48.802885359,
      -25.497269618
     ],
     [
      -48.80286908,
      -25.497288325
     ],
     [
      -48.802836426,
      -25.497323514
     ],
     [
      -48.802836426,
      -25.497323514
     ]
    ]
   },
   "properties": {
    "tipo": "curva_nivel",
    "cota_m": 712,
    "equidistancia_m": 2
   }
  },
  {
   "type": "Feature",
   "geometry": {
    "type": "LineString",
    "coordinates": [
     [
      -48.80282732,
      -25.497332734
     ],
     [
      -48.802787492,
      -25.497370815
     ],
     [
      -48.802787492,
      -25.497370815
     ],
     [
      -48.802738559,
      -25.497412554
     ],
     [
      -48.802738559,
      -25.497412554
     ]
    ]
   },
   "properties": {
    "tipo": "curva_nivel",
    "cota_m": 712,
    "equidistancia_m": 2
   }
  },
  {
   "type": "Feature",
   "geometry": {
    "type": "LineString",
    "coordinates": [
     [
      -48.802727046,
      -25.497421553
     ],
     [
      -48.802689626,
      -25.497449511
     ],
     [
      -48.802665533,
      -25.497465962
     ],
     [
      -48.802640692,
      -25.49748227
     ],
     [
      -48.802593323,
      -25.497510371
     ],
     [
      -48.802591759,
      -25.497511268
     ],
     [
      -48.802542826,
      -25.497537356
     ],
     [
      -48.802506164,
      -25.49755478
     ],
     [
      -48.802493892,
      -25.497560461
     ],
     [
      -48.802444959,
      -25.497581273
     ],
     [
      -48.80239743,
      -25.497599189
     ],
     [
      -48.802396025,
      -25.497599708
     ],
     [
      -48.802347092,
      -25.497616524
     ],
     [
      -48.802298159,
      -25.497631471
     ],
     [
      -48.802253796,
      -25.497643598
     ],
     [
      -48.802249225,
      -25.497644835
     ],
     [
      -48.802200292,
      -25.497657067
     ],
     [
      -48.802151358,
      -25.497667988
     ],
     [
      -48.802102425,
      -25.497677749
     ],
     [
      -48.802053492,
      -25.497686476
     ],
     [
      -48.802053492,
      -25.497686476
     ],
     [
      -48.802004558,
      -25.497694438
     ],
     [
      -48.801955625,
      -25.497701562
     ],
     [
      -48.801906691,
      -25.497707885
     ],
     [
      -48.801857758,
      -25.497713473
     ],
     [
      -48.801808825,
      -25.49771838
     ],
     [
      -48.801759891,
      -25.497722649
     ],
     [
      -48.801710958,
      -25.497726319
     ],
     [
      -48.801662024,
      -25.497729418
     ],
     [
      -48.801613091,
      -25.497731969
     ],
     [
      -48.801613091,
      -25.497731969
     ]
    ]
   },
   "properties": {
    "tipo": "curva_nivel",
    "cota_m": 712,
    "equidistancia_m": 2
   }
  },
  {
   "type": "Feature",
   "geometry": {
    "type": "LineString",
    "coordinates": [
     [
      -48.798801128,
      -25.497865643
     ],
     [
      -48.798801128,
      -25.497865643
     ],
     [
      -48.798774954,
      -25.497860282
     ],
     [
      -48.798726021,
      -25.497849924
     ],
     [
      -48.798677087,
      -25.497839234
     ],
     [
      -48.798628154,
      -25.497828148
     ],
     [
      -48.798598893,
      -25.497821234
     ],
     [
      -48.79857922,
      -25.497816432
     ],
     [
      -48.798530287,
      -25.497803914
     ],
     [
      -48.798481354,
      -25.497790771
     ],
     [
      -48.798432117,
      -25.497776825
     ],
     [
      -48.798383487,
      -25.497761703
     ],
     [
      -48.798334553,
      -25.497745535
     ],
     [
      -48.798297238,
      -25.497732416
     ],
     [
      -48.79828562,
      -25.497728127
     ],
     [
      -48.798236687,
      -25.497708931
     ],
     [
      -48.798187149,
      -25.497688007
     ],
     [
      -48.79813882,
      -25.497665065
     ],
     [
      -48.798089887,
      -25.497639683
     ],
     [
      -48.79809704,
      -25.497643598
     ],
     [
      -48.798040953,
      -25.497610987
     ]
    ]
   },
   "properties": {
    "tipo": "curva_nivel",
    "cota_m": 712,
    "equidistancia_m": 2
   }
  },
  {
   "type": "Feature",
   "geometry": {
    "type": "LineString",
    "coordinates": [
     [
      -48.800830157,
      -25.497691725
     ],
     [
      -48.80087909,
      -25.497700554
     ],
     [
      -48.800928023,
      -25.497708068
     ],
     [
      -48.800976957,
      -25.497714448
     ],
     [
      -48.80102589,
      -25.497719836
     ],
     [
      -48.801074824,
      -25.497724345
     ],
     [
      -48.801123757,
      -25.497728065
     ],
     [
      -48.80117269,
      -25.497731067
     ],
     [
      -48.801200618,
      -25.497732416
     ],
     [
      -48.801200618,
      -25.497732416
     ]
    ]
   },
   "properties": {
    "tipo": "curva_nivel",
    "cota_m": 712,
    "equidistancia_m": 2
   }
  },
  {
   "type": "Feature",
   "geometry": {
    "type": "LineString",
    "coordinates": [
     [
      -48.804776388,
      -25.497732416
     ],
     [
      -48.804744828,
      -25.497756401
     ],
     [
      -48.804715765,
      -25.497776825
     ],
     [
      -48.804695895,
      -25.497789491
     ],
     [
      -48.804646962,
      -25.497818478
     ],
     [
      -48.804646962,
      -25.497818478
     ],
     [
      -48.804598028,
      -25.497843753
     ],
     [
      -48.804552264,
      -25.497865643
     ],
     [
      -48.804549095,
      -25.497867052
     ],
     [
      -48.804500161,
      -25.497887768
     ],
     [
      -48.804451228,
      -25.497907389
     ],
     [
      -48.804451228,
      -25.497907389
     ],
     [
      -48.804402295,
      -25.49792526
     ],
     [
      -48.804353361,
      -25.497942314
     ],
     [
      -48.804317381,
      -25.497954461
     ],
     [
      -48.804304428,
      -25.497958621
     ],
     [
      -48.804255494,
      -25.497973942
     ],
     [
      -48.804206561,
      -25.497989016
     ],
     [
      -48.804174188,
      -25.49799887
     ],
     [
      -48.804157628,
      -25.498003714
     ],
     [
      -48.804108694,
      -25.498017909
     ],
     [
      -48.804059761,
      -25.498032196
     ],
     [
      -48.804022191,
      -25.498043279
     ],
     [
      -48.804010827,
      -25.498046529
     ],
     [
      -48.803961894,
      -25.498060625
     ],
     [
      -48.803912961,
      -25.498075142
     ],
     [
      -48.803872064,
      -25.498087688
     ],
     [
      -48.803864027,
      -25.498090097
     ],
     [
      -48.803815094,
      -25.498105091
     ],
     [
      -48.80376616,
      -25.498120891
     ],
     [
      -48.803733127,
      -25.498132097
     ],
     [
      -48.803717227,
      -25.498137403
     ],
     [
      -48.803668294,
      -25.498154453
     ],
     [
      -48.80361936,
      -25.498172833
     ],
     [
      -48.80361936,
      -25.498172833
     ],
     [
      -48.803570427,
      -25.498191939
     ],
     [
      -48.803521493,
      -25.498212599
     ],
     [
      -48.803521493,
      -25.498212599
     ]
    ]
   },
   "properties": {
    "tipo": "curva_nivel",
    "cota_m": 712,
    "equidistancia_m": 2
   }
  },
  {
   "type": "Feature",
   "geometry": {
    "type": "LineString",
    "coordinates": [
     [
      -48.801602265,
      -25.497732416
     ],
     [
      -48.801564158,
      -25.49773403
     ],
     [
      -48.801515224,
      -25.497735567
     ],
     [
      -48.801466291,
      -25.497736575
     ],
     [
      -48.801417357,
      -25.497737054
     ],
     [
      -48.801368424,
      -25.497736996
     ],
     [
      -48.801319491,
      -25.497736389
     ],
     [
      -48.801270557,
      -25.497735213
     ],
     [
      -48.801221624,
      -25.497733438
     ]
    ]
   },
   "properties": {
    "tipo": "curva_nivel",
    "cota_m": 712,
    "equidistancia_m": 2
   }
  },
  {
   "type": "Feature",
   "geometry": {
    "type": "LineString",
    "coordinates": [
     [
      -48.79964055,
      -25.498043279
     ],
     [
      -48.79964055,
      -25.498043279
     ],
     [
      -48.799606822,
      -25.498032842
     ],
     [
      -48.799557888,
      -25.498018974
     ],
     [
      -48.799508955,
      -25.498006378
     ],
     [
      -48.799477811,
      -25.49799887
     ],
     [
      -48.799460022,
      -25.497994595
     ],
     [
      -48.799411088,
      -25.49798333
     ],
     [
      -48.799362155,
      -25.49797279
     ],
     [
      -48.799313221,
      -25.497962825
     ],
     [
      -48.799270414,
      -25.497954461
     ],
     [
      -48.799264288,
      -25.497953259
     ],
     [
      -48.799215355,
      -25.497943705
     ],
     [
      -48.799166421,
      -25.497934442
     ],
     [
      -48.799117488,
      -25.497925385
     ],
     [
      -48.799068554,
      -25.497916457
     ],
     [
      -48.799019621,
      -25.497907496
     ],
     [
      -48.799033441,
      -25.497910052
     ],
     [
      -48.798970688,
      -25.497898297
     ],
     [
      -48.798921754,
      -25.497889052
     ],
     [
      -48.798872821,
      -25.497879704
     ],
     [
      -48.798823887,
      -25.497870196
     ]
    ]
   },
   "properties": {
    "tipo": "curva_nivel",
    "cota_m": 712,
    "equidistancia_m": 2
   }
  },
  {
   "type": "Feature",
   "geometry": {
    "type": "LineString",
    "coordinates": [
     [
      -48.800576244,
      -25.49893146
     ],
     [
      -48.800576244,
      -25.49893146
     ],
     [
      -48.800547718,
      -25.498887051
     ],
     [
      -48.800536556,
      -25.49886973
     ],
     [
      -48.800518952,
      -25.498842642
     ],
     [
      -48.800489712,
      -25.498798233
     ],
     [
      -48.800487623,
      -25.498795025
     ],
     [
      -48.800460346,
      -25.498753824
     ],
     [
      -48.800430312,
      -25.498709415
     ],
     [
      -48.800399787,
      -25.498665006
     ],
     [
      -48.800389756,
      -25.498650422
     ],
     [
      -48.800368585,
      -25.498620597
     ],
     [
      -48.800336401,
      -25.498576188
     ],
     [
      -48.800303283,
      -25.498531779
     ],
     [
      -48.800291889,
      -25.498516612
     ],
     [
      -48.800268819,
      -25.49848737
     ],
     [
      -48.800232628,
      -25.498442961
     ],
     [
      -48.800194303,
      -25.498398552
     ],
     [
      -48.800194023,
      -25.498398225
     ],
     [
      -48.800153356,
      -25.498354143
     ],
     [
      -48.800145089,
      -25.498345343
     ],
     [
      -48.80010881,
      -25.498309733
     ],
     [
      -48.800096156,
      -25.498297543
     ],
     [
      -48.800059494,
      -25.498265324
     ],
     [
      -48.800047222,
      -25.498254744
     ],
     [
      -48.800003684,
      -25.498220915
     ],
     [
      -48.799998289,
      -25.498216803
     ],
     [
      -48.799938896,
      -25.498176506
     ],
     [
      -48.799900422,
      -25.498153028
     ],
     [
      -48.7998612,
      -25.498132097
     ],
     [
      -48.799851489,
      -25.498127
     ],
     [
      -48.799802555,
      -25.498103565
     ],
     [
      -48.799753622,
      -25.498083115
     ],
     [
      -48.799764683,
      -25.498087688
     ],
     [
      -48.799704689,
      -25.498064437
     ],
     [
      -48.799655755,
      -25.498048025
     ]
    ]
   },
   "properties": {
    "tipo": "curva_nivel",
    "cota_m": 712,
    "equidistancia_m": 2
   }
  },
  {
   "type": "Feature",
   "geometry": {
    "type": "LineString",
    "coordinates": [
     [
      -48.803503036,
      -25.498220915
     ],
     [
      -48.80347256,
      -25.498234563
     ],
     [
      -48.803423627,
      -25.498258366
     ],
     [
      -48.803423627,
      -25.498258366
     ]
    ]
   },
   "properties": {
    "tipo": "curva_nivel",
    "cota_m": 712,
    "equidistancia_m": 2
   }
  },
  {
   "type": "Feature",
   "geometry": {
    "type": "LineString",
    "coordinates": [
     [
      -48.803410261,
      -25.498265324
     ],
     [
      -48.803374693,
      -25.498283798
     ],
     [
      -48.803329227,
      -25.498309733
     ],
     [
      -48.80332576,
      -25.498311712
     ],
     [
      -48.803276826,
      -25.498341448
     ],
     [
      -48.803276826,
      -25.498341448
     ]
    ]
   },
   "properties": {
    "tipo": "curva_nivel",
    "cota_m": 712,
    "equidistancia_m": 2
   }
  },
  {
   "type": "Feature",
   "geometry": {
    "type": "LineString",
    "coordinates": [
     [
      -48.803257616,
      -25.498354143
     ],
     [
      -48.803227893,
      -25.498373845
     ],
     [
      -48.80319353,
      -25.498398552
     ],
     [
      -48.80317896,
      -25.498409081
     ],
     [
      -48.803135455,
      -25.498442961
     ],
     [
      -48.803130026,
      -25.498447217
     ],
     [
      -48.803082209,
      -25.49848737
     ],
     [
      -48.803081093,
      -25.498488315
     ],
     [
      -48.803032874,
      -25.498531779
     ],
     [
      -48.803032159,
      -25.498532429
     ],
     [
      -48.802986735,
      -25.498576188
     ],
     [
      -48.802983226,
      -25.498579607
     ],
     [
      -48.802943235,
      -25.498620597
     ],
     [
      -48.802934293,
      -25.498629881
     ],
     [
      -48.80290194,
      -25.498665006
     ],
     [
      -48.802885359,
      -25.498683262
     ],
     [
      -48.802862515,
      -25.498709415
     ],
     [
      -48.802836426,
      -25.498739733
     ],
     [
      -48.802836426,
      -25.498739733
     ]
    ]
   },
   "properties": {
    "tipo": "curva_nivel",
    "cota_m": 712,
    "equidistancia_m": 2
   }
  },
  {
   "type": "Feature",
   "geometry": {
    "type": "LineString",
    "coordinates": [
     [
      -48.8028247,
      -25.498753824
     ],
     [
      -48.802788284,
      -25.498798233
     ],
     [
      -48.802787492,
      -25.498799202
     ],
     [
      -48.802752885,
      -25.498842642
     ],
     [
      -48.802738559,
      -25.498860956
     ],
     [
      -48.802718548,
      -25.498887051
     ],
     [
      -48.802689626,
      -25.498925479
     ],
     [
      -48.802689626,
      -25.498925479
     ],
     [
      -48.802652463,
      -25.498975869
     ],
     [
      -48.802640692,
      -25.498992108
     ],
     [
      -48.802620416,
      -25.499020278
     ],
     [
      -48.802591759,
      -25.499060947
     ],
     [
      -48.802591759,
      -25.499060947
     ],
     [
      -48.802558113,
      -25.499109096
     ],
     [
      -48.802542826,
      -25.499131453
     ],
     [
      -48.802527657,
      -25.499153505
     ],
     [
      -48.802497719,
      -25.499197914
     ],
     [
      -48.802493892,
      -25.499203668
     ],
     [
      -48.802467835,
      -25.499242323
     ],
     [
      -48.802444959,
      -25.49927712
     ],
     [
      -48.802444959,
      -25.49927712
     ]
    ]
   },
   "properties": {
    "tipo": "curva_nivel",
    "cota_m": 712,
    "equidistancia_m": 2
   }
  },
  {
   "type": "Feature",
   "geometry": {
    "type": "LineString",
    "coordinates": [
     [
      -48.80058549,
      -25.498945901
     ],
     [
      -48.800604661,
      -25.498975869
     ],
     [
      -48.800632672,
      -25.499020278
     ],
     [
      -48.800660937,
      -25.499064687
     ],
     [
      -48.800683356,
      -25.499100517
     ],
     [
      -48.800688789,
      -25.499109096
     ],
     [
      -48.800716854,
      -25.499153505
     ],
     [
      -48.80073229,
      -25.499178268
     ],
     [
      -48.800744773,
      -25.499197914
     ],
     [
      -48.800772685,
      -25.499242323
     ],
     [
      -48.800800831,
      -25.499286732
     ],
     [
      -48.800828694,
      -25.499331142
     ],
     [
      -48.800857249,
      -25.499375551
     ],
     [
      -48.80087909,
      -25.499410159
     ],
     [
      -48.800885528,
      -25.49941996
     ],
     [
      -48.800914354,
      -25.499464369
     ],
     [
      -48.800928023,
      -25.499485809
     ],
     [
      -48.800943389,
      -25.499508778
     ],
     [
      -48.800972553,
      -25.499553187
     ],
     [
      -48.801002695,
      -25.499597596
     ],
     [
      -48.80102589,
      -25.499632211
     ],
     [
      -48.801032892,
      -25.499642005
     ],
     [
      -48.801064115,
      -25.499686414
     ],
     [
      -48.801064115,
      -25.499686414
     ]
    ]
   },
   "properties": {
    "tipo": "curva_nivel",
    "cota_m": 712,
    "equidistancia_m": 2
   }
  },
  {
   "type": "Feature",
   "geometry": {
    "type": "LineString",
    "coordinates": [
     [
      -48.802438515,
      -25.499286732
     ],
     [
      -48.802409219,
      -25.499331142
     ],
     [
      -48.802396025,
      -25.499351595
     ],
     [
      -48.802380143,
      -25.499375551
     ],
     [
      -48.802351381,
      -25.49941996
     ],
     [
      -48.802347092,
      -25.499426711
     ],
     [
      -48.802322296,
      -25.499464369
     ],
     [
      -48.802298159,
      -25.499502005
     ],
     [
      -48.802298159,
      -25.499502005
     ],
     [
      -48.802264463,
      -25.499553187
     ],
     [
      -48.802249225,
      -25.499576979
     ],
     [
      -48.802235305,
      -25.499597596
     ],
     [
      -48.802206012,
      -25.499642005
     ],
     [
      -48.802200292,
      -25.499650874
     ],
     [
      -48.802175865,
      -25.499686414
     ],
     [
      -48.802151358,
      -25.499722928
     ],
     [
      -48.802151358,
      -25.499722928
     ],
     [
      -48.802114205,
      -25.499775232
     ],
     [
      -48.802102425,
      -25.499792225
     ],
     [
      -48.80208167,
      -25.499819641
     ],
     [
      -48.802053492,
      -25.499857569
     ],
     [
      -48.802053492,
      -25.499857569
     ],
     [
      -48.80201219,
      -25.499908459
     ],
     [
      -48.802004558,
      -25.49991803
     ],
     [
      -48.80197314,
      -25.499952868
     ],
     [
      -48.801955625,
      -25.499972518
     ],
     [
      -48.801930071,
      -25.499997277
     ],
     [
      -48.801906691,
      -25.500020118
     ],
     [
      -48.801880315,
      -25.500041686
     ],
     [
      -48.801857758,
      -25.500060221
     ],
     [
      -48.801818405,
      -25.500086095
     ],
     [
      -48.801808825,
      -25.500092405
     ],
     [
      -48.801759891,
      -25.500116606
     ],
     [
      -48.801717628,
      -25.500130504
     ],
     [
      -48.801710958,
      -25.500132694
     ],
     [
      -48.801662024,
      -25.500140916
     ],
     [
      -48.801613091,
      -25.500141339
     ],
     [
      -48.801564158,
      -25.500134153
     ],
     [
      -48.801552035,
      -25.500130504
     ],
     [
      -48.801515224,
      -25.500119603
     ],
     [
      -48.801466291,
      -25.500097821
     ],
     [
      -48.801446534,
      -25.500086095
     ],
     [
      -48.801417357,
      -25.500069045
     ],
     [
      -48.801379839,
      -25.500041686
     ],
     [
      -48.801379839,
      -25.500041686
     ],
     [
      -48.8013263,
      -25.499997277
     ],
     [
      -48.8013263,
      -25.499997277
     ],
     [
      -48.801280211,
      -25.499952868
     ],
     [
      -48.801280211,
      -25.499952868
     ]
    ]
   },
   "properties": {
    "tipo": "curva_nivel",
    "cota_m": 712,
    "equidistancia_m": 2
   }
  },
  {
   "type": "Feature",
   "geometry": {
    "type": "LineString",
    "coordinates": [
     [
      -48.801074824,
      -25.499701941
     ],
     [
      -48.801096289,
      -25.499730823
     ],
     [
      -48.801123757,
      -25.499768549
     ],
     [
      -48.801129056,
      -25.499775232
     ],
     [
      -48.801163654,
      -25.499819641
     ],
     [
      -48.801200162,
      -25.49986405
     ],
     [
      -48.801221624,
      -25.499890002
     ],
     [
      -48.801238697,
      -25.499908459
     ],
     [
      -48.801270557,
      -25.499943531
     ]
    ]
   },
   "properties": {
    "tipo": "curva_nivel",
    "cota_m": 712,
    "equidistancia_m": 2
   }
  },
  {
   "type": "Feature",
   "geometry": {
    "type": "LineString",
    "coordinates": [
     [
      -48.805551558,
      -25.495511964
     ],
     [
      -48.805530836,
      -25.495556373
     ],
     [
      -48.805527763,
      -25.49556318
     ],
     [
      -48.805510906,
      -25.495600782
     ],
     [
      -48.805491917,
      -25.495645191
     ],
     [
      -48.805478829,
      -25.495677277
     ],
     [
      -48.805478829,
      -25.495677277
     ]
    ]
   },
   "properties": {
    "tipo": "curva_nivel",
    "cota_m": 714,
    "equidistancia_m": 2
   }
  },
  {
   "type": "Feature",
   "geometry": {
    "type": "LineString",
    "coordinates": [
     [
      -48.802523587,
      -25.495511964
     ],
     [
      -48.802542826,
      -25.495529892
     ],
     [
      -48.802569639,
      -25.495556373
     ],
     [
      -48.802591759,
      -25.495579599
     ],
     [
      -48.802610938,
      -25.495600782
     ],
     [
      -48.802640692,
      -25.495635888
     ],
     [
      -48.802648241,
      -25.495645191
     ],
     [
      -48.802681968,
      -25.4956896
     ],
     [
      -48.802712554,
      -25.495734009
     ],
     [
      -48.802738559,
      -25.495775337
     ],
     [
      -48.802740443,
      -25.495778418
     ],
     [
      -48.802765636,
      -25.495822827
     ],
     [
      -48.802787492,
      -25.495865135
     ],
     [
      -48.802788555,
      -25.495867236
     ],
     [
      -48.802809143,
      -25.495911645
     ],
     [
      -48.802827659,
      -25.495956054
     ],
     [
      -48.802836426,
      -25.495979554
     ],
     [
      -48.802844133,
      -25.496000463
     ],
     [
      -48.802858623,
      -25.496044872
     ],
     [
      -48.802871212,
      -25.496089281
     ],
     [
      -48.80288193,
      -25.49613369
     ],
     [
      -48.80288193,
      -25.49613369
     ]
    ]
   },
   "properties": {
    "tipo": "curva_nivel",
    "cota_m": 714,
    "equidistancia_m": 2
   }
  },
  {
   "type": "Feature",
   "geometry": {
    "type": "LineString",
    "coordinates": [
     [
      -48.800847648,
      -25.495511964
     ],
     [
      -48.800830157,
      -25.495525507
     ],
     [
      -48.800792529,
      -25.495556373
     ],
     [
      -48.800781223,
      -25.495566034
     ],
     [
      -48.800742652,
      -25.495600782
     ],
     [
      -48.80073229,
      -25.495610542
     ],
     [
      -48.800697234,
      -25.495645191
     ],
     [
      -48.800683356,
      -25.495659584
     ],
     [
      -48.800655652,
      -25.4956896
     ],
     [
      -48.800634423,
      -25.495713823
     ],
     [
      -48.800617412,
      -25.495734009
     ],
     [
      -48.80058549,
      -25.495774051
     ],
     [
      -48.80058549,
      -25.495774051
     ],
     [
      -48.800549834,
      -25.495822827
     ],
     [
      -48.800536556,
      -25.495842278
     ],
     [
      -48.800520015,
      -25.495867236
     ],
     [
      -48.800492492,
      -25.495911645
     ],
     [
      -48.800487623,
      -25.495920084
     ],
     [
      -48.800467365,
      -25.495956054
     ],
     [
      -48.800444207,
      -25.496000463
     ],
     [
      -48.80043869,
      -25.496011966
     ],
     [
      -48.8004232,
      -25.496044872
     ],
     [
      -48.800404088,
      -25.496089281
     ],
     [
      -48.800389756,
      -25.496126007
     ],
     [
      -48.800389756,
      -25.496126007
     ],
     [
      -48.800371485,
      -25.496178099
     ],
     [
      -48.800357901,
      -25.496222508
     ],
     [
      -48.800346044,
      -25.496266917
     ],
     [
      -48.800340823,
      -25.496289912
     ],
     [
      -48.800340823,
      -25.496289912
     ]
    ]
   },
   "properties": {
    "tipo": "curva_nivel",
    "cota_m": 714,
    "equidistancia_m": 2
   }
  },
  {
   "type": "Feature",
   "geometry": {
    "type": "LineString",
    "coordinates": [
     [
      -48.796763371,
      -25.495511964
     ],
     [
      -48.796768685,
      -25.495517946
     ],
     [
      -48.796801862,
      -25.495556373
     ],
     [
      -48.796817618,
      -25.495575312
     ],
     [
      -48.796838284,
      -25.495600782
     ],
     [
      -48.796866552,
      -25.495636997
     ],
     [
      -48.796872811,
      -25.495645191
     ],
     [
      -48.796905514,
      -25.4956896
     ],
     [
      -48.796905514,
      -25.4956896
     ]
    ]
   },
   "properties": {
    "tipo": "curva_nivel",
    "cota_m": 714,
    "equidistancia_m": 2
   }
  },
  {
   "type": "Feature",
   "geometry": {
    "type": "LineString",
    "coordinates": [
     [
      -48.805473808,
      -25.4956896
     ],
     [
      -48.805456448,
      -25.495734009
     ],
     [
      -48.805440021,
      -25.495778418
     ],
     [
      -48.805429896,
      -25.495807289
     ],
     [
      -48.805429896,
      -25.495807289
     ]
    ]
   },
   "properties": {
    "tipo": "curva_nivel",
    "cota_m": 714,
    "equidistancia_m": 2
   }
  },
  {
   "type": "Feature",
   "geometry": {
    "type": "LineString",
    "coordinates": [
     [
      -48.796915485,
      -25.495703693
     ],
     [
      -48.79693657,
      -25.495734009
     ],
     [
      -48.796964418,
      -25.495775837
     ],
     [
      -48.796966114,
      -25.495778418
     ],
     [
      -48.796994163,
      -25.495822827
     ],
     [
      -48.797013352,
      -25.495854649
     ],
     [
      -48.797020871,
      -25.495867236
     ],
     [
      -48.797046266,
      -25.495911645
     ],
     [
      -48.797062285,
      -25.495941031
     ],
     [
      -48.797070434,
      -25.495956054
     ],
     [
      -48.797093418,
      -25.496000463
     ],
     [
      -48.797111219,
      -25.496036644
     ],
     [
      -48.797115264,
      -25.496044872
     ],
     [
      -48.797136043,
      -25.496089281
     ],
     [
      -48.797155749,
      -25.49613369
     ],
     [
      -48.797174485,
      -25.496178099
     ],
     [
      -48.797192237,
      -25.496222508
     ],
     [
      -48.797209023,
      -25.496266917
     ],
     [
      -48.797224984,
      -25.496311326
     ],
     [
      -48.797240047,
      -25.496355735
     ],
     [
      -48.797254251,
      -25.496400145
     ],
     [
      -48.797267722,
      -25.496444554
     ],
     [
      -48.797280441,
      -25.496488963
     ],
     [
      -48.797292422,
      -25.496533372
     ],
     [
      -48.797303712,
      -25.496577781
     ],
     [
      -48.797314442,
      -25.49662219
     ],
     [
      -48.797324613,
      -25.496666599
     ],
     [
      -48.797334249,
      -25.496711008
     ],
     [
      -48.797343415,
      -25.496755417
     ],
     [
      -48.79735218,
      -25.496799826
     ],
     [
      -48.79735218,
      -25.496799826
     ]
    ]
   },
   "properties": {
    "tipo": "curva_nivel",
    "cota_m": 714,
    "equidistancia_m": 2
   }
  },
  {
   "type": "Feature",
   "geometry": {
    "type": "LineString",
    "coordinates": [
     [
      -48.805424413,
      -25.495822827
     ],
     [
      -48.805409544,
      -25.495867236
     ],
     [
      -48.805395585,
      -25.495911645
     ],
     [
      -48.805382528,
      -25.495956054
     ],
     [
      -48.805380962,
      -25.495961735
     ],
     [
      -48.805370139,
      -25.496000463
     ],
     [
      -48.805358618,
      -25.496044872
     ],
     [
      -48.80534799,
      -25.496089281
     ],
     [
      -48.805338246,
      -25.49613369
     ],
     [
      -48.805332029,
      -25.496164797
     ],
     [
      -48.805332029,
      -25.496164797
     ]
    ]
   },
   "properties": {
    "tipo": "curva_nivel",
    "cota_m": 714,
    "equidistancia_m": 2
   }
  },
  {
   "type": "Feature",
   "geometry": {
    "type": "LineString",
    "coordinates": [
     [
      -48.802885359,
      -25.496150845
     ],
     [
      -48.802890799,
      -25.496178099
     ],
     [
      -48.802897839,
      -25.496222508
     ],
     [
      -48.80290306,
      -25.496266917
     ],
     [
      -48.802906466,
      -25.496311326
     ],
     [
      -48.802908051,
      -25.496355735
     ],
     [
      -48.802907802,
      -25.496400145
     ],
     [
      -48.802905701,
      -25.496444554
     ],
     [
      -48.80290172,
      -25.496488963
     ],
     [
      -48.802895825,
      -25.496533372
     ],
     [
      -48.802887971,
      -25.496577781
     ],
     [
      -48.802885359,
      -25.496589668
     ],
     [
      -48.802878107,
      -25.49662219
     ],
     [
      -48.802866168,
      -25.496666599
     ],
     [
      -48.802852072,
      -25.496711008
     ],
     [
      -48.802836426,
      -25.496753552
     ],
     [
      -48.802836426,
      -25.496753552
     ],
     [
      -48.802816974,
      -25.496799826
     ],
     [
      -48.802795723,
      -25.496844235
     ],
     [
      -48.802787492,
      -25.4968598
     ],
     [
      -48.802771731,
      -25.496888644
     ],
     [
      -48.802744834,
      -25.496933053
     ],
     [
      -48.802738559,
      -25.496942586
     ],
     [
      -48.802714652,
      -25.496977462
     ],
     [
      -48.802689626,
      -25.497010808
     ],
     [
      -48.802689626,
      -25.497010808
     ]
    ]
   },
   "properties": {
    "tipo": "curva_nivel",
    "cota_m": 714,
    "equidistancia_m": 2
   }
  },
  {
   "type": "Feature",
   "geometry": {
    "type": "LineString",
    "coordinates": [
     [
      -48.805329312,
      -25.496178099
     ],
     [
      -48.805321111,
      -25.496222508
     ],
     [
      -48.805313781,
      -25.496266917
     ],
     [
      -48.805307309,
      -25.496311326
     ],
     [
      -48.805301681,
      -25.496355735
     ],
     [
      -48.805296879,
      -25.496400145
     ],
     [
      -48.805292884,
      -25.496444554
     ],
     [
      -48.805289677,
      -25.496488963
     ],
     [
      -48.805287233,
      -25.496533372
     ],
     [
      -48.805285528,
      -25.496577781
     ],
     [
      -48.805284533,
      -25.49662219
     ],
     [
      -48.805284216,
      -25.496666599
     ],
     [
      -48.805284544,
      -25.496711008
     ],
     [
      -48.805285478,
      -25.496755417
     ],
     [
      -48.805286976,
      -25.496799826
     ],
     [
      -48.805288992,
      -25.496844235
     ],
     [
      -48.805291473,
      -25.496888644
     ],
     [
      -48.805294365,
      -25.496933053
     ],
     [
      -48.805297604,
      -25.496977462
     ],
     [
      -48.805301121,
      -25.497021871
     ],
     [
      -48.805304839,
      -25.49706628
     ],
     [
      -48.805308671,
      -25.497110689
     ],
     [
      -48.805312523,
      -25.497155098
     ],
     [
      -48.805316286,
      -25.497199507
     ],
     [
      -48.805319838,
      -25.497243916
     ],
     [
      -48.805323043,
      -25.497288325
     ],
     [
      -48.805325742,
      -25.497332734
     ],
     [
      -48.805327757,
      -25.497377144
     ],
     [
      -48.805328879,
      -25.497421553
     ],
     [
      -48.805328866,
      -25.497465962
     ],
     [
      -48.805327434,
      -25.497510371
     ],
     [
      -48.805324244,
      -25.49755478
     ],
     [
      -48.805318893,
      -25.497599189
     ],
     [
      -48.805310892,
      -25.497643598
     ],
     [
      -48.80529964,
      -25.497688007
     ],
     [
      -48.805284389,
      -25.497732416
     ],
     [
      -48.805283096,
      -25.497735434
     ],
     [
      -48.805263917,
      -25.497776825
     ],
     [
      -48.805237249,
      -25.497821234
     ],
     [
      -48.805234162,
      -25.497825492
     ],
     [
      -48.805202434,
      -25.497865643
     ],
     [
      -48.805185229,
      -25.497883586
     ],
     [
      -48.805157467,
      -25.497910052
     ],
     [
      -48.805136295,
      -25.497927231
     ],
     [
      -48.805099479,
      -25.497954461
     ],
     [
      -48.805087362,
      -25.497962274
     ],
     [
      -48.805038429,
      -25.497991397
     ],
     [
      -48.805038429,
      -25.497991397
     ]
    ]
   },
   "properties": {
    "tipo": "curva_nivel",
    "cota_m": 714,
    "equidistancia_m": 2
   }
  },
  {
   "type": "Feature",
   "geometry": {
    "type": "LineString",
    "coordinates": [
     [
      -48.800335986,
      -25.496311326
     ],
     [
      -48.800327715,
      -25.496355735
     ],
     [
      -48.800321167,
      -25.496400145
     ],
     [
      -48.800316359,
      -25.496444554
     ],
     [
      -48.800313313,
      -25.496488963
     ],
     [
      -48.800312056,
      -25.496533372
     ],
     [
      -48.800312624,
      -25.496577781
     ],
     [
      -48.80031506,
      -25.49662219
     ],
     [
      -48.800319415,
      -25.496666599
     ],
     [
      -48.800325753,
      -25.496711008
     ],
     [
      -48.800334151,
      -25.496755417
     ],
     [
      -48.800340823,
      -25.49678378
     ],
     [
      -48.800344758,
      -25.496799826
     ],
     [
      -48.800357756,
      -25.496844235
     ],
     [
      -48.800373187,
      -25.496888644
     ],
     [
      -48.800389756,
      -25.496929573
     ],
     [
      -48.80039124,
      -25.496933053
     ],
     [
      -48.800412432,
      -25.496977462
     ],
     [
      -48.800436722,
      -25.497021871
     ],
     [
      -48.800464957,
      -25.49706628
     ],
     [
      -48.800487623,
      -25.497098016
     ],
     [
      -48.800497335,
      -25.497110689
     ],
     [
      -48.800534735,
      -25.497155098
     ],
     [
      -48.800578392,
      -25.497199507
     ],
     [
      -48.800629578,
      -25.497243916
     ],
     [
      -48.800683356,
      -25.497283474
     ],
     [
      -48.800690703,
      -25.497288325
     ],
     [
      -48.80073229,
      -25.497314309
     ],
     [
      -48.800765397,
      -25.497332734
     ],
     [
      -48.800765397,
      -25.497332734
     ]
    ]
   },
   "properties": {
    "tipo": "curva_nivel",
    "cota_m": 714,
    "equidistancia_m": 2
   }
  },
  {
   "type": "Feature",
   "geometry": {
    "type": "LineString",
    "coordinates": [
     [
      -48.797355886,
      -25.496819515
     ],
     [
      -48.79736068,
      -25.496844235
     ],
     [
      -48.79736898,
      -25.496888644
     ],
     [
      -48.797377125,
      -25.496933053
     ],
     [
      -48.797385221,
      -25.496977462
     ],
     [
      -48.797393379,
      -25.497021871
     ],
     [
      -48.79740173,
      -25.49706628
     ],
     [
      -48.79740173,
      -25.49706628
     ]
    ]
   },
   "properties": {
    "tipo": "curva_nivel",
    "cota_m": 714,
    "equidistancia_m": 2
   }
  },
  {
   "type": "Feature",
   "geometry": {
    "type": "LineString",
    "coordinates": [
     [
      -48.802680929,
      -25.497021871
     ],
     [
      -48.802643158,
      -25.49706628
     ],
     [
      -48.802640692,
      -25.497068993
     ],
     [
      -48.802600639,
      -25.497110689
     ],
     [
      -48.802591759,
      -25.497119328
     ],
     [
      -48.802552655,
      -25.497155098
     ],
     [
      -48.802542826,
      -25.497163561
     ],
     [
      -48.802498116,
      -25.497199507
     ],
     [
      -48.802493892,
      -25.497202725
     ],
     [
      -48.802444959,
      -25.497237539
     ],
     [
      -48.802444959,
      -25.497237539
     ],
     [
      -48.802396025,
      -25.497268649
     ],
     [
      -48.80236193,
      -25.497288325
     ],
     [
      -48.802347092,
      -25.497296553
     ],
     [
      -48.802298159,
      -25.497321573
     ],
     [
      -48.802274271,
      -25.497332734
     ],
     [
      -48.802249225,
      -25.497344062
     ],
     [
      -48.802200292,
      -25.497364252
     ],
     [
      -48.80216576,
      -25.497377144
     ],
     [
      -48.802151358,
      -25.497382384
     ],
     [
      -48.802102425,
      -25.497398633
     ],
     [
      -48.802053492,
      -25.497413148
     ],
     [
      -48.802021879,
      -25.497421553
     ],
     [
      -48.802004558,
      -25.497426081
     ],
     [
      -48.801955625,
      -25.497437548
     ],
     [
      -48.801906691,
      -25.497447625
     ],
     [
      -48.801857758,
      -25.4974564
     ],
     [
      -48.801808825,
      -25.497463945
     ],
     [
      -48.801808825,
      -25.497463945
     ]
    ]
   },
   "properties": {
    "tipo": "curva_nivel",
    "cota_m": 714,
    "equidistancia_m": 2
   }
  },
  {
   "type": "Feature",
   "geometry": {
    "type": "LineString",
    "coordinates": [
     [
      -48.797404819,
      -25.497082345
     ],
     [
      -48.797410494,
      -25.497110689
     ],
     [
      -48.797419801,
      -25.497155098
     ],
     [
      -48.797429798,
      -25.497199507
     ],
     [
      -48.797440697,
      -25.497243916
     ],
     [
      -48.797452746,
      -25.497288325
     ],
     [
      -48.797466409,
      -25.497332734
     ],
     [
      -48.797481873,
      -25.497377144
     ],
     [
      -48.79749952,
      -25.497421553
     ],
     [
      -48.797520079,
      -25.497465962
     ],
     [
      -48.797543932,
      -25.497510371
     ],
     [
      -48.797572034,
      -25.49755478
     ],
     [
      -48.797600553,
      -25.497593391
     ],
     [
      -48.797605141,
      -25.497599189
     ],
     [
      -48.797644624,
      -25.497643598
     ],
     [
      -48.797691957,
      -25.497688007
     ],
     [
      -48.797747353,
      -25.497731203
     ],
     [
      -48.797749041,
      -25.497732416
     ],
     [
      -48.797796286,
      -25.49776337
     ],
     [
      -48.797818576,
      -25.497776825
     ],
     [
      -48.79784522,
      -25.497791602
     ],
     [
      -48.797894153,
      -25.497816727
     ],
     [
      -48.797903494,
      -25.497821234
     ],
     [
      -48.797943086,
      -25.497838991
     ],
     [
      -48.79799202,
      -25.497859371
     ],
     [
      -48.798007958,
      -25.497865643
     ],
     [
      -48.798040953,
      -25.49787783
     ],
     [
      -48.798089887,
      -25.497894876
     ],
     [
      -48.798136145,
      -25.497910052
     ],
     [
      -48.798187753,
      -25.497925532
     ],
     [
      -48.798236687,
      -25.497939479
     ],
     [
      -48.79828562,
      -25.497952827
     ],
     [
      -48.798291791,
      -25.497954461
     ],
     [
      -48.798334553,
      -25.497965311
     ],
     [
      -48.798383487,
      -25.497977343
     ],
     [
      -48.79843242,
      -25.497989052
     ],
     [
      -48.79847434,
      -25.49799887
     ],
     [
      -48.798530287,
      -25.498011381
     ],
     [
      -48.79857922,
      -25.498022185
     ],
     [
      -48.798628154,
      -25.498032932
     ],
     [
      -48.798675277,
      -25.498043279
     ],
     [
      -48.798726021,
      -25.49805415
     ],
     [
      -48.798774954,
      -25.498064745
     ],
     [
      -48.798823887,
      -25.498075515
     ],
     [
      -48.798872821,
      -25.498086523
     ],
     [
      -48.79887793,
      -25.498087688
     ],
     [
      -48.798921754,
      -25.498097529
     ],
     [
      -48.798970688,
      -25.498108857
     ],
     [
      -48.799019621,
      -25.498120617
     ],
     [
      -48.799065445,
      -25.498132097
     ],
     [
      -48.799117488,
      -25.498145349
     ],
     [
      -48.799166421,
      -25.498158499
     ],
     [
      -48.799215355,
      -25.498172431
     ],
     [
      -48.799229083,
      -25.498176506
     ],
     [
      -48.799264288,
      -25.498186922
     ],
     [
      -48.799313221,
      -25.49820227
     ],
     [
      -48.799362155,
      -25.498218761
     ],
     [
      -48.799368263,
      -25.498220915
     ],
     [
      -48.799411088,
      -25.498236039
     ],
     [
      -48.799460022,
      -25.498254678
     ],
     [
      -48.799486178,
      -25.498265324
     ],
     [
      -48.799508955,
      -25.498274639
     ],
     [
      -48.799557888,
      -25.498296036
     ],
     [
      -48.799586962,
      -25.498309733
     ],
     [
      -48.799586962,
      -25.498309733
     ]
    ]
   },
   "properties": {
    "tipo": "curva_nivel",
    "cota_m": 714,
    "equidistancia_m": 2
   }
  },
  {
   "type": "Feature",
   "geometry": {
    "type": "LineString",
    "coordinates": [
     [
      -48.800781223,
      -25.497341133
     ],
     [
      -48.800830157,
      -25.497364494
     ],
     [
      -48.800860049,
      -25.497377144
     ],
     [
      -48.800860049,
      -25.497377144
     ]
    ]
   },
   "properties": {
    "tipo": "curva_nivel",
    "cota_m": 714,
    "equidistancia_m": 2
   }
  },
  {
   "type": "Feature",
   "geometry": {
    "type": "LineString",
    "coordinates": [
     [
      -48.801201002,
      -25.497465962
     ],
     [
      -48.801201002,
      -25.497465962
     ],
     [
      -48.80117269,
      -25.497461852
     ],
     [
      -48.801123757,
      -25.49745339
     ],
     [
      -48.801074824,
      -25.4974434
     ],
     [
      -48.80102589,
      -25.497431737
     ],
     [
      -48.800976957,
      -25.497418235
     ],
     [
      -48.800988745,
      -25.497421553
     ],
     [
      -48.800928023,
      -25.497402715
     ],
     [
      -48.80087909,
      -25.497384904
     ]
    ]
   },
   "properties": {
    "tipo": "curva_nivel",
    "cota_m": 714,
    "equidistancia_m": 2
   }
  },
  {
   "type": "Feature",
   "geometry": {
    "type": "LineString",
    "coordinates": [
     [
      -48.80179343,
      -25.497465962
     ],
     [
      -48.801759891,
      -25.497470336
     ],
     [
      -48.801710958,
      -25.497475604
     ],
     [
      -48.801662024,
      -25.497479775
     ],
     [
      -48.801613091,
      -25.497482875
     ],
     [
      -48.801564158,
      -25.497484922
     ],
     [
      -48.801515224,
      -25.49748592
     ],
     [
      -48.801466291,
      -25.497485867
     ],
     [
      -48.801417357,
      -25.497484747
     ],
     [
      -48.801368424,
      -25.497482536
     ],
     [
      -48.801319491,
      -25.497479196
     ],
     [
      -48.801270557,
      -25.497474677
     ],
     [
      -48.801221624,
      -25.497468916
     ]
    ]
   },
   "properties": {
    "tipo": "curva_nivel",
    "cota_m": 714,
    "equidistancia_m": 2
   }
  },
  {
   "type": "Feature",
   "geometry": {
    "type": "LineString",
    "coordinates": [
     [
      -48.805024859,
      -25.49799887
     ],
     [
      -48.804989495,
      -25.498016315
     ],
     [
      -48.804940562,
      -25.498038551
     ],
     [
      -48.804940562,
      -25.498038551
     ]
    ]
   },
   "properties": {
    "tipo": "curva_nivel",
    "cota_m": 714,
    "equidistancia_m": 2
   }
  },
  {
   "type": "Feature",
   "geometry": {
    "type": "LineString",
    "coordinates": [
     [
      -48.804929562,
      -25.498043279
     ],
     [
      -48.804891629,
      -25.498058175
     ],
     [
      -48.804842695,
      -25.498076228
     ],
     [
      -48.804809977,
      -25.498087688
     ],
     [
      -48.804793762,
      -25.498092957
     ],
     [
      -48.804744828,
      -25.498108357
     ],
     [
      -48.804695895,
      -25.498123136
     ],
     [
      -48.804665429,
      -25.498132097
     ],
     [
      -48.804646962,
      -25.498137216
     ],
     [
      -48.804598028,
      -25.498150598
     ],
     [
      -48.804549095,
      -25.498163763
     ],
     [
      -48.804501304,
      -25.498176506
     ],
     [
      -48.804500161,
      -25.498176797
     ],
     [
      -48.804451228,
      -25.498189332
     ],
     [
      -48.804402295,
      -25.49820193
     ],
     [
      -48.804353361,
      -25.498214673
     ],
     [
      -48.8043298,
      -25.498220915
     ],
     [
      -48.804304428,
      -25.498227411
     ],
     [
      -48.804255494,
      -25.498240228
     ],
     [
      -48.804206561,
      -25.498253424
     ],
     [
      -48.804163886,
      -25.498265324
     ],
     [
      -48.804157628,
      -25.498267025
     ],
     [
      -48.804108694,
      -25.498280763
     ],
     [
      -48.804059761,
      -25.498295118
     ],
     [
      -48.804012292,
      -25.498309733
     ],
     [
      -48.804010827,
      -25.498310176
     ],
     [
      -48.803961894,
      -25.498325558
     ],
     [
      -48.803912961,
      -25.498341836
     ],
     [
      -48.803877953,
      -25.498354143
     ],
     [
      -48.803864027,
      -25.498358981
     ],
     [
      -48.803815094,
      -25.498376846
     ],
     [
      -48.80376616,
      -25.498395961
     ],
     [
      -48.80376616,
      -25.498395961
     ],
     [
      -48.803717227,
      -25.498415926
     ],
     [
      -48.803668294,
      -25.498437326
     ],
     [
      -48.803668294,
      -25.498437326
     ]
    ]
   },
   "properties": {
    "tipo": "curva_nivel",
    "cota_m": 714,
    "equidistancia_m": 2
   }
  },
  {
   "type": "Feature",
   "geometry": {
    "type": "LineString",
    "coordinates": [
     [
      -48.799606822,
      -25.498319164
     ],
     [
      -48.799655755,
      -25.498344072
     ],
     [
      -48.799674215,
      -25.498354143
     ],
     [
      -48.799704689,
      -25.498370946
     ],
     [
      -48.799750846,
      -25.498398552
     ],
     [
      -48.799802555,
      -25.4984316
     ],
     [
      -48.799819057,
      -25.498442961
     ],
     [
      -48.799851489,
      -25.498465618
     ],
     [
      -48.799880575,
      -25.49848737
     ],
     [
      -48.799900422,
      -25.498502453
     ],
     [
      -48.799936685,
      -25.498531779
     ],
     [
      -48.799936685,
      -25.498531779
     ]
    ]
   },
   "properties": {
    "tipo": "curva_nivel",
    "cota_m": 714,
    "equidistancia_m": 2
   }
  },
  {
   "type": "Feature",
   "geometry": {
    "type": "LineString",
    "coordinates": [
     [
      -48.803656094,
      -25.498442961
     ],
     [
      -48.80361936,
      -25.498459899
     ],
     [
      -48.803570427,
      -25.498484134
     ],
     [
      -48.803570427,
      -25.498484134
     ],
     [
      -48.803521493,
      -25.49850973
     ],
     [
      -48.803482283,
      -25.498531779
     ],
     [
      -48.80347256,
      -25.498537274
     ],
     [
      -48.803423627,
      -25.498566549
     ],
     [
      -48.803423627,
      -25.498566549
     ]
    ]
   },
   "properties": {
    "tipo": "curva_nivel",
    "cota_m": 714,
    "equidistancia_m": 2
   }
  },
  {
   "type": "Feature",
   "geometry": {
    "type": "LineString",
    "coordinates": [
     [
      -48.799949356,
      -25.498542205
     ],
     [
      -48.799988383,
      -25.498576188
     ],
     [
      -48.800036445,
      -25.498620597
     ],
     [
      -48.800036445,
      -25.498620597
     ]
    ]
   },
   "properties": {
    "tipo": "curva_nivel",
    "cota_m": 714,
    "equidistancia_m": 2
   }
  },
  {
   "type": "Feature",
   "geometry": {
    "type": "LineString",
    "coordinates": [
     [
      -48.803408458,
      -25.498576188
     ],
     [
      -48.803374693,
      -25.498597829
     ],
     [
      -48.803341345,
      -25.498620597
     ],
     [
      -48.80332576,
      -25.498631355
     ],
     [
      -48.803279799,
      -25.498665006
     ],
     [
      -48.803276826,
      -25.498667212
     ],
     [
      -48.803227893,
      -25.498705398
     ],
     [
      -48.803227893,
      -25.498705398
     ],
     [
      -48.80317896,
      -25.498746144
     ],
     [
      -48.80317896,
      -25.498746144
     ],
     [
      -48.803130026,
      -25.498789617
     ],
     [
      -48.803130026,
      -25.498789617
     ]
    ]
   },
   "properties": {
    "tipo": "curva_nivel",
    "cota_m": 714,
    "equidistancia_m": 2
   }
  },
  {
   "type": "Feature",
   "geometry": {
    "type": "LineString",
    "coordinates": [
     [
      -48.800047222,
      -25.498630857
     ],
     [
      -48.800081481,
      -25.498665006
     ],
     [
      -48.800081481,
      -25.498665006
     ]
    ]
   },
   "properties": {
    "tipo": "curva_nivel",
    "cota_m": 714,
    "equidistancia_m": 2
   }
  },
  {
   "type": "Feature",
   "geometry": {
    "type": "LineString",
    "coordinates": [
     [
      -48.800096156,
      -25.498679938
     ],
     [
      -48.800123965,
      -25.498709415
     ],
     [
      -48.800145089,
      -25.498732292
     ],
     [
      -48.80016427,
      -25.498753824
     ],
     [
      -48.800194023,
      -25.498787975
     ],
     [
      -48.800202686,
      -25.498798233
     ],
     [
      -48.800239486,
      -25.498842642
     ],
     [
      -48.800274967,
      -25.498887051
     ],
     [
      -48.800291889,
      -25.498908814
     ],
     [
      -48.800309163,
      -25.49893146
     ],
     [
      -48.800340823,
      -25.49897403
     ],
     [
      -48.800342171,
      -25.498975869
     ],
     [
      -48.80037438,
      -25.499020278
     ],
     [
      -48.800389756,
      -25.499042032
     ],
     [
      -48.800405636,
      -25.499064687
     ],
     [
      -48.800435998,
      -25.499109096
     ],
     [
      -48.800465855,
      -25.499153505
     ],
     [
      -48.800487623,
      -25.499186847
     ],
     [
      -48.800494865,
      -25.499197914
     ],
     [
      -48.80052339,
      -25.499242323
     ],
     [
      -48.800536556,
      -25.499263341
     ],
     [
      -48.800551329,
      -25.499286732
     ],
     [
      -48.800578666,
      -25.499331142
     ],
     [
      -48.800605697,
      -25.499375551
     ],
     [
      -48.800632014,
      -25.49941996
     ],
     [
      -48.800658264,
      -25.499464369
     ],
     [
      -48.800683356,
      -25.499508161
     ],
     [
      -48.800683719,
      -25.499508778
     ],
     [
      -48.800709279,
      -25.499553187
     ],
     [
      -48.80073229,
      -25.499594523
     ],
     [
      -48.800734054,
      -25.499597596
     ],
     [
      -48.800758976,
      -25.499642005
     ],
     [
      -48.800781223,
      -25.499682972
     ],
     [
      -48.800783163,
      -25.499686414
     ],
     [
      -48.800807593,
      -25.499730823
     ],
     [
      -48.800830157,
      -25.499773185
     ],
     [
      -48.800831296,
      -25.499775232
     ],
     [
      -48.800855402,
      -25.499819641
     ],
     [
      -48.800878772,
      -25.49986405
     ],
     [
      -48.80090274,
      -25.499908459
     ],
     [
      -48.800926051,
      -25.499952868
     ],
     [
      -48.800950052,
      -25.499997277
     ],
     [
      -48.800973583,
      -25.500041686
     ],
     [
      -48.800997949,
      -25.500086095
     ],
     [
      -48.801022064,
      -25.500130504
     ],
     [
      -48.801047291,
      -25.500174913
     ],
     [
      -48.801072474,
      -25.500219322
     ],
     [
      -48.80109931,
      -25.500263731
     ],
     [
      -48.801123757,
      -25.500304107
     ],
     [
      -48.801126431,
      -25.500308141
     ],
     [
      -48.801155785,
      -25.50035255
     ],
     [
      -48.80117269,
      -25.500378058
     ],
     [
      -48.801186544,
      -25.500396959
     ],
     [
      -48.801219311,
      -25.500441368
     ],
     [
      -48.801256038,
      -25.500485777
     ],
     [
      -48.801256038,
      -25.500485777
     ]
    ]
   },
   "properties": {
    "tipo": "curva_nivel",
    "cota_m": 714,
    "equidistancia_m": 2
   }
  },
  {
   "type": "Feature",
   "geometry": {
    "type": "LineString",
    "coordinates": [
     [
      -48.803120772,
      -25.498798233
     ],
     [
      -48.803081093,
      -25.49883593
     ],
     [
      -48.803081093,
      -25.49883593
     ],
     [
      -48.803032159,
      -25.498885201
     ],
     [
      -48.803032159,
      -25.498885201
     ],
     [
      -48.802988716,
      -25.49893146
     ],
     [
      -48.802983226,
      -25.498937453
     ],
     [
      -48.802949008,
      -25.498975869
     ],
     [
      -48.802934293,
      -25.498992846
     ],
     [
      -48.802911069,
      -25.499020278
     ],
     [
      -48.802885359,
      -25.499051531
     ],
     [
      -48.802885359,
      -25.499051531
     ]
    ]
   },
   "properties": {
    "tipo": "curva_nivel",
    "cota_m": 714,
    "equidistancia_m": 2
   }
  },
  {
   "type": "Feature",
   "geometry": {
    "type": "LineString",
    "coordinates": [
     [
      -48.802874741,
      -25.499064687
     ],
     [
      -48.802839866,
      -25.499109096
     ],
     [
      -48.802836426,
      -25.499113583
     ],
     [
      -48.802806208,
      -25.499153505
     ],
     [
      -48.802787492,
      -25.499179066
     ],
     [
      -48.802773806,
      -25.499197914
     ],
     [
      -48.802742555,
      -25.499242323
     ],
     [
      -48.802738559,
      -25.499248156
     ],
     [
      -48.802712189,
      -25.499286732
     ],
     [
      -48.802689626,
      -25.499320984
     ],
     [
      -48.802689626,
      -25.499320984
     ]
    ]
   },
   "properties": {
    "tipo": "curva_nivel",
    "cota_m": 714,
    "equidistancia_m": 2
   }
  },
  {
   "type": "Feature",
   "geometry": {
    "type": "LineString",
    "coordinates": [
     [
      -48.802682917,
      -25.499331142
     ],
     [
      -48.802654434,
      -25.499375551
     ],
     [
      -48.802640692,
      -25.499397753
     ],
     [
      -48.802626824,
      -25.49941996
     ],
     [
      -48.802600056,
      -25.499464369
     ],
     [
      -48.802591759,
      -25.49947862
     ],
     [
      -48.802573927,
      -25.499508778
     ],
     [
      -48.802548671,
      -25.499553187
     ],
     [
      -48.802542826,
      -25.499563838
     ],
     [
      -48.802523887,
      -25.499597596
     ],
     [
      -48.802499958,
      -25.499642005
     ],
     [
      -48.802493892,
      -25.499653696
     ],
     [
      -48.802476415,
      -25.499686414
     ],
     [
      -48.802453634,
      -25.499730823
     ],
     [
      -48.802444959,
      -25.499748418
     ],
     [
      -48.802431247,
      -25.499775232
     ],
     [
      -48.802409423,
      -25.499819641
     ],
     [
      -48.802396025,
      -25.499848017
     ],
     [
      -48.802396025,
      -25.499848017
     ]
    ]
   },
   "properties": {
    "tipo": "curva_nivel",
    "cota_m": 714,
    "equidistancia_m": 2
   }
  },
  {
   "type": "Feature",
   "geometry": {
    "type": "LineString",
    "coordinates": [
     [
      -48.802388112,
      -25.49986405
     ],
     [
      -48.802367026,
      -25.499908459
     ],
     [
      -48.802347092,
      -25.499952045
     ],
     [
      -48.802347092,
      -25.499952045
     ],
     [
      -48.802326077,
      -25.499997277
     ],
     [
      -48.802306123,
      -25.500041686
     ],
     [
      -48.802298159,
      -25.500060026
     ],
     [
      -48.802286085,
      -25.500086095
     ],
     [
      -48.802266095,
      -25.500130504
     ],
     [
      -48.802249225,
      -25.500168825
     ],
     [
      -48.802249225,
      -25.500168825
     ],
     [
      -48.802225758,
      -25.500219322
     ],
     [
      -48.802205343,
      -25.500263731
     ],
     [
      -48.802200292,
      -25.50027486
     ],
     [
      -48.802183756,
      -25.500308141
     ],
     [
      -48.802161579,
      -25.50035255
     ],
     [
      -48.802151358,
      -25.500372863
     ],
     [
      -48.802137879,
      -25.500396959
     ],
     [
      -48.802112503,
      -25.500441368
     ],
     [
      -48.802102425,
      -25.500458547
     ],
     [
      -48.802084318,
      -25.500485777
     ],
     [
      -48.802053492,
      -25.500530042
     ],
     [
      -48.802053492,
      -25.500530042
     ],
     [
      -48.802016081,
      -25.500574595
     ],
     [
      -48.802004558,
      -25.500587529
     ],
     [
      -48.801971037,
      -25.500619004
     ],
     [
      -48.801955625,
      -25.5006326
     ],
     [
      -48.801912203,
      -25.500663413
     ],
     [
      -48.801906691,
      -25.50066708
     ],
     [
      -48.801857758,
      -25.50069231
     ],
     [
      -48.801815011,
      -25.500707822
     ],
     [
      -48.801808825,
      -25.500709934
     ],
     [
      -48.801759891,
      -25.500720453
     ],
     [
      -48.801710958,
      -25.500724857
     ],
     [
      -48.801662024,
      -25.500723515
     ],
     [
      -48.801613091,
      -25.500716682
     ],
     [
      -48.8015776,
      -25.500707822
     ],
     [
      -48.8015776,
      -25.500707822
     ],
     [
      -48.801515224,
      -25.500686393
     ],
     [
      -48.801467331,
      -25.500663413
     ],
     [
      -48.801467331,
      -25.500663413
     ],
     [
      -48.801417357,
      -25.500633061
     ],
     [
      -48.801398113,
      -25.500619004
     ],
     [
      -48.801368424,
      -25.500596826
     ],
     [
      -48.801342996,
      -25.500574595
     ],
     [
      -48.801319491,
      -25.500553617
     ],
     [
      -48.801296644,
      -25.500530186
     ],
     [
      -48.801270557,
      -25.500502943
     ]
    ]
   },
   "properties": {
    "tipo": "curva_nivel",
    "cota_m": 714,
    "equidistancia_m": 2
   }
  },
  {
   "type": "Feature",
   "geometry": {
    "type": "LineString",
    "coordinates": [
     [
      -48.805768724,
      -25.495511964
     ],
     [
      -48.805743991,
      -25.495556373
     ],
     [
      -48.805723496,
      -25.495595321
     ],
     [
      -48.805723496,
      -25.495595321
     ],
     [
      -48.805698672,
      -25.495645191
     ],
     [
      -48.805677968,
      -25.4956896
     ],
     [
      -48.805674563,
      -25.495697279
     ],
     [
      -48.805658441,
      -25.495734009
     ],
     [
      -48.805640111,
      -25.495778418
     ],
     [
      -48.805625629,
      -25.495815848
     ],
     [
      -48.805625629,
      -25.495815848
     ],
     [
      -48.805606822,
      -25.495867236
     ],
     [
      -48.805591834,
      -25.495911645
     ],
     [
      -48.805577955,
      -25.495956054
     ],
     [
      -48.805576696,
      -25.495960397
     ],
     [
      -48.805565046,
      -25.496000463
     ],
     [
      -48.805553205,
      -25.496044872
     ],
     [
      -48.805542428,
      -25.496089281
     ],
     [
      -48.8055327,
      -25.49613369
     ],
     [
      -48.805527763,
      -25.496158889
     ],
     [
      -48.805527763,
      -25.496158889
     ]
    ]
   },
   "properties": {
    "tipo": "curva_nivel",
    "cota_m": 716,
    "equidistancia_m": 2
   }
  },
  {
   "type": "Feature",
   "geometry": {
    "type": "LineString",
    "coordinates": [
     [
      -48.802074028,
      -25.495511964
     ],
     [
      -48.802102425,
      -25.4955243
     ],
     [
      -48.802151358,
      -25.49554839
     ],
     [
      -48.802165916,
      -25.495556373
     ],
     [
      -48.802200292,
      -25.495576316
     ],
     [
      -48.802238354,
      -25.495600782
     ],
     [
      -48.802238354,
      -25.495600782
     ]
    ]
   },
   "properties": {
    "tipo": "curva_nivel",
    "cota_m": 716,
    "equidistancia_m": 2
   }
  },
  {
   "type": "Feature",
   "geometry": {
    "type": "LineString",
    "coordinates": [
     [
      -48.801256652,
      -25.495511964
     ],
     [
      -48.801221624,
      -25.495526126
     ],
     [
      -48.80117269,
      -25.495548237
     ],
     [
      -48.80117269,
      -25.495548237
     ]
    ]
   },
   "properties": {
    "tipo": "curva_nivel",
    "cota_m": 716,
    "equidistancia_m": 2
   }
  },
  {
   "type": "Feature",
   "geometry": {
    "type": "LineString",
    "coordinates": [
     [
      -48.796563709,
      -25.495511964
     ],
     [
      -48.796572951,
      -25.495520936
     ],
     [
      -48.796608087,
      -25.495556373
     ],
     [
      -48.796608087,
      -25.495556373
     ]
    ]
   },
   "properties": {
    "tipo": "curva_nivel",
    "cota_m": 716,
    "equidistancia_m": 2
   }
  },
  {
   "type": "Feature",
   "geometry": {
    "type": "LineString",
    "coordinates": [
     [
      -48.801156397,
      -25.495556373
     ],
     [
      -48.801123757,
      -25.495573308
     ],
     [
      -48.801075473,
      -25.495600782
     ],
     [
      -48.801074824,
      -25.495601168
     ],
     [
      -48.80102589,
      -25.495632739
     ],
     [
      -48.80102589,
      -25.495632739
     ]
    ]
   },
   "properties": {
    "tipo": "curva_nivel",
    "cota_m": 716,
    "equidistancia_m": 2
   }
  },
  {
   "type": "Feature",
   "geometry": {
    "type": "LineString",
    "coordinates": [
     [
      -48.796621885,
      -25.495570823
     ],
     [
      -48.796649521,
      -25.495600782
     ],
     [
      -48.796670818,
      -25.495624809
     ],
     [
      -48.796688334,
      -25.495645191
     ],
     [
      -48.796719751,
      -25.495683315
     ],
     [
      -48.79672479,
      -25.4956896
     ],
     [
      -48.796758966,
      -25.495734009
     ],
     [
      -48.796791124,
      -25.495778418
     ],
     [
      -48.796817618,
      -25.495817077
     ],
     [
      -48.796821483,
      -25.495822827
     ],
     [
      -48.796849995,
      -25.495867236
     ],
     [
      -48.796866552,
      -25.495894385
     ],
     [
      -48.79687692,
      -25.495911645
     ],
     [
      -48.796902265,
      -25.495956054
     ],
     [
      -48.796915485,
      -25.495980514
     ],
     [
      -48.796926153,
      -25.496000463
     ],
     [
      -48.796948618,
      -25.496044872
     ],
     [
      -48.796964418,
      -25.496077997
     ],
     [
      -48.796969767,
      -25.496089281
     ],
     [
      -48.796989595,
      -25.49613369
     ],
     [
      -48.797008214,
      -25.496178099
     ],
     [
      -48.797025627,
      -25.496222508
     ],
     [
      -48.797041889,
      -25.496266917
     ],
     [
      -48.797057048,
      -25.496311326
     ],
     [
      -48.797057048,
      -25.496311326
     ]
    ]
   },
   "properties": {
    "tipo": "curva_nivel",
    "cota_m": 716,
    "equidistancia_m": 2
   }
  },
  {
   "type": "Feature",
   "geometry": {
    "type": "LineString",
    "coordinates": [
     [
      -48.802432834,
      -25.495778418
     ],
     [
      -48.802432834,
      -25.495778418
     ],
     [
      -48.802394147,
      -25.495734009
     ],
     [
      -48.802349764,
      -25.4956896
     ],
     [
      -48.802347092,
      -25.495687116
     ],
     [
      -48.802298159,
      -25.49564481
     ],
     [
      -48.80229863,
      -25.495645191
     ],
     [
      -48.802249225,
      -25.495608215
     ]
    ]
   },
   "properties": {
    "tipo": "curva_nivel",
    "cota_m": 716,
    "equidistancia_m": 2
   }
  },
  {
   "type": "Feature",
   "geometry": {
    "type": "LineString",
    "coordinates": [
     [
      -48.801008024,
      -25.495645191
     ],
     [
      -48.800976957,
      -25.495667906
     ],
     [
      -48.800949308,
      -25.4956896
     ],
     [
      -48.800928023,
      -25.495707204
     ],
     [
      -48.800897633,
      -25.495734009
     ],
     [
      -48.80087909,
      -25.495751335
     ],
     [
      -48.800851748,
      -25.495778418
     ],
     [
      -48.800830157,
      -25.49580119
     ],
     [
      -48.800810698,
      -25.495822827
     ],
     [
      -48.800781223,
      -25.495857907
     ],
     [
      -48.800781223,
      -25.495857907
     ]
    ]
   },
   "properties": {
    "tipo": "curva_nivel",
    "cota_m": 716,
    "equidistancia_m": 2
   }
  },
  {
   "type": "Feature",
   "geometry": {
    "type": "LineString",
    "coordinates": [
     [
      -48.802444959,
      -25.495793663
     ],
     [
      -48.802466959,
      -25.495822827
     ],
     [
      -48.802493892,
      -25.495862144
     ],
     [
      -48.802497224,
      -25.495867236
     ],
     [
      -48.802523607,
      -25.495911645
     ],
     [
      -48.802542826,
      -25.495947933
     ],
     [
      -48.80254697,
      -25.495956054
     ],
     [
      -48.802567102,
      -25.496000463
     ],
     [
      -48.802584601,
      -25.496044872
     ],
     [
      -48.802584601,
      -25.496044872
     ]
    ]
   },
   "properties": {
    "tipo": "curva_nivel",
    "cota_m": 716,
    "equidistancia_m": 2
   }
  },
  {
   "type": "Feature",
   "geometry": {
    "type": "LineString",
    "coordinates": [
     [
      -48.800773749,
      -25.495867236
     ],
     [
      -48.800740678,
      -25.495911645
     ],
     [
      -48.80073229,
      -25.495923849
     ],
     [
      -48.800711055,
      -25.495956054
     ],
     [
      -48.800684213,
      -25.496000463
     ],
     [
      -48.800683356,
      -25.496002024
     ],
     [
      -48.800660665,
      -25.496044872
     ],
     [
      -48.800639485,
      -25.496089281
     ],
     [
      -48.800634423,
      -25.496101243
     ],
     [
      -48.800621096,
      -25.49613369
     ],
     [
      -48.800605136,
      -25.496178099
     ],
     [
      -48.800591444,
      -25.496222508
     ],
     [
      -48.80058549,
      -25.496245771
     ],
     [
      -48.80058549,
      -25.496245771
     ]
    ]
   },
   "properties": {
    "tipo": "curva_nivel",
    "cota_m": 716,
    "equidistancia_m": 2
   }
  },
  {
   "type": "Feature",
   "geometry": {
    "type": "LineString",
    "coordinates": [
     [
      -48.802591759,
      -25.496066103
     ],
     [
      -48.802599363,
      -25.496089281
     ],
     [
      -48.802611514,
      -25.49613369
     ],
     [
      -48.802621249,
      -25.496178099
     ],
     [
      -48.802628593,
      -25.496222508
     ],
     [
      -48.802633561,
      -25.496266917
     ],
     [
      -48.802636155,
      -25.496311326
     ],
     [
      -48.802636369,
      -25.496355735
     ],
     [
      -48.802634182,
      -25.496400145
     ],
     [
      -48.802629564,
      -25.496444554
     ],
     [
      -48.802622473,
      -25.496488963
     ],
     [
      -48.802612853,
      -25.496533372
     ],
     [
      -48.802600633,
      -25.496577781
     ],
     [
      -48.802591759,
      -25.496604379
     ],
     [
      -48.802591759,
      -25.496604379
     ]
    ]
   },
   "properties": {
    "tipo": "curva_nivel",
    "cota_m": 716,
    "equidistancia_m": 2
   }
  },
  {
   "type": "Feature",
   "geometry": {
    "type": "LineString",
    "coordinates": [
     [
      -48.805523958,
      -25.496178099
     ],
     [
      -48.805516186,
      -25.496222508
     ],
     [
      -48.805509435,
      -25.496266917
     ],
     [
      -48.805503692,
      -25.496311326
     ],
     [
      -48.805498942,
      -25.496355735
     ],
     [
      -48.805495173,
      -25.496400145
     ],
     [
      -48.80549237,
      -25.496444554
     ],
     [
      -48.805490518,
      -25.496488963
     ],
     [
      -48.805489604,
      -25.496533372
     ],
     [
      -48.805489609,
      -25.496577781
     ],
     [
      -48.805490519,
      -25.49662219
     ],
     [
      -48.805492313,
      -25.496666599
     ],
     [
      -48.805494974,
      -25.496711008
     ],
     [
      -48.805498481,
      -25.496755417
     ],
     [
      -48.805502812,
      -25.496799826
     ],
     [
      -48.805507944,
      -25.496844235
     ],
     [
      -48.805513851,
      -25.496888644
     ],
     [
      -48.805520508,
      -25.496933053
     ],
     [
      -48.805527763,
      -25.496976733
     ],
     [
      -48.805527885,
      -25.496977462
     ],
     [
      -48.805535857,
      -25.497021871
     ],
     [
      -48.80554448,
      -25.49706628
     ],
     [
      -48.805553721,
      -25.497110689
     ],
     [
      -48.805563541,
      -25.497155098
     ],
     [
      -48.8055739,
      -25.497199507
     ],
     [
      -48.805584682,
      -25.497243916
     ],
     [
      -48.805595886,
      -25.497288325
     ],
     [
      -48.805607484,
      -25.497332734
     ],
     [
      -48.80561942,
      -25.497377144
     ],
     [
      -48.805625629,
      -25.49740017
     ],
     [
      -48.805631593,
      -25.497421553
     ],
     [
      -48.805643933,
      -25.497465962
     ],
     [
      -48.805656397,
      -25.497510371
     ],
     [
      -48.805668892,
      -25.49755478
     ],
     [
      -48.805668892,
      -25.49755478
     ]
    ]
   },
   "properties": {
    "tipo": "curva_nivel",
    "cota_m": 716,
    "equidistancia_m": 2
   }
  },
  {
   "type": "Feature",
   "geometry": {
    "type": "LineString",
    "coordinates": [
     [
      -48.800580198,
      -25.496266917
     ],
     [
      -48.800571367,
      -25.496311326
     ],
     [
      -48.800564799,
      -25.496355735
     ],
     [
      -48.800560528,
      -25.496400145
     ],
     [
      -48.800558598,
      -25.496444554
     ],
     [
      -48.800559062,
      -25.496488963
     ],
     [
      -48.800561985,
      -25.496533372
     ],
     [
      -48.800567444,
      -25.496577781
     ],
     [
      -48.80057553,
      -25.49662219
     ],
     [
      -48.80058549,
      -25.496663132
     ],
     [
      -48.800586379,
      -25.496666599
     ],
     [
      -48.800600502,
      -25.496711008
     ],
     [
      -48.800617742,
      -25.496755417
     ],
     [
      -48.800634423,
      -25.49679166
     ],
     [
      -48.800638425,
      -25.496799826
     ],
     [
      -48.800663369,
      -25.496844235
     ],
     [
      -48.800683356,
      -25.496875269
     ],
     [
      -48.800692612,
      -25.496888644
     ],
     [
      -48.800727119,
      -25.496933053
     ],
     [
      -48.800768066,
      -25.496977462
     ],
     [
      -48.800768066,
      -25.496977462
     ]
    ]
   },
   "properties": {
    "tipo": "curva_nivel",
    "cota_m": 716,
    "equidistancia_m": 2
   }
  },
  {
   "type": "Feature",
   "geometry": {
    "type": "LineString",
    "coordinates": [
     [
      -48.797062285,
      -25.496327883
     ],
     [
      -48.797071134,
      -25.496355735
     ],
     [
      -48.797084182,
      -25.496400145
     ],
     [
      -48.79709623,
      -25.496444554
     ],
     [
      -48.797107311,
      -25.496488963
     ],
     [
      -48.797107311,
      -25.496488963
     ]
    ]
   },
   "properties": {
    "tipo": "curva_nivel",
    "cota_m": 716,
    "equidistancia_m": 2
   }
  },
  {
   "type": "Feature",
   "geometry": {
    "type": "LineString",
    "coordinates": [
     [
      -48.797111219,
      -25.496506156
     ],
     [
      -48.797117472,
      -25.496533372
     ],
     [
      -48.797126744,
      -25.496577781
     ],
     [
      -48.797135159,
      -25.49662219
     ],
     [
      -48.797142759,
      -25.496666599
     ],
     [
      -48.797149586,
      -25.496711008
     ],
     [
      -48.797155687,
      -25.496755417
     ],
     [
      -48.797160152,
      -25.496792087
     ],
     [
      -48.797161113,
      -25.496799826
     ],
     [
      -48.797165926,
      -25.496844235
     ],
     [
      -48.797170168,
      -25.496888644
     ],
     [
      -48.7971739,
      -25.496933053
     ],
     [
      -48.797177191,
      -25.496977462
     ],
     [
      -48.797180114,
      -25.497021871
     ],
     [
      -48.797182753,
      -25.49706628
     ],
     [
      -48.797185199,
      -25.497110689
     ],
     [
      -48.797187555,
      -25.497155098
     ],
     [
      -48.797189936,
      -25.497199507
     ],
     [
      -48.797192474,
      -25.497243916
     ],
     [
      -48.797195322,
      -25.497288325
     ],
     [
      -48.797198652,
      -25.497332734
     ],
     [
      -48.79720267,
      -25.497377144
     ],
     [
      -48.797207616,
      -25.497421553
     ],
     [
      -48.797213788,
      -25.497465962
     ],
     [
      -48.797221523,
      -25.497510371
     ],
     [
      -48.797231238,
      -25.49755478
     ],
     [
      -48.797243453,
      -25.497599189
     ],
     [
      -48.797258019,
      -25.497641414
     ],
     [
      -48.797258822,
      -25.497643598
     ],
     [
      -48.797278208,
      -25.497688007
     ],
     [
      -48.79730264,
      -25.497732416
     ],
     [
      -48.797333582,
      -25.497776825
     ],
     [
      -48.797355886,
      -25.497802951
     ],
     [
      -48.797372895,
      -25.497821234
     ],
     [
      -48.797404819,
      -25.497850381
     ],
     [
      -48.797423162,
      -25.497865643
     ],
     [
      -48.797453752,
      -25.497887736
     ],
     [
      -48.797487903,
      -25.497910052
     ],
     [
      -48.797487903,
      -25.497910052
     ]
    ]
   },
   "properties": {
    "tipo": "curva_nivel",
    "cota_m": 716,
    "equidistancia_m": 2
   }
  },
  {
   "type": "Feature",
   "geometry": {
    "type": "LineString",
    "coordinates": [
     [
      -48.802585604,
      -25.49662219
     ],
     [
      -48.802567548,
      -25.496666599
     ],
     [
      -48.802546523,
      -25.496711008
     ],
     [
      -48.802542826,
      -25.496717927
     ],
     [
      -48.802521889,
      -25.496755417
     ],
     [
      -48.802493892,
      -25.496799673
     ],
     [
      -48.802493892,
      -25.496799673
     ],
     [
      -48.80246123,
      -25.496844235
     ],
     [
      -48.802444959,
      -25.496864321
     ],
     [
      -48.802424086,
      -25.496888644
     ],
     [
      -48.802396025,
      -25.496918564
     ],
     [
      -48.802396025,
      -25.496918564
     ]
    ]
   },
   "properties": {
    "tipo": "curva_nivel",
    "cota_m": 716,
    "equidistancia_m": 2
   }
  },
  {
   "type": "Feature",
   "geometry": {
    "type": "LineString",
    "coordinates": [
     [
      -48.80238154,
      -25.496933053
     ],
     [
      -48.802347092,
      -25.496964886
     ],
     [
      -48.802347092,
      -25.496964886
     ]
    ]
   },
   "properties": {
    "tipo": "curva_nivel",
    "cota_m": 716,
    "equidistancia_m": 2
   }
  },
  {
   "type": "Feature",
   "geometry": {
    "type": "LineString",
    "coordinates": [
     [
      -48.802332485,
      -25.496977462
     ],
     [
      -48.802298159,
      -25.497005004
     ],
     [
      -48.80227543,
      -25.497021871
     ],
     [
      -48.802249225,
      -25.497040136
     ],
     [
      -48.802208353,
      -25.49706628
     ],
     [
      -48.802200292,
      -25.497071158
     ],
     [
      -48.802151358,
      -25.497098387
     ],
     [
      -48.802127001,
      -25.497110689
     ],
     [
      -48.802102425,
      -25.49712253
     ],
     [
      -48.802053492,
      -25.497143844
     ],
     [
      -48.802024669,
      -25.497155098
     ],
     [
      -48.802004558,
      -25.497162649
     ],
     [
      -48.801955625,
      -25.497179058
     ],
     [
      -48.801906691,
      -25.49719344
     ],
     [
      -48.801883,
      -25.497199507
     ],
     [
      -48.801857758,
      -25.497205782
     ],
     [
      -48.801808825,
      -25.497216208
     ],
     [
      -48.801759891,
      -25.497224899
     ],
     [
      -48.801710958,
      -25.497231911
     ],
     [
      -48.801662024,
      -25.497237283
     ],
     [
      -48.801613091,
      -25.497241045
     ],
     [
      -48.801564158,
      -25.497243208
     ],
     [
      -48.801515224,
      -25.497243773
     ],
     [
      -48.801466291,
      -25.497242726
     ],
     [
      -48.801417357,
      -25.497240038
     ],
     [
      -48.801368424,
      -25.497235667
     ],
     [
      -48.801319491,
      -25.497229552
     ],
     [
      -48.801270557,
      -25.497221615
     ],
     [
      -48.801221624,
      -25.49721176
     ],
     [
      -48.80117269,
      -25.497199866
     ],
     [
      -48.801123757,
      -25.497185507
     ],
     [
      -48.801074824,
      -25.497168731
     ],
     [
      -48.801040199,
      -25.497155098
     ],
     [
      -48.801040199,
      -25.497155098
     ]
    ]
   },
   "properties": {
    "tipo": "curva_nivel",
    "cota_m": 716,
    "equidistancia_m": 2
   }
  },
  {
   "type": "Feature",
   "geometry": {
    "type": "LineString",
    "coordinates": [
     [
      -48.800781223,
      -25.496990301
     ],
     [
      -48.80081662,
      -25.497021871
     ],
     [
      -48.80081662,
      -25.497021871
     ]
    ]
   },
   "properties": {
    "tipo": "curva_nivel",
    "cota_m": 716,
    "equidistancia_m": 2
   }
  },
  {
   "type": "Feature",
   "geometry": {
    "type": "LineString",
    "coordinates": [
     [
      -48.800830157,
      -25.497032986
     ],
     [
      -48.800874924,
      -25.49706628
     ],
     [
      -48.800928023,
      -25.497099879
     ],
     [
      -48.800947319,
      -25.497110689
     ],
     [
      -48.800976957,
      -25.497126332
     ],
     [
      -48.80102589,
      -25.497149182
     ]
    ]
   },
   "properties": {
    "tipo": "curva_nivel",
    "cota_m": 716,
    "equidistancia_m": 2
   }
  },
  {
   "type": "Feature",
   "geometry": {
    "type": "LineString",
    "coordinates": [
     [
      -48.805674563,
      -25.497575635
     ],
     [
      -48.805681289,
      -25.497599189
     ],
     [
      -48.80569347,
      -25.497643598
     ],
     [
      -48.805705296,
      -25.497688007
     ],
     [
      -48.805716579,
      -25.497732416
     ],
     [
      -48.805723496,
      -25.497762365
     ],
     [
      -48.805727081,
      -25.497776825
     ],
     [
      -48.8057365,
      -25.497821234
     ],
     [
      -48.80574443,
      -25.497865643
     ],
     [
      -48.805750315,
      -25.497910052
     ],
     [
      -48.805753372,
      -25.497954461
     ],
     [
      -48.805752446,
      -25.49799887
     ],
     [
      -48.805745755,
      -25.498043279
     ],
     [
      -48.805730383,
      -25.498087688
     ],
     [
      -48.805723496,
      -25.49809965
     ],
     [
      -48.805701382,
      -25.498132097
     ],
     [
      -48.805674563,
      -25.498157193
     ],
     [
      -48.805649359,
      -25.498176506
     ],
     [
      -48.805625629,
      -25.498189882
     ],
     [
      -48.805576696,
      -25.498212692
     ],
     [
      -48.805576696,
      -25.498212692
     ]
    ]
   },
   "properties": {
    "tipo": "curva_nivel",
    "cota_m": 716,
    "equidistancia_m": 2
   }
  },
  {
   "type": "Feature",
   "geometry": {
    "type": "LineString",
    "coordinates": [
     [
      -48.797502686,
      -25.497918582
     ],
     [
      -48.797551619,
      -25.497944567
     ],
     [
      -48.797571935,
      -25.497954461
     ],
     [
      -48.797600553,
      -25.497967039
     ],
     [
      -48.797649486,
      -25.497986867
     ],
     [
      -48.797681553,
      -25.49799887
     ],
     [
      -48.797681553,
      -25.49799887
     ]
    ]
   },
   "properties": {
    "tipo": "curva_nivel",
    "cota_m": 716,
    "equidistancia_m": 2
   }
  },
  {
   "type": "Feature",
   "geometry": {
    "type": "LineString",
    "coordinates": [
     [
      -48.797698419,
      -25.498004662
     ],
     [
      -48.797747353,
      -25.49802058
     ],
     [
      -48.797796286,
      -25.49803535
     ],
     [
      -48.797823982,
      -25.498043279
     ],
     [
      -48.797823982,
      -25.498043279
     ]
    ]
   },
   "properties": {
    "tipo": "curva_nivel",
    "cota_m": 716,
    "equidistancia_m": 2
   }
  },
  {
   "type": "Feature",
   "geometry": {
    "type": "LineString",
    "coordinates": [
     [
      -48.798218454,
      -25.498132097
     ],
     [
      -48.798218454,
      -25.498132097
     ],
     [
      -48.798187753,
      -25.49812594
     ],
     [
      -48.79813882,
      -25.498116043
     ],
     [
      -48.798089887,
      -25.498105959
     ],
     [
      -48.798040953,
      -25.498095623
     ],
     [
      -48.79799202,
      -25.498084879
     ],
     [
      -48.798004321,
      -25.498087688
     ],
     [
      -48.797943086,
      -25.498073459
     ],
     [
      -48.797894153,
      -25.49806152
     ],
     [
      -48.79784522,
      -25.498048953
     ]
    ]
   },
   "properties": {
    "tipo": "curva_nivel",
    "cota_m": 716,
    "equidistancia_m": 2
   }
  },
  {
   "type": "Feature",
   "geometry": {
    "type": "LineString",
    "coordinates": [
     [
      -48.798236687,
      -25.498135609
     ],
     [
      -48.79828562,
      -25.498145044
     ],
     [
      -48.798334553,
      -25.498154464
     ],
     [
      -48.798383487,
      -25.498163916
     ],
     [
      -48.79843242,
      -25.49817345
     ],
     [
      -48.79844787,
      -25.498176506
     ],
     [
      -48.798481354,
      -25.498182946
     ],
     [
      -48.798530287,
      -25.498192538
     ],
     [
      -48.79857922,
      -25.498202349
     ],
     [
      -48.798628154,
      -25.498212426
     ],
     [
      -48.798668147,
      -25.498220915
     ],
     [
      -48.798726021,
      -25.498233283
     ],
     [
      -48.798774954,
      -25.498244203
     ],
     [
      -48.798823887,
      -25.498255595
     ],
     [
      -48.798863889,
      -25.498265324
     ],
     [
      -48.798921754,
      -25.498279704
     ],
     [
      -48.798970688,
      -25.498292591
     ],
     [
      -48.799019621,
      -25.498306213
     ],
     [
      -48.799031714,
      -25.498309733
     ],
     [
      -48.799068554,
      -25.4983204
     ],
     [
      -48.799117488,
      -25.49833539
     ],
     [
      -48.799166421,
      -25.498351369
     ],
     [
      -48.799174521,
      -25.498354143
     ],
     [
      -48.799215355,
      -25.498368116
     ],
     [
      -48.799264288,
      -25.498385983
     ],
     [
      -48.799296626,
      -25.498398552
     ],
     [
      -48.799296626,
      -25.498398552
     ]
    ]
   },
   "properties": {
    "tipo": "curva_nivel",
    "cota_m": 716,
    "equidistancia_m": 2
   }
  },
  {
   "type": "Feature",
   "geometry": {
    "type": "LineString",
    "coordinates": [
     [
      -48.805555924,
      -25.498220915
     ],
     [
      -48.805527763,
      -25.498230009
     ],
     [
      -48.805478829,
      -25.498243927
     ],
     [
      -48.805429896,
      -25.498255956
     ],
     [
      -48.805387239,
      -25.498265324
     ],
     [
      -48.805380962,
      -25.498266527
     ],
     [
      -48.805332029,
      -25.498275627
     ],
     [
      -48.805283096,
      -25.498284077
     ],
     [
      -48.805234162,
      -25.498292049
     ],
     [
      -48.805185229,
      -25.498299677
     ],
     [
      -48.805136295,
      -25.498307071
     ],
     [
      -48.805136295,
      -25.498307071
     ]
    ]
   },
   "properties": {
    "tipo": "curva_nivel",
    "cota_m": 716,
    "equidistancia_m": 2
   }
  },
  {
   "type": "Feature",
   "geometry": {
    "type": "LineString",
    "coordinates": [
     [
      -48.805118793,
      -25.498309733
     ],
     [
      -48.805087362,
      -25.498314143
     ],
     [
      -48.805038429,
      -25.498321064
     ],
     [
      -48.804989495,
      -25.498328
     ],
     [
      -48.804940562,
      -25.498335006
     ],
     [
      -48.804891629,
      -25.498342127
     ],
     [
      -48.804842695,
      -25.498349409
     ],
     [
      -48.804812,
      -25.498354143
     ],
     [
      -48.804793762,
      -25.498356814
     ],
     [
      -48.804744828,
      -25.498364322
     ],
     [
      -48.804695895,
      -25.498372115
     ],
     [
      -48.804646962,
      -25.498380231
     ],
     [
      -48.804598028,
      -25.498388709
     ],
     [
      -48.804549095,
      -25.49839759
     ],
     [
      -48.804549095,
      -25.49839759
     ],
     [
      -48.804500161,
      -25.498406711
     ],
     [
      -48.804451228,
      -25.49841629
     ],
     [
      -48.804402295,
      -25.498426396
     ],
     [
      -48.804353361,
      -25.498437078
     ],
     [
      -48.804327913,
      -25.498442961
     ],
     [
      -48.804304428,
      -25.498448272
     ],
     [
      -48.804255494,
      -25.498460008
     ],
     [
      -48.804206561,
      -25.498472476
     ],
     [
      -48.804157628,
      -25.498485742
     ],
     [
      -48.804157628,
      -25.498485742
     ],
     [
      -48.804108694,
      -25.498499625
     ],
     [
      -48.804059761,
      -25.4985144
     ],
     [
      -48.804010827,
      -25.498530184
     ],
     [
      -48.804010827,
      -25.498530184
     ],
     [
      -48.803961894,
      -25.49854678
     ],
     [
      -48.803912961,
      -25.498564516
     ],
     [
      -48.80388274,
      -25.498576188
     ],
     [
      -48.803864027,
      -25.498583404
     ],
     [
      -48.803815094,
      -25.498603447
     ],
     [
      -48.803775968,
      -25.498620597
     ],
     [
      -48.80376616,
      -25.498624908
     ],
     [
      -48.803717227,
      -25.498647673
     ],
     [
      -48.803682379,
      -25.498665006
     ],
     [
      -48.803668294,
      -25.498672061
     ],
     [
      -48.80361936,
      -25.498698029
     ],
     [
      -48.80361936,
      -25.498698029
     ]
    ]
   },
   "properties": {
    "tipo": "curva_nivel",
    "cota_m": 716,
    "equidistancia_m": 2
   }
  },
  {
   "type": "Feature",
   "geometry": {
    "type": "LineString",
    "coordinates": [
     [
      -48.799313221,
      -25.498405021
     ],
     [
      -48.799362155,
      -25.498425193
     ],
     [
      -48.799402321,
      -25.498442961
     ],
     [
      -48.799460022,
      -25.498469834
     ],
     [
      -48.799494847,
      -25.49848737
     ],
     [
      -48.799494847,
      -25.49848737
     ]
    ]
   },
   "properties": {
    "tipo": "curva_nivel",
    "cota_m": 716,
    "equidistancia_m": 2
   }
  },
  {
   "type": "Feature",
   "geometry": {
    "type": "LineString",
    "coordinates": [
     [
      -48.799508955,
      -25.498494541
     ],
     [
      -48.799557888,
      -25.498520894
     ],
     [
      -48.799576905,
      -25.498531779
     ],
     [
      -48.799606822,
      -25.498549119
     ],
     [
      -48.799650536,
      -25.498576188
     ],
     [
      -48.799704689,
      -25.49861184
     ],
     [
      -48.7997172,
      -25.498620597
     ],
     [
      -48.799753622,
      -25.498646529
     ],
     [
      -48.799778164,
      -25.498665006
     ],
     [
      -48.799802555,
      -25.498683719
     ],
     [
      -48.799834372,
      -25.498709415
     ],
     [
      -48.799834372,
      -25.498709415
     ]
    ]
   },
   "properties": {
    "tipo": "curva_nivel",
    "cota_m": 716,
    "equidistancia_m": 2
   }
  },
  {
   "type": "Feature",
   "geometry": {
    "type": "LineString",
    "coordinates": [
     [
      -48.803599149,
      -25.498709415
     ],
     [
      -48.803570427,
      -25.498725774
     ],
     [
      -48.803524179,
      -25.498753824
     ],
     [
      -48.803521493,
      -25.498755476
     ],
     [
      -48.80347256,
      -25.498787109
     ],
     [
      -48.80347256,
      -25.498787109
     ]
    ]
   },
   "properties": {
    "tipo": "curva_nivel",
    "cota_m": 716,
    "equidistancia_m": 2
   }
  },
  {
   "type": "Feature",
   "geometry": {
    "type": "LineString",
    "coordinates": [
     [
      -48.799851489,
      -25.498723526
     ],
     [
      -48.799886553,
      -25.498753824
     ],
     [
      -48.799886553,
      -25.498753824
     ]
    ]
   },
   "properties": {
    "tipo": "curva_nivel",
    "cota_m": 716,
    "equidistancia_m": 2
   }
  },
  {
   "type": "Feature",
   "geometry": {
    "type": "LineString",
    "coordinates": [
     [
      -48.799900422,
      -25.498766077
     ],
     [
      -48.799935299,
      -25.498798233
     ],
     [
      -48.799935299,
      -25.498798233
     ]
    ]
   },
   "properties": {
    "tipo": "curva_nivel",
    "cota_m": 716,
    "equidistancia_m": 2
   }
  },
  {
   "type": "Feature",
   "geometry": {
    "type": "LineString",
    "coordinates": [
     [
      -48.803456289,
      -25.498798233
     ],
     [
      -48.803423627,
      -25.498820952
     ],
     [
      -48.803394068,
      -25.498842642
     ],
     [
      -48.803374693,
      -25.498857146
     ],
     [
      -48.803336679,
      -25.498887051
     ],
     [
      -48.80332576,
      -25.498895836
     ],
     [
      -48.80328346,
      -25.49893146
     ],
     [
      -48.803276826,
      -25.498937188
     ],
     [
      -48.803233859,
      -25.498975869
     ],
     [
      -48.803227893,
      -25.49898139
     ],
     [
      -48.803187418,
      -25.499020278
     ],
     [
      -48.80317896,
      -25.499028652
     ],
     [
      -48.803143759,
      -25.499064687
     ],
     [
      -48.803130026,
      -25.499079205
     ],
     [
      -48.803102574,
      -25.499109096
     ],
     [
      -48.803081093,
      -25.499133301
     ],
     [
      -48.803063613,
      -25.499153505
     ],
     [
      -48.803032159,
      -25.499191207
     ],
     [
      -48.803032159,
      -25.499191207
     ],
     [
      -48.802991602,
      -25.499242323
     ],
     [
      -48.802983226,
      -25.49925333
     ],
     [
      -48.802958204,
      -25.499286732
     ],
     [
      -48.802934293,
      -25.499320033
     ],
     [
      -48.802934293,
      -25.499320033
     ]
    ]
   },
   "properties": {
    "tipo": "curva_nivel",
    "cota_m": 716,
    "equidistancia_m": 2
   }
  },
  {
   "type": "Feature",
   "geometry": {
    "type": "LineString",
    "coordinates": [
     [
      -48.799949356,
      -25.498811504
     ],
     [
      -48.799981092,
      -25.498842642
     ],
     [
      -48.799998289,
      -25.498859945
     ],
     [
      -48.800024321,
      -25.498887051
     ],
     [
      -48.800047222,
      -25.498911541
     ],
     [
      -48.800065297,
      -25.49893146
     ],
     [
      -48.800096156,
      -25.498966431
     ],
     [
      -48.80010427,
      -25.498975869
     ],
     [
      -48.800141467,
      -25.499020278
     ],
     [
      -48.80017713,
      -25.499064687
     ],
     [
      -48.800194023,
      -25.499086444
     ],
     [
      -48.800211328,
      -25.499109096
     ],
     [
      -48.800242956,
      -25.499151873
     ],
     [
      -48.800244148,
      -25.499153505
     ],
     [
      -48.800275899,
      -25.499197914
     ],
     [
      -48.800291889,
      -25.499221058
     ],
     [
      -48.800306482,
      -25.499242323
     ],
     [
      -48.800335987,
      -25.499286732
     ],
     [
      -48.800364662,
      -25.499331142
     ],
     [
      -48.800389756,
      -25.499371519
     ],
     [
      -48.800392268,
      -25.499375551
     ],
     [
      -48.800419224,
      -25.49941996
     ],
     [
      -48.80043869,
      -25.499453282
     ],
     [
      -48.800445216,
      -25.499464369
     ],
     [
      -48.800470579,
      -25.499508778
     ],
     [
      -48.800487623,
      -25.499539772
     ],
     [
      -48.800495097,
      -25.499553187
     ],
     [
      -48.800519046,
      -25.499597596
     ],
     [
      -48.800536556,
      -25.499631348
     ],
     [
      -48.800542186,
      -25.499642005
     ],
     [
      -48.800564885,
      -25.499686414
     ],
     [
      -48.80058549,
      -25.499728387
     ],
     [
      -48.800586714,
      -25.499730823
     ],
     [
      -48.800608315,
      -25.499775232
     ],
     [
      -48.80062907,
      -25.499819641
     ],
     [
      -48.800649542,
      -25.49986405
     ],
     [
      -48.800669422,
      -25.499908459
     ],
     [
      -48.800683356,
      -25.499940748
     ],
     [
      -48.800688775,
      -25.499952868
     ],
     [
      -48.800707963,
      -25.499997277
     ],
     [
      -48.800726503,
      -25.500041686
     ],
     [
      -48.800726503,
      -25.500041686
     ]
    ]
   },
   "properties": {
    "tipo": "curva_nivel",
    "cota_m": 716,
    "equidistancia_m": 2
   }
  },
  {
   "type": "Feature",
   "geometry": {
    "type": "LineString",
    "coordinates": [
     [
      -48.802926409,
      -25.499331142
     ],
     [
      -48.802896069,
      -25.499375551
     ],
     [
      -48.802885359,
      -25.499391902
     ],
     [
      -48.802867092,
      -25.49941996
     ],
     [
      -48.802839485,
      -25.499464369
     ],
     [
      -48.802836426,
      -25.499469497
     ],
     [
      -48.802813007,
      -25.499508778
     ],
     [
      -48.802787846,
      -25.499553187
     ],
     [
      -48.802787492,
      -25.499553838
     ],
     [
      -48.802763641,
      -25.499597596
     ],
     [
      -48.802740693,
      -25.499642005
     ],
     [
      -48.802738559,
      -25.49964634
     ],
     [
      -48.802718613,
      -25.499686414
     ],
     [
      -48.80269768,
      -25.499730823
     ],
     [
      -48.802689626,
      -25.499748854
     ],
     [
      -48.80267764,
      -25.499775232
     ],
     [
      -48.802658546,
      -25.499819641
     ],
     [
      -48.802640692,
      -25.499863628
     ],
     [
      -48.802640692,
      -25.499863628
     ],
     [
      -48.8026231,
      -25.499908459
     ],
     [
      -48.802606683,
      -25.499952868
     ],
     [
      -48.802591759,
      -25.499995728
     ],
     [
      -48.802591759,
      -25.499995728
     ],
     [
      -48.802576227,
      -25.500041686
     ],
     [
      -48.802562124,
      -25.500086095
     ],
     [
      -48.802548837,
      -25.500130504
     ],
     [
      -48.802542826,
      -25.500151917
     ],
     [
      -48.802536095,
      -25.500174913
     ],
     [
      -48.802523869,
      -25.500219322
     ],
     [
      -48.802512285,
      -25.500263731
     ],
     [
      -48.802501266,
      -25.500308141
     ],
     [
      -48.802493892,
      -25.500339355
     ],
     [
      -48.802493892,
      -25.500339355
     ]
    ]
   },
   "properties": {
    "tipo": "curva_nivel",
    "cota_m": 716,
    "equidistancia_m": 2
   }
  },
  {
   "type": "Feature",
   "geometry": {
    "type": "LineString",
    "coordinates": [
     [
      -48.80073229,
      -25.500056004
     ],
     [
      -48.80074497,
      -25.500086095
     ],
     [
      -48.800763132,
      -25.500130504
     ],
     [
      -48.800780815,
      -25.500174913
     ],
     [
      -48.800798871,
      -25.500219322
     ],
     [
      -48.800816603,
      -25.500263731
     ],
     [
      -48.800830157,
      -25.500298203
     ],
     [
      -48.80083428,
      -25.500308141
     ],
     [
      -48.800852468,
      -25.50035255
     ],
     [
      -48.800870596,
      -25.500396959
     ],
     [
      -48.80087909,
      -25.500417788
     ],
     [
      -48.800889306,
      -25.500441368
     ],
     [
      -48.800908661,
      -25.500485777
     ],
     [
      -48.800928023,
      -25.500529464
     ],
     [
      -48.800928365,
      -25.500530186
     ],
     [
      -48.800949708,
      -25.500574595
     ],
     [
      -48.800971726,
      -25.500619004
     ],
     [
      -48.800995719,
      -25.500663413
     ],
     [
      -48.801021161,
      -25.500707822
     ],
     [
      -48.801049447,
      -25.500752231
     ],
     [
      -48.801074824,
      -25.500789524
     ],
     [
      -48.801080096,
      -25.50079664
     ],
     [
      -48.801114685,
      -25.500841049
     ],
     [
      -48.801153851,
      -25.500885458
     ],
     [
      -48.80117269,
      -25.500905197
     ],
     [
      -48.801198637,
      -25.500929867
     ],
     [
      -48.801221624,
      -25.500950524
     ],
     [
      -48.801250932,
      -25.500974276
     ],
     [
      -48.801270557,
      -25.500989327
     ],
     [
      -48.801313279,
      -25.501018685
     ],
     [
      -48.801368424,
      -25.501051171
     ],
     [
      -48.801391687,
      -25.501063094
     ],
     [
      -48.801417357,
      -25.501075627
     ],
     [
      -48.801466291,
      -25.501096518
     ],
     [
      -48.801496146,
      -25.501107503
     ],
     [
      -48.801496146,
      -25.501107503
     ]
    ]
   },
   "properties": {
    "tipo": "curva_nivel",
    "cota_m": 716,
    "equidistancia_m": 2
   }
  },
  {
   "type": "Feature",
   "geometry": {
    "type": "LineString",
    "coordinates": [
     [
      -48.802490605,
      -25.50035255
     ],
     [
      -48.80248006,
      -25.500396959
     ],
     [
      -48.8024698,
      -25.500441368
     ],
     [
      -48.802459702,
      -25.500485777
     ],
     [
      -48.802449627,
      -25.500530186
     ],
     [
      -48.802444959,
      -25.500550777
     ],
     [
      -48.802439169,
      -25.500574595
     ],
     [
      -48.802428163,
      -25.500619004
     ],
     [
      -48.802416591,
      -25.500663413
     ],
     [
      -48.802404195,
      -25.500707822
     ],
     [
      -48.802396025,
      -25.500735019
     ],
     [
      -48.802396025,
      -25.500735019
     ]
    ]
   },
   "properties": {
    "tipo": "curva_nivel",
    "cota_m": 716,
    "equidistancia_m": 2
   }
  },
  {
   "type": "Feature",
   "geometry": {
    "type": "LineString",
    "coordinates": [
     [
      -48.802390379,
      -25.500752231
     ],
     [
      -48.80237453,
      -25.50079664
     ],
     [
      -48.802356595,
      -25.500841049
     ],
     [
      -48.802347092,
      -25.500862051
     ],
     [
      -48.802335284,
      -25.500885458
     ],
     [
      -48.802309701,
      -25.500929867
     ],
     [
      -48.802298159,
      -25.500947402
     ],
     [
      -48.802278005,
      -25.500974276
     ],
     [
      -48.802249225,
      -25.501007469
     ],
     [
      -48.802249225,
      -25.501007469
     ]
    ]
   },
   "properties": {
    "tipo": "curva_nivel",
    "cota_m": 716,
    "equidistancia_m": 2
   }
  },
  {
   "type": "Feature",
   "geometry": {
    "type": "LineString",
    "coordinates": [
     [
      -48.802237921,
      -25.501018685
     ],
     [
      -48.802200292,
      -25.501051372
     ],
     [
      -48.802200292,
      -25.501051372
     ]
    ]
   },
   "properties": {
    "tipo": "curva_nivel",
    "cota_m": 716,
    "equidistancia_m": 2
   }
  },
  {
   "type": "Feature",
   "geometry": {
    "type": "LineString",
    "coordinates": [
     [
      -48.802184192,
      -25.501063094
     ],
     [
      -48.802151358,
      -25.501084252
     ],
     [
      -48.802106771,
      -25.501107503
     ],
     [
      -48.802102425,
      -25.501109528
     ],
     [
      -48.802053492,
      -25.501128208
     ],
     [
      -48.802004558,
      -25.5011424
     ],
     [
      -48.801959416,
      -25.501151912
     ],
     [
      -48.801955625,
      -25.501152642
     ],
     [
      -48.801906691,
      -25.501159105
     ],
     [
      -48.801857758,
      -25.501162596
     ],
     [
      -48.801808825,
      -25.50116334
     ],
     [
      -48.801759891,
      -25.501161499
     ],
     [
      -48.801710958,
      -25.501157184
     ],
     [
      -48.801672696,
      -25.501151912
     ],
     [
      -48.801672696,
      -25.501151912
     ],
     [
      -48.801613091,
      -25.501140844
     ],
     [
      -48.801564158,
      -25.501128802
     ],
     [
      -48.801515224,
      -25.501114222
     ]
    ]
   },
   "properties": {
    "tipo": "curva_nivel",
    "cota_m": 716,
    "equidistancia_m": 2
   }
  },
  {
   "type": "Feature",
   "geometry": {
    "type": "LineString",
    "coordinates": [
     [
      -48.805986653,
      -25.495511964
     ],
     [
      -48.805968163,
      -25.495538894
     ],
     [
      -48.805968163,
      -25.495538894
     ]
    ]
   },
   "properties": {
    "tipo": "curva_nivel",
    "cota_m": 718,
    "equidistancia_m": 2
   }
  },
  {
   "type": "Feature",
   "geometry": {
    "type": "LineString",
    "coordinates": [
     [
      -48.796342027,
      -25.495511964
     ],
     [
      -48.796377218,
      -25.495540498
     ],
     [
      -48.796395852,
      -25.495556373
     ],
     [
      -48.796426151,
      -25.495583169
     ],
     [
      -48.796445182,
      -25.495600782
     ],
     [
      -48.796475084,
      -25.495629587
     ],
     [
      -48.796490625,
      -25.495645191
     ],
     [
      -48.796524018,
      -25.495680182
     ],
     [
      -48.796532673,
      -25.4956896
     ],
     [
      -48.796571694,
      -25.495734009
     ],
     [
      -48.796607799,
      -25.495778418
     ],
     [
      -48.796621885,
      -25.495796662
     ],
     [
      -48.796641502,
      -25.495822827
     ],
     [
      -48.796670818,
      -25.495864054
     ],
     [
      -48.796673023,
      -25.495867236
     ],
     [
      -48.796702245,
      -25.495911645
     ],
     [
      -48.796719751,
      -25.49593984
     ],
     [
      -48.796729608,
      -25.495956054
     ],
     [
      -48.796755067,
      -25.496000463
     ],
     [
      -48.796768685,
      -25.496025751
     ],
     [
      -48.796778811,
      -25.496044872
     ],
     [
      -48.796800855,
      -25.496089281
     ],
     [
      -48.796817618,
      -25.496125456
     ],
     [
      -48.796821387,
      -25.49613369
     ],
     [
      -48.796840306,
      -25.496178099
     ],
     [
      -48.796857846,
      -25.496222508
     ],
     [
      -48.796866552,
      -25.496246414
     ],
     [
      -48.796873967,
      -25.496266917
     ],
     [
      -48.796888701,
      -25.496311326
     ],
     [
      -48.796902163,
      -25.496355735
     ],
     [
      -48.796914381,
      -25.496400145
     ],
     [
      -48.796925309,
      -25.496444554
     ],
     [
      -48.796935049,
      -25.496488963
     ],
     [
      -48.796943637,
      -25.496533372
     ],
     [
      -48.796951102,
      -25.496577781
     ],
     [
      -48.796957469,
      -25.49662219
     ],
     [
      -48.796962766,
      -25.496666599
     ],
     [
      -48.796962766,
      -25.496666599
     ]
    ]
   },
   "properties": {
    "tipo": "curva_nivel",
    "cota_m": 718,
    "equidistancia_m": 2
   }
  },
  {
   "type": "Feature",
   "geometry": {
    "type": "LineString",
    "coordinates": [
     [
      -48.805956555,
      -25.495556373
     ],
     [
      -48.805928591,
      -25.495600782
     ],
     [
      -48.80591923,
      -25.495616492
     ],
     [
      -48.805902581,
      -25.495645191
     ],
     [
      -48.805878352,
      -25.4956896
     ],
     [
      -48.805870296,
      -25.495705269
     ],
     [
      -48.805855826,
      -25.495734009
     ],
     [
      -48.805834889,
      -25.495778418
     ],
     [
      -48.805821363,
      -25.495809185
     ],
     [
      -48.805821363,
      -25.495809185
     ]
    ]
   },
   "properties": {
    "tipo": "curva_nivel",
    "cota_m": 718,
    "equidistancia_m": 2
   }
  },
  {
   "type": "Feature",
   "geometry": {
    "type": "LineString",
    "coordinates": [
     [
      -48.801368424,
      -25.495726059
     ],
     [
      -48.801368424,
      -25.495726059
     ],
     [
      -48.801417357,
      -25.495711259
     ],
     [
      -48.801466291,
      -25.495699405
     ],
     [
      -48.801515224,
      -25.49569051
     ],
     [
      -48.801522797,
      -25.4956896
     ],
     [
      -48.801564158,
      -25.495684862
     ],
     [
      -48.801613091,
      -25.495682116
     ],
     [
      -48.801662024,
      -25.495682259
     ],
     [
      -48.801710958,
      -25.495685333
     ],
     [
      -48.801745534,
      -25.4956896
     ],
     [
      -48.801745534,
      -25.4956896
     ]
    ]
   },
   "properties": {
    "tipo": "curva_nivel",
    "cota_m": 718,
    "equidistancia_m": 2
   }
  },
  {
   "type": "Feature",
   "geometry": {
    "type": "LineString",
    "coordinates": [
     [
      -48.802298159,
      -25.49651824
     ],
     [
      -48.802298159,
      -25.49651824
     ],
     [
      -48.802308266,
      -25.496488963
     ],
     [
      -48.802320002,
      -25.496444554
     ],
     [
      -48.80232817,
      -25.496400145
     ],
     [
      -48.802332833,
      -25.496355735
     ],
     [
      -48.802334032,
      -25.496311326
     ],
     [
      -48.80233179,
      -25.496266917
     ],
     [
      -48.802326111,
      -25.496222508
     ],
     [
      -48.802316981,
      -25.496178099
     ],
     [
      -48.802304368,
      -25.49613369
     ],
     [
      -48.802298159,
      -25.496116568
     ],
     [
      -48.8022877,
      -25.496089281
     ],
     [
      -48.8022669,
      -25.496044872
     ],
     [
      -48.802241762,
      -25.496000463
     ],
     [
      -48.80221126,
      -25.495956054
     ],
     [
      -48.802200292,
      -25.49594202
     ],
     [
      -48.802174606,
      -25.495911645
     ],
     [
      -48.802151358,
      -25.495887186
     ],
     [
      -48.802130597,
      -25.495867236
     ],
     [
      -48.802102425,
      -25.495842848
     ],
     [
      -48.802076747,
      -25.495822827
     ],
     [
      -48.802053492,
      -25.495806315
     ],
     [
      -48.802009125,
      -25.495778418
     ],
     [
      -48.802004558,
      -25.495775778
     ],
     [
      -48.801955625,
      -25.495751006
     ],
     [
      -48.801906691,
      -25.495730262
     ],
     [
      -48.801916085,
      -25.495734009
     ],
     [
      -48.801857758,
      -25.495713995
     ],
     [
      -48.801808825,
      -25.495701098
     ],
     [
      -48.801759891,
      -25.495691489
     ]
    ]
   },
   "properties": {
    "tipo": "curva_nivel",
    "cota_m": 718,
    "equidistancia_m": 2
   }
  },
  {
   "type": "Feature",
   "geometry": {
    "type": "LineString",
    "coordinates": [
     [
      -48.80134652,
      -25.495734009
     ],
     [
      -48.801319491,
      -25.495744389
     ],
     [
      -48.801270557,
      -25.495766296
     ],
     [
      -48.801246842,
      -25.495778418
     ],
     [
      -48.801221624,
      -25.495792154
     ],
     [
      -48.80117269,
      -25.495822089
     ],
     [
      -48.80117269,
      -25.495822089
     ],
     [
      -48.801123757,
      -25.495857667
     ],
     [
      -48.801123757,
      -25.495857667
     ]
    ]
   },
   "properties": {
    "tipo": "curva_nivel",
    "cota_m": 718,
    "equidistancia_m": 2
   }
  },
  {
   "type": "Feature",
   "geometry": {
    "type": "LineString",
    "coordinates": [
     [
      -48.805815456,
      -25.495822827
     ],
     [
      -48.805797491,
      -25.495867236
     ],
     [
      -48.805780916,
      -25.495911645
     ],
     [
      -48.80577243,
      -25.495936312
     ],
     [
      -48.80577243,
      -25.495936312
     ]
    ]
   },
   "properties": {
    "tipo": "curva_nivel",
    "cota_m": 718,
    "equidistancia_m": 2
   }
  },
  {
   "type": "Feature",
   "geometry": {
    "type": "LineString",
    "coordinates": [
     [
      -48.801111773,
      -25.495867236
     ],
     [
      -48.801074824,
      -25.495899143
     ],
     [
      -48.801074824,
      -25.495899143
     ]
    ]
   },
   "properties": {
    "tipo": "curva_nivel",
    "cota_m": 718,
    "equidistancia_m": 2
   }
  },
  {
   "type": "Feature",
   "geometry": {
    "type": "LineString",
    "coordinates": [
     [
      -48.801061493,
      -25.495911645
     ],
     [
      -48.80102589,
      -25.495948061
     ],
     [
      -48.80102589,
      -25.495948061
     ],
     [
      -48.800982017,
      -25.496000463
     ],
     [
      -48.800976957,
      -25.496007306
     ],
     [
      -48.800950938,
      -25.496044872
     ],
     [
      -48.800928023,
      -25.496082208
     ],
     [
      -48.800928023,
      -25.496082208
     ],
     [
      -48.800901604,
      -25.49613369
     ],
     [
      -48.800882602,
      -25.496178099
     ],
     [
      -48.80087909,
      -25.496188133
     ],
     [
      -48.800867642,
      -25.496222508
     ],
     [
      -48.800856104,
      -25.496266917
     ],
     [
      -48.800847846,
      -25.496311326
     ],
     [
      -48.800842935,
      -25.496355735
     ],
     [
      -48.800841452,
      -25.496400145
     ],
     [
      -48.800843491,
      -25.496444554
     ],
     [
      -48.800849165,
      -25.496488963
     ],
     [
      -48.800858607,
      -25.496533372
     ],
     [
      -48.800871971,
      -25.496577781
     ],
     [
      -48.800871971,
      -25.496577781
     ]
    ]
   },
   "properties": {
    "tipo": "curva_nivel",
    "cota_m": 718,
    "equidistancia_m": 2
   }
  },
  {
   "type": "Feature",
   "geometry": {
    "type": "LineString",
    "coordinates": [
     [
      -48.805765694,
      -25.495956054
     ],
     [
      -48.805751791,
      -25.496000463
     ],
     [
      -48.80573918,
      -25.496044872
     ],
     [
      -48.805727836,
      -25.496089281
     ],
     [
      -48.805723496,
      -25.49610833
     ],
     [
      -48.805717722,
      -25.49613369
     ],
     [
      -48.805708826,
      -25.496178099
     ],
     [
      -48.805701142,
      -25.496222508
     ],
     [
      -48.805694656,
      -25.496266917
     ],
     [
      -48.805689352,
      -25.496311326
     ],
     [
      -48.80568522,
      -25.496355735
     ],
     [
      -48.805682247,
      -25.496400145
     ],
     [
      -48.805680423,
      -25.496444554
     ],
     [
      -48.805679739,
      -25.496488963
     ],
     [
      -48.805680186,
      -25.496533372
     ],
     [
      -48.805681756,
      -25.496577781
     ],
     [
      -48.805684441,
      -25.49662219
     ],
     [
      -48.805688235,
      -25.496666599
     ],
     [
      -48.805693133,
      -25.496711008
     ],
     [
      -48.80569913,
      -25.496755417
     ],
     [
      -48.805706222,
      -25.496799826
     ],
     [
      -48.805714406,
      -25.496844235
     ],
     [
      -48.805723496,
      -25.496887767
     ],
     [
      -48.805723682,
      -25.496888644
     ],
     [
      -48.805734023,
      -25.496933053
     ],
     [
      -48.805745457,
      -25.496977462
     ],
     [
      -48.805757989,
      -25.497021871
     ],
     [
      -48.805771628,
      -25.49706628
     ],
     [
      -48.805786384,
      -25.497110689
     ],
     [
      -48.805802277,
      -25.497155098
     ],
     [
      -48.805819329,
      -25.497199507
     ],
     [
      -48.805837606,
      -25.497243916
     ],
     [
      -48.805857118,
      -25.497288325
     ],
     [
      -48.805870296,
      -25.497316836
     ],
     [
      -48.805877944,
      -25.497332734
     ],
     [
      -48.805900177,
      -25.497377144
     ],
     [
      -48.80591923,
      -25.497413184
     ],
     [
      -48.805923867,
      -25.497421553
     ],
     [
      -48.805949221,
      -25.497465962
     ],
     [
      -48.805968163,
      -25.497497523
     ],
     [
      -48.805976309,
      -25.497510371
     ],
     [
      -48.806005402,
      -25.49755478
     ],
     [
      -48.806005402,
      -25.49755478
     ]
    ]
   },
   "properties": {
    "tipo": "curva_nivel",
    "cota_m": 718,
    "equidistancia_m": 2
   }
  },
  {
   "type": "Feature",
   "geometry": {
    "type": "LineString",
    "coordinates": [
     [
      -48.802292622,
      -25.496533372
     ],
     [
      -48.802272548,
      -25.496577781
     ],
     [
      -48.802249225,
      -25.49662071
     ],
     [
      -48.802249225,
      -25.49662071
     ],
     [
      -48.80221845,
      -25.496666599
     ],
     [
      -48.802200292,
      -25.496690115
     ],
     [
      -48.80218288,
      -25.496711008
     ],
     [
      -48.802151358,
      -25.496744601
     ],
     [
      -48.802151358,
      -25.496744601
     ]
    ]
   },
   "properties": {
    "tipo": "curva_nivel",
    "cota_m": 718,
    "equidistancia_m": 2
   }
  },
  {
   "type": "Feature",
   "geometry": {
    "type": "LineString",
    "coordinates": [
     [
      -48.80087909,
      -25.496596099
     ],
     [
      -48.800890078,
      -25.49662219
     ],
     [
      -48.800913214,
      -25.496666599
     ],
     [
      -48.800928023,
      -25.49669036
     ],
     [
      -48.800942124,
      -25.496711008
     ],
     [
      -48.800976957,
      -25.496754624
     ],
     [
      -48.800977658,
      -25.496755417
     ],
     [
      -48.801022338,
      -25.496799826
     ],
     [
      -48.801074824,
      -25.496841616
     ],
     [
      -48.801078581,
      -25.496844235
     ],
     [
      -48.801123757,
      -25.496872832
     ],
     [
      -48.801152585,
      -25.496888644
     ],
     [
      -48.801152585,
      -25.496888644
     ]
    ]
   },
   "properties": {
    "tipo": "curva_nivel",
    "cota_m": 718,
    "equidistancia_m": 2
   }
  },
  {
   "type": "Feature",
   "geometry": {
    "type": "LineString",
    "coordinates": [
     [
      -48.796964418,
      -25.496683997
     ],
     [
      -48.796967007,
      -25.496711008
     ],
     [
      -48.79697023,
      -25.496755417
     ],
     [
      -48.796972473,
      -25.496799826
     ],
     [
      -48.796973767,
      -25.496844235
     ],
     [
      -48.796974143,
      -25.496888644
     ],
     [
      -48.796973632,
      -25.496933053
     ],
     [
      -48.796972267,
      -25.496977462
     ],
     [
      -48.796970085,
      -25.497021871
     ],
     [
      -48.796967121,
      -25.49706628
     ],
     [
      -48.796964418,
      -25.497098925
     ],
     [
      -48.796964418,
      -25.497098925
     ]
    ]
   },
   "properties": {
    "tipo": "curva_nivel",
    "cota_m": 718,
    "equidistancia_m": 2
   }
  },
  {
   "type": "Feature",
   "geometry": {
    "type": "LineString",
    "coordinates": [
     [
      -48.802140309,
      -25.496755417
     ],
     [
      -48.802102425,
      -25.496788851
     ],
     [
      -48.802102425,
      -25.496788851
     ]
    ]
   },
   "properties": {
    "tipo": "curva_nivel",
    "cota_m": 718,
    "equidistancia_m": 2
   }
  },
  {
   "type": "Feature",
   "geometry": {
    "type": "LineString",
    "coordinates": [
     [
      -48.802088755,
      -25.496799826
     ],
     [
      -48.802053492,
      -25.496825676
     ],
     [
      -48.802025354,
      -25.496844235
     ],
     [
      -48.802004558,
      -25.496856897
     ],
     [
      -48.801955625,
      -25.49688344
     ],
     [
      -48.801955625,
      -25.49688344
     ]
    ]
   },
   "properties": {
    "tipo": "curva_nivel",
    "cota_m": 718,
    "equidistancia_m": 2
   }
  },
  {
   "type": "Feature",
   "geometry": {
    "type": "LineString",
    "coordinates": [
     [
      -48.801944752,
      -25.496888644
     ],
     [
      -48.801906691,
      -25.496905654
     ],
     [
      -48.801857758,
      -25.496924573
     ],
     [
      -48.801831971,
      -25.496933053
     ],
     [
      -48.801808825,
      -25.496940234
     ],
     [
      -48.801759891,
      -25.496952821
     ],
     [
      -48.801710958,
      -25.49696282
     ],
     [
      -48.801662024,
      -25.496970279
     ],
     [
      -48.801613091,
      -25.496975226
     ],
     [
      -48.801568324,
      -25.496977462
     ],
     [
      -48.801564158,
      -25.496977661
     ],
     [
      -48.801515224,
      -25.496977592
     ],
     [
      -48.801466291,
      -25.496974974
     ],
     [
      -48.801417357,
      -25.496969742
     ],
     [
      -48.801368424,
      -25.49696182
     ],
     [
      -48.801319491,
      -25.496951099
     ],
     [
      -48.801270557,
      -25.496937442
     ],
     [
      -48.801257597,
      -25.496933053
     ],
     [
      -48.801221624,
      -25.496919994
     ],
     [
      -48.80117269,
      -25.496898789
     ]
    ]
   },
   "properties": {
    "tipo": "curva_nivel",
    "cota_m": 718,
    "equidistancia_m": 2
   }
  },
  {
   "type": "Feature",
   "geometry": {
    "type": "LineString",
    "coordinates": [
     [
      -48.79696341,
      -25.497110689
     ],
     [
      -48.796958975,
      -25.497155098
     ],
     [
      -48.796953881,
      -25.497199507
     ],
     [
      -48.796948176,
      -25.497243916
     ],
     [
      -48.796941913,
      -25.497288325
     ],
     [
      -48.796935152,
      -25.497332734
     ],
     [
      -48.796927959,
      -25.497377144
     ],
     [
      -48.796920406,
      -25.497421553
     ],
     [
      -48.796915485,
      -25.497449974
     ],
     [
      -48.796915485,
      -25.497449974
     ]
    ]
   },
   "properties": {
    "tipo": "curva_nivel",
    "cota_m": 718,
    "equidistancia_m": 2
   }
  },
  {
   "type": "Feature",
   "geometry": {
    "type": "LineString",
    "coordinates": [
     [
      -48.796912551,
      -25.497465962
     ],
     [
      -48.796904467,
      -25.497510371
     ],
     [
      -48.796896318,
      -25.49755478
     ],
     [
      -48.796888245,
      -25.497599189
     ],
     [
      -48.796880419,
      -25.497643598
     ],
     [
      -48.796873054,
      -25.497688007
     ],
     [
      -48.796866552,
      -25.497731634
     ],
     [
      -48.796866552,
      -25.497731634
     ],
     [
      -48.796860818,
      -25.497776825
     ],
     [
      -48.796856826,
      -25.497821234
     ],
     [
      -48.796855159,
      -25.497865643
     ],
     [
      -48.796856866,
      -25.497910052
     ],
     [
      -48.796863567,
      -25.497954461
     ],
     [
      -48.796877722,
      -25.49799887
     ],
     [
      -48.796903929,
      -25.498043279
     ],
     [
      -48.796903929,
      -25.498043279
     ]
    ]
   },
   "properties": {
    "tipo": "curva_nivel",
    "cota_m": 718,
    "equidistancia_m": 2
   }
  },
  {
   "type": "Feature",
   "geometry": {
    "type": "LineString",
    "coordinates": [
     [
      -48.806017097,
      -25.497572013
     ],
     [
      -48.80603675,
      -25.497599189
     ],
     [
      -48.80606603,
      -25.497637942
     ],
     [
      -48.806070611,
      -25.497643598
     ],
     [
      -48.80610755,
      -25.497688007
     ],
     [
      -48.806148115,
      -25.497732416
     ],
     [
      -48.806148115,
      -25.497732416
     ]
    ]
   },
   "properties": {
    "tipo": "curva_nivel",
    "cota_m": 718,
    "equidistancia_m": 2
   }
  },
  {
   "type": "Feature",
   "geometry": {
    "type": "LineString",
    "coordinates": [
     [
      -48.806163897,
      -25.497748912
     ],
     [
      -48.806193038,
      -25.497776825
     ],
     [
      -48.80621283,
      -25.497795293
     ]
    ]
   },
   "properties": {
    "tipo": "curva_nivel",
    "cota_m": 718,
    "equidistancia_m": 2
   }
  },
  {
   "type": "Feature",
   "geometry": {
    "type": "LineString",
    "coordinates": [
     [
      -48.796915485,
      -25.498055997
     ],
     [
      -48.796950459,
      -25.498087688
     ],
     [
      -48.796950459,
      -25.498087688
     ]
    ]
   },
   "properties": {
    "tipo": "curva_nivel",
    "cota_m": 718,
    "equidistancia_m": 2
   }
  },
  {
   "type": "Feature",
   "geometry": {
    "type": "LineString",
    "coordinates": [
     [
      -48.796964418,
      -25.498096665
     ],
     [
      -48.797013352,
      -25.498122854
     ],
     [
      -48.797034271,
      -25.498132097
     ],
     [
      -48.797062285,
      -25.498142002
     ],
     [
      -48.797111219,
      -25.498156892
     ],
     [
      -48.797160152,
      -25.498169375
     ],
     [
      -48.797191711,
      -25.498176506
     ],
     [
      -48.797191711,
      -25.498176506
     ]
    ]
   },
   "properties": {
    "tipo": "curva_nivel",
    "cota_m": 718,
    "equidistancia_m": 2
   }
  },
  {
   "type": "Feature",
   "geometry": {
    "type": "LineString",
    "coordinates": [
     [
      -48.797209085,
      -25.498179889
     ],
     [
      -48.797258019,
      -25.49818881
     ],
     [
      -48.797306952,
      -25.498196856
     ],
     [
      -48.797355886,
      -25.498204227
     ],
     [
      -48.797404819,
      -25.498211076
     ],
     [
      -48.797453752,
      -25.498217524
     ],
     [
      -48.797480149,
      -25.498220915
     ],
     [
      -48.797480149,
      -25.498220915
     ]
    ]
   },
   "properties": {
    "tipo": "curva_nivel",
    "cota_m": 718,
    "equidistancia_m": 2
   }
  },
  {
   "type": "Feature",
   "geometry": {
    "type": "LineString",
    "coordinates": [
     [
      -48.797502686,
      -25.498223565
     ],
     [
      -48.797551619,
      -25.498229276
     ],
     [
      -48.797600553,
      -25.498234849
     ],
     [
      -48.797649486,
      -25.498240332
     ],
     [
      -48.797698419,
      -25.498245768
     ],
     [
      -48.797747353,
      -25.498251194
     ],
     [
      -48.797796286,
      -25.498256645
     ],
     [
      -48.79784522,
      -25.49826215
     ],
     [
      -48.797872691,
      -25.498265324
     ],
     [
      -48.797872691,
      -25.498265324
     ]
    ]
   },
   "properties": {
    "tipo": "curva_nivel",
    "cota_m": 718,
    "equidistancia_m": 2
   }
  },
  {
   "type": "Feature",
   "geometry": {
    "type": "LineString",
    "coordinates": [
     [
      -48.797894153,
      -25.498267678
     ],
     [
      -48.797943086,
      -25.498273239
     ],
     [
      -48.79799202,
      -25.49827894
     ],
     [
      -48.798040953,
      -25.498284805
     ],
     [
      -48.798089887,
      -25.498290859
     ],
     [
      -48.79813882,
      -25.498297126
     ],
     [
      -48.798187753,
      -25.49830363
     ],
     [
      -48.798231837,
      -25.498309733
     ],
     [
      -48.79828562,
      -25.498317296
     ],
     [
      -48.798334553,
      -25.498324522
     ],
     [
      -48.798383487,
      -25.498332091
     ],
     [
      -48.79843242,
      -25.498340032
     ],
     [
      -48.798481354,
      -25.498348378
     ],
     [
      -48.798513448,
      -25.498354143
     ],
     [
      -48.798513448,
      -25.498354143
     ]
    ]
   },
   "properties": {
    "tipo": "curva_nivel",
    "cota_m": 718,
    "equidistancia_m": 2
   }
  },
  {
   "type": "Feature",
   "geometry": {
    "type": "LineString",
    "coordinates": [
     [
      -48.798911013,
      -25.498442961
     ],
     [
      -48.798911013,
      -25.498442961
     ],
     [
      -48.798872821,
      -25.49843248
     ],
     [
      -48.798823887,
      -25.498419836
     ],
     [
      -48.798774954,
      -25.498407942
     ],
     [
      -48.798726021,
      -25.498396705
     ],
     [
      -48.798733989,
      -25.498398552
     ],
     [
      -48.798677087,
      -25.498385954
     ],
     [
      -48.798628154,
      -25.498375802
     ],
     [
      -48.79857922,
      -25.498366201
     ],
     [
      -48.798530287,
      -25.498357108
     ]
    ]
   },
   "properties": {
    "tipo": "curva_nivel",
    "cota_m": 718,
    "equidistancia_m": 2
   }
  },
  {
   "type": "Feature",
   "geometry": {
    "type": "LineString",
    "coordinates": [
     [
      -48.795643217,
      -25.498442046
     ],
     [
      -48.795643217,
      -25.498442046
     ],
     [
      -48.79569215,
      -25.498440814
     ],
     [
      -48.795741084,
      -25.498441342
     ],
     [
      -48.795773677,
      -25.498442961
     ],
     [
      -48.795773677,
      -25.498442961
     ]
    ]
   },
   "properties": {
    "tipo": "curva_nivel",
    "cota_m": 718,
    "equidistancia_m": 2
   }
  },
  {
   "type": "Feature",
   "geometry": {
    "type": "LineString",
    "coordinates": [
     [
      -48.798921754,
      -25.498445893
     ],
     [
      -48.798970688,
      -25.498460003
     ],
     [
      -48.799019621,
      -25.498475057
     ],
     [
      -48.799057215,
      -25.49848737
     ],
     [
      -48.799057215,
      -25.49848737
     ]
    ]
   },
   "properties": {
    "tipo": "curva_nivel",
    "cota_m": 718,
    "equidistancia_m": 2
   }
  },
  {
   "type": "Feature",
   "geometry": {
    "type": "LineString",
    "coordinates": [
     [
      -48.795790017,
      -25.49844393
     ],
     [
      -48.79583895,
      -25.498449346
     ],
     [
      -48.795887884,
      -25.498457968
     ],
     [
      -48.795936817,
      -25.498470755
     ],
     [
      -48.795981141,
      -25.49848737
     ],
     [
      -48.796034684,
      -25.49852455
     ],
     [
      -48.796042168,
      -25.498531779
     ],
     [
      -48.796069184,
      -25.498576188
     ],
     [
      -48.796079918,
      -25.498620597
     ],
     [
      -48.796080231,
      -25.498665006
     ],
     [
      -48.796073547,
      -25.498709415
     ],
     [
      -48.796062007,
      -25.498753824
     ],
     [
      -48.796047024,
      -25.498798233
     ],
     [
      -48.796034684,
      -25.49882893
     ],
     [
      -48.796034684,
      -25.49882893
     ]
    ]
   },
   "properties": {
    "tipo": "curva_nivel",
    "cota_m": 718,
    "equidistancia_m": 2
   }
  },
  {
   "type": "Feature",
   "geometry": {
    "type": "LineString",
    "coordinates": [
     [
      -48.795627966,
      -25.498442961
     ],
     [
      -48.795594283,
      -25.498445206
     ],
     [
      -48.79554535,
      -25.498450337
     ],
     [
      -48.795496417,
      -25.498457365
     ],
     [
      -48.795447483,
      -25.498466412
     ],
     [
      -48.79539855,
      -25.498477686
     ],
     [
      -48.795364023,
      -25.49848737
     ],
     [
      -48.795349616,
      -25.498492107
     ],
     [
      -48.795300683,
      -25.498511469
     ],
     [
      -48.795258479,
      -25.498531779
     ],
     [
      -48.79525175,
      -25.49853578
     ],
     [
      -48.795202816,
      -25.498570709
     ],
     [
      -48.795202816,
      -25.498570709
     ],
     [
      -48.795157618,
      -25.498620597
     ],
     [
      -48.795153883,
      -25.498626802
     ],
     [
      -48.795134378,
      -25.498665006
     ],
     [
      -48.795121226,
      -25.498709415
     ],
     [
      -48.795115796,
      -25.498753824
     ],
     [
      -48.795116538,
      -25.498798233
     ],
     [
      -48.795122248,
      -25.498842642
     ],
     [
      -48.795131973,
      -25.498887051
     ],
     [
      -48.795144945,
      -25.49893146
     ],
     [
      -48.795153883,
      -25.498956486
     ],
     [
      -48.795161315,
      -25.498975869
     ],
     [
      -48.795181114,
      -25.499020278
     ],
     [
      -48.795202816,
      -25.499064631
     ],
     [
      -48.795202846,
      -25.499064687
     ],
     [
      -48.795229391,
      -25.499109096
     ],
     [
      -48.79525175,
      -25.499144398
     ],
     [
      -48.795258338,
      -25.499153505
     ],
     [
      -48.795292498,
      -25.499197914
     ],
     [
      -48.795333685,
      -25.499242323
     ],
     [
      -48.795333685,
      -25.499242323
     ]
    ]
   },
   "properties": {
    "tipo": "curva_nivel",
    "cota_m": 718,
    "equidistancia_m": 2
   }
  },
  {
   "type": "Feature",
   "geometry": {
    "type": "LineString",
    "coordinates": [
     [
      -48.799068554,
      -25.498491084
     ],
     [
      -48.799117488,
      -25.498508014
     ],
     [
      -48.799166421,
      -25.498526142
     ],
     [
      -48.799180816,
      -25.498531779
     ],
     [
      -48.799215355,
      -25.498545367
     ],
     [
      -48.799264288,
      -25.4985659
     ],
     [
      -48.799287389,
      -25.498576188
     ],
     [
      -48.799313221,
      -25.498587787
     ],
     [
      -48.799362155,
      -25.49861115
     ],
     [
      -48.799380835,
      -25.498620597
     ],
     [
      -48.799411088,
      -25.498636074
     ],
     [
      -48.799460022,
      -25.498662765
     ],
     [
      -48.799463935,
      -25.498665006
     ],
     [
      -48.799508955,
      -25.498691172
     ],
     [
      -48.799538481,
      -25.498709415
     ],
     [
      -48.799538481,
      -25.498709415
     ]
    ]
   },
   "properties": {
    "tipo": "curva_nivel",
    "cota_m": 718,
    "equidistancia_m": 2
   }
  },
  {
   "type": "Feature",
   "geometry": {
    "type": "LineString",
    "coordinates": [
     [
      -48.804451228,
      -25.498618413
     ],
     [
      -48.804451228,
      -25.498618413
     ],
     [
      -48.804500161,
      -25.498610536
     ],
     [
      -48.804549095,
      -25.49860349
     ],
     [
      -48.804598028,
      -25.498597252
     ],
     [
      -48.804646962,
      -25.498591807
     ],
     [
      -48.804695895,
      -25.498587142
     ],
     [
      -48.804744828,
      -25.498583253
     ],
     [
      -48.804793762,
      -25.498580138
     ],
     [
      -48.804842695,
      -25.498577804
     ],
     [
      -48.804891629,
      -25.498576262
     ],
     [
      -48.804896715,
      -25.498576188
     ],
     [
      -48.804940562,
      -25.49857552
     ],
     [
      -48.804989495,
      -25.498575629
     ],
     [
      -48.805017178,
      -25.498576188
     ],
     [
      -48.805017178,
      -25.498576188
     ]
    ]
   },
   "properties": {
    "tipo": "curva_nivel",
    "cota_m": 718,
    "equidistancia_m": 2
   }
  },
  {
   "type": "Feature",
   "geometry": {
    "type": "LineString",
    "coordinates": [
     [
      -48.805038429,
      -25.49857662
     ],
     [
      -48.805087362,
      -25.498578518
     ],
     [
      -48.805136295,
      -25.498581389
     ],
     [
      -48.805185229,
      -25.498585304
     ],
     [
      -48.805234162,
      -25.498590346
     ],
     [
      -48.805283096,
      -25.49859662
     ],
     [
      -48.805332029,
      -25.498604255
     ],
     [
      -48.805380962,
      -25.498613406
     ],
     [
      -48.805413894,
      -25.498620597
     ],
     [
      -48.805413894,
      -25.498620597
     ]
    ]
   },
   "properties": {
    "tipo": "curva_nivel",
    "cota_m": 718,
    "equidistancia_m": 2
   }
  },
  {
   "type": "Feature",
   "geometry": {
    "type": "LineString",
    "coordinates": [
     [
      -48.805429896,
      -25.498624168
     ],
     [
      -48.805478829,
      -25.498636597
     ],
     [
      -48.805527763,
      -25.498651139
     ],
     [
      -48.805568135,
      -25.498665006
     ],
     [
      -48.805625629,
      -25.498687219
     ],
     [
      -48.805674293,
      -25.498709415
     ],
     [
      -48.805723496,
      -25.498734704
     ],
     [
      -48.805756224,
      -25.498753824
     ],
     [
      -48.805756224,
      -25.498753824
     ]
    ]
   },
   "properties": {
    "tipo": "curva_nivel",
    "cota_m": 718,
    "equidistancia_m": 2
   }
  },
  {
   "type": "Feature",
   "geometry": {
    "type": "LineString",
    "coordinates": [
     [
      -48.804439028,
      -25.498620597
     ],
     [
      -48.804402295,
      -25.498627072
     ],
     [
      -48.804353361,
      -25.498636586
     ],
     [
      -48.804304428,
      -25.498647019
     ],
     [
      -48.804255494,
      -25.498658412
     ],
     [
      -48.804229446,
      -25.498665006
     ],
     [
      -48.804206561,
      -25.498670762
     ],
     [
      -48.804157628,
      -25.498684102
     ],
     [
      -48.804108694,
      -25.498698555
     ],
     [
      -48.804074628,
      -25.498709415
     ],
     [
      -48.804059761,
      -25.498714155
     ],
     [
      -48.804010827,
      -25.498730912
     ],
     [
      -48.803961894,
      -25.498748991
     ],
     [
      -48.803961894,
      -25.498748991
     ]
    ]
   },
   "properties": {
    "tipo": "curva_nivel",
    "cota_m": 718,
    "equidistancia_m": 2
   }
  },
  {
   "type": "Feature",
   "geometry": {
    "type": "LineString",
    "coordinates": [
     [
      -48.799557888,
      -25.49872161
     ],
     [
      -48.799606298,
      -25.498753824
     ],
     [
      -48.799655755,
      -25.498788904
     ],
     [
      -48.799668244,
      -25.498798233
     ],
     [
      -48.799704689,
      -25.498826056
     ],
     [
      -48.799725402,
      -25.498842642
     ],
     [
      -48.799753622,
      -25.498865782
     ],
     [
      -48.799778448,
      -25.498887051
     ],
     [
      -48.799802555,
      -25.498908241
     ],
     [
      -48.799827935,
      -25.49893146
     ],
     [
      -48.799851489,
      -25.498953609
     ],
     [
      -48.79987432,
      -25.498975869
     ],
     [
      -48.799900422,
      -25.499002075
     ],
     [
      -48.799917975,
      -25.499020278
     ],
     [
      -48.799949356,
      -25.499053845
     ],
     [
      -48.799959205,
      -25.499064687
     ],
     [
      -48.799998255,
      -25.499109096
     ],
     [
      -48.800035364,
      -25.499153505
     ],
     [
      -48.800035364,
      -25.499153505
     ]
    ]
   },
   "properties": {
    "tipo": "curva_nivel",
    "cota_m": 718,
    "equidistancia_m": 2
   }
  },
  {
   "type": "Feature",
   "geometry": {
    "type": "LineString",
    "coordinates": [
     [
      -48.806053239,
      -25.499020278
     ],
     [
      -48.806053239,
      -25.499020278
     ],
     [
      -48.806016212,
      -25.498975869
     ],
     [
      -48.805975815,
      -25.49893146
     ],
     [
      -48.805968163,
      -25.498923464
     ],
     [
      -48.805931104,
      -25.498887051
     ],
     [
      -48.80591923,
      -25.49887594
     ],
     [
      -48.805880931,
      -25.498842642
     ],
     [
      -48.805870296,
      -25.498833808
     ],
     [
      -48.805821363,
      -25.498796618
     ],
     [
      -48.805823576,
      -25.498798233
     ],
     [
      -48.80577243,
      -25.498763656
     ]
    ]
   },
   "properties": {
    "tipo": "curva_nivel",
    "cota_m": 718,
    "equidistancia_m": 2
   }
  },
  {
   "type": "Feature",
   "geometry": {
    "type": "LineString",
    "coordinates": [
     [
      -48.803949648,
      -25.498753824
     ],
     [
      -48.803912961,
      -25.498768391
     ],
     [
      -48.803864027,
      -25.49878925
     ],
     [
      -48.803864027,
      -25.49878925
     ]
    ]
   },
   "properties": {
    "tipo": "curva_nivel",
    "cota_m": 718,
    "equidistancia_m": 2
   }
  },
  {
   "type": "Feature",
   "geometry": {
    "type": "LineString",
    "coordinates": [
     [
      -48.803844276,
      -25.498798233
     ],
     [
      -48.803815094,
      -25.498811644
     ],
     [
      -48.80376616,
      -25.498835684
     ],
     [
      -48.80376616,
      -25.498835684
     ]
    ]
   },
   "properties": {
    "tipo": "curva_nivel",
    "cota_m": 718,
    "equidistancia_m": 2
   }
  },
  {
   "type": "Feature",
   "geometry": {
    "type": "LineString",
    "coordinates": [
     [
      -48.803752819,
      -25.498842642
     ],
     [
      -48.803717227,
      -25.498861478
     ],
     [
      -48.803671969,
      -25.498887051
     ],
     [
      -48.803668294,
      -25.498889165
     ],
     [
      -48.80361936,
      -25.498918866
     ],
     [
      -48.80361936,
      -25.498918866
     ]
    ]
   },
   "properties": {
    "tipo": "curva_nivel",
    "cota_m": 718,
    "equidistancia_m": 2
   }
  },
  {
   "type": "Feature",
   "geometry": {
    "type": "LineString",
    "coordinates": [
     [
      -48.796029054,
      -25.498842642
     ],
     [
      -48.796007905,
      -25.498887051
     ],
     [
      -48.795985751,
      -25.498930775
     ],
     [
      -48.795985751,
      -25.498930775
     ],
     [
      -48.795959353,
      -25.498975869
     ],
     [
      -48.795936817,
      -25.499013147
     ],
     [
      -48.795936817,
      -25.499013147
     ],
     [
      -48.795901847,
      -25.499064687
     ],
     [
      -48.795887884,
      -25.499084571
     ],
     [
      -48.795869031,
      -25.499109096
     ],
     [
      -48.79583895,
      -25.499147467
     ],
     [
      -48.79583895,
      -25.499147467
     ],
     [
      -48.795793589,
      -25.499197914
     ],
     [
      -48.795790017,
      -25.499201815
     ],
     [
      -48.795746884,
      -25.499242323
     ],
     [
      -48.795741084,
      -25.499247723
     ],
     [
      -48.79569215,
      -25.499285062
     ],
     [
      -48.79569215,
      -25.499285062
     ],
     [
      -48.795643217,
      -25.499312954
     ],
     [
      -48.79559514,
      -25.499331142
     ],
     [
      -48.795594283,
      -25.499331462
     ],
     [
      -48.79554535,
      -25.499339273
     ],
     [
      -48.795496417,
      -25.499336331
     ],
     [
      -48.795478219,
      -25.499331142
     ],
     [
      -48.795447483,
      -25.499321979
     ],
     [
      -48.79539855,
      -25.499296082
     ],
     [
      -48.795386114,
      -25.499286732
     ],
     [
      -48.795349616,
      -25.499258191
     ]
    ]
   },
   "properties": {
    "tipo": "curva_nivel",
    "cota_m": 718,
    "equidistancia_m": 2
   }
  },
  {
   "type": "Feature",
   "geometry": {
    "type": "LineString",
    "coordinates": [
     [
      -48.803599781,
      -25.49893146
     ],
     [
      -48.803570427,
      -25.498950754
     ],
     [
      -48.803534285,
      -25.498975869
     ],
     [
      -48.803521493,
      -25.49898498
     ],
     [
      -48.803474436,
      -25.499020278
     ],
     [
      -48.80347256,
      -25.499021725
     ],
     [
      -48.803423627,
      -25.499061233
     ],
     [
      -48.803423627,
      -25.499061233
     ],
     [
      -48.803374693,
      -25.499103735
     ],
     [
      -48.803374693,
      -25.499103735
     ],
     [
      -48.80332576,
      -25.499149493
     ],
     [
      -48.80332576,
      -25.499149493
     ],
     [
      -48.803277705,
      -25.499197914
     ],
     [
      -48.803276826,
      -25.499198836
     ],
     [
      -48.803236682,
      -25.499242323
     ],
     [
      -48.803227893,
      -25.49925225
     ],
     [
      -48.803198218,
      -25.499286732
     ],
     [
      -48.80317896,
      -25.499310127
     ],
     [
      -48.803162078,
      -25.499331142
     ],
     [
      -48.803130026,
      -25.499372957
     ],
     [
      -48.803130026,
      -25.499372957
     ],
     [
      -48.80309612,
      -25.49941996
     ],
     [
      -48.803081093,
      -25.49944194
     ],
     [
      -48.803065992,
      -25.499464369
     ],
     [
      -48.803037615,
      -25.499508778
     ],
     [
      -48.803032159,
      -25.499517767
     ],
     [
      -48.803010876,
      -25.499553187
     ],
     [
      -48.802985714,
      -25.499597596
     ],
     [
      -48.802983226,
      -25.499602238
     ],
     [
      -48.802962011,
      -25.499642005
     ],
     [
      -48.802939769,
      -25.499686414
     ],
     [
      -48.802934293,
      -25.499698049
     ],
     [
      -48.802918858,
      -25.499730823
     ],
     [
      -48.802899294,
      -25.499775232
     ],
     [
      -48.802885359,
      -25.499809154
     ],
     [
      -48.802885359,
      -25.499809154
     ]
    ]
   },
   "properties": {
    "tipo": "curva_nivel",
    "cota_m": 718,
    "equidistancia_m": 2
   }
  },
  {
   "type": "Feature",
   "geometry": {
    "type": "LineString",
    "coordinates": [
     [
      -48.80606603,
      -25.499036552
     ],
     [
      -48.806087355,
      -25.499064687
     ],
     [
      -48.806114963,
      -25.499103425
     ],
     [
      -48.806118895,
      -25.499109096
     ],
     [
      -48.806148455,
      -25.499153505
     ],
     [
      -48.806163897,
      -25.499178199
     ],
     [
      -48.80617603,
      -25.499197914
     ],
     [
      -48.806201883,
      -25.499242323
     ],
     [
      -48.80621283,
      -25.499262262
     ]
    ]
   },
   "properties": {
    "tipo": "curva_nivel",
    "cota_m": 718,
    "equidistancia_m": 2
   }
  },
  {
   "type": "Feature",
   "geometry": {
    "type": "LineString",
    "coordinates": [
     [
      -48.800047222,
      -25.499168214
     ],
     [
      -48.800070701,
      -25.499197914
     ],
     [
      -48.800096156,
      -25.49923134
     ],
     [
      -48.800104388,
      -25.499242323
     ],
     [
      -48.800136586,
      -25.499286732
     ],
     [
      -48.800167425,
      -25.499331142
     ],
     [
      -48.800194023,
      -25.499371187
     ],
     [
      -48.8001969,
      -25.499375551
     ],
     [
      -48.800225253,
      -25.49941996
     ],
     [
      -48.800242956,
      -25.499448894
     ],
     [
      -48.800252401,
      -25.499464369
     ],
     [
      -48.800278499,
      -25.499508778
     ],
     [
      -48.800291889,
      -25.499532534
     ],
     [
      -48.800303559,
      -25.499553187
     ],
     [
      -48.800327647,
      -25.499597596
     ],
     [
      -48.800340823,
      -25.499622957
     ],
     [
      -48.80035079,
      -25.499642005
     ],
     [
      -48.800373076,
      -25.499686414
     ],
     [
      -48.800389756,
      -25.499721212
     ],
     [
      -48.800394419,
      -25.499730823
     ],
     [
      -48.800415087,
      -25.499775232
     ],
     [
      -48.800434795,
      -25.499819641
     ],
     [
      -48.800453928,
      -25.49986405
     ],
     [
      -48.800472263,
      -25.499908459
     ],
     [
      -48.800487623,
      -25.499947432
     ],
     [
      -48.800489815,
      -25.499952868
     ],
     [
      -48.800506949,
      -25.499997277
     ],
     [
      -48.800523326,
      -25.500041686
     ],
     [
      -48.800536556,
      -25.500079172
     ],
     [
      -48.80053907,
      -25.500086095
     ],
     [
      -48.800554522,
      -25.500130504
     ],
     [
      -48.800569369,
      -25.500174913
     ],
     [
      -48.800583676,
      -25.500219322
     ],
     [
      -48.800597882,
      -25.500263731
     ],
     [
      -48.800611728,
      -25.500308141
     ],
     [
      -48.800625239,
      -25.50035255
     ],
     [
      -48.800634423,
      -25.500383385
     ],
     [
      -48.800638636,
      -25.500396959
     ],
     [
      -48.800652175,
      -25.500441368
     ],
     [
      -48.800665647,
      -25.500485777
     ],
     [
      -48.800679163,
      -25.500530186
     ],
     [
      -48.800693184,
      -25.500574595
     ],
     [
      -48.800707655,
      -25.500619004
     ],
     [
      -48.800722569,
      -25.500663413
     ],
     [
      -48.80073229,
      -25.5006914
     ],
     [
      -48.800738309,
      -25.500707822
     ],
     [
      -48.800755227,
      -25.500752231
     ],
     [
      -48.800773141,
      -25.50079664
     ],
     [
      -48.800773141,
      -25.50079664
     ]
    ]
   },
   "properties": {
    "tipo": "curva_nivel",
    "cota_m": 718,
    "equidistancia_m": 2
   }
  },
  {
   "type": "Feature",
   "geometry": {
    "type": "LineString",
    "coordinates": [
     [
      -48.802881025,
      -25.499819641
     ],
     [
      -48.802863939,
      -25.49986405
     ],
     [
      -48.802848111,
      -25.499908459
     ],
     [
      -48.802836426,
      -25.499943992
     ],
     [
      -48.802836426,
      -25.499943992
     ]
    ]
   },
   "properties": {
    "tipo": "curva_nivel",
    "cota_m": 718,
    "equidistancia_m": 2
   }
  },
  {
   "type": "Feature",
   "geometry": {
    "type": "LineString",
    "coordinates": [
     [
      -48.802833468,
      -25.499952868
     ],
     [
      -48.802819885,
      -25.499997277
     ],
     [
      -48.802807455,
      -25.500041686
     ],
     [
      -48.80279614,
      -25.500086095
     ],
     [
      -48.802787492,
      -25.500123648
     ],
     [
      -48.802787492,
      -25.500123648
     ],
     [
      -48.802776543,
      -25.500174913
     ],
     [
      -48.802768218,
      -25.500219322
     ],
     [
      -48.802760862,
      -25.500263731
     ],
     [
      -48.802754431,
      -25.500308141
     ],
     [
      -48.80274888,
      -25.50035255
     ],
     [
      -48.802744159,
      -25.500396959
     ],
     [
      -48.802740216,
      -25.500441368
     ],
     [
      -48.802738559,
      -25.500464443
     ],
     [
      -48.802738559,
      -25.500464443
     ]
    ]
   },
   "properties": {
    "tipo": "curva_nivel",
    "cota_m": 718,
    "equidistancia_m": 2
   }
  },
  {
   "type": "Feature",
   "geometry": {
    "type": "LineString",
    "coordinates": [
     [
      -48.802736966,
      -25.500485777
     ],
     [
      -48.802734357,
      -25.500530186
     ],
     [
      -48.802732351,
      -25.500574595
     ],
     [
      -48.802730871,
      -25.500619004
     ],
     [
      -48.802729833,
      -25.500663413
     ],
     [
      -48.802729139,
      -25.500707822
     ],
     [
      -48.802728679,
      -25.500752231
     ],
     [
      -48.802728326,
      -25.50079664
     ],
     [
      -48.802727931,
      -25.500841049
     ],
     [
      -48.802727317,
      -25.500885458
     ],
     [
      -48.802726273,
      -25.500929867
     ],
     [
      -48.80272454,
      -25.500974276
     ],
     [
      -48.8027218,
      -25.501018685
     ],
     [
      -48.802717651,
      -25.501063094
     ],
     [
      -48.802711579,
      -25.501107503
     ],
     [
      -48.802702906,
      -25.501151912
     ],
     [
      -48.802690726,
      -25.501196321
     ],
     [
      -48.802689626,
      -25.501199449
     ],
     [
      -48.802673276,
      -25.501240731
     ],
     [
      -48.802648956,
      -25.50128514
     ],
     [
      -48.802640692,
      -25.50129688
     ],
     [
      -48.802613903,
      -25.501329549
     ],
     [
      -48.802591759,
      -25.50135054
     ],
     [
      -48.802562117,
      -25.501373958
     ],
     [
      -48.802542826,
      -25.501386355
     ],
     [
      -48.802493892,
      -25.501412137
     ],
     [
      -48.802493892,
      -25.501412137
     ]
    ]
   },
   "properties": {
    "tipo": "curva_nivel",
    "cota_m": 718,
    "equidistancia_m": 2
   }
  },
  {
   "type": "Feature",
   "geometry": {
    "type": "LineString",
    "coordinates": [
     [
      -48.800781223,
      -25.500815614
     ],
     [
      -48.800792725,
      -25.500841049
     ],
     [
      -48.800814145,
      -25.500885458
     ],
     [
      -48.800830157,
      -25.500916319
     ],
     [
      -48.800837655,
      -25.500929867
     ],
     [
      -48.800864025,
      -25.500974276
     ],
     [
      -48.80087909,
      -25.500997717
     ],
     [
      -48.800893535,
      -25.501018685
     ],
     [
      -48.800926735,
      -25.501063094
     ],
     [
      -48.800965093,
      -25.501107503
     ],
     [
      -48.800965093,
      -25.501107503
     ]
    ]
   },
   "properties": {
    "tipo": "curva_nivel",
    "cota_m": 718,
    "equidistancia_m": 2
   }
  },
  {
   "type": "Feature",
   "geometry": {
    "type": "LineString",
    "coordinates": [
     [
      -48.806210613,
      -25.501151912
     ],
     [
      -48.80621283,
      -25.501144343
     ],
     [
      -48.806199092,
      -25.501196321
     ],
     [
      -48.806188787,
      -25.501240731
     ],
     [
      -48.806180246,
      -25.50128514
     ],
     [
      -48.806174245,
      -25.501329549
     ],
     [
      -48.806171933,
      -25.501373958
     ],
     [
      -48.806175086,
      -25.501418367
     ],
     [
      -48.806186633,
      -25.501462776
     ],
     [
      -48.806211786,
      -25.501507185
     ],
     [
      -48.806211786,
      -25.501507185
     ]
    ]
   },
   "properties": {
    "tipo": "curva_nivel",
    "cota_m": 718,
    "equidistancia_m": 2
   }
  },
  {
   "type": "Feature",
   "geometry": {
    "type": "LineString",
    "coordinates": [
     [
      -48.800976957,
      -25.50112015
     ],
     [
      -48.801009155,
      -25.501151912
     ],
     [
      -48.801009155,
      -25.501151912
     ]
    ]
   },
   "properties": {
    "tipo": "curva_nivel",
    "cota_m": 718,
    "equidistancia_m": 2
   }
  },
  {
   "type": "Feature",
   "geometry": {
    "type": "LineString",
    "coordinates": [
     [
      -48.80102589,
      -25.501167214
     ],
     [
      -48.801060406,
      -25.501196321
     ],
     [
      -48.801060406,
      -25.501196321
     ]
    ]
   },
   "properties": {
    "tipo": "curva_nivel",
    "cota_m": 718,
    "equidistancia_m": 2
   }
  },
  {
   "type": "Feature",
   "geometry": {
    "type": "LineString",
    "coordinates": [
     [
      -48.801074824,
      -25.501207637
     ],
     [
      -48.801120673,
      -25.501240731
     ],
     [
      -48.80117269,
      -25.501273291
     ],
     [
      -48.801193466,
      -25.50128514
     ],
     [
      -48.801221624,
      -25.501300257
     ],
     [
      -48.801270557,
      -25.501324306
     ],
     [
      -48.801282194,
      -25.501329549
     ],
     [
      -48.801319491,
      -25.501345471
     ],
     [
      -48.801368424,
      -25.501364546
     ],
     [
      -48.801394891,
      -25.501373958
     ],
     [
      -48.801394891,
      -25.501373958
     ]
    ]
   },
   "properties": {
    "tipo": "curva_nivel",
    "cota_m": 718,
    "equidistancia_m": 2
   }
  },
  {
   "type": "Feature",
   "geometry": {
    "type": "LineString",
    "coordinates": [
     [
      -48.801417357,
      -25.501381575
     ],
     [
      -48.801466291,
      -25.501396692
     ],
     [
      -48.801515224,
      -25.501410418
     ],
     [
      -48.801546591,
      -25.501418367
     ],
     [
      -48.801546591,
      -25.501418367
     ]
    ]
   },
   "properties": {
    "tipo": "curva_nivel",
    "cota_m": 718,
    "equidistancia_m": 2
   }
  },
  {
   "type": "Feature",
   "geometry": {
    "type": "LineString",
    "coordinates": [
     [
      -48.802479504,
      -25.501418367
     ],
     [
      -48.802444959,
      -25.501431129
     ],
     [
      -48.802396025,
      -25.501445653
     ],
     [
      -48.802347092,
      -25.501456974
     ],
     [
      -48.802315094,
      -25.501462776
     ],
     [
      -48.802298159,
      -25.501465502
     ],
     [
      -48.802249225,
      -25.501471641
     ],
     [
      -48.802200292,
      -25.501476023
     ],
     [
      -48.802151358,
      -25.501478861
     ],
     [
      -48.802102425,
      -25.501480316
     ],
     [
      -48.802053492,
      -25.501480512
     ],
     [
      -48.802004558,
      -25.501479543
     ],
     [
      -48.801955625,
      -25.501477477
     ],
     [
      -48.801906691,
      -25.501474365
     ],
     [
      -48.801857758,
      -25.501470239
     ],
     [
      -48.801808825,
      -25.501465118
     ],
     [
      -48.80179027,
      -25.501462776
     ],
     [
      -48.801759891,
      -25.501458832
     ],
     [
      -48.801710958,
      -25.501451401
     ],
     [
      -48.801662024,
      -25.501442916
     ],
     [
      -48.801613091,
      -25.501433345
     ],
     [
      -48.801564158,
      -25.501422645
     ]
    ]
   },
   "properties": {
    "tipo": "curva_nivel",
    "cota_m": 718,
    "equidistancia_m": 2
   }
  },
  {
   "type": "Feature",
   "geometry": {
    "type": "LineString",
    "coordinates": [
     [
      -48.804353361,
      -25.502035601
     ],
     [
      -48.804353361,
      -25.502035601
     ],
     [
      -48.804402295,
      -25.502026844
     ],
     [
      -48.804451228,
      -25.502019516
     ],
     [
      -48.804500161,
      -25.502013463
     ],
     [
      -48.804549095,
      -25.502008576
     ],
     [
      -48.804598028,
      -25.502004784
     ],
     [
      -48.804646962,
      -25.502002054
     ],
     [
      -48.804695895,
      -25.502000382
     ],
     [
      -48.804744828,
      -25.501999805
     ],
     [
      -48.804793762,
      -25.5020004
     ],
     [
      -48.804842695,
      -25.502002294
     ],
     [
      -48.804891629,
      -25.502005684
     ],
     [
      -48.804940562,
      -25.502010859
     ],
     [
      -48.804989495,
      -25.502018245
     ],
     [
      -48.805038429,
      -25.502028477
     ],
     [
      -48.805079523,
      -25.502040093
     ],
     [
      -48.805136295,
      -25.502066689
     ],
     [
      -48.805163062,
      -25.502084502
     ],
     [
      -48.805185229,
      -25.502107791
     ],
     [
      -48.805200633,
      -25.502128911
     ],
     [
      -48.805216907,
      -25.50217332
     ],
     [
      -48.805221114,
      -25.50221773
     ],
     [
      -48.805217384,
      -25.502262139
     ],
     [
      -48.805208206,
      -25.502306548
     ],
     [
      -48.805195173,
      -25.502350957
     ],
     [
      -48.805185229,
      -25.502378018
     ],
     [
      -48.805185229,
      -25.502378018
     ]
    ]
   },
   "properties": {
    "tipo": "curva_nivel",
    "cota_m": 718,
    "equidistancia_m": 2
   }
  },
  {
   "type": "Feature",
   "geometry": {
    "type": "LineString",
    "coordinates": [
     [
      -48.804331979,
      -25.502040093
     ],
     [
      -48.804304428,
      -25.502046676
     ],
     [
      -48.804255494,
      -25.502060463
     ],
     [
      -48.804206561,
      -25.502076931
     ],
     [
      -48.804206561,
      -25.502076931
     ]
    ]
   },
   "properties": {
    "tipo": "curva_nivel",
    "cota_m": 718,
    "equidistancia_m": 2
   }
  },
  {
   "type": "Feature",
   "geometry": {
    "type": "LineString",
    "coordinates": [
     [
      -48.804187322,
      -25.502084502
     ],
     [
      -48.804157628,
      -25.502098528
     ],
     [
      -48.804108694,
      -25.50212643
     ],
     [
      -48.804108694,
      -25.50212643
     ],
     [
      -48.804059761,
      -25.502167934
     ],
     [
      -48.804059761,
      -25.502167934
     ],
     [
      -48.80402332,
      -25.50221773
     ],
     [
      -48.804010827,
      -25.502245745
     ],
     [
      -48.804010827,
      -25.502245745
     ]
    ]
   },
   "properties": {
    "tipo": "curva_nivel",
    "cota_m": 718,
    "equidistancia_m": 2
   }
  },
  {
   "type": "Feature",
   "geometry": {
    "type": "LineString",
    "coordinates": [
     [
      -48.804004581,
      -25.502262139
     ],
     [
      -48.80399535,
      -25.502306548
     ],
     [
      -48.803992833,
      -25.502350957
     ],
     [
      -48.803995627,
      -25.502395366
     ],
     [
      -48.804002657,
      -25.502439775
     ],
     [
      -48.804010827,
      -25.50247415
     ],
     [
      -48.804013278,
      -25.502484184
     ],
     [
      -48.804027573,
      -25.502528593
     ],
     [
      -48.804044271,
      -25.502573002
     ],
     [
      -48.804059761,
      -25.502609657
     ],
     [
      -48.804063201,
      -25.502617411
     ],
     [
      -48.804085339,
      -25.50266182
     ],
     [
      -48.804108694,
      -25.502705982
     ],
     [
      -48.804108834,
      -25.502706229
     ],
     [
      -48.804136097,
      -25.502750638
     ],
     [
      -48.804157628,
      -25.502784333
     ],
     [
      -48.804165098,
      -25.502795047
     ],
     [
      -48.804197604,
      -25.502839456
     ],
     [
      -48.804234238,
      -25.502883865
     ],
     [
      -48.804255494,
      -25.502908182
     ],
     [
      -48.804275661,
      -25.502928274
     ],
     [
      -48.804304428,
      -25.502956117
     ],
     [
      -48.804324829,
      -25.502972683
     ],
     [
      -48.804353361,
      -25.502995216
     ],
     [
      -48.804388245,
      -25.503017092
     ],
     [
      -48.804388245,
      -25.503017092
     ]
    ]
   },
   "properties": {
    "tipo": "curva_nivel",
    "cota_m": 718,
    "equidistancia_m": 2
   }
  },
  {
   "type": "Feature",
   "geometry": {
    "type": "LineString",
    "coordinates": [
     [
      -48.805178948,
      -25.502395366
     ],
     [
      -48.805159875,
      -25.502439775
     ],
     [
      -48.805139238,
      -25.502484184
     ],
     [
      -48.805136295,
      -25.502489864
     ],
     [
      -48.805116042,
      -25.502528593
     ],
     [
      -48.805091776,
      -25.502573002
     ],
     [
      -48.805087362,
      -25.502580546
     ],
     [
      -48.805065222,
      -25.502617411
     ],
     [
      -48.805038429,
      -25.502660956
     ],
     [
      -48.805038429,
      -25.502660956
     ],
     [
      -48.805007804,
      -25.502706229
     ],
     [
      -48.804989495,
      -25.50273277
     ],
     [
      -48.804989495,
      -25.50273277
     ]
    ]
   },
   "properties": {
    "tipo": "curva_nivel",
    "cota_m": 718,
    "equidistancia_m": 2
   }
  },
  {
   "type": "Feature",
   "geometry": {
    "type": "LineString",
    "coordinates": [
     [
      -48.804976441,
      -25.502750638
     ],
     [
      -48.804943242,
      -25.502795047
     ],
     [
      -48.804940562,
      -25.502798533
     ],
     [
      -48.804906568,
      -25.502839456
     ],
     [
      -48.804891629,
      -25.502857189
     ],
     [
      -48.804866839,
      -25.502883865
     ],
     [
      -48.804842695,
      -25.502909446
     ],
     [
      -48.804822565,
      -25.502928274
     ],
     [
      -48.804793762,
      -25.502954768
     ],
     [
      -48.804770898,
      -25.502972683
     ],
     [
      -48.804744828,
      -25.502992752
     ],
     [
      -48.804705735,
      -25.503017092
     ],
     [
      -48.804695895,
      -25.503023107
     ],
     [
      -48.804646962,
      -25.503045116
     ],
     [
      -48.804598028,
      -25.503058912
     ],
     [
      -48.804572964,
      -25.503061501
     ],
     [
      -48.804549095,
      -25.503063894
     ],
     [
      -48.804518192,
      -25.503061501
     ],
     [
      -48.804518192,
      -25.503061501
     ]
    ]
   },
   "properties": {
    "tipo": "curva_nivel",
    "cota_m": 718,
    "equidistancia_m": 2
   }
  },
  {
   "type": "Feature",
   "geometry": {
    "type": "LineString",
    "coordinates": [
     [
      -48.804500161,
      -25.503060058
     ],
     [
      -48.804451228,
      -25.503047184
     ],
     [
      -48.804402295,
      -25.503025675
     ]
    ]
   },
   "properties": {
    "tipo": "curva_nivel",
    "cota_m": 718,
    "equidistancia_m": 2
   }
  },
  {
   "type": "Feature",
   "geometry": {
    "type": "LineString",
    "coordinates": [
     [
      -48.80606603,
      -25.495718926
     ],
     [
      -48.80606603,
      -25.495718926
     ],
     [
      -48.80608396,
      -25.4956896
     ],
     [
      -48.806114963,
      -25.495642466
     ],
     [
      -48.806114963,
      -25.495642466
     ],
     [
      -48.806145,
      -25.495600782
     ],
     [
      -48.806163897,
      -25.495576147
     ],
     [
      -48.806179744,
      -25.495556373
     ],
     [
      -48.80621283,
      -25.495517435
     ]
    ]
   },
   "properties": {
    "tipo": "curva_nivel",
    "cota_m": 720,
    "equidistancia_m": 2
   }
  },
  {
   "type": "Feature",
   "geometry": {
    "type": "LineString",
    "coordinates": [
     [
      -48.796266216,
      -25.495645191
     ],
     [
      -48.796266216,
      -25.495645191
     ],
     [
      -48.796230417,
      -25.495616831
     ],
     [
      -48.796208941,
      -25.495600782
     ],
     [
      -48.796181484,
      -25.495581052
     ],
     [
      -48.796132551,
      -25.495548339
     ],
     [
      -48.796144897,
      -25.495556373
     ],
     [
      -48.796083617,
      -25.495518554
     ],
     [
      -48.79607199,
      -25.495511964
     ]
    ]
   },
   "properties": {
    "tipo": "curva_nivel",
    "cota_m": 720,
    "equidistancia_m": 2
   }
  },
  {
   "type": "Feature",
   "geometry": {
    "type": "LineString",
    "coordinates": [
     [
      -48.796279351,
      -25.495656046
     ],
     [
      -48.796317827,
      -25.4956896
     ],
     [
      -48.796364651,
      -25.495734009
     ],
     [
      -48.796364651,
      -25.495734009
     ]
    ]
   },
   "properties": {
    "tipo": "curva_nivel",
    "cota_m": 720,
    "equidistancia_m": 2
   }
  },
  {
   "type": "Feature",
   "geometry": {
    "type": "LineString",
    "coordinates": [
     [
      -48.8060571,
      -25.495734009
     ],
     [
      -48.806032498,
      -25.495778418
     ],
     [
      -48.806017097,
      -25.495808398
     ],
     [
      -48.806017097,
      -25.495808398
     ]
    ]
   },
   "properties": {
    "tipo": "curva_nivel",
    "cota_m": 720,
    "equidistancia_m": 2
   }
  },
  {
   "type": "Feature",
   "geometry": {
    "type": "LineString",
    "coordinates": [
     [
      -48.796377218,
      -25.495746659
     ],
     [
      -48.796407384,
      -25.495778418
     ],
     [
      -48.796426151,
      -25.495799229
     ],
     [
      -48.796446582,
      -25.495822827
     ],
     [
      -48.796475084,
      -25.495857611
     ],
     [
      -48.796482687,
      -25.495867236
     ],
     [
      -48.796515825,
      -25.495911645
     ],
     [
      -48.796546286,
      -25.495956054
     ],
     [
      -48.796572951,
      -25.495997902
     ],
     [
      -48.796574538,
      -25.496000463
     ],
     [
      -48.796600285,
      -25.496044872
     ],
     [
      -48.796621885,
      -25.496084936
     ],
     [
      -48.796624173,
      -25.496089281
     ],
     [
      -48.796645858,
      -25.49613369
     ],
     [
      -48.796665852,
      -25.496178099
     ],
     [
      -48.796683926,
      -25.496222508
     ],
     [
      -48.796700308,
      -25.496266917
     ],
     [
      -48.796715123,
      -25.496311326
     ],
     [
      -48.796715123,
      -25.496311326
     ]
    ]
   },
   "properties": {
    "tipo": "curva_nivel",
    "cota_m": 720,
    "equidistancia_m": 2
   }
  },
  {
   "type": "Feature",
   "geometry": {
    "type": "LineString",
    "coordinates": [
     [
      -48.806009875,
      -25.495822827
     ],
     [
      -48.805989236,
      -25.495867236
     ],
     [
      -48.805970315,
      -25.495911645
     ],
     [
      -48.805968163,
      -25.495917142
     ],
     [
      -48.805953214,
      -25.495956054
     ],
     [
      -48.805937733,
      -25.496000463
     ],
     [
      -48.805923812,
      -25.496044872
     ],
     [
      -48.80591923,
      -25.496061238
     ],
     [
      -48.805911474,
      -25.496089281
     ],
     [
      -48.805900655,
      -25.49613369
     ],
     [
      -48.805891295,
      -25.496178099
     ],
     [
      -48.805883373,
      -25.496222508
     ],
     [
      -48.80587687,
      -25.496266917
     ],
     [
      -48.805871773,
      -25.496311326
     ],
     [
      -48.805870296,
      -25.496329042
     ],
     [
      -48.805868077,
      -25.496355735
     ],
     [
      -48.805865764,
      -25.496400145
     ],
     [
      -48.80586482,
      -25.496444554
     ],
     [
      -48.805865238,
      -25.496488963
     ],
     [
      -48.805867016,
      -25.496533372
     ],
     [
      -48.805870154,
      -25.496577781
     ],
     [
      -48.805874673,
      -25.49662219
     ],
     [
      -48.805880563,
      -25.496666599
     ],
     [
      -48.805887832,
      -25.496711008
     ],
     [
      -48.805896489,
      -25.496755417
     ],
     [
      -48.805906549,
      -25.496799826
     ],
     [
      -48.805918029,
      -25.496844235
     ],
     [
      -48.80593103,
      -25.496888644
     ],
     [
      -48.805945518,
      -25.496933053
     ],
     [
      -48.805961518,
      -25.496977462
     ],
     [
      -48.805961518,
      -25.496977462
     ]
    ]
   },
   "properties": {
    "tipo": "curva_nivel",
    "cota_m": 720,
    "equidistancia_m": 2
   }
  },
  {
   "type": "Feature",
   "geometry": {
    "type": "LineString",
    "coordinates": [
     [
      -48.801319491,
      -25.496203955
     ],
     [
      -48.801319491,
      -25.496203955
     ],
     [
      -48.801338666,
      -25.496178099
     ],
     [
      -48.801368424,
      -25.496147145
     ],
     [
      -48.801384286,
      -25.49613369
     ],
     [
      -48.801417357,
      -25.496110849
     ],
     [
      -48.801466291,
      -25.496085487
     ],
     [
      -48.801466291,
      -25.496085487
     ],
     [
      -48.801515224,
      -25.496070314
     ],
     [
      -48.801564158,
      -25.496062
     ],
     [
      -48.801613091,
      -25.496060758
     ],
     [
      -48.801662024,
      -25.496066796
     ],
     [
      -48.801710958,
      -25.496080314
     ],
     [
      -48.801731809,
      -25.496089281
     ],
     [
      -48.801759891,
      -25.496104106
     ],
     [
      -48.801801011,
      -25.49613369
     ],
     [
      -48.801840506,
      -25.496178099
     ],
     [
      -48.801857758,
      -25.496206645
     ],
     [
      -48.801865759,
      -25.496222508
     ],
     [
      -48.801879239,
      -25.496266917
     ],
     [
      -48.801883901,
      -25.496311326
     ],
     [
      -48.801879886,
      -25.496355735
     ],
     [
      -48.801867272,
      -25.496400145
     ],
     [
      -48.801857758,
      -25.496420097
     ],
     [
      -48.801844017,
      -25.496444554
     ],
     [
      -48.801809014,
      -25.496488963
     ],
     [
      -48.801808825,
      -25.49648915
     ],
     [
      -48.801759891,
      -25.496528796
     ],
     [
      -48.801759891,
      -25.496528796
     ],
     [
      -48.801710958,
      -25.496555022
     ],
     [
      -48.801662024,
      -25.49657329
     ],
     [
      -48.801662024,
      -25.49657329
     ]
    ]
   },
   "properties": {
    "tipo": "curva_nivel",
    "cota_m": 720,
    "equidistancia_m": 2
   }
  },
  {
   "type": "Feature",
   "geometry": {
    "type": "LineString",
    "coordinates": [
     [
      -48.801307841,
      -25.496222508
     ],
     [
      -48.801288434,
      -25.496266917
     ],
     [
      -48.801277624,
      -25.496311326
     ],
     [
      -48.801275793,
      -25.496355735
     ],
     [
      -48.801283362,
      -25.496400145
     ],
     [
      -48.801300804,
      -25.496444554
     ],
     [
      -48.801319491,
      -25.496474565
     ],
     [
      -48.801330619,
      -25.496488963
     ],
     [
      -48.801368424,
      -25.496524616
     ],
     [
      -48.801380618,
      -25.496533372
     ],
     [
      -48.801417357,
      -25.496554239
     ],
     [
      -48.801466291,
      -25.49657355
     ],
     [
      -48.801484592,
      -25.496577781
     ],
     [
      -48.801515224,
      -25.4965837
     ],
     [
      -48.801564158,
      -25.496586702
     ],
     [
      -48.801613091,
      -25.496583413
     ],
     [
      -48.801642211,
      -25.496577781
     ]
    ]
   },
   "properties": {
    "tipo": "curva_nivel",
    "cota_m": 720,
    "equidistancia_m": 2
   }
  },
  {
   "type": "Feature",
   "geometry": {
    "type": "LineString",
    "coordinates": [
     [
      -48.796719751,
      -25.496326865
     ],
     [
      -48.796728248,
      -25.496355735
     ],
     [
      -48.796739804,
      -25.496400145
     ],
     [
      -48.79674989,
      -25.496444554
     ],
     [
      -48.796758528,
      -25.496488963
     ],
     [
      -48.796765736,
      -25.496533372
     ],
     [
      -48.796768685,
      -25.496556094
     ],
     [
      -48.796771488,
      -25.496577781
     ],
     [
      -48.79677582,
      -25.49662219
     ],
     [
      -48.796778788,
      -25.496666599
     ],
     [
      -48.796780405,
      -25.496711008
     ],
     [
      -48.79678068,
      -25.496755417
     ],
     [
      -48.796779623,
      -25.496799826
     ],
     [
      -48.796777239,
      -25.496844235
     ],
     [
      -48.796773532,
      -25.496888644
     ],
     [
      -48.796768685,
      -25.496931473
     ],
     [
      -48.796768685,
      -25.496931473
     ],
     [
      -48.796762043,
      -25.496977462
     ],
     [
      -48.796754233,
      -25.497021871
     ],
     [
      -48.796745058,
      -25.49706628
     ],
     [
      -48.7967345,
      -25.497110689
     ],
     [
      -48.796722536,
      -25.497155098
     ],
     [
      -48.796719751,
      -25.497164566
     ],
     [
      -48.796708933,
      -25.497199507
     ],
     [
      -48.796693768,
      -25.497243916
     ],
     [
      -48.796677036,
      -25.497288325
     ],
     [
      -48.796670818,
      -25.497303754
     ],
     [
      -48.796658401,
      -25.497332734
     ],
     [
      -48.796637859,
      -25.497377144
     ],
     [
      -48.796621885,
      -25.497409177
     ],
     [
      -48.796621885,
      -25.497409177
     ]
    ]
   },
   "properties": {
    "tipo": "curva_nivel",
    "cota_m": 720,
    "equidistancia_m": 2
   }
  },
  {
   "type": "Feature",
   "geometry": {
    "type": "LineString",
    "coordinates": [
     [
      -48.805968163,
      -25.496994507
     ],
     [
      -48.80597917,
      -25.497021871
     ],
     [
      -48.805998499,
      -25.49706628
     ],
     [
      -48.806017097,
      -25.497105713
     ],
     [
      -48.806019532,
      -25.497110689
     ],
     [
      -48.806042544,
      -25.497155098
     ],
     [
      -48.80606603,
      -25.497197112
     ],
     [
      -48.806067428,
      -25.497199507
     ],
     [
      -48.806094619,
      -25.497243916
     ],
     [
      -48.806114963,
      -25.497275063
     ],
     [
      -48.806124063,
      -25.497288325
     ],
     [
      -48.806156129,
      -25.497332734
     ],
     [
      -48.806191169,
      -25.497377144
     ],
     [
      -48.80621283,
      -25.497402938
     ]
    ]
   },
   "properties": {
    "tipo": "curva_nivel",
    "cota_m": 720,
    "equidistancia_m": 2
   }
  },
  {
   "type": "Feature",
   "geometry": {
    "type": "LineString",
    "coordinates": [
     [
      -48.796615267,
      -25.497421553
     ],
     [
      -48.796590183,
      -25.497465962
     ],
     [
      -48.796572951,
      -25.497494442
     ],
     [
      -48.796572951,
      -25.497494442
     ]
    ]
   },
   "properties": {
    "tipo": "curva_nivel",
    "cota_m": 720,
    "equidistancia_m": 2
   }
  },
  {
   "type": "Feature",
   "geometry": {
    "type": "LineString",
    "coordinates": [
     [
      -48.796562516,
      -25.497510371
     ],
     [
      -48.796531738,
      -25.49755478
     ],
     [
      -48.796524018,
      -25.497565415
     ],
     [
      -48.796497176,
      -25.497599189
     ],
     [
      -48.796475084,
      -25.497625475
     ],
     [
      -48.796458277,
      -25.497643598
     ],
     [
      -48.796426151,
      -25.497676656
     ],
     [
      -48.796426151,
      -25.497676656
     ]
    ]
   },
   "properties": {
    "tipo": "curva_nivel",
    "cota_m": 720,
    "equidistancia_m": 2
   }
  },
  {
   "type": "Feature",
   "geometry": {
    "type": "LineString",
    "coordinates": [
     [
      -48.796413875,
      -25.497688007
     ],
     [
      -48.796377218,
      -25.497720624
     ],
     [
      -48.796377218,
      -25.497720624
     ]
    ]
   },
   "properties": {
    "tipo": "curva_nivel",
    "cota_m": 720,
    "equidistancia_m": 2
   }
  },
  {
   "type": "Feature",
   "geometry": {
    "type": "LineString",
    "coordinates": [
     [
      -48.79636233,
      -25.497732416
     ],
     [
      -48.796328284,
      -25.497758569
     ],
     [
      -48.796301309,
      -25.497776825
     ],
     [
      -48.796279351,
      -25.497791344
     ],
     [
      -48.796230417,
      -25.497819621
     ],
     [
      -48.796230417,
      -25.497819621
     ],
     [
      -48.796181484,
      -25.497844601
     ],
     [
      -48.796133349,
      -25.497865643
     ],
     [
      -48.796132551,
      -25.49786599
     ],
     [
      -48.796083617,
      -25.497885148
     ],
     [
      -48.796034684,
      -25.497901653
     ],
     [
      -48.796006375,
      -25.497910052
     ],
     [
      -48.795985751,
      -25.497916212
     ],
     [
      -48.795936817,
      -25.497929172
     ],
     [
      -48.795887884,
      -25.497940449
     ],
     [
      -48.79583895,
      -25.497950284
     ],
     [
      -48.79583895,
      -25.497950284
     ]
    ]
   },
   "properties": {
    "tipo": "curva_nivel",
    "cota_m": 720,
    "equidistancia_m": 2
   }
  },
  {
   "type": "Feature",
   "geometry": {
    "type": "LineString",
    "coordinates": [
     [
      -48.7958154,
      -25.497954461
     ],
     [
      -48.795790017,
      -25.497959062
     ],
     [
      -48.795741084,
      -25.497966868
     ],
     [
      -48.79569215,
      -25.497973648
     ],
     [
      -48.795643217,
      -25.497979512
     ],
     [
      -48.795594283,
      -25.497984543
     ],
     [
      -48.79554535,
      -25.49798881
     ],
     [
      -48.795496417,
      -25.497992364
     ],
     [
      -48.795447483,
      -25.497995242
     ],
     [
      -48.79539855,
      -25.497997467
     ],
     [
      -48.79535521,
      -25.49799887
     ],
     [
      -48.795349616,
      -25.497999061
     ],
     [
      -48.795300683,
      -25.498000052
     ],
     [
      -48.79525175,
      -25.49800036
     ],
     [
      -48.795202816,
      -25.497999956
     ],
     [
      -48.795156915,
      -25.49799887
     ],
     [
      -48.795156915,
      -25.49799887
     ],
     [
      -48.795104949,
      -25.497996918
     ],
     [
      -48.795056016,
      -25.497994179
     ],
     [
      -48.795007083,
      -25.497990479
     ],
     [
      -48.794958149,
      -25.49798568
     ],
     [
      -48.794909216,
      -25.4979796
     ],
     [
      -48.794860282,
      -25.497972001
     ],
     [
      -48.794811349,
      -25.497962565
     ]
    ]
   },
   "properties": {
    "tipo": "curva_nivel",
    "cota_m": 720,
    "equidistancia_m": 2
   }
  },
  {
   "type": "Feature",
   "geometry": {
    "type": "LineString",
    "coordinates": [
     [
      -48.797160152,
      -25.498525816
     ],
     [
      -48.797160152,
      -25.498525816
     ],
     [
      -48.797209085,
      -25.498512687
     ],
     [
      -48.797258019,
      -25.498501367
     ],
     [
      -48.797306952,
      -25.498491621
     ],
     [
      -48.79733124,
      -25.49848737
     ],
     [
      -48.797355886,
      -25.498483141
     ],
     [
      -48.797404819,
      -25.498475821
     ],
     [
      -48.797453752,
      -25.498469645
     ],
     [
      -48.797502686,
      -25.498464496
     ],
     [
      -48.797551619,
      -25.498460277
     ],
     [
      -48.797600553,
      -25.498456906
     ],
     [
      -48.797649486,
      -25.498454319
     ],
     [
      -48.797698419,
      -25.498452459
     ],
     [
      -48.797747353,
      -25.49845128
     ],
     [
      -48.797796286,
      -25.498450747
     ],
     [
      -48.79784522,
      -25.498450827
     ],
     [
      -48.797894153,
      -25.498451499
     ],
     [
      -48.797943086,
      -25.498452742
     ],
     [
      -48.79799202,
      -25.498454543
     ],
     [
      -48.798040953,
      -25.498456894
     ],
     [
      -48.798089887,
      -25.498459789
     ],
     [
      -48.79813882,
      -25.498463226
     ],
     [
      -48.798187753,
      -25.498467209
     ],
     [
      -48.798236687,
      -25.498471743
     ],
     [
      -48.79828562,
      -25.498476837
     ],
     [
      -48.798334553,
      -25.498482504
     ],
     [
      -48.79837256,
      -25.49848737
     ],
     [
      -48.79837256,
      -25.49848737
     ]
    ]
   },
   "properties": {
    "tipo": "curva_nivel",
    "cota_m": 720,
    "equidistancia_m": 2
   }
  },
  {
   "type": "Feature",
   "geometry": {
    "type": "LineString",
    "coordinates": [
     [
      -48.799102876,
      -25.498665006
     ],
     [
      -48.799102876,
      -25.498665006
     ],
     [
      -48.799068554,
      -25.498651791
     ],
     [
      -48.799019621,
      -25.498634155
     ],
     [
      -48.798979344,
      -25.498620597
     ],
     [
      -48.798970688,
      -25.498617693
     ],
     [
      -48.798921754,
      -25.498602243
     ],
     [
      -48.798872821,
      -25.498587854
     ],
     [
      -48.798830254,
      -25.498576188
     ],
     [
      -48.798823887,
      -25.49857444
     ],
     [
      -48.798774954,
      -25.498561848
     ],
     [
      -48.798726021,
      -25.498550142
     ],
     [
      -48.798677087,
      -25.49853927
     ],
     [
      -48.798628154,
      -25.498529153
     ],
     [
      -48.798640776,
      -25.498531779
     ],
     [
      -48.79857922,
      -25.498519704
     ],
     [
      -48.798530287,
      -25.498510971
     ],
     [
      -48.798481354,
      -25.498502919
     ],
     [
      -48.79843242,
      -25.498495518
     ],
     [
      -48.798383487,
      -25.498488742
     ]
    ]
   },
   "properties": {
    "tipo": "curva_nivel",
    "cota_m": 720,
    "equidistancia_m": 2
   }
  },
  {
   "type": "Feature",
   "geometry": {
    "type": "LineString",
    "coordinates": [
     [
      -48.797140273,
      -25.498531779
     ],
     [
      -48.797111219,
      -25.498540717
     ],
     [
      -48.797062285,
      -25.498557703
     ],
     [
      -48.797016107,
      -25.498576188
     ],
     [
      -48.797013352,
      -25.498577322
     ],
     [
      -48.796964418,
      -25.498599217
     ],
     [
      -48.796922706,
      -25.498620597
     ],
     [
      -48.796915485,
      -25.498624413
     ],
     [
      -48.796866552,
      -25.498652589
     ],
     [
      -48.796866552,
      -25.498652589
     ]
    ]
   },
   "properties": {
    "tipo": "curva_nivel",
    "cota_m": 720,
    "equidistancia_m": 2
   }
  },
  {
   "type": "Feature",
   "geometry": {
    "type": "LineString",
    "coordinates": [
     [
      -48.799117488,
      -25.498670673
     ],
     [
      -48.799166421,
      -25.498690818
     ],
     [
      -48.799208617,
      -25.498709415
     ],
     [
      -48.799264288,
      -25.498735451
     ],
     [
      -48.799300846,
      -25.498753824
     ],
     [
      -48.799300846,
      -25.498753824
     ]
    ]
   },
   "properties": {
    "tipo": "curva_nivel",
    "cota_m": 720,
    "equidistancia_m": 2
   }
  },
  {
   "type": "Feature",
   "geometry": {
    "type": "LineString",
    "coordinates": [
     [
      -48.796847063,
      -25.498665006
     ],
     [
      -48.796817618,
      -25.498684391
     ],
     [
      -48.796783,
      -25.498709415
     ],
     [
      -48.796768685,
      -25.498720119
     ],
     [
      -48.796727012,
      -25.498753824
     ],
     [
      -48.796719751,
      -25.498759905
     ],
     [
      -48.796676897,
      -25.498798233
     ],
     [
      -48.796670818,
      -25.498803869
     ],
     [
      -48.796631207,
      -25.498842642
     ],
     [
      -48.796621885,
      -25.49885211
     ],
     [
      -48.796588964,
      -25.498887051
     ],
     [
      -48.796572951,
      -25.4989047
     ],
     [
      -48.796549501,
      -25.49893146
     ],
     [
      -48.796524018,
      -25.498961678
     ],
     [
      -48.796524018,
      -25.498961678
     ]
    ]
   },
   "properties": {
    "tipo": "curva_nivel",
    "cota_m": 720,
    "equidistancia_m": 2
   }
  },
  {
   "type": "Feature",
   "geometry": {
    "type": "LineString",
    "coordinates": [
     [
      -48.804010827,
      -25.498925544
     ],
     [
      -48.804010827,
      -25.498925544
     ],
     [
      -48.804059761,
      -25.498907209
     ],
     [
      -48.804108694,
      -25.498890366
     ],
     [
      -48.804119175,
      -25.498887051
     ],
     [
      -48.804157628,
      -25.498874993
     ],
     [
      -48.804206561,
      -25.498860998
     ],
     [
      -48.804255494,
      -25.498848316
     ],
     [
      -48.804279799,
      -25.498842642
     ],
     [
      -48.804304428,
      -25.498836906
     ],
     [
      -48.804353361,
      -25.49882673
     ],
     [
      -48.804402295,
      -25.498817745
     ],
     [
      -48.804451228,
      -25.498809924
     ],
     [
      -48.804500161,
      -25.498803244
     ],
     [
      -48.804549095,
      -25.498797691
     ],
     [
      -48.804549095,
      -25.498797691
     ],
     [
      -48.804598028,
      -25.498793251
     ],
     [
      -48.804646962,
      -25.498789929
     ],
     [
      -48.804695895,
      -25.498787729
     ],
     [
      -48.804744828,
      -25.498786665
     ],
     [
      -48.804793762,
      -25.498786757
     ],
     [
      -48.804842695,
      -25.498788032
     ],
     [
      -48.804891629,
      -25.49879053
     ],
     [
      -48.804940562,
      -25.498794298
     ],
     [
      -48.804978528,
      -25.498798233
     ],
     [
      -48.804978528,
      -25.498798233
     ]
    ]
   },
   "properties": {
    "tipo": "curva_nivel",
    "cota_m": 720,
    "equidistancia_m": 2
   }
  },
  {
   "type": "Feature",
   "geometry": {
    "type": "LineString",
    "coordinates": [
     [
      -48.799313221,
      -25.498760134
     ],
     [
      -48.799362155,
      -25.4987865
     ],
     [
      -48.799382715,
      -25.498798233
     ],
     [
      -48.799411088,
      -25.498814714
     ],
     [
      -48.799456407,
      -25.498842642
     ],
     [
      -48.799508955,
      -25.4988772
     ],
     [
      -48.799523132,
      -25.498887051
     ],
     [
      -48.799557888,
      -25.498911765
     ],
     [
      -48.79958424,
      -25.49893146
     ],
     [
      -48.799606822,
      -25.498948771
     ],
     [
      -48.799640576,
      -25.498975869
     ],
     [
      -48.799640576,
      -25.498975869
     ]
    ]
   },
   "properties": {
    "tipo": "curva_nivel",
    "cota_m": 720,
    "equidistancia_m": 2
   }
  },
  {
   "type": "Feature",
   "geometry": {
    "type": "LineString",
    "coordinates": [
     [
      -48.804989495,
      -25.49879939
     ],
     [
      -48.805038429,
      -25.498805858
     ],
     [
      -48.805087362,
      -25.498813796
     ],
     [
      -48.805136295,
      -25.498823301
     ],
     [
      -48.805185229,
      -25.498834486
     ],
     [
      -48.80521628,
      -25.498842642
     ],
     [
      -48.80521628,
      -25.498842642
     ]
    ]
   },
   "properties": {
    "tipo": "curva_nivel",
    "cota_m": 720,
    "equidistancia_m": 2
   }
  },
  {
   "type": "Feature",
   "geometry": {
    "type": "LineString",
    "coordinates": [
     [
      -48.805234162,
      -25.498847468
     ],
     [
      -48.805283096,
      -25.498862366
     ],
     [
      -48.805332029,
      -25.498879383
     ],
     [
      -48.805351865,
      -25.498887051
     ],
     [
      -48.805380962,
      -25.498898685
     ],
     [
      -48.805429896,
      -25.498920483
     ],
     [
      -48.805452243,
      -25.49893146
     ],
     [
      -48.805478829,
      -25.498945037
     ],
     [
      -48.805527763,
      -25.498972612
     ],
     [
      -48.805533121,
      -25.498975869
     ],
     [
      -48.805576696,
      -25.499003549
     ],
     [
      -48.805600891,
      -25.499020278
     ],
     [
      -48.805625629,
      -25.499038225
     ],
     [
      -48.805659505,
      -25.499064687
     ],
     [
      -48.805659505,
      -25.499064687
     ]
    ]
   },
   "properties": {
    "tipo": "curva_nivel",
    "cota_m": 720,
    "equidistancia_m": 2
   }
  },
  {
   "type": "Feature",
   "geometry": {
    "type": "LineString",
    "coordinates": [
     [
      -48.803996187,
      -25.49893146
     ],
     [
      -48.803961894,
      -25.498945522
     ],
     [
      -48.803912961,
      -25.49896718
     ],
     [
      -48.803912961,
      -25.49896718
     ]
    ]
   },
   "properties": {
    "tipo": "curva_nivel",
    "cota_m": 720,
    "equidistancia_m": 2
   }
  },
  {
   "type": "Feature",
   "geometry": {
    "type": "LineString",
    "coordinates": [
     [
      -48.803894653,
      -25.498975869
     ],
     [
      -48.803864027,
      -25.498990685
     ],
     [
      -48.803815094,
      -25.499016088
     ],
     [
      -48.803815094,
      -25.499016088
     ],
     [
      -48.80376616,
      -25.499043648
     ],
     [
      -48.803731282,
      -25.499064687
     ],
     [
      -48.803717227,
      -25.499073396
     ],
     [
      -48.803668294,
      -25.499105567
     ],
     [
      -48.803668294,
      -25.499105567
     ],
     [
      -48.80361936,
      -25.499140463
     ],
     [
      -48.80361936,
      -25.499140463
     ]
    ]
   },
   "properties": {
    "tipo": "curva_nivel",
    "cota_m": 720,
    "equidistancia_m": 2
   }
  },
  {
   "type": "Feature",
   "geometry": {
    "type": "LineString",
    "coordinates": [
     [
      -48.799655755,
      -25.498988396
     ],
     [
      -48.799692781,
      -25.499020278
     ],
     [
      -48.799692781,
      -25.499020278
     ]
    ]
   },
   "properties": {
    "tipo": "curva_nivel",
    "cota_m": 720,
    "equidistancia_m": 2
   }
  },
  {
   "type": "Feature",
   "geometry": {
    "type": "LineString",
    "coordinates": [
     [
      -48.796512358,
      -25.498975869
     ],
     [
      -48.796477156,
      -25.499020278
     ],
     [
      -48.796475084,
      -25.499022957
     ],
     [
      -48.796443255,
      -25.499064687
     ],
     [
      -48.796426151,
      -25.499088065
     ],
     [
      -48.796410861,
      -25.499109096
     ],
     [
      -48.796379804,
      -25.499153505
     ],
     [
      -48.796377218,
      -25.499157298
     ],
     [
      -48.796349409,
      -25.499197914
     ],
     [
      -48.796328284,
      -25.499230202
     ],
     [
      -48.796328284,
      -25.499230202
     ]
    ]
   },
   "properties": {
    "tipo": "curva_nivel",
    "cota_m": 720,
    "equidistancia_m": 2
   }
  },
  {
   "type": "Feature",
   "geometry": {
    "type": "LineString",
    "coordinates": [
     [
      -48.799704689,
      -25.499030842
     ],
     [
      -48.799741387,
      -25.499064687
     ],
     [
      -48.799741387,
      -25.499064687
     ]
    ]
   },
   "properties": {
    "tipo": "curva_nivel",
    "cota_m": 720,
    "equidistancia_m": 2
   }
  },
  {
   "type": "Feature",
   "geometry": {
    "type": "LineString",
    "coordinates": [
     [
      -48.805674563,
      -25.49907708
     ],
     [
      -48.805711038,
      -25.499109096
     ],
     [
      -48.805711038,
      -25.499109096
     ]
    ]
   },
   "properties": {
    "tipo": "curva_nivel",
    "cota_m": 720,
    "equidistancia_m": 2
   }
  },
  {
   "type": "Feature",
   "geometry": {
    "type": "LineString",
    "coordinates": [
     [
      -48.799753622,
      -25.499076337
     ],
     [
      -48.799786835,
      -25.499109096
     ],
     [
      -48.799786835,
      -25.499109096
     ]
    ]
   },
   "properties": {
    "tipo": "curva_nivel",
    "cota_m": 720,
    "equidistancia_m": 2
   }
  },
  {
   "type": "Feature",
   "geometry": {
    "type": "LineString",
    "coordinates": [
     [
      -48.805723496,
      -25.499120668
     ],
     [
      -48.805756937,
      -25.499153505
     ],
     [
      -48.805756937,
      -25.499153505
     ]
    ]
   },
   "properties": {
    "tipo": "curva_nivel",
    "cota_m": 720,
    "equidistancia_m": 2
   }
  },
  {
   "type": "Feature",
   "geometry": {
    "type": "LineString",
    "coordinates": [
     [
      -48.799802555,
      -25.499125138
     ],
     [
      -48.799829489,
      -25.499153505
     ],
     [
      -48.799851489,
      -25.499177525
     ],
     [
      -48.799869645,
      -25.499197914
     ],
     [
      -48.799900422,
      -25.499233811
     ],
     [
      -48.799907544,
      -25.499242323
     ],
     [
      -48.799943368,
      -25.499286732
     ],
     [
      -48.799977309,
      -25.499331142
     ],
     [
      -48.799998289,
      -25.499359909
     ],
     [
      -48.800009513,
      -25.499375551
     ],
     [
      -48.800040091,
      -25.49941996
     ],
     [
      -48.800069181,
      -25.499464369
     ],
     [
      -48.800096156,
      -25.499507713
     ],
     [
      -48.800096813,
      -25.499508778
     ],
     [
      -48.800123172,
      -25.499553187
     ],
     [
      -48.800145089,
      -25.499592054
     ],
     [
      -48.800148203,
      -25.499597596
     ],
     [
      -48.800172103,
      -25.499642005
     ],
     [
      -48.800194023,
      -25.499684952
     ],
     [
      -48.80019477,
      -25.499686414
     ],
     [
      -48.800216457,
      -25.499730823
     ],
     [
      -48.800237,
      -25.499775232
     ],
     [
      -48.800256615,
      -25.499819641
     ],
     [
      -48.800275245,
      -25.49986405
     ],
     [
      -48.800291889,
      -25.499905983
     ],
     [
      -48.800292883,
      -25.499908459
     ],
     [
      -48.800309789,
      -25.499952868
     ],
     [
      -48.800325771,
      -25.499997277
     ],
     [
      -48.800340823,
      -25.500041526
     ],
     [
      -48.800340878,
      -25.500041686
     ],
     [
      -48.8003554,
      -25.500086095
     ],
     [
      -48.800369134,
      -25.500130504
     ],
     [
      -48.800382134,
      -25.500174913
     ],
     [
      -48.800389756,
      -25.500202426
     ],
     [
      -48.800394547,
      -25.500219322
     ],
     [
      -48.800406473,
      -25.500263731
     ],
     [
      -48.80041783,
      -25.500308141
     ],
     [
      -48.800428682,
      -25.50035255
     ],
     [
      -48.80043869,
      -25.500395219
     ],
     [
      -48.80043911,
      -25.500396959
     ],
     [
      -48.800449384,
      -25.500441368
     ],
     [
      -48.800459371,
      -25.500485777
     ],
     [
      -48.800469159,
      -25.500530186
     ],
     [
      -48.800478844,
      -25.500574595
     ],
     [
      -48.800487623,
      -25.500614909
     ],
     [
      -48.800488549,
      -25.500619004
     ],
     [
      -48.800498571,
      -25.500663413
     ],
     [
      -48.800508828,
      -25.500707822
     ],
     [
      -48.800519458,
      -25.500752231
     ],
     [
      -48.800530611,
      -25.50079664
     ],
     [
      -48.800536556,
      -25.500819164
     ],
     [
      -48.800542603,
      -25.500841049
     ],
     [
      -48.800555635,
      -25.500885458
     ],
     [
      -48.80056977,
      -25.500929867
     ],
     [
      -48.800585244,
      -25.500974276
     ],
     [
      -48.800602765,
      -25.501018685
     ],
     [
      -48.800622237,
      -25.501063094
     ],
     [
      -48.800634423,
      -25.501088293
     ],
     [
      -48.800644269,
      -25.501107503
     ],
     [
      -48.800669393,
      -25.501151912
     ],
     [
      -48.800683356,
      -25.501174175
     ],
     [
      -48.800698151,
      -25.501196321
     ],
     [
      -48.800731147,
      -25.501240731
     ],
     [
      -48.800769711,
      -25.50128514
     ],
     [
      -48.800769711,
      -25.50128514
     ]
    ]
   },
   "properties": {
    "tipo": "curva_nivel",
    "cota_m": 720,
    "equidistancia_m": 2
   }
  },
  {
   "type": "Feature",
   "geometry": {
    "type": "LineString",
    "coordinates": [
     [
      -48.80577243,
      -25.499169678
     ],
     [
      -48.805798221,
      -25.499197914
     ],
     [
      -48.805821363,
      -25.499224974
     ],
     [
      -48.805835615,
      -25.499242323
     ],
     [
      -48.805869628,
      -25.499286732
     ],
     [
      -48.805900706,
      -25.499331142
     ],
     [
      -48.80591923,
      -25.499359853
     ],
     [
      -48.805929119,
      -25.499375551
     ],
     [
      -48.805955133,
      -25.49941996
     ],
     [
      -48.805968163,
      -25.499444106
     ],
     [
      -48.805978932,
      -25.499464369
     ],
     [
      -48.806000676,
      -25.499508778
     ],
     [
      -48.806017097,
      -25.499545669
     ],
     [
      -48.806020419,
      -25.499553187
     ],
     [
      -48.806038424,
      -25.499597596
     ],
     [
      -48.806054567,
      -25.499642005
     ],
     [
      -48.80606603,
      -25.49967734
     ],
     [
      -48.806068982,
      -25.499686414
     ],
     [
      -48.806081857,
      -25.499730823
     ],
     [
      -48.806093056,
      -25.499775232
     ],
     [
      -48.806102632,
      -25.499819641
     ],
     [
      -48.806110629,
      -25.49986405
     ],
     [
      -48.806114963,
      -25.499893805
     ],
     [
      -48.806117132,
      -25.499908459
     ],
     [
      -48.80612219,
      -25.499952868
     ],
     [
      -48.806125739,
      -25.499997277
     ],
     [
      -48.806127804,
      -25.500041686
     ],
     [
      -48.806128406,
      -25.500086095
     ],
     [
      -48.806127562,
      -25.500130504
     ],
     [
      -48.806125286,
      -25.500174913
     ],
     [
      -48.806121588,
      -25.500219322
     ],
     [
      -48.806116476,
      -25.500263731
     ],
     [
      -48.806114963,
      -25.500274105
     ],
     [
      -48.806110064,
      -25.500308141
     ],
     [
      -48.806102308,
      -25.50035255
     ],
     [
      -48.806093172,
      -25.500396959
     ],
     [
      -48.806082651,
      -25.500441368
     ],
     [
      -48.806070732,
      -25.500485777
     ],
     [
      -48.80606603,
      -25.500501624
     ],
     [
      -48.806057566,
      -25.500530186
     ],
     [
      -48.806043087,
      -25.500574595
     ],
     [
      -48.806027178,
      -25.500619004
     ],
     [
      -48.806017097,
      -25.500645034
     ],
     [
      -48.806017097,
      -25.500645034
     ]
    ]
   },
   "properties": {
    "tipo": "curva_nivel",
    "cota_m": 720,
    "equidistancia_m": 2
   }
  },
  {
   "type": "Feature",
   "geometry": {
    "type": "LineString",
    "coordinates": [
     [
      -48.803602083,
      -25.499153505
     ],
     [
      -48.803570427,
      -25.499178234
     ],
     [
      -48.803546453,
      -25.499197914
     ],
     [
      -48.803521493,
      -25.499219189
     ],
     [
      -48.803495562,
      -25.499242323
     ],
     [
      -48.80347256,
      -25.4992637
     ],
     [
      -48.803448787,
      -25.499286732
     ],
     [
      -48.803423627,
      -25.49931221
     ],
     [
      -48.80340562,
      -25.499331142
     ],
     [
      -48.803374693,
      -25.499365239
     ],
     [
      -48.803374693,
      -25.499365239
     ]
    ]
   },
   "properties": {
    "tipo": "curva_nivel",
    "cota_m": 720,
    "equidistancia_m": 2
   }
  },
  {
   "type": "Feature",
   "geometry": {
    "type": "LineString",
    "coordinates": [
     [
      -48.796320264,
      -25.499242323
     ],
     [
      -48.796291787,
      -25.499286732
     ],
     [
      -48.796279351,
      -25.499306914
     ],
     [
      -48.796264108,
      -25.499331142
     ],
     [
      -48.796237323,
      -25.499375551
     ],
     [
      -48.796230417,
      -25.499387431
     ],
     [
      -48.796210929,
      -25.49941996
     ],
     [
      -48.796185612,
      -25.499464369
     ],
     [
      -48.796181484,
      -25.499471894
     ],
     [
      -48.796160432,
      -25.499508778
     ],
     [
      -48.796136433,
      -25.499553187
     ],
     [
      -48.796132551,
      -25.499560689
     ],
     [
      -48.796112485,
      -25.499597596
     ],
     [
      -48.7960897,
      -25.499642005
     ],
     [
      -48.796083617,
      -25.499654474
     ],
     [
      -48.796067085,
      -25.499686414
     ],
     [
      -48.796045434,
      -25.499730823
     ],
     [
      -48.796034684,
      -25.499754227
     ],
     [
      -48.796024337,
      -25.499775232
     ],
     [
      -48.796003755,
      -25.499819641
     ],
     [
      -48.795985751,
      -25.499861289
     ],
     [
      -48.795985751,
      -25.499861289
     ],
     [
      -48.795964867,
      -25.499908459
     ],
     [
      -48.795946685,
      -25.499952868
     ],
     [
      -48.795936817,
      -25.499978773
     ],
     [
      -48.795936817,
      -25.499978773
     ]
    ]
   },
   "properties": {
    "tipo": "curva_nivel",
    "cota_m": 720,
    "equidistancia_m": 2
   }
  },
  {
   "type": "Feature",
   "geometry": {
    "type": "LineString",
    "coordinates": [
     [
      -48.794811349,
      -25.499375112
     ],
     [
      -48.794811567,
      -25.499375551
     ],
     [
      -48.794832981,
      -25.49941996
     ],
     [
      -48.794853322,
      -25.499464369
     ],
     [
      -48.794853322,
      -25.499464369
     ]
    ]
   },
   "properties": {
    "tipo": "curva_nivel",
    "cota_m": 720,
    "equidistancia_m": 2
   }
  },
  {
   "type": "Feature",
   "geometry": {
    "type": "LineString",
    "coordinates": [
     [
      -48.80336565,
      -25.499375551
     ],
     [
      -48.80332859,
      -25.49941996
     ],
     [
      -48.80332576,
      -25.499423528
     ],
     [
      -48.803294277,
      -25.499464369
     ],
     [
      -48.803276826,
      -25.499488345
     ],
     [
      -48.803262316,
      -25.499508778
     ],
     [
      -48.80323259,
      -25.499553187
     ],
     [
      -48.803227893,
      -25.499560637
     ],
     [
      -48.803205041,
      -25.499597596
     ],
     [
      -48.803179384,
      -25.499642005
     ],
     [
      -48.80317896,
      -25.499642789
     ],
     [
      -48.8031557,
      -25.499686414
     ],
     [
      -48.80313373,
      -25.499730823
     ],
     [
      -48.803130026,
      -25.499738899
     ],
     [
      -48.803113514,
      -25.499775232
     ],
     [
      -48.803094924,
      -25.499819641
     ],
     [
      -48.803081093,
      -25.499855708
     ],
     [
      -48.803081093,
      -25.499855708
     ],
     [
      -48.80306245,
      -25.499908459
     ],
     [
      -48.803048478,
      -25.499952868
     ],
     [
      -48.803035956,
      -25.499997277
     ],
     [
      -48.803032159,
      -25.500012512
     ],
     [
      -48.803024857,
      -25.500041686
     ],
     [
      -48.80301515,
      -25.500086095
     ],
     [
      -48.803006807,
      -25.500130504
     ],
     [
      -48.802999804,
      -25.500174913
     ],
     [
      -48.802994116,
      -25.500219322
     ],
     [
      -48.802989723,
      -25.500263731
     ],
     [
      -48.802986603,
      -25.500308141
     ],
     [
      -48.80298474,
      -25.50035255
     ],
     [
      -48.802984114,
      -25.500396959
     ],
     [
      -48.802984712,
      -25.500441368
     ],
     [
      -48.802986519,
      -25.500485777
     ],
     [
      -48.802989523,
      -25.500530186
     ],
     [
      -48.802993714,
      -25.500574595
     ],
     [
      -48.802999087,
      -25.500619004
     ],
     [
      -48.803005636,
      -25.500663413
     ],
     [
      -48.803013362,
      -25.500707822
     ],
     [
      -48.803022269,
      -25.500752231
     ],
     [
      -48.803032159,
      -25.500795754
     ],
     [
      -48.803032368,
      -25.50079664
     ],
     [
      -48.803043669,
      -25.500841049
     ],
     [
      -48.803056203,
      -25.500885458
     ],
     [
      -48.803070006,
      -25.500929867
     ],
     [
      -48.803081093,
      -25.50096283
     ],
     [
      -48.803085139,
      -25.500974276
     ],
     [
      -48.803101687,
      -25.501018685
     ],
     [
      -48.803119724,
      -25.501063094
     ],
     [
      -48.803130026,
      -25.501087036
     ],
     [
      -48.803139426,
      -25.501107503
     ],
     [
      -48.80316098,
      -25.501151912
     ],
     [
      -48.80317896,
      -25.501186307
     ],
     [
      -48.803184628,
      -25.501196321
     ],
     [
      -48.803210819,
      -25.501240731
     ],
     [
      -48.803227893,
      -25.501267727
     ],
     [
      -48.803240039,
      -25.50128514
     ],
     [
      -48.80327309,
      -25.501329549
     ],
     [
      -48.803311342,
      -25.501373958
     ],
     [
      -48.803311342,
      -25.501373958
     ]
    ]
   },
   "properties": {
    "tipo": "curva_nivel",
    "cota_m": 720,
    "equidistancia_m": 2
   }
  },
  {
   "type": "Feature",
   "geometry": {
    "type": "LineString",
    "coordinates": [
     [
      -48.794860282,
      -25.499480256
     ],
     [
      -48.79487332,
      -25.499508778
     ],
     [
      -48.794892615,
      -25.499553187
     ],
     [
      -48.794909216,
      -25.499593682
     ],
     [
      -48.79491091,
      -25.499597596
     ],
     [
      -48.794929152,
      -25.499642005
     ],
     [
      -48.79494624,
      -25.499686414
     ],
     [
      -48.794958149,
      -25.499719549
     ],
     [
      -48.794962492,
      -25.499730823
     ],
     [
      -48.794978449,
      -25.499775232
     ],
     [
      -48.794993205,
      -25.499819641
     ],
     [
      -48.795006774,
      -25.49986405
     ],
     [
      -48.795020268,
      -25.499908459
     ],
     [
      -48.795032554,
      -25.499952868
     ],
     [
      -48.795043626,
      -25.499997277
     ],
     [
      -48.795053517,
      -25.500041686
     ],
     [
      -48.795062934,
      -25.500086095
     ],
     [
      -48.795071413,
      -25.500130504
     ],
     [
      -48.795078737,
      -25.500174913
     ],
     [
      -48.795084968,
      -25.500219322
     ],
     [
      -48.795090176,
      -25.500263731
     ],
     [
      -48.795094446,
      -25.500308141
     ],
     [
      -48.795097874,
      -25.50035255
     ],
     [
      -48.795100576,
      -25.500396959
     ],
     [
      -48.795102687,
      -25.500441368
     ],
     [
      -48.795104366,
      -25.500485777
     ],
     [
      -48.795104366,
      -25.500485777
     ]
    ]
   },
   "properties": {
    "tipo": "curva_nivel",
    "cota_m": 720,
    "equidistancia_m": 2
   }
  },
  {
   "type": "Feature",
   "geometry": {
    "type": "LineString",
    "coordinates": [
     [
      -48.795929069,
      -25.499997277
     ],
     [
      -48.795911775,
      -25.500041686
     ],
     [
      -48.795895786,
      -25.500086095
     ],
     [
      -48.795887884,
      -25.500109757
     ],
     [
      -48.795887884,
      -25.500109757
     ]
    ]
   },
   "properties": {
    "tipo": "curva_nivel",
    "cota_m": 720,
    "equidistancia_m": 2
   }
  },
  {
   "type": "Feature",
   "geometry": {
    "type": "LineString",
    "coordinates": [
     [
      -48.795880161,
      -25.500130504
     ],
     [
      -48.795864822,
      -25.500174913
     ],
     [
      -48.795850607,
      -25.500219322
     ],
     [
      -48.79583895,
      -25.500258422
     ],
     [
      -48.79583895,
      -25.500258422
     ],
     [
      -48.795823098,
      -25.500308141
     ],
     [
      -48.795809847,
      -25.50035255
     ],
     [
      -48.795797218,
      -25.500396959
     ],
     [
      -48.795790017,
      -25.500423133
     ],
     [
      -48.795790017,
      -25.500423133
     ]
    ]
   },
   "properties": {
    "tipo": "curva_nivel",
    "cota_m": 720,
    "equidistancia_m": 2
   }
  },
  {
   "type": "Feature",
   "geometry": {
    "type": "LineString",
    "coordinates": [
     [
      -48.795784259,
      -25.500441368
     ],
     [
      -48.795770509,
      -25.500485777
     ],
     [
      -48.795756814,
      -25.500530186
     ],
     [
      -48.795742913,
      -25.500574595
     ],
     [
      -48.795741084,
      -25.50058024
     ],
     [
      -48.79572648,
      -25.500619004
     ],
     [
      -48.795708969,
      -25.500663413
     ],
     [
      -48.79569215,
      -25.500703535
     ],
     [
      -48.79569215,
      -25.500703535
     ],
     [
      -48.795666383,
      -25.500752231
     ],
     [
      -48.795643217,
      -25.50079256
     ],
     [
      -48.795643217,
      -25.50079256
     ],
     [
      -48.795607071,
      -25.500841049
     ],
     [
      -48.795594283,
      -25.500856719
     ],
     [
      -48.795565541,
      -25.500885458
     ],
     [
      -48.79554535,
      -25.500904086
     ],
     [
      -48.795509989,
      -25.500929867
     ],
     [
      -48.795496417,
      -25.500939027
     ],
     [
      -48.795447483,
      -25.500963604
     ],
     [
      -48.795415387,
      -25.500974276
     ],
     [
      -48.79539855,
      -25.500979508
     ],
     [
      -48.795349616,
      -25.500986359
     ],
     [
      -48.795300683,
      -25.500984153
     ],
     [
      -48.795263337,
      -25.500974276
     ],
     [
      -48.795263337,
      -25.500974276
     ],
     [
      -48.795202816,
      -25.50093846
     ],
     [
      -48.795162218,
      -25.500885458
     ],
     [
      -48.795162218,
      -25.500885458
     ]
    ]
   },
   "properties": {
    "tipo": "curva_nivel",
    "cota_m": 720,
    "equidistancia_m": 2
   }
  },
  {
   "type": "Feature",
   "geometry": {
    "type": "LineString",
    "coordinates": [
     [
      -48.795104949,
      -25.500504167
     ],
     [
      -48.795105929,
      -25.500530186
     ],
     [
      -48.795107573,
      -25.500574595
     ],
     [
      -48.795109535,
      -25.500619004
     ],
     [
      -48.795112217,
      -25.500663413
     ],
     [
      -48.795116125,
      -25.500707822
     ],
     [
      -48.795121909,
      -25.500752231
     ],
     [
      -48.795130416,
      -25.50079664
     ],
     [
      -48.795142782,
      -25.500841049
     ],
     [
      -48.795153883,
      -25.500869592
     ]
    ]
   },
   "properties": {
    "tipo": "curva_nivel",
    "cota_m": 720,
    "equidistancia_m": 2
   }
  },
  {
   "type": "Feature",
   "geometry": {
    "type": "LineString",
    "coordinates": [
     [
      -48.806009923,
      -25.500663413
     ],
     [
      -48.805991353,
      -25.500707822
     ],
     [
      -48.805971252,
      -25.500752231
     ],
     [
      -48.805968163,
      -25.500758721
     ],
     [
      -48.805949803,
      -25.50079664
     ],
     [
      -48.805926747,
      -25.500841049
     ],
     [
      -48.80591923,
      -25.500854849
     ],
     [
      -48.805902126,
      -25.500885458
     ],
     [
      -48.805875742,
      -25.500929867
     ],
     [
      -48.805870296,
      -25.500938681
     ],
     [
      -48.805847543,
      -25.500974276
     ],
     [
      -48.805821363,
      -25.501012868
     ],
     [
      -48.805821363,
      -25.501012868
     ],
     [
      -48.805784727,
      -25.501063094
     ],
     [
      -48.80577243,
      -25.501079154
     ],
     [
      -48.805749597,
      -25.501107503
     ],
     [
      -48.805723496,
      -25.501138458
     ],
     [
      -48.805723496,
      -25.501138458
     ]
    ]
   },
   "properties": {
    "tipo": "curva_nivel",
    "cota_m": 720,
    "equidistancia_m": 2
   }
  },
  {
   "type": "Feature",
   "geometry": {
    "type": "LineString",
    "coordinates": [
     [
      -48.80571148,
      -25.501151912
     ],
     [
      -48.805674563,
      -25.501191585
     ],
     [
      -48.805674563,
      -25.501191585
     ],
     [
      -48.805625629,
      -25.501239269
     ],
     [
      -48.805625629,
      -25.501239269
     ],
     [
      -48.805576696,
      -25.501282102
     ],
     [
      -48.805576696,
      -25.501282102
     ],
     [
      -48.805527763,
      -25.501320557
     ],
     [
      -48.805527763,
      -25.501320557
     ]
    ]
   },
   "properties": {
    "tipo": "curva_nivel",
    "cota_m": 720,
    "equidistancia_m": 2
   }
  },
  {
   "type": "Feature",
   "geometry": {
    "type": "LineString",
    "coordinates": [
     [
      -48.800781223,
      -25.501297129
     ],
     [
      -48.800814638,
      -25.501329549
     ],
     [
      -48.800814638,
      -25.501329549
     ]
    ]
   },
   "properties": {
    "tipo": "curva_nivel",
    "cota_m": 720,
    "equidistancia_m": 2
   }
  },
  {
   "type": "Feature",
   "geometry": {
    "type": "LineString",
    "coordinates": [
     [
      -48.805515205,
      -25.501329549
     ],
     [
      -48.805478829,
      -25.501355008
     ],
     [
      -48.805448868,
      -25.501373958
     ],
     [
      -48.805429896,
      -25.50138574
     ],
     [
      -48.805380962,
      -25.501413201
     ],
     [
      -48.805380962,
      -25.501413201
     ],
     [
      -48.805332029,
      -25.501438025
     ],
     [
      -48.805283096,
      -25.501459954
     ],
     [
      -48.805283096,
      -25.501459954
     ],
     [
      -48.805234162,
      -25.501479959
     ],
     [
      -48.805185229,
      -25.501497682
     ],
     [
      -48.80515605,
      -25.501507185
     ],
     [
      -48.805136295,
      -25.501513625
     ],
     [
      -48.805087362,
      -25.501528102
     ],
     [
      -48.805038429,
      -25.501540947
     ],
     [
      -48.804992947,
      -25.501551594
     ],
     [
      -48.804989495,
      -25.50155241
     ],
     [
      -48.804940562,
      -25.501563011
     ],
     [
      -48.804891629,
      -25.501572444
     ],
     [
      -48.804842695,
      -25.50158084
     ],
     [
      -48.804793762,
      -25.501588308
     ],
     [
      -48.804744828,
      -25.501594939
     ],
     [
      -48.804744828,
      -25.501594939
     ],
     [
      -48.804695895,
      -25.501600998
     ],
     [
      -48.804646962,
      -25.501606362
     ],
     [
      -48.804598028,
      -25.501611045
     ],
     [
      -48.804549095,
      -25.501615089
     ],
     [
      -48.804500161,
      -25.50161853
     ],
     [
      -48.804451228,
      -25.501621395
     ],
     [
      -48.804402295,
      -25.501623703
     ],
     [
      -48.804353361,
      -25.501625463
     ],
     [
      -48.804304428,
      -25.501626681
     ],
     [
      -48.804255494,
      -25.501627352
     ],
     [
      -48.804206561,
      -25.501627464
     ],
     [
      -48.804157628,
      -25.501626994
     ],
     [
      -48.804108694,
      -25.501625912
     ],
     [
      -48.804059761,
      -25.501624173
     ],
     [
      -48.804010827,
      -25.501621717
     ],
     [
      -48.803961894,
      -25.501618465
     ],
     [
      -48.803912961,
      -25.501614312
     ],
     [
      -48.803864027,
      -25.501609122
     ],
     [
      -48.803815094,
      -25.501602714
     ],
     [
      -48.803773015,
      -25.501596003
     ],
     [
      -48.803773015,
      -25.501596003
     ],
     [
      -48.803717227,
      -25.50158584
     ],
     [
      -48.803668294,
      -25.501574761
     ],
     [
      -48.80361936,
      -25.501561128
     ],
     [
      -48.803590777,
      -25.501551594
     ],
     [
      -48.803590777,
      -25.501551594
     ]
    ]
   },
   "properties": {
    "tipo": "curva_nivel",
    "cota_m": 720,
    "equidistancia_m": 2
   }
  },
  {
   "type": "Feature",
   "geometry": {
    "type": "LineString",
    "coordinates": [
     [
      -48.800830157,
      -25.501343295
     ],
     [
      -48.800867421,
      -25.501373958
     ],
     [
      -48.800867421,
      -25.501373958
     ]
    ]
   },
   "properties": {
    "tipo": "curva_nivel",
    "cota_m": 720,
    "equidistancia_m": 2
   }
  },
  {
   "type": "Feature",
   "geometry": {
    "type": "LineString",
    "coordinates": [
     [
      -48.80332576,
      -25.501389476
     ],
     [
      -48.803356692,
      -25.501418367
     ],
     [
      -48.803374693,
      -25.501434313
     ],
     [
      -48.803412593,
      -25.501462776
     ],
     [
      -48.803412593,
      -25.501462776
     ]
    ]
   },
   "properties": {
    "tipo": "curva_nivel",
    "cota_m": 720,
    "equidistancia_m": 2
   }
  },
  {
   "type": "Feature",
   "geometry": {
    "type": "LineString",
    "coordinates": [
     [
      -48.801005132,
      -25.501462776
     ],
     [
      -48.801005132,
      -25.501462776
     ],
     [
      -48.800976957,
      -25.501446951
     ],
     [
      -48.800928023,
      -25.50141712
     ],
     [
      -48.800929928,
      -25.501418367
     ],
     [
      -48.80087909,
      -25.501382784
     ]
    ]
   },
   "properties": {
    "tipo": "curva_nivel",
    "cota_m": 720,
    "equidistancia_m": 2
   }
  },
  {
   "type": "Feature",
   "geometry": {
    "type": "LineString",
    "coordinates": [
     [
      -48.803570427,
      -25.501544683
     ],
     [
      -48.803521493,
      -25.501524948
     ],
     [
      -48.80347256,
      -25.501500444
     ],
     [
      -48.803485733,
      -25.501507185
     ],
     [
      -48.803423627,
      -25.501470706
     ]
    ]
   },
   "properties": {
    "tipo": "curva_nivel",
    "cota_m": 720,
    "equidistancia_m": 2
   }
  },
  {
   "type": "Feature",
   "geometry": {
    "type": "LineString",
    "coordinates": [
     [
      -48.80102589,
      -25.501473664
     ],
     [
      -48.801074824,
      -25.501497562
     ],
     [
      -48.801095977,
      -25.501507185
     ],
     [
      -48.801123757,
      -25.501519085
     ],
     [
      -48.80117269,
      -25.501538646
     ],
     [
      -48.801207424,
      -25.501551594
     ],
     [
      -48.801207424,
      -25.501551594
     ]
    ]
   },
   "properties": {
    "tipo": "curva_nivel",
    "cota_m": 720,
    "equidistancia_m": 2
   }
  },
  {
   "type": "Feature",
   "geometry": {
    "type": "LineString",
    "coordinates": [
     [
      -48.801221624,
      -25.501556615
     ],
     [
      -48.801270557,
      -25.501572891
     ],
     [
      -48.801319491,
      -25.501588115
     ],
     [
      -48.801346459,
      -25.501596003
     ],
     [
      -48.801346459,
      -25.501596003
     ]
    ]
   },
   "properties": {
    "tipo": "curva_nivel",
    "cota_m": 720,
    "equidistancia_m": 2
   }
  },
  {
   "type": "Feature",
   "geometry": {
    "type": "LineString",
    "coordinates": [
     [
      -48.801748407,
      -25.501684821
     ],
     [
      -48.801748407,
      -25.501684821
     ],
     [
      -48.801710958,
      -25.501678124
     ],
     [
      -48.801662024,
      -25.50166898
     ],
     [
      -48.801613091,
      -25.501659421
     ],
     [
      -48.801564158,
      -25.501649399
     ],
     [
      -48.801515224,
      -25.501638802
     ],
     [
      -48.801522446,
      -25.501640412
     ],
     [
      -48.801466291,
      -25.501627269
     ],
     [
      -48.801417357,
      -25.501615076
     ],
     [
      -48.801368424,
      -25.501602152
     ]
    ]
   },
   "properties": {
    "tipo": "curva_nivel",
    "cota_m": 720,
    "equidistancia_m": 2
   }
  },
  {
   "type": "Feature",
   "geometry": {
    "type": "LineString",
    "coordinates": [
     [
      -48.801759891,
      -25.501686824
     ],
     [
      -48.801808825,
      -25.501694961
     ],
     [
      -48.801857758,
      -25.501702818
     ],
     [
      -48.801906691,
      -25.501710433
     ],
     [
      -48.801955625,
      -25.501717844
     ],
     [
      -48.802004558,
      -25.50172509
     ],
     [
      -48.802033317,
      -25.50172923
     ],
     [
      -48.802033317,
      -25.50172923
     ]
    ]
   },
   "properties": {
    "tipo": "curva_nivel",
    "cota_m": 720,
    "equidistancia_m": 2
   }
  },
  {
   "type": "Feature",
   "geometry": {
    "type": "LineString",
    "coordinates": [
     [
      -48.802825324,
      -25.501862457
     ],
     [
      -48.802825324,
      -25.501862457
     ],
     [
      -48.802787492,
      -25.501851903
     ],
     [
      -48.802738559,
      -25.501839821
     ],
     [
      -48.802689626,
      -25.501829155
     ],
     [
      -48.802632525,
      -25.501818048
     ],
     [
      -48.802591759,
      -25.501810448
     ],
     [
      -48.802542826,
      -25.501801976
     ],
     [
      -48.802493892,
      -25.50179409
     ],
     [
      -48.802444959,
      -25.501786656
     ],
     [
      -48.802396025,
      -25.501779566
     ],
     [
      -48.802347092,
      -25.501772689
     ],
     [
      -48.80235384,
      -25.501773639
     ],
     [
      -48.802298159,
      -25.50176574
     ],
     [
      -48.802249225,
      -25.501758937
     ],
     [
      -48.802200292,
      -25.501752221
     ],
     [
      -48.802151358,
      -25.50174554
     ],
     [
      -48.802102425,
      -25.501738845
     ],
     [
      -48.802053492,
      -25.501732094
     ]
    ]
   },
   "properties": {
    "tipo": "curva_nivel",
    "cota_m": 720,
    "equidistancia_m": 2
   }
  },
  {
   "type": "Feature",
   "geometry": {
    "type": "LineString",
    "coordinates": [
     [
      -48.802836426,
      -25.501865602
     ],
     [
      -48.802885359,
      -25.501880707
     ],
     [
      -48.802934293,
      -25.50189863
     ],
     [
      -48.802954128,
      -25.501906866
     ],
     [
      -48.802983226,
      -25.501919203
     ],
     [
      -48.803032159,
      -25.501943547
     ],
     [
      -48.803045767,
      -25.501951275
     ],
     [
      -48.803081093,
      -25.501971821
     ],
     [
      -48.803115983,
      -25.501995684
     ],
     [
      -48.803115983,
      -25.501995684
     ]
    ]
   },
   "properties": {
    "tipo": "curva_nivel",
    "cota_m": 720,
    "equidistancia_m": 2
   }
  },
  {
   "type": "Feature",
   "geometry": {
    "type": "LineString",
    "coordinates": [
     [
      -48.803130026,
      -25.502005524
     ],
     [
      -48.803173095,
      -25.502040093
     ],
     [
      -48.803221849,
      -25.502084502
     ],
     [
      -48.803264972,
      -25.502128911
     ],
     [
      -48.803264972,
      -25.502128911
     ]
    ]
   },
   "properties": {
    "tipo": "curva_nivel",
    "cota_m": 720,
    "equidistancia_m": 2
   }
  },
  {
   "type": "Feature",
   "geometry": {
    "type": "LineString",
    "coordinates": [
     [
      -48.80621283,
      -25.502094631
     ],
     [
      -48.806163897,
      -25.502116705
     ],
     [
      -48.806138965,
      -25.502128911
     ],
     [
      -48.806114963,
      -25.502140735
     ],
     [
      -48.80606603,
      -25.502166983
     ],
     [
      -48.80606603,
      -25.502166983
     ]
    ]
   },
   "properties": {
    "tipo": "curva_nivel",
    "cota_m": 720,
    "equidistancia_m": 2
   }
  },
  {
   "type": "Feature",
   "geometry": {
    "type": "LineString",
    "coordinates": [
     [
      -48.803276826,
      -25.502141579
     ],
     [
      -48.803304123,
      -25.50217332
     ],
     [
      -48.80332576,
      -25.50219907
     ],
     [
      -48.803340347,
      -25.50221773
     ],
     [
      -48.803374334,
      -25.502262139
     ],
     [
      -48.803406957,
      -25.502306548
     ],
     [
      -48.803423627,
      -25.502329751
     ],
     [
      -48.803438192,
      -25.502350957
     ],
     [
      -48.803468358,
      -25.502395366
     ],
     [
      -48.80349797,
      -25.502439775
     ],
     [
      -48.803521493,
      -25.502475961
     ],
     [
      -48.80352671,
      -25.502484184
     ],
     [
      -48.803555161,
      -25.502528593
     ],
     [
      -48.803570427,
      -25.502552719
     ],
     [
      -48.803583089,
      -25.502573002
     ],
     [
      -48.803610651,
      -25.502617411
     ],
     [
      -48.803610651,
      -25.502617411
     ]
    ]
   },
   "properties": {
    "tipo": "curva_nivel",
    "cota_m": 720,
    "equidistancia_m": 2
   }
  },
  {
   "type": "Feature",
   "geometry": {
    "type": "LineString",
    "coordinates": [
     [
      -48.806055017,
      -25.50217332
     ],
     [
      -48.806017097,
      -25.502195351
     ],
     [
      -48.805981919,
      -25.50221773
     ],
     [
      -48.805968163,
      -25.502226585
     ],
     [
      -48.80591923,
      -25.502260666
     ],
     [
      -48.80591923,
      -25.502260666
     ],
     [
      -48.805870296,
      -25.502297423
     ],
     [
      -48.805870296,
      -25.502297423
     ]
    ]
   },
   "properties": {
    "tipo": "curva_nivel",
    "cota_m": 720,
    "equidistancia_m": 2
   }
  },
  {
   "type": "Feature",
   "geometry": {
    "type": "LineString",
    "coordinates": [
     [
      -48.805858998,
      -25.502306548
     ],
     [
      -48.805821363,
      -25.502337449
     ],
     [
      -48.805821363,
      -25.502337449
     ]
    ]
   },
   "properties": {
    "tipo": "curva_nivel",
    "cota_m": 720,
    "equidistancia_m": 2
   }
  },
  {
   "type": "Feature",
   "geometry": {
    "type": "LineString",
    "coordinates": [
     [
      -48.805805927,
      -25.502350957
     ],
     [
      -48.80577243,
      -25.502380809
     ],
     [
      -48.80577243,
      -25.502380809
     ]
    ]
   },
   "properties": {
    "tipo": "curva_nivel",
    "cota_m": 720,
    "equidistancia_m": 2
   }
  },
  {
   "type": "Feature",
   "geometry": {
    "type": "LineString",
    "coordinates": [
     [
      -48.805756984,
      -25.502395366
     ],
     [
      -48.805723496,
      -25.502427559
     ],
     [
      -48.805723496,
      -25.502427559
     ]
    ]
   },
   "properties": {
    "tipo": "curva_nivel",
    "cota_m": 720,
    "equidistancia_m": 2
   }
  },
  {
   "type": "Feature",
   "geometry": {
    "type": "LineString",
    "coordinates": [
     [
      -48.80571139,
      -25.502439775
     ],
     [
      -48.805674563,
      -25.502477738
     ],
     [
      -48.805674563,
      -25.502477738
     ],
     [
      -48.805628011,
      -25.502528593
     ],
     [
      -48.805625629,
      -25.502531244
     ],
     [
      -48.805589243,
      -25.502573002
     ],
     [
      -48.805576696,
      -25.502587779
     ],
     [
      -48.805552132,
      -25.502617411
     ],
     [
      -48.805527763,
      -25.502647611
     ],
     [
      -48.805527763,
      -25.502647611
     ]
    ]
   },
   "properties": {
    "tipo": "curva_nivel",
    "cota_m": 720,
    "equidistancia_m": 2
   }
  },
  {
   "type": "Feature",
   "geometry": {
    "type": "LineString",
    "coordinates": [
     [
      -48.80361936,
      -25.502631479
     ],
     [
      -48.803638074,
      -25.50266182
     ],
     [
      -48.803664999,
      -25.502706229
     ],
     [
      -48.803692125,
      -25.502750638
     ],
     [
      -48.803717227,
      -25.502792693
     ],
     [
      -48.803718649,
      -25.502795047
     ],
     [
      -48.803745568,
      -25.502839456
     ],
     [
      -48.80376616,
      -25.502874242
     ],
     [
      -48.803771977,
      -25.502883865
     ],
     [
      -48.803798659,
      -25.502928274
     ],
     [
      -48.803815094,
      -25.502956206
     ],
     [
      -48.803825082,
      -25.502972683
     ],
     [
      -48.803851626,
      -25.503017092
     ],
     [
      -48.803864027,
      -25.503038244
     ],
     [
      -48.803878202,
      -25.503061501
     ],
     [
      -48.80390471,
      -25.50310591
     ],
     [
      -48.80390471,
      -25.50310591
     ]
    ]
   },
   "properties": {
    "tipo": "curva_nivel",
    "cota_m": 720,
    "equidistancia_m": 2
   }
  },
  {
   "type": "Feature",
   "geometry": {
    "type": "LineString",
    "coordinates": [
     [
      -48.805516496,
      -25.50266182
     ],
     [
      -48.805482101,
      -25.502706229
     ],
     [
      -48.805478829,
      -25.502710521
     ],
     [
      -48.805448504,
      -25.502750638
     ],
     [
      -48.805429896,
      -25.502776023
     ],
     [
      -48.805415976,
      -25.502795047
     ],
     [
      -48.805384356,
      -25.502839456
     ],
     [
      -48.805380962,
      -25.50284431
     ],
     [
      -48.805353112,
      -25.502883865
     ],
     [
      -48.805332029,
      -25.50291484
     ],
     [
      -48.805332029,
      -25.50291484
     ]
    ]
   },
   "properties": {
    "tipo": "curva_nivel",
    "cota_m": 720,
    "equidistancia_m": 2
   }
  },
  {
   "type": "Feature",
   "geometry": {
    "type": "LineString",
    "coordinates": [
     [
      -48.805322758,
      -25.502928274
     ],
     [
      -48.805292846,
      -25.502972683
     ],
     [
      -48.805283096,
      -25.502987564
     ],
     [
      -48.805263298,
      -25.503017092
     ],
     [
      -48.805234571,
      -25.503061501
     ],
     [
      -48.805234162,
      -25.503062147
     ],
     [
      -48.805205552,
      -25.50310591
     ],
     [
      -48.805185229,
      -25.503138201
     ],
     [
      -48.805185229,
      -25.503138201
     ]
    ]
   },
   "properties": {
    "tipo": "curva_nivel",
    "cota_m": 720,
    "equidistancia_m": 2
   }
  },
  {
   "type": "Feature",
   "geometry": {
    "type": "LineString",
    "coordinates": [
     [
      -48.803912961,
      -25.503119993
     ],
     [
      -48.803931607,
      -25.503150319
     ],
     [
      -48.803958192,
      -25.503194729
     ],
     [
      -48.80398564,
      -25.503239138
     ],
     [
      -48.804010827,
      -25.503280828
     ],
     [
      -48.804012585,
      -25.503283547
     ],
     [
      -48.804040767,
      -25.503327956
     ],
     [
      -48.804059761,
      -25.503358819
     ],
     [
      -48.804068792,
      -25.503372365
     ],
     [
      -48.804097666,
      -25.503416774
     ],
     [
      -48.804097666,
      -25.503416774
     ]
    ]
   },
   "properties": {
    "tipo": "curva_nivel",
    "cota_m": 720,
    "equidistancia_m": 2
   }
  },
  {
   "type": "Feature",
   "geometry": {
    "type": "LineString",
    "coordinates": [
     [
      -48.805177286,
      -25.503150319
     ],
     [
      -48.805148992,
      -25.503194729
     ],
     [
      -48.805136295,
      -25.503215348
     ],
     [
      -48.805120873,
      -25.503239138
     ],
     [
      -48.805093067,
      -25.503283547
     ],
     [
      -48.805087362,
      -25.503292949
     ],
     [
      -48.805064729,
      -25.503327956
     ],
     [
      -48.805038429,
      -25.503370216
     ],
     [
      -48.805038429,
      -25.503370216
     ],
     [
      -48.805008041,
      -25.503416774
     ],
     [
      -48.804989495,
      -25.503446283
     ],
     [
      -48.804989495,
      -25.503446283
     ]
    ]
   },
   "properties": {
    "tipo": "curva_nivel",
    "cota_m": 720,
    "equidistancia_m": 2
   }
  },
  {
   "type": "Feature",
   "geometry": {
    "type": "LineString",
    "coordinates": [
     [
      -48.804108694,
      -25.503434212
     ],
     [
      -48.804127429,
      -25.503461183
     ],
     [
      -48.804157351,
      -25.503505592
     ],
     [
      -48.804189915,
      -25.503550001
     ],
     [
      -48.804206561,
      -25.503573368
     ],
     [
      -48.804223605,
      -25.50359441
     ],
     [
      -48.804255494,
      -25.503634906
     ],
     [
      -48.804259082,
      -25.503638819
     ],
     [
      -48.804298796,
      -25.503683228
     ],
     [
      -48.804344196,
      -25.503727637
     ],
     [
      -48.80439894,
      -25.503772046
     ],
     [
      -48.804451228,
      -25.503803421
     ],
     [
      -48.804485733,
      -25.503816455
     ],
     [
      -48.804485733,
      -25.503816455
     ]
    ]
   },
   "properties": {
    "tipo": "curva_nivel",
    "cota_m": 720,
    "equidistancia_m": 2
   }
  },
  {
   "type": "Feature",
   "geometry": {
    "type": "LineString",
    "coordinates": [
     [
      -48.804979239,
      -25.503461183
     ],
     [
      -48.804949627,
      -25.503505592
     ],
     [
      -48.804940562,
      -25.50351963
     ],
     [
      -48.804918667,
      -25.503550001
     ],
     [
      -48.804891629,
      -25.503588672
     ],
     [
      -48.804891629,
      -25.503588672
     ],
     [
      -48.804852541,
      -25.503638819
     ],
     [
      -48.804842695,
      -25.503651811
     ],
     [
      -48.804814678,
      -25.503683228
     ],
     [
      -48.804793762,
      -25.50370716
     ],
     [
      -48.804771834,
      -25.503727637
     ],
     [
      -48.804744828,
      -25.503753236
     ],
     [
      -48.804718966,
      -25.503772046
     ],
     [
      -48.804695895,
      -25.503788989
     ],
     [
      -48.804646962,
      -25.503813772
     ],
     [
      -48.804646962,
      -25.503813772
     ],
     [
      -48.804598028,
      -25.503827528
     ],
     [
      -48.804549095,
      -25.5038302
     ],
     [
      -48.804500161,
      -25.503822022
     ]
    ]
   },
   "properties": {
    "tipo": "curva_nivel",
    "cota_m": 720,
    "equidistancia_m": 2
   }
  },
  {
   "type": "Feature",
   "geometry": {
    "type": "LineString",
    "coordinates": [
     [
      -48.795608613,
      -25.495511964
     ],
     [
      -48.795643217,
      -25.495518835
     ],
     [
      -48.79569215,
      -25.495530554
     ],
     [
      -48.795741084,
      -25.49554429
     ],
     [
      -48.795778576,
      -25.495556373
     ],
     [
      -48.795778576,
      -25.495556373
     ]
    ]
   },
   "properties": {
    "tipo": "curva_nivel",
    "cota_m": 722,
    "equidistancia_m": 2
   }
  },
  {
   "type": "Feature",
   "geometry": {
    "type": "LineString",
    "coordinates": [
     [
      -48.795150487,
      -25.495511964
     ],
     [
      -48.795104949,
      -25.495521722
     ],
     [
      -48.795056016,
      -25.495534373
     ],
     [
      -48.795007083,
      -25.495549251
     ],
     [
      -48.795007083,
      -25.495549251
     ]
    ]
   },
   "properties": {
    "tipo": "curva_nivel",
    "cota_m": 722,
    "equidistancia_m": 2
   }
  },
  {
   "type": "Feature",
   "geometry": {
    "type": "LineString",
    "coordinates": [
     [
      -48.796116783,
      -25.495734009
     ],
     [
      -48.796116783,
      -25.495734009
     ],
     [
      -48.796083617,
      -25.49571003
     ],
     [
      -48.796053272,
      -25.4956896
     ],
     [
      -48.796034684,
      -25.495677633
     ],
     [
      -48.795979772,
      -25.495645191
     ],
     [
      -48.795936817,
      -25.495622556
     ],
     [
      -48.795887884,
      -25.495599111
     ],
     [
      -48.795891491,
      -25.495600782
     ],
     [
      -48.79583895,
      -25.495578566
     ],
     [
      -48.795790017,
      -25.495560178
     ]
    ]
   },
   "properties": {
    "tipo": "curva_nivel",
    "cota_m": 722,
    "equidistancia_m": 2
   }
  },
  {
   "type": "Feature",
   "geometry": {
    "type": "LineString",
    "coordinates": [
     [
      -48.794986621,
      -25.495556373
     ],
     [
      -48.794958149,
      -25.495566716
     ],
     [
      -48.794909216,
      -25.495586809
     ],
     [
      -48.794878764,
      -25.495600782
     ],
     [
      -48.794860282,
      -25.495609672
     ],
     [
      -48.794811349,
      -25.495635632
     ]
    ]
   },
   "properties": {
    "tipo": "curva_nivel",
    "cota_m": 722,
    "equidistancia_m": 2
   }
  },
  {
   "type": "Feature",
   "geometry": {
    "type": "LineString",
    "coordinates": [
     [
      -48.796132551,
      -25.495745976
     ],
     [
      -48.796172591,
      -25.495778418
     ],
     [
      -48.7962221,
      -25.495822827
     ],
     [
      -48.796266389,
      -25.495867236
     ],
     [
      -48.796266389,
      -25.495867236
     ]
    ]
   },
   "properties": {
    "tipo": "curva_nivel",
    "cota_m": 722,
    "equidistancia_m": 2
   }
  },
  {
   "type": "Feature",
   "geometry": {
    "type": "LineString",
    "coordinates": [
     [
      -48.806210613,
      -25.497021871
     ],
     [
      -48.806210613,
      -25.497021871
     ],
     [
      -48.806186583,
      -25.496977462
     ],
     [
      -48.80616468,
      -25.496933053
     ],
     [
      -48.806163897,
      -25.496931332
     ],
     [
      -48.806145195,
      -25.496888644
     ],
     [
      -48.806127672,
      -25.496844235
     ],
     [
      -48.806112089,
      -25.496799826
     ],
     [
      -48.806098536,
      -25.496755417
     ],
     [
      -48.80608676,
      -25.496711008
     ],
     [
      -48.806076731,
      -25.496666599
     ],
     [
      -48.806068423,
      -25.49662219
     ],
     [
      -48.80606603,
      -25.496606203
     ],
     [
      -48.806061877,
      -25.496577781
     ],
     [
      -48.806057029,
      -25.496533372
     ],
     [
      -48.806053832,
      -25.496488963
     ],
     [
      -48.806052282,
      -25.496444554
     ],
     [
      -48.806052375,
      -25.496400145
     ],
     [
      -48.806054113,
      -25.496355735
     ],
     [
      -48.806057501,
      -25.496311326
     ],
     [
      -48.806062549,
      -25.496266917
     ],
     [
      -48.80606603,
      -25.496243917
     ],
     [
      -48.80606932,
      -25.496222508
     ],
     [
      -48.806077861,
      -25.496178099
     ],
     [
      -48.806088142,
      -25.49613369
     ],
     [
      -48.806100192,
      -25.496089281
     ],
     [
      -48.806114963,
      -25.496042247
     ],
     [
      -48.806114963,
      -25.496042247
     ],
     [
      -48.806130006,
      -25.496000463
     ],
     [
      -48.806147913,
      -25.495956054
     ],
     [
      -48.806163897,
      -25.495920294
     ],
     [
      -48.806167883,
      -25.495911645
     ],
     [
      -48.806190297,
      -25.495867236
     ],
     [
      -48.80621283,
      -25.495826489
     ]
    ]
   },
   "properties": {
    "tipo": "curva_nivel",
    "cota_m": 722,
    "equidistancia_m": 2
   }
  },
  {
   "type": "Feature",
   "geometry": {
    "type": "LineString",
    "coordinates": [
     [
      -48.796279351,
      -25.495881182
     ],
     [
      -48.796306294,
      -25.495911645
     ],
     [
      -48.796328284,
      -25.495938169
     ],
     [
      -48.796342462,
      -25.495956054
     ],
     [
      -48.796375328,
      -25.496000463
     ],
     [
      -48.796404768,
      -25.496044872
     ],
     [
      -48.796426151,
      -25.496079858
     ],
     [
      -48.796431711,
      -25.496089281
     ],
     [
      -48.796455809,
      -25.49613369
     ],
     [
      -48.796475084,
      -25.496172577
     ],
     [
      -48.796477741,
      -25.496178099
     ],
     [
      -48.796497087,
      -25.496222508
     ],
     [
      -48.796514474,
      -25.496266917
     ],
     [
      -48.796524018,
      -25.496294391
     ],
     [
      -48.796529761,
      -25.496311326
     ],
     [
      -48.796542919,
      -25.496355735
     ],
     [
      -48.796554236,
      -25.496400145
     ],
     [
      -48.796563726,
      -25.496444554
     ],
     [
      -48.796571402,
      -25.496488963
     ],
     [
      -48.796577162,
      -25.496533372
     ],
     [
      -48.796581128,
      -25.496577781
     ],
     [
      -48.796583341,
      -25.49662219
     ],
     [
      -48.7965838,
      -25.496666599
     ],
     [
      -48.796582498,
      -25.496711008
     ],
     [
      -48.796579425,
      -25.496755417
     ],
     [
      -48.796574567,
      -25.496799826
     ],
     [
      -48.796572951,
      -25.496810748
     ],
     [
      -48.796567767,
      -25.496844235
     ],
     [
      -48.796559039,
      -25.496888644
     ],
     [
      -48.79654839,
      -25.496933053
     ],
     [
      -48.796535775,
      -25.496977462
     ],
     [
      -48.796524018,
      -25.497013312
     ],
     [
      -48.796524018,
      -25.497013312
     ]
    ]
   },
   "properties": {
    "tipo": "curva_nivel",
    "cota_m": 722,
    "equidistancia_m": 2
   }
  },
  {
   "type": "Feature",
   "geometry": {
    "type": "LineString",
    "coordinates": [
     [
      -48.796521052,
      -25.497021871
     ],
     [
      -48.796503823,
      -25.49706628
     ],
     [
      -48.796484353,
      -25.497110689
     ],
     [
      -48.796475084,
      -25.497129893
     ],
     [
      -48.796462119,
      -25.497155098
     ],
     [
      -48.796437021,
      -25.497199507
     ],
     [
      -48.796426151,
      -25.497217235
     ],
     [
      -48.796408582,
      -25.497243916
     ],
     [
      -48.796377218,
      -25.497287664
     ],
     [
      -48.796377218,
      -25.497287664
     ],
     [
      -48.796340163,
      -25.497332734
     ],
     [
      -48.796328284,
      -25.497346238
     ],
     [
      -48.796298652,
      -25.497377144
     ],
     [
      -48.796279351,
      -25.497396146
     ],
     [
      -48.79625103,
      -25.497421553
     ],
     [
      -48.796230417,
      -25.497439159
     ],
     [
      -48.796195727,
      -25.497465962
     ],
     [
      -48.796181484,
      -25.497476522
     ],
     [
      -48.796132551,
      -25.49750913
     ],
     [
      -48.796132551,
      -25.49750913
     ],
     [
      -48.796083617,
      -25.49753774
     ],
     [
      -48.796050634,
      -25.49755478
     ],
     [
      -48.796034684,
      -25.497562824
     ],
     [
      -48.795985751,
      -25.497584861
     ],
     [
      -48.795949551,
      -25.497599189
     ],
     [
      -48.795936817,
      -25.497604154
     ],
     [
      -48.795887884,
      -25.49762108
     ],
     [
      -48.79583895,
      -25.49763575
     ],
     [
      -48.795808744,
      -25.497643598
     ],
     [
      -48.795790017,
      -25.497648445
     ],
     [
      -48.795741084,
      -25.497659357
     ],
     [
      -48.79569215,
      -25.497668529
     ],
     [
      -48.795643217,
      -25.497676081
     ],
     [
      -48.795594283,
      -25.497682109
     ],
     [
      -48.79554535,
      -25.497686682
     ],
     [
      -48.79554535,
      -25.497686682
     ]
    ]
   },
   "properties": {
    "tipo": "curva_nivel",
    "cota_m": 722,
    "equidistancia_m": 2
   }
  },
  {
   "type": "Feature",
   "geometry": {
    "type": "LineString",
    "coordinates": [
     [
      -48.794811349,
      -25.497568601
     ],
     [
      -48.794860282,
      -25.497590974
     ],
     [
      -48.794880682,
      -25.497599189
     ],
     [
      -48.794909216,
      -25.497610449
     ],
     [
      -48.794958149,
      -25.497627289
     ],
     [
      -48.795007083,
      -25.497641686
     ],
     [
      -48.795014579,
      -25.497643598
     ],
     [
      -48.795056016,
      -25.497654061
     ],
     [
      -48.795104949,
      -25.497664444
     ],
     [
      -48.795153883,
      -25.497672984
     ],
     [
      -48.795202816,
      -25.497679825
     ],
     [
      -48.79525175,
      -25.497685079
     ],
     [
      -48.795289797,
      -25.497688007
     ],
     [
      -48.795289797,
      -25.497688007
     ]
    ]
   },
   "properties": {
    "tipo": "curva_nivel",
    "cota_m": 722,
    "equidistancia_m": 2
   }
  },
  {
   "type": "Feature",
   "geometry": {
    "type": "LineString",
    "coordinates": [
     [
      -48.79552491,
      -25.497688007
     ],
     [
      -48.795496417,
      -25.497689882
     ],
     [
      -48.795447483,
      -25.497691708
     ],
     [
      -48.79539855,
      -25.497692152
     ],
     [
      -48.795349616,
      -25.497691208
     ],
     [
      -48.795300683,
      -25.497688848
     ]
    ]
   },
   "properties": {
    "tipo": "curva_nivel",
    "cota_m": 722,
    "equidistancia_m": 2
   }
  },
  {
   "type": "Feature",
   "geometry": {
    "type": "LineString",
    "coordinates": [
     [
      -48.79856653,
      -25.498665006
     ],
     [
      -48.79856653,
      -25.498665006
     ],
     [
      -48.798530287,
      -25.498658709
     ],
     [
      -48.798481354,
      -25.498651079
     ],
     [
      -48.79843242,
      -25.498644294
     ],
     [
      -48.798383487,
      -25.498638333
     ],
     [
      -48.798334553,
      -25.498633181
     ],
     [
      -48.79828562,
      -25.498628826
     ],
     [
      -48.798236687,
      -25.49862526
     ],
     [
      -48.798187753,
      -25.49862248
     ],
     [
      -48.79813882,
      -25.498620488
     ],
     [
      -48.79814144,
      -25.498620597
     ],
     [
      -48.798089887,
      -25.498619281
     ],
     [
      -48.798040953,
      -25.498618886
     ],
     [
      -48.79799202,
      -25.498619321
     ],
     [
      -48.797943461,
      -25.498620597
     ],
     [
      -48.797943086,
      -25.498620607
     ],
     [
      -48.797894153,
      -25.498622753
     ],
     [
      -48.79784522,
      -25.498625805
     ],
     [
      -48.797796286,
      -25.498629805
     ],
     [
      -48.797747353,
      -25.498634802
     ],
     [
      -48.797698419,
      -25.498640855
     ],
     [
      -48.797649486,
      -25.498648033
     ],
     [
      -48.797600553,
      -25.498656417
     ],
     [
      -48.797556999,
      -25.498665006
     ],
     [
      -48.797551619,
      -25.498666087
     ],
     [
      -48.797502686,
      -25.498677035
     ],
     [
      -48.797453752,
      -25.498689479
     ],
     [
      -48.797404819,
      -25.498703557
     ],
     [
      -48.797404819,
      -25.498703557
     ]
    ]
   },
   "properties": {
    "tipo": "curva_nivel",
    "cota_m": 722,
    "equidistancia_m": 2
   }
  },
  {
   "type": "Feature",
   "geometry": {
    "type": "LineString",
    "coordinates": [
     [
      -48.79857922,
      -25.498667199
     ],
     [
      -48.798628154,
      -25.498676549
     ],
     [
      -48.798677087,
      -25.498686828
     ],
     [
      -48.798726021,
      -25.498698076
     ],
     [
      -48.798771298,
      -25.498709415
     ],
     [
      -48.798823887,
      -25.4987236
     ],
     [
      -48.798872821,
      -25.498737978
     ],
     [
      -48.798921754,
      -25.498753527
     ],
     [
      -48.798922629,
      -25.498753824
     ],
     [
      -48.798970688,
      -25.498770268
     ],
     [
      -48.799019621,
      -25.498788309
     ],
     [
      -48.799044779,
      -25.498798233
     ],
     [
      -48.799068554,
      -25.49880772
     ],
     [
      -48.799117488,
      -25.498828576
     ],
     [
      -48.799148378,
      -25.498842642
     ],
     [
      -48.799148378,
      -25.498842642
     ]
    ]
   },
   "properties": {
    "tipo": "curva_nivel",
    "cota_m": 722,
    "equidistancia_m": 2
   }
  },
  {
   "type": "Feature",
   "geometry": {
    "type": "LineString",
    "coordinates": [
     [
      -48.79738632,
      -25.498709415
     ],
     [
      -48.797355886,
      -25.498719295
     ],
     [
      -48.797306952,
      -25.498736877
     ],
     [
      -48.79726463,
      -25.498753824
     ],
     [
      -48.797258019,
      -25.498756547
     ],
     [
      -48.797209085,
      -25.498778282
     ],
     [
      -48.797168536,
      -25.498798233
     ],
     [
      -48.797160152,
      -25.49880249
     ],
     [
      -48.797111219,
      -25.498829171
     ],
     [
      -48.797088447,
      -25.498842642
     ],
     [
      -48.797062285,
      -25.498858664
     ],
     [
      -48.797019389,
      -25.498887051
     ],
     [
      -48.797013352,
      -25.498891197
     ],
     [
      -48.796964418,
      -25.498926913
     ],
     [
      -48.796964418,
      -25.498926913
     ],
     [
      -48.796915485,
      -25.498966092
     ],
     [
      -48.796915485,
      -25.498966092
     ]
    ]
   },
   "properties": {
    "tipo": "curva_nivel",
    "cota_m": 722,
    "equidistancia_m": 2
   }
  },
  {
   "type": "Feature",
   "geometry": {
    "type": "LineString",
    "coordinates": [
     [
      -48.799166421,
      -25.498850984
     ],
     [
      -48.799215355,
      -25.498875036
     ],
     [
      -48.799238354,
      -25.498887051
     ],
     [
      -48.799264288,
      -25.498900856
     ],
     [
      -48.799313221,
      -25.498928547
     ],
     [
      -48.799318112,
      -25.49893146
     ],
     [
      -48.799362155,
      -25.498958286
     ],
     [
      -48.799389421,
      -25.498975869
     ],
     [
      -48.799411088,
      -25.49899019
     ],
     [
      -48.799454241,
      -25.499020278
     ],
     [
      -48.799508955,
      -25.499061194
     ],
     [
      -48.799513398,
      -25.499064687
     ],
     [
      -48.799557888,
      -25.499100736
     ],
     [
      -48.799567763,
      -25.499109096
     ],
     [
      -48.799606822,
      -25.499143261
     ],
     [
      -48.799618071,
      -25.499153505
     ],
     [
      -48.799655755,
      -25.499189047
     ],
     [
      -48.799664819,
      -25.499197914
     ],
     [
      -48.799704689,
      -25.499238408
     ],
     [
      -48.799708418,
      -25.499242323
     ],
     [
      -48.79974916,
      -25.499286732
     ],
     [
      -48.799787334,
      -25.499331142
     ],
     [
      -48.799802555,
      -25.499349706
     ],
     [
      -48.799823223,
      -25.499375551
     ],
     [
      -48.799851489,
      -25.499412564
     ],
     [
      -48.799857016,
      -25.49941996
     ],
     [
      -48.799888816,
      -25.499464369
     ],
     [
      -48.799888816,
      -25.499464369
     ]
    ]
   },
   "properties": {
    "tipo": "curva_nivel",
    "cota_m": 722,
    "equidistancia_m": 2
   }
  },
  {
   "type": "Feature",
   "geometry": {
    "type": "LineString",
    "coordinates": [
     [
      -48.805467296,
      -25.499242323
     ],
     [
      -48.805467296,
      -25.499242323
     ],
     [
      -48.805429896,
      -25.499213446
     ],
     [
      -48.805408197,
      -25.499197914
     ],
     [
      -48.805380962,
      -25.49917949
     ],
     [
      -48.805339102,
      -25.499153505
     ],
     [
      -48.805332029,
      -25.499149336
     ],
     [
      -48.805283096,
      -25.499122753
     ],
     [
      -48.805255292,
      -25.499109096
     ],
     [
      -48.805234162,
      -25.499099181
     ],
     [
      -48.805185229,
      -25.499078447
     ],
     [
      -48.805148679,
      -25.499064687
     ],
     [
      -48.805136295,
      -25.499060208
     ],
     [
      -48.805087362,
      -25.499044413
     ],
     [
      -48.805038429,
      -25.499030733
     ],
     [
      -48.804989495,
      -25.499019061
     ],
     [
      -48.804994752,
      -25.499020278
     ],
     [
      -48.804940562,
      -25.499009381
     ],
     [
      -48.804891629,
      -25.49900148
     ],
     [
      -48.804842695,
      -25.498995281
     ],
     [
      -48.804793762,
      -25.498990718
     ],
     [
      -48.804744828,
      -25.498987735
     ],
     [
      -48.804695895,
      -25.498986289
     ],
     [
      -48.804646962,
      -25.498986344
     ],
     [
      -48.804598028,
      -25.498987875
     ],
     [
      -48.804549095,
      -25.498990864
     ],
     [
      -48.804500161,
      -25.498995302
     ],
     [
      -48.804451228,
      -25.499001187
     ],
     [
      -48.804402295,
      -25.499008525
     ],
     [
      -48.804353361,
      -25.499017328
     ],
     [
      -48.804353361,
      -25.499017328
     ]
    ]
   },
   "properties": {
    "tipo": "curva_nivel",
    "cota_m": 722,
    "equidistancia_m": 2
   }
  },
  {
   "type": "Feature",
   "geometry": {
    "type": "LineString",
    "coordinates": [
     [
      -48.796903978,
      -25.498975869
     ],
     [
      -48.796866552,
      -25.499009021
     ],
     [
      -48.796866552,
      -25.499009021
     ]
    ]
   },
   "properties": {
    "tipo": "curva_nivel",
    "cota_m": 722,
    "equidistancia_m": 2
   }
  },
  {
   "type": "Feature",
   "geometry": {
    "type": "LineString",
    "coordinates": [
     [
      -48.804339336,
      -25.499020278
     ],
     [
      -48.804304428,
      -25.499027713
     ],
     [
      -48.804255494,
      -25.499039668
     ],
     [
      -48.804206561,
      -25.499053186
     ],
     [
      -48.804169318,
      -25.499064687
     ],
     [
      -48.804157628,
      -25.499068366
     ],
     [
      -48.804108694,
      -25.499085401
     ],
     [
      -48.804059761,
      -25.499104162
     ],
     [
      -48.804059761,
      -25.499104162
     ]
    ]
   },
   "properties": {
    "tipo": "curva_nivel",
    "cota_m": 722,
    "equidistancia_m": 2
   }
  },
  {
   "type": "Feature",
   "geometry": {
    "type": "LineString",
    "coordinates": [
     [
      -48.796854422,
      -25.499020278
     ],
     [
      -48.796817618,
      -25.499055961
     ],
     [
      -48.796817618,
      -25.499055961
     ]
    ]
   },
   "properties": {
    "tipo": "curva_nivel",
    "cota_m": 722,
    "equidistancia_m": 2
   }
  },
  {
   "type": "Feature",
   "geometry": {
    "type": "LineString",
    "coordinates": [
     [
      -48.796808963,
      -25.499064687
     ],
     [
      -48.796768685,
      -25.499107201
     ],
     [
      -48.796768685,
      -25.499107201
     ],
     [
      -48.79672777,
      -25.499153505
     ],
     [
      -48.796719751,
      -25.499163045
     ],
     [
      -48.79669109,
      -25.499197914
     ],
     [
      -48.796670818,
      -25.499223897
     ],
     [
      -48.796656674,
      -25.499242323
     ],
     [
      -48.796624305,
      -25.499286732
     ],
     [
      -48.796621885,
      -25.499290198
     ],
     [
      -48.796593522,
      -25.499331142
     ],
     [
      -48.796572951,
      -25.499362636
     ],
     [
      -48.796572951,
      -25.499362636
     ]
    ]
   },
   "properties": {
    "tipo": "curva_nivel",
    "cota_m": 722,
    "equidistancia_m": 2
   }
  },
  {
   "type": "Feature",
   "geometry": {
    "type": "LineString",
    "coordinates": [
     [
      -48.804047952,
      -25.499109096
     ],
     [
      -48.804010827,
      -25.499124996
     ],
     [
      -48.803961894,
      -25.499147798
     ],
     [
      -48.803961894,
      -25.499147798
     ]
    ]
   },
   "properties": {
    "tipo": "curva_nivel",
    "cota_m": 722,
    "equidistancia_m": 2
   }
  },
  {
   "type": "Feature",
   "geometry": {
    "type": "LineString",
    "coordinates": [
     [
      -48.803950535,
      -25.499153505
     ],
     [
      -48.803912961,
      -25.499172951
     ],
     [
      -48.803868232,
      -25.499197914
     ],
     [
      -48.803864027,
      -25.499200341
     ],
     [
      -48.803815094,
      -25.499230517
     ],
     [
      -48.803815094,
      -25.499230517
     ]
    ]
   },
   "properties": {
    "tipo": "curva_nivel",
    "cota_m": 722,
    "equidistancia_m": 2
   }
  },
  {
   "type": "Feature",
   "geometry": {
    "type": "LineString",
    "coordinates": [
     [
      -48.805478829,
      -25.499251794
     ],
     [
      -48.805518632,
      -25.499286732
     ],
     [
      -48.805563776,
      -25.499331142
     ],
     [
      -48.805563776,
      -25.499331142
     ]
    ]
   },
   "properties": {
    "tipo": "curva_nivel",
    "cota_m": 722,
    "equidistancia_m": 2
   }
  },
  {
   "type": "Feature",
   "geometry": {
    "type": "LineString",
    "coordinates": [
     [
      -48.803797157,
      -25.499242323
     ],
     [
      -48.80376616,
      -25.499263516
     ],
     [
      -48.803734222,
      -25.499286732
     ],
     [
      -48.803717227,
      -25.499299615
     ],
     [
      -48.803677927,
      -25.499331142
     ],
     [
      -48.803668294,
      -25.499339233
     ],
     [
      -48.803627248,
      -25.499375551
     ],
     [
      -48.80361936,
      -25.499382887
     ],
     [
      -48.803581358,
      -25.49941996
     ],
     [
      -48.803570427,
      -25.499431217
     ],
     [
      -48.803539597,
      -25.499464369
     ],
     [
      -48.803521493,
      -25.499485007
     ],
     [
      -48.803501438,
      -25.499508778
     ],
     [
      -48.80347256,
      -25.49954522
     ],
     [
      -48.80347256,
      -25.49954522
     ],
     [
      -48.803434591,
      -25.499597596
     ],
     [
      -48.803423627,
      -25.499613991
     ],
     [
      -48.803405437,
      -25.499642005
     ],
     [
      -48.803378711,
      -25.499686414
     ],
     [
      -48.803374693,
      -25.499693641
     ],
     [
      -48.803354517,
      -25.499730823
     ],
     [
      -48.80333243,
      -25.499775232
     ],
     [
      -48.80332576,
      -25.499789947
     ],
     [
      -48.803312554,
      -25.499819641
     ],
     [
      -48.8032947,
      -25.49986405
     ],
     [
      -48.803278714,
      -25.499908459
     ],
     [
      -48.803276826,
      -25.499914395
     ],
     [
      -48.803264744,
      -25.499952868
     ],
     [
      -48.803252584,
      -25.499997277
     ],
     [
      -48.803242183,
      -25.500041686
     ],
     [
      -48.803233523,
      -25.500086095
     ],
     [
      -48.803227893,
      -25.500122183
     ],
     [
      -48.803227893,
      -25.500122183
     ],
     [
      -48.803221437,
      -25.500174913
     ],
     [
      -48.803217958,
      -25.500219322
     ],
     [
      -48.80321616,
      -25.500263731
     ],
     [
      -48.803216044,
      -25.500308141
     ],
     [
      -48.803217616,
      -25.50035255
     ],
     [
      -48.803220889,
      -25.500396959
     ],
     [
      -48.80322588,
      -25.500441368
     ],
     [
      -48.803232674,
      -25.500485777
     ],
     [
      -48.803241291,
      -25.500530186
     ],
     [
      -48.803251753,
      -25.500574595
     ],
     [
      -48.803264116,
      -25.500619004
     ],
     [
      -48.803276826,
      -25.500658506
     ],
     [
      -48.803278474,
      -25.500663413
     ],
     [
      -48.803295117,
      -25.500707822
     ],
     [
      -48.80331396,
      -25.500752231
     ],
     [
      -48.80332576,
      -25.50077735
     ],
     [
      -48.803335315,
      -25.50079664
     ],
     [
      -48.80335944,
      -25.500841049
     ],
     [
      -48.803374693,
      -25.500866674
     ],
     [
      -48.803386589,
      -25.500885458
     ],
     [
      -48.803417176,
      -25.500929867
     ],
     [
      -48.803451918,
      -25.500974276
     ],
     [
      -48.80347256,
      -25.500998406
     ],
     [
      -48.803491352,
      -25.501018685
     ],
     [
      -48.803521493,
      -25.501049134
     ],
     [
      -48.803536591,
      -25.501063094
     ],
     [
      -48.803570427,
      -25.501092633
     ],
     [
      -48.803589209,
      -25.501107503
     ],
     [
      -48.80361936,
      -25.501130215
     ],
     [
      -48.803651457,
      -25.501151912
     ],
     [
      -48.803651457,
      -25.501151912
     ]
    ]
   },
   "properties": {
    "tipo": "curva_nivel",
    "cota_m": 722,
    "equidistancia_m": 2
   }
  },
  {
   "type": "Feature",
   "geometry": {
    "type": "LineString",
    "coordinates": [
     [
      -48.805576696,
      -25.499344971
     ],
     [
      -48.805603847,
      -25.499375551
     ],
     [
      -48.805625629,
      -25.499402105
     ],
     [
      -48.805639646,
      -25.49941996
     ],
     [
      -48.805671711,
      -25.499464369
     ],
     [
      -48.805700355,
      -25.499508778
     ],
     [
      -48.805723496,
      -25.499548587
     ],
     [
      -48.805726094,
      -25.499553187
     ],
     [
      -48.805749011,
      -25.499597596
     ],
     [
      -48.805769448,
      -25.499642005
     ],
     [
      -48.805787474,
      -25.499686414
     ],
     [
      -48.805803262,
      -25.499730823
     ],
     [
      -48.805816919,
      -25.499775232
     ],
     [
      -48.805816919,
      -25.499775232
     ]
    ]
   },
   "properties": {
    "tipo": "curva_nivel",
    "cota_m": 722,
    "equidistancia_m": 2
   }
  },
  {
   "type": "Feature",
   "geometry": {
    "type": "LineString",
    "coordinates": [
     [
      -48.796564536,
      -25.499375551
     ],
     [
      -48.796536972,
      -25.49941996
     ],
     [
      -48.796524018,
      -25.499442033
     ],
     [
      -48.796510842,
      -25.499464369
     ],
     [
      -48.796486074,
      -25.499508778
     ],
     [
      -48.796475084,
      -25.499529648
     ],
     [
      -48.796462536,
      -25.499553187
     ],
     [
      -48.796440226,
      -25.499597596
     ],
     [
      -48.796426151,
      -25.499627473
     ],
     [
      -48.796426151,
      -25.499627473
     ]
    ]
   },
   "properties": {
    "tipo": "curva_nivel",
    "cota_m": 722,
    "equidistancia_m": 2
   }
  },
  {
   "type": "Feature",
   "geometry": {
    "type": "LineString",
    "coordinates": [
     [
      -48.799900422,
      -25.499481374
     ],
     [
      -48.799918812,
      -25.499508778
     ],
     [
      -48.799947122,
      -25.499553187
     ],
     [
      -48.799973827,
      -25.499597596
     ],
     [
      -48.799998289,
      -25.499640676
     ],
     [
      -48.799999037,
      -25.499642005
     ],
     [
      -48.800022833,
      -25.499686414
     ],
     [
      -48.800045264,
      -25.499730823
     ],
     [
      -48.800066439,
      -25.499775232
     ],
     [
      -48.800086363,
      -25.499819641
     ],
     [
      -48.800096156,
      -25.499842828
     ],
     [
      -48.800105126,
      -25.49986405
     ],
     [
      -48.800122777,
      -25.499908459
     ],
     [
      -48.800139319,
      -25.499952868
     ],
     [
      -48.800139319,
      -25.499952868
     ]
    ]
   },
   "properties": {
    "tipo": "curva_nivel",
    "cota_m": 722,
    "equidistancia_m": 2
   }
  },
  {
   "type": "Feature",
   "geometry": {
    "type": "LineString",
    "coordinates": [
     [
      -48.796419171,
      -25.499642005
     ],
     [
      -48.796399077,
      -25.499686414
     ],
     [
      -48.79638039,
      -25.499730823
     ],
     [
      -48.796377218,
      -25.49973886
     ],
     [
      -48.796362461,
      -25.499775232
     ],
     [
      -48.796345732,
      -25.499819641
     ],
     [
      -48.796330269,
      -25.49986405
     ],
     [
      -48.796328284,
      -25.499870186
     ],
     [
      -48.796315458,
      -25.499908459
     ],
     [
      -48.796301758,
      -25.499952868
     ],
     [
      -48.796289197,
      -25.499997277
     ],
     [
      -48.796279351,
      -25.500035327
     ],
     [
      -48.796279351,
      -25.500035327
     ],
     [
      -48.796266649,
      -25.500086095
     ],
     [
      -48.796256667,
      -25.500130504
     ],
     [
      -48.796247618,
      -25.500174913
     ],
     [
      -48.796239429,
      -25.500219322
     ],
     [
      -48.796232026,
      -25.500263731
     ],
     [
      -48.796230417,
      -25.500274417
     ],
     [
      -48.796225062,
      -25.500308141
     ],
     [
      -48.796218675,
      -25.50035255
     ],
     [
      -48.796212858,
      -25.500396959
     ],
     [
      -48.796207512,
      -25.500441368
     ],
     [
      -48.796202533,
      -25.500485777
     ],
     [
      -48.796197808,
      -25.500530186
     ],
     [
      -48.796193218,
      -25.500574595
     ],
     [
      -48.796188632,
      -25.500619004
     ],
     [
      -48.796183911,
      -25.500663413
     ],
     [
      -48.796181484,
      -25.500685071
     ],
     [
      -48.796178764,
      -25.500707822
     ],
     [
      -48.796173016,
      -25.500752231
     ],
     [
      -48.796166611,
      -25.50079664
     ],
     [
      -48.796159343,
      -25.500841049
     ],
     [
      -48.796150988,
      -25.500885458
     ],
     [
      -48.796141299,
      -25.500929867
     ],
     [
      -48.796132551,
      -25.500964413
     ],
     [
      -48.796132551,
      -25.500964413
     ]
    ]
   },
   "properties": {
    "tipo": "curva_nivel",
    "cota_m": 722,
    "equidistancia_m": 2
   }
  },
  {
   "type": "Feature",
   "geometry": {
    "type": "LineString",
    "coordinates": [
     [
      -48.805821363,
      -25.499792139
     ],
     [
      -48.805828522,
      -25.499819641
     ],
     [
      -48.805838142,
      -25.49986405
     ],
     [
      -48.805845837,
      -25.499908459
     ],
     [
      -48.805851654,
      -25.499952868
     ],
     [
      -48.805855633,
      -25.499997277
     ],
     [
      -48.805857804,
      -25.500041686
     ],
     [
      -48.805858193,
      -25.500086095
     ],
     [
      -48.805856816,
      -25.500130504
     ],
     [
      -48.805853686,
      -25.500174913
     ],
     [
      -48.805848808,
      -25.500219322
     ],
     [
      -48.80584218,
      -25.500263731
     ],
     [
      -48.805833794,
      -25.500308141
     ],
     [
      -48.805823637,
      -25.50035255
     ],
     [
      -48.805821363,
      -25.50036108
     ],
     [
      -48.805811697,
      -25.500396959
     ],
     [
      -48.80579794,
      -25.500441368
     ],
     [
      -48.805782326,
      -25.500485777
     ],
     [
      -48.80577243,
      -25.500511043
     ],
     [
      -48.80577243,
      -25.500511043
     ]
    ]
   },
   "properties": {
    "tipo": "curva_nivel",
    "cota_m": 722,
    "equidistancia_m": 2
   }
  },
  {
   "type": "Feature",
   "geometry": {
    "type": "LineString",
    "coordinates": [
     [
      -48.800145089,
      -25.499969414
     ],
     [
      -48.800154867,
      -25.499997277
     ],
     [
      -48.800169433,
      -25.500041686
     ],
     [
      -48.800183025,
      -25.500086095
     ],
     [
      -48.800194023,
      -25.500124661
     ],
     [
      -48.800195708,
      -25.500130504
     ],
     [
      -48.800207606,
      -25.500174913
     ],
     [
      -48.800218669,
      -25.500219322
     ],
     [
      -48.800228949,
      -25.500263731
     ],
     [
      -48.800238499,
      -25.500308141
     ],
     [
      -48.800242956,
      -25.500330523
     ],
     [
      -48.800247426,
      -25.50035255
     ],
     [
      -48.800255779,
      -25.500396959
     ],
     [
      -48.800263571,
      -25.500441368
     ],
     [
      -48.800270868,
      -25.500485777
     ],
     [
      -48.800277742,
      -25.500530186
     ],
     [
      -48.800284266,
      -25.500574595
     ],
     [
      -48.800290523,
      -25.500619004
     ],
     [
      -48.80029666,
      -25.500663413
     ],
     [
      -48.800302726,
      -25.500707822
     ],
     [
      -48.80030881,
      -25.500752231
     ],
     [
      -48.800315026,
      -25.50079664
     ],
     [
      -48.8003215,
      -25.500841049
     ],
     [
      -48.800328375,
      -25.500885458
     ],
     [
      -48.800335807,
      -25.500929867
     ],
     [
      -48.800340823,
      -25.500957436
     ],
     [
      -48.800344014,
      -25.500974276
     ],
     [
      -48.80035323,
      -25.501018685
     ],
     [
      -48.800363613,
      -25.501063094
     ],
     [
      -48.800375422,
      -25.501107503
     ],
     [
      -48.800388956,
      -25.501151912
     ],
     [
      -48.800404775,
      -25.501196321
     ],
     [
      -48.800423104,
      -25.501240731
     ],
     [
      -48.80043869,
      -25.501273571
     ],
     [
      -48.800444501,
      -25.50128514
     ],
     [
      -48.80046973,
      -25.501329549
     ],
     [
      -48.800487623,
      -25.501356981
     ],
     [
      -48.800499416,
      -25.501373958
     ],
     [
      -48.800534543,
      -25.501418367
     ],
     [
      -48.800576481,
      -25.501462776
     ],
     [
      -48.80062661,
      -25.501507185
     ],
     [
      -48.800683356,
      -25.501549145
     ],
     [
      -48.800686944,
      -25.501551594
     ],
     [
      -48.80073229,
      -25.501579908
     ],
     [
      -48.800760205,
      -25.501596003
     ],
     [
      -48.800760205,
      -25.501596003
     ]
    ]
   },
   "properties": {
    "tipo": "curva_nivel",
    "cota_m": 722,
    "equidistancia_m": 2
   }
  },
  {
   "type": "Feature",
   "geometry": {
    "type": "LineString",
    "coordinates": [
     [
      -48.805764791,
      -25.500530186
     ],
     [
      -48.805745271,
      -25.500574595
     ],
     [
      -48.805723711,
      -25.500619004
     ],
     [
      -48.805723496,
      -25.500619416
     ],
     [
      -48.805699914,
      -25.500663413
     ],
     [
      -48.805674563,
      -25.500706675
     ],
     [
      -48.805674563,
      -25.500706675
     ],
     [
      -48.80564524,
      -25.500752231
     ],
     [
      -48.805625629,
      -25.500780472
     ],
     [
      -48.805625629,
      -25.500780472
     ]
    ]
   },
   "properties": {
    "tipo": "curva_nivel",
    "cota_m": 722,
    "equidistancia_m": 2
   }
  },
  {
   "type": "Feature",
   "geometry": {
    "type": "LineString",
    "coordinates": [
     [
      -48.805613947,
      -25.50079664
     ],
     [
      -48.805579689,
      -25.500841049
     ],
     [
      -48.805576696,
      -25.500844731
     ],
     [
      -48.805541976,
      -25.500885458
     ],
     [
      -48.805527763,
      -25.500901202
     ],
     [
      -48.805500465,
      -25.500929867
     ],
     [
      -48.805478829,
      -25.500951444
     ],
     [
      -48.80545453,
      -25.500974276
     ],
     [
      -48.805429896,
      -25.500996378
     ],
     [
      -48.805403338,
      -25.501018685
     ],
     [
      -48.805380962,
      -25.501036724
     ],
     [
      -48.805345785,
      -25.501063094
     ],
     [
      -48.805332029,
      -25.501073042
     ],
     [
      -48.805283096,
      -25.501105771
     ],
     [
      -48.805283096,
      -25.501105771
     ],
     [
      -48.805234162,
      -25.501135347
     ],
     [
      -48.805204065,
      -25.501151912
     ],
     [
      -48.805185229,
      -25.501162026
     ],
     [
      -48.805136295,
      -25.5011861
     ],
     [
      -48.80511349,
      -25.501196321
     ],
     [
      -48.805087362,
      -25.501207818
     ],
     [
      -48.805038429,
      -25.501227359
     ],
     [
      -48.805001193,
      -25.501240731
     ],
     [
      -48.804989495,
      -25.501244881
     ],
     [
      -48.804940562,
      -25.501260629
     ],
     [
      -48.804891629,
      -25.501274607
     ],
     [
      -48.804849972,
      -25.50128514
     ],
     [
      -48.804842695,
      -25.501286973
     ],
     [
      -48.804793762,
      -25.501297926
     ],
     [
      -48.804744828,
      -25.501307426
     ],
     [
      -48.804695895,
      -25.501315556
     ],
     [
      -48.804646962,
      -25.501322383
     ],
     [
      -48.804598028,
      -25.501327959
     ],
     [
      -48.804598028,
      -25.501327959
     ]
    ]
   },
   "properties": {
    "tipo": "curva_nivel",
    "cota_m": 722,
    "equidistancia_m": 2
   }
  },
  {
   "type": "Feature",
   "geometry": {
    "type": "LineString",
    "coordinates": [
     [
      -48.796129866,
      -25.500974276
     ],
     [
      -48.796115972,
      -25.501018685
     ],
     [
      -48.79609975,
      -25.501063094
     ],
     [
      -48.796083617,
      -25.501101067
     ],
     [
      -48.796083617,
      -25.501101067
     ],
     [
      -48.796057426,
      -25.501151912
     ],
     [
      -48.796034684,
      -25.501189511
     ],
     [
      -48.796034684,
      -25.501189511
     ],
     [
      -48.795997299,
      -25.501240731
     ],
     [
      -48.795985751,
      -25.501254508
     ],
     [
      -48.795957885,
      -25.50128514
     ],
     [
      -48.795936817,
      -25.501305817
     ],
     [
      -48.795910548,
      -25.501329549
     ],
     [
      -48.795887884,
      -25.501348035
     ],
     [
      -48.795853355,
      -25.501373958
     ],
     [
      -48.79583895,
      -25.501383819
     ],
     [
      -48.795790017,
      -25.501414741
     ],
     [
      -48.795790017,
      -25.501414741
     ],
     [
      -48.795741084,
      -25.501441426
     ],
     [
      -48.795698316,
      -25.501462776
     ],
     [
      -48.79569215,
      -25.50146564
     ],
     [
      -48.795643217,
      -25.501486819
     ],
     [
      -48.795594283,
      -25.501506577
     ],
     [
      -48.795594283,
      -25.501506577
     ],
     [
      -48.79554535,
      -25.501523966
     ],
     [
      -48.795496417,
      -25.501540299
     ],
     [
      -48.795460515,
      -25.501551594
     ],
     [
      -48.795447483,
      -25.501555493
     ],
     [
      -48.79539855,
      -25.501569265
     ],
     [
      -48.795349616,
      -25.50158241
     ],
     [
      -48.795300683,
      -25.50159503
     ],
     [
      -48.795300683,
      -25.50159503
     ],
     [
      -48.79525175,
      -25.50160652
     ],
     [
      -48.795202816,
      -25.50161761
     ],
     [
      -48.795153883,
      -25.501628455
     ],
     [
      -48.795104949,
      -25.501639156
     ],
     [
      -48.795104949,
      -25.501639156
     ],
     [
      -48.795056016,
      -25.501649188
     ],
     [
      -48.795007083,
      -25.501659169
     ],
     [
      -48.794958149,
      -25.501669307
     ],
     [
      -48.794909216,
      -25.501679757
     ],
     [
      -48.794909216,
      -25.501679757
     ]
    ]
   },
   "properties": {
    "tipo": "curva_nivel",
    "cota_m": 722,
    "equidistancia_m": 2
   }
  },
  {
   "type": "Feature",
   "geometry": {
    "type": "LineString",
    "coordinates": [
     [
      -48.804580237,
      -25.501329549
     ],
     [
      -48.804549095,
      -25.501332362
     ],
     [
      -48.804500161,
      -25.501335584
     ],
     [
      -48.804451228,
      -25.501337616
     ],
     [
      -48.804402295,
      -25.501338461
     ],
     [
      -48.804353361,
      -25.501338107
     ],
     [
      -48.804304428,
      -25.501336531
     ],
     [
      -48.804255494,
      -25.501333693
     ],
     [
      -48.804206689,
      -25.501329549
     ],
     [
      -48.804206561,
      -25.501329538
     ],
     [
      -48.804157628,
      -25.501324076
     ],
     [
      -48.804108694,
      -25.501317159
     ],
     [
      -48.804059761,
      -25.501308675
     ],
     [
      -48.804010827,
      -25.501298484
     ],
     [
      -48.803957362,
      -25.50128514
     ],
     [
      -48.803912961,
      -25.501272445
     ],
     [
      -48.803864027,
      -25.501256207
     ],
     [
      -48.803823539,
      -25.501240731
     ],
     [
      -48.803815094,
      -25.501237422
     ],
     [
      -48.80376616,
      -25.501215932
     ],
     [
      -48.803717227,
      -25.50119117
     ],
     [
      -48.803727142,
      -25.501196321
     ],
     [
      -48.803668294,
      -25.501162818
     ]
    ]
   },
   "properties": {
    "tipo": "curva_nivel",
    "cota_m": 722,
    "equidistancia_m": 2
   }
  },
  {
   "type": "Feature",
   "geometry": {
    "type": "LineString",
    "coordinates": [
     [
      -48.800781223,
      -25.501607173
     ],
     [
      -48.800830157,
      -25.501631433
     ],
     [
      -48.800849519,
      -25.501640412
     ],
     [
      -48.80087909,
      -25.501653192
     ],
     [
      -48.800928023,
      -25.501672988
     ],
     [
      -48.800959213,
      -25.501684821
     ],
     [
      -48.800959213,
      -25.501684821
     ]
    ]
   },
   "properties": {
    "tipo": "curva_nivel",
    "cota_m": 722,
    "equidistancia_m": 2
   }
  },
  {
   "type": "Feature",
   "geometry": {
    "type": "LineString",
    "coordinates": [
     [
      -48.800976957,
      -25.501691153
     ],
     [
      -48.80102589,
      -25.501707728
     ],
     [
      -48.801074824,
      -25.501723305
     ],
     [
      -48.801094355,
      -25.50172923
     ],
     [
      -48.801123757,
      -25.50173771
     ],
     [
      -48.80117269,
      -25.501751185
     ],
     [
      -48.801221624,
      -25.501764028
     ],
     [
      -48.801259797,
      -25.501773639
     ],
     [
      -48.801259797,
      -25.501773639
     ]
    ]
   },
   "properties": {
    "tipo": "curva_nivel",
    "cota_m": 722,
    "equidistancia_m": 2
   }
  },
  {
   "type": "Feature",
   "geometry": {
    "type": "LineString",
    "coordinates": [
     [
      -48.794885827,
      -25.501684821
     ],
     [
      -48.794860282,
      -25.501690264
     ],
     [
      -48.794811349,
      -25.501701001
     ]
    ]
   },
   "properties": {
    "tipo": "curva_nivel",
    "cota_m": 722,
    "equidistancia_m": 2
   }
  },
  {
   "type": "Feature",
   "geometry": {
    "type": "LineString",
    "coordinates": [
     [
      -48.801270557,
      -25.501776238
     ],
     [
      -48.801319491,
      -25.501787687
     ],
     [
      -48.801368424,
      -25.501798749
     ],
     [
      -48.801417357,
      -25.501809487
     ],
     [
      -48.801457359,
      -25.501818048
     ],
     [
      -48.801515224,
      -25.50182985
     ],
     [
      -48.801564158,
      -25.501839644
     ],
     [
      -48.801613091,
      -25.501849332
     ],
     [
      -48.801662024,
      -25.501858963
     ],
     [
      -48.801679888,
      -25.501862457
     ],
     [
      -48.801710958,
      -25.501868406
     ],
     [
      -48.801759891,
      -25.501877783
     ],
     [
      -48.801808825,
      -25.501887244
     ],
     [
      -48.801857758,
      -25.50189684
     ],
     [
      -48.801906691,
      -25.501906627
     ],
     [
      -48.801907881,
      -25.501906866
     ],
     [
      -48.801955625,
      -25.501916369
     ],
     [
      -48.802004558,
      -25.501926393
     ],
     [
      -48.802053492,
      -25.501936773
     ],
     [
      -48.802102425,
      -25.501947579
     ],
     [
      -48.802118697,
      -25.501951275
     ],
     [
      -48.802151358,
      -25.501958656
     ],
     [
      -48.802200292,
      -25.501970181
     ],
     [
      -48.802249225,
      -25.50198236
     ],
     [
      -48.802298159,
      -25.501995302
     ],
     [
      -48.802299557,
      -25.501995684
     ],
     [
      -48.802347092,
      -25.50200869
     ],
     [
      -48.802396025,
      -25.502023029
     ],
     [
      -48.802444959,
      -25.50203849
     ],
     [
      -48.802449818,
      -25.502040093
     ],
     [
      -48.802493892,
      -25.502054727
     ],
     [
      -48.802542826,
      -25.502072324
     ],
     [
      -48.802574312,
      -25.502084502
     ],
     [
      -48.802574312,
      -25.502084502
     ]
    ]
   },
   "properties": {
    "tipo": "curva_nivel",
    "cota_m": 722,
    "equidistancia_m": 2
   }
  },
  {
   "type": "Feature",
   "geometry": {
    "type": "LineString",
    "coordinates": [
     [
      -48.802591759,
      -25.502091317
     ],
     [
      -48.802640692,
      -25.50211168
     ],
     [
      -48.802678684,
      -25.502128911
     ],
     [
      -48.802678684,
      -25.502128911
     ]
    ]
   },
   "properties": {
    "tipo": "curva_nivel",
    "cota_m": 722,
    "equidistancia_m": 2
   }
  },
  {
   "type": "Feature",
   "geometry": {
    "type": "LineString",
    "coordinates": [
     [
      -48.802689626,
      -25.50213394
     ],
     [
      -48.802738559,
      -25.502157862
     ],
     [
      -48.802767672,
      -25.50217332
     ],
     [
      -48.802767672,
      -25.50217332
     ]
    ]
   },
   "properties": {
    "tipo": "curva_nivel",
    "cota_m": 722,
    "equidistancia_m": 2
   }
  },
  {
   "type": "Feature",
   "geometry": {
    "type": "LineString",
    "coordinates": [
     [
      -48.803561923,
      -25.503017092
     ],
     [
      -48.803561923,
      -25.503017092
     ],
     [
      -48.803535172,
      -25.502972683
     ],
     [
      -48.803521493,
      -25.502950704
     ],
     [
      -48.803507606,
      -25.502928274
     ],
     [
      -48.803479165,
      -25.502883865
     ],
     [
      -48.80347256,
      -25.502873796
     ],
     [
      -48.803449995,
      -25.502839456
     ],
     [
      -48.803419659,
      -25.502795047
     ],
     [
      -48.803388467,
      -25.502750638
     ],
     [
      -48.803374693,
      -25.502731623
     ],
     [
      -48.80335604,
      -25.502706229
     ],
     [
      -48.803322204,
      -25.50266182
     ],
     [
      -48.80328704,
      -25.502617411
     ],
     [
      -48.803276826,
      -25.502604864
     ],
     [
      -48.803250181,
      -25.502573002
     ],
     [
      -48.803227893,
      -25.502547165
     ],
     [
      -48.803211345,
      -25.502528593
     ],
     [
      -48.80317025,
      -25.502484184
     ],
     [
      -48.803126526,
      -25.502439775
     ],
     [
      -48.803079683,
      -25.502395366
     ],
     [
      -48.80302908,
      -25.502350957
     ],
     [
      -48.802973876,
      -25.502306548
     ],
     [
      -48.802934293,
      -25.502276995
     ],
     [
      -48.802912964,
      -25.502262139
     ],
     [
      -48.802885359,
      -25.502243308
     ],
     [
      -48.802836426,
      -25.502212496
     ],
     [
      -48.80284487,
      -25.50221773
     ],
     [
      -48.802787492,
      -25.502184017
     ]
    ]
   },
   "properties": {
    "tipo": "curva_nivel",
    "cota_m": 722,
    "equidistancia_m": 2
   }
  },
  {
   "type": "Feature",
   "geometry": {
    "type": "LineString",
    "coordinates": [
     [
      -48.80621283,
      -25.502400837
     ],
     [
      -48.806163897,
      -25.50243116
     ],
     [
      -48.806163897,
      -25.50243116
     ]
    ]
   },
   "properties": {
    "tipo": "curva_nivel",
    "cota_m": 722,
    "equidistancia_m": 2
   }
  },
  {
   "type": "Feature",
   "geometry": {
    "type": "LineString",
    "coordinates": [
     [
      -48.806150755,
      -25.502439775
     ],
     [
      -48.806114963,
      -25.502463687
     ],
     [
      -48.806086031,
      -25.502484184
     ],
     [
      -48.80606603,
      -25.502498664
     ],
     [
      -48.806026848,
      -25.502528593
     ],
     [
      -48.806017097,
      -25.502536225
     ],
     [
      -48.805972329,
      -25.502573002
     ],
     [
      -48.805968163,
      -25.502576518
     ],
     [
      -48.805921767,
      -25.502617411
     ],
     [
      -48.80591923,
      -25.502619714
     ],
     [
      -48.805874591,
      -25.50266182
     ],
     [
      -48.805870296,
      -25.502666001
     ],
     [
      -48.805830345,
      -25.502706229
     ],
     [
      -48.805821363,
      -25.502715586
     ],
     [
      -48.805788666,
      -25.502750638
     ],
     [
      -48.80577243,
      -25.502768686
     ],
     [
      -48.805749271,
      -25.502795047
     ],
     [
      -48.805723496,
      -25.502825532
     ],
     [
      -48.805723496,
      -25.502825532
     ]
    ]
   },
   "properties": {
    "tipo": "curva_nivel",
    "cota_m": 722,
    "equidistancia_m": 2
   }
  },
  {
   "type": "Feature",
   "geometry": {
    "type": "LineString",
    "coordinates": [
     [
      -48.805711942,
      -25.502839456
     ],
     [
      -48.805676485,
      -25.502883865
     ],
     [
      -48.805674563,
      -25.502886353
     ],
     [
      -48.805642535,
      -25.502928274
     ],
     [
      -48.805625629,
      -25.502951408
     ],
     [
      -48.805610186,
      -25.502972683
     ],
     [
      -48.805579335,
      -25.503017092
     ],
     [
      -48.805576696,
      -25.503021029
     ],
     [
      -48.805549562,
      -25.503061501
     ],
     [
      -48.805527763,
      -25.503095685
     ],
     [
      -48.805527763,
      -25.503095685
     ]
    ]
   },
   "properties": {
    "tipo": "curva_nivel",
    "cota_m": 722,
    "equidistancia_m": 2
   }
  },
  {
   "type": "Feature",
   "geometry": {
    "type": "LineString",
    "coordinates": [
     [
      -48.803570427,
      -25.503031639
     ],
     [
      -48.803588092,
      -25.503061501
     ],
     [
      -48.803613389,
      -25.50310591
     ],
     [
      -48.803638295,
      -25.503150319
     ],
     [
      -48.803662327,
      -25.503194729
     ],
     [
      -48.803686047,
      -25.503239138
     ],
     [
      -48.803708972,
      -25.503283547
     ],
     [
      -48.803708972,
      -25.503283547
     ]
    ]
   },
   "properties": {
    "tipo": "curva_nivel",
    "cota_m": 722,
    "equidistancia_m": 2
   }
  },
  {
   "type": "Feature",
   "geometry": {
    "type": "LineString",
    "coordinates": [
     [
      -48.805521207,
      -25.50310591
     ],
     [
      -48.805493843,
      -25.503150319
     ],
     [
      -48.805478829,
      -25.503175904
     ],
     [
      -48.805478829,
      -25.503175904
     ]
    ]
   },
   "properties": {
    "tipo": "curva_nivel",
    "cota_m": 722,
    "equidistancia_m": 2
   }
  },
  {
   "type": "Feature",
   "geometry": {
    "type": "LineString",
    "coordinates": [
     [
      -48.805467644,
      -25.503194729
     ],
     [
      -48.80544244,
      -25.503239138
     ],
     [
      -48.805429896,
      -25.503262358
     ],
     [
      -48.805418223,
      -25.503283547
     ],
     [
      -48.805394921,
      -25.503327956
     ],
     [
      -48.805380962,
      -25.503355992
     ],
     [
      -48.805380962,
      -25.503355992
     ]
    ]
   },
   "properties": {
    "tipo": "curva_nivel",
    "cota_m": 722,
    "equidistancia_m": 2
   }
  },
  {
   "type": "Feature",
   "geometry": {
    "type": "LineString",
    "coordinates": [
     [
      -48.803717227,
      -25.503300112
     ],
     [
      -48.803731549,
      -25.503327956
     ],
     [
      -48.803753513,
      -25.503372365
     ],
     [
      -48.80376616,
      -25.50339897
     ],
     [
      -48.803774957,
      -25.503416774
     ],
     [
      -48.803796108,
      -25.503461183
     ],
     [
      -48.803815094,
      -25.503502823
     ],
     [
      -48.803816415,
      -25.503505592
     ],
     [
      -48.803836915,
      -25.503550001
     ],
     [
      -48.803856553,
      -25.50359441
     ],
     [
      -48.803856553,
      -25.50359441
     ]
    ]
   },
   "properties": {
    "tipo": "curva_nivel",
    "cota_m": 722,
    "equidistancia_m": 2
   }
  },
  {
   "type": "Feature",
   "geometry": {
    "type": "LineString",
    "coordinates": [
     [
      -48.805372588,
      -25.503372365
     ],
     [
      -48.805350967,
      -25.503416774
     ],
     [
      -48.805332029,
      -25.503457942
     ],
     [
      -48.805332029,
      -25.503457942
     ],
     [
      -48.805310339,
      -25.503505592
     ],
     [
      -48.805291318,
      -25.503550001
     ],
     [
      -48.805283096,
      -25.503570271
     ],
     [
      -48.805272857,
      -25.50359441
     ],
     [
      -48.805255015,
      -25.503638819
     ],
     [
      -48.805238139,
      -25.503683228
     ],
     [
      -48.805234162,
      -25.503694272
     ],
     [
      -48.805221463,
      -25.503727637
     ],
     [
      -48.805205415,
      -25.503772046
     ],
     [
      -48.805190137,
      -25.503816455
     ],
     [
      -48.805185229,
      -25.503831425
     ],
     [
      -48.805174905,
      -25.503860864
     ],
     [
      -48.805159965,
      -25.503905273
     ],
     [
      -48.805145526,
      -25.503949682
     ],
     [
      -48.805136295,
      -25.50397893
     ],
     [
      -48.805136295,
      -25.50397893
     ]
    ]
   },
   "properties": {
    "tipo": "curva_nivel",
    "cota_m": 722,
    "equidistancia_m": 2
   }
  },
  {
   "type": "Feature",
   "geometry": {
    "type": "LineString",
    "coordinates": [
     [
      -48.803864027,
      -25.503611947
     ],
     [
      -48.803876117,
      -25.503638819
     ],
     [
      -48.803895368,
      -25.503683228
     ],
     [
      -48.803912961,
      -25.503725386
     ],
     [
      -48.80391396,
      -25.503727637
     ],
     [
      -48.803933089,
      -25.503772046
     ],
     [
      -48.803951595,
      -25.503816455
     ],
     [
      -48.803961894,
      -25.503841873
     ],
     [
      -48.803970157,
      -25.503860864
     ],
     [
      -48.803989029,
      -25.503905273
     ],
     [
      -48.804007518,
      -25.503949682
     ],
     [
      -48.804026998,
      -25.503994091
     ],
     [
      -48.804046578,
      -25.5040385
     ],
     [
      -48.804059761,
      -25.504068475
     ],
     [
      -48.804066709,
      -25.504082909
     ],
     [
      -48.804088167,
      -25.504127318
     ],
     [
      -48.804108694,
      -25.50416931
     ],
     [
      -48.804110002,
      -25.504171728
     ],
     [
      -48.804134421,
      -25.504216137
     ],
     [
      -48.804157628,
      -25.504257264
     ],
     [
      -48.804159699,
      -25.504260546
     ]
    ]
   },
   "properties": {
    "tipo": "curva_nivel",
    "cota_m": 722,
    "equidistancia_m": 2
   }
  },
  {
   "type": "Feature",
   "geometry": {
    "type": "LineString",
    "coordinates": [
     [
      -48.805131106,
      -25.503994091
     ],
     [
      -48.805116252,
      -25.5040385
     ],
     [
      -48.805101494,
      -25.504082909
     ],
     [
      -48.805087362,
      -25.50412523
     ],
     [
      -48.805087362,
      -25.50412523
     ],
     [
      -48.80507016,
      -25.504171728
     ],
     [
      -48.805053163,
      -25.504216137
     ],
     [
      -48.805038429,
      -25.504252955
     ],
     [
      -48.805038429,
      -25.504252955
     ]
    ]
   },
   "properties": {
    "tipo": "curva_nivel",
    "cota_m": 722,
    "equidistancia_m": 2
   }
  },
  {
   "type": "Feature",
   "geometry": {
    "type": "LineString",
    "coordinates": [
     [
      -48.79525175,
      -25.495687043
     ],
     [
      -48.79525175,
      -25.495687043
     ],
     [
      -48.795300683,
      -25.495680842
     ],
     [
      -48.795349616,
      -25.495677075
     ],
     [
      -48.79539855,
      -25.495675716
     ],
     [
      -48.795447483,
      -25.495676747
     ],
     [
      -48.795496417,
      -25.495680152
     ],
     [
      -48.79554535,
      -25.495685924
     ],
     [
      -48.795567434,
      -25.4956896
     ],
     [
      -48.795594283,
      -25.495694251
     ],
     [
      -48.795643217,
      -25.495705201
     ],
     [
      -48.79569215,
      -25.495718621
     ],
     [
      -48.795739506,
      -25.495734009
     ],
     [
      -48.795790017,
      -25.495753801
     ],
     [
      -48.79583895,
      -25.495775676
     ],
     [
      -48.795844432,
      -25.495778418
     ],
     [
      -48.795887884,
      -25.495801299
     ],
     [
      -48.795924813,
      -25.495822827
     ],
     [
      -48.795924813,
      -25.495822827
     ]
    ]
   },
   "properties": {
    "tipo": "curva_nivel",
    "cota_m": 724,
    "equidistancia_m": 2
   }
  },
  {
   "type": "Feature",
   "geometry": {
    "type": "LineString",
    "coordinates": [
     [
      -48.795237232,
      -25.4956896
     ],
     [
      -48.795202816,
      -25.495695973
     ],
     [
      -48.795153883,
      -25.495707621
     ],
     [
      -48.795104949,
      -25.495721919
     ],
     [
      -48.795070036,
      -25.495734009
     ],
     [
      -48.795056016,
      -25.495739146
     ],
     [
      -48.795007083,
      -25.495759819
     ],
     [
      -48.794968431,
      -25.495778418
     ],
     [
      -48.794958149,
      -25.495783682
     ],
     [
      -48.794909216,
      -25.49581164
     ],
     [
      -48.794909216,
      -25.49581164
     ]
    ]
   },
   "properties": {
    "tipo": "curva_nivel",
    "cota_m": 724,
    "equidistancia_m": 2
   }
  },
  {
   "type": "Feature",
   "geometry": {
    "type": "LineString",
    "coordinates": [
     [
      -48.796321628,
      -25.496311326
     ],
     [
      -48.796321628,
      -25.496311326
     ],
     [
      -48.796304795,
      -25.496266917
     ],
     [
      -48.796285485,
      -25.496222508
     ],
     [
      -48.796279351,
      -25.496210042
     ],
     [
      -48.796262933,
      -25.496178099
     ],
     [
      -48.796237452,
      -25.49613369
     ],
     [
      -48.796230417,
      -25.496122599
     ],
     [
      -48.796208208,
      -25.496089281
     ],
     [
      -48.796175441,
      -25.496044872
     ],
     [
      -48.796138126,
      -25.496000463
     ],
     [
      -48.796132551,
      -25.495994324
     ],
     [
      -48.796095577,
      -25.495956054
     ],
     [
      -48.796083617,
      -25.495944534
     ],
     [
      -48.796047053,
      -25.495911645
     ],
     [
      -48.796034684,
      -25.495901235
     ],
     [
      -48.795985751,
      -25.495863295
     ],
     [
      -48.79599112,
      -25.495867236
     ],
     [
      -48.795936817,
      -25.49583023
     ]
    ]
   },
   "properties": {
    "tipo": "curva_nivel",
    "cota_m": 724,
    "equidistancia_m": 2
   }
  },
  {
   "type": "Feature",
   "geometry": {
    "type": "LineString",
    "coordinates": [
     [
      -48.794891501,
      -25.495822827
     ],
     [
      -48.794860282,
      -25.495843919
     ],
     [
      -48.79482873,
      -25.495867236
     ],
     [
      -48.794811349,
      -25.495881054
     ]
    ]
   },
   "properties": {
    "tipo": "curva_nivel",
    "cota_m": 724,
    "equidistancia_m": 2
   }
  },
  {
   "type": "Feature",
   "geometry": {
    "type": "LineString",
    "coordinates": [
     [
      -48.796328284,
      -25.496331961
     ],
     [
      -48.796335677,
      -25.496355735
     ],
     [
      -48.796347096,
      -25.496400145
     ],
     [
      -48.79635617,
      -25.496444554
     ],
     [
      -48.796362899,
      -25.496488963
     ],
     [
      -48.796367279,
      -25.496533372
     ],
     [
      -48.7963693,
      -25.496577781
     ],
     [
      -48.796368947,
      -25.49662219
     ],
     [
      -48.796366196,
      -25.496666599
     ],
     [
      -48.796361017,
      -25.496711008
     ],
     [
      -48.796353373,
      -25.496755417
     ],
     [
      -48.796343217,
      -25.496799826
     ],
     [
      -48.796330491,
      -25.496844235
     ],
     [
      -48.796328284,
      -25.496850727
     ],
     [
      -48.79631454,
      -25.496888644
     ],
     [
      -48.796295646,
      -25.496933053
     ],
     [
      -48.796279351,
      -25.496966384
     ],
     [
      -48.796279351,
      -25.496966384
     ]
    ]
   },
   "properties": {
    "tipo": "curva_nivel",
    "cota_m": 724,
    "equidistancia_m": 2
   }
  },
  {
   "type": "Feature",
   "geometry": {
    "type": "LineString",
    "coordinates": [
     [
      -48.796273532,
      -25.496977462
     ],
     [
      -48.796247395,
      -25.497021871
     ],
     [
      -48.796230417,
      -25.497047712
     ],
     [
      -48.796230417,
      -25.497047712
     ]
    ]
   },
   "properties": {
    "tipo": "curva_nivel",
    "cota_m": 724,
    "equidistancia_m": 2
   }
  },
  {
   "type": "Feature",
   "geometry": {
    "type": "LineString",
    "coordinates": [
     [
      -48.796217206,
      -25.49706628
     ],
     [
      -48.79618235,
      -25.497110689
     ],
     [
      -48.796181484,
      -25.49711171
     ],
     [
      -48.796141266,
      -25.497155098
     ],
     [
      -48.796132551,
      -25.497163807
     ],
     [
      -48.796093227,
      -25.497199507
     ],
     [
      -48.796083617,
      -25.497207676
     ],
     [
      -48.796036301,
      -25.497243916
     ],
     [
      -48.796034684,
      -25.497245088
     ],
     [
      -48.795985751,
      -25.497277023
     ],
     [
      -48.795985751,
      -25.497277023
     ]
    ]
   },
   "properties": {
    "tipo": "curva_nivel",
    "cota_m": 724,
    "equidistancia_m": 2
   }
  },
  {
   "type": "Feature",
   "geometry": {
    "type": "LineString",
    "coordinates": [
     [
      -48.794811349,
      -25.497219772
     ],
     [
      -48.794843968,
      -25.497243916
     ],
     [
      -48.794843968,
      -25.497243916
     ]
    ]
   },
   "properties": {
    "tipo": "curva_nivel",
    "cota_m": 724,
    "equidistancia_m": 2
   }
  },
  {
   "type": "Feature",
   "geometry": {
    "type": "LineString",
    "coordinates": [
     [
      -48.795966212,
      -25.497288325
     ],
     [
      -48.795936817,
      -25.497304586
     ],
     [
      -48.795877662,
      -25.497332734
     ],
     [
      -48.79583895,
      -25.49734869
     ],
     [
      -48.795790017,
      -25.497366049
     ],
     [
      -48.795741084,
      -25.497380699
     ],
     [
      -48.79569215,
      -25.497392761
     ],
     [
      -48.795643217,
      -25.497402511
     ],
     [
      -48.795594283,
      -25.497410062
     ],
     [
      -48.79554535,
      -25.497415499
     ],
     [
      -48.795496417,
      -25.497418881
     ],
     [
      -48.795447483,
      -25.497420242
     ],
     [
      -48.79539855,
      -25.497419595
     ],
     [
      -48.795349616,
      -25.497416928
     ],
     [
      -48.795300683,
      -25.497412208
     ],
     [
      -48.79525175,
      -25.497405375
     ],
     [
      -48.795202816,
      -25.497396348
     ],
     [
      -48.795153883,
      -25.497385015
     ],
     [
      -48.795125724,
      -25.497377144
     ],
     [
      -48.795104949,
      -25.497371172
     ],
     [
      -48.795056016,
      -25.497354605
     ],
     [
      -48.795001647,
      -25.497332734
     ],
     [
      -48.794958149,
      -25.497312367
     ],
     [
      -48.794909216,
      -25.49728602
     ],
     [
      -48.794913322,
      -25.497288325
     ],
     [
      -48.794860282,
      -25.497255338
     ]
    ]
   },
   "properties": {
    "tipo": "curva_nivel",
    "cota_m": 724,
    "equidistancia_m": 2
   }
  },
  {
   "type": "Feature",
   "geometry": {
    "type": "LineString",
    "coordinates": [
     [
      -48.799446757,
      -25.499197914
     ],
     [
      -48.799446757,
      -25.499197914
     ],
     [
      -48.799411088,
      -25.499169405
     ],
     [
      -48.799390207,
      -25.499153505
     ],
     [
      -48.799362155,
      -25.499132836
     ],
     [
      -48.799328206,
      -25.499109096
     ],
     [
      -48.799313221,
      -25.499098928
     ],
     [
      -48.799259688,
      -25.499064687
     ],
     [
      -48.799215355,
      -25.499038402
     ],
     [
      -48.799182808,
      -25.499020278
     ],
     [
      -48.799166421,
      -25.499011368
     ],
     [
      -48.799117488,
      -25.498986332
     ],
     [
      -48.799095665,
      -25.498975869
     ],
     [
      -48.799068554,
      -25.49896313
     ],
     [
      -48.799019621,
      -25.498941652
     ],
     [
      -48.798994708,
      -25.49893146
     ],
     [
      -48.798970688,
      -25.498921793
     ],
     [
      -48.798921754,
      -25.498903477
     ],
     [
      -48.798874216,
      -25.498887051
     ],
     [
      -48.798872821,
      -25.498886575
     ],
     [
      -48.798823887,
      -25.498871088
     ],
     [
      -48.798774954,
      -25.498856891
     ],
     [
      -48.798720686,
      -25.498842642
     ],
     [
      -48.798677087,
      -25.498832186
     ],
     [
      -48.798628154,
      -25.498821592
     ],
     [
      -48.79857922,
      -25.498812109
     ],
     [
      -48.798530287,
      -25.498803705
     ],
     [
      -48.798481354,
      -25.498796355
     ],
     [
      -48.798493853,
      -25.498798233
     ],
     [
      -48.79843242,
      -25.498790041
     ],
     [
      -48.798383487,
      -25.498784743
     ],
     [
      -48.798334553,
      -25.498780449
     ],
     [
      -48.79828562,
      -25.498777152
     ],
     [
      -48.798236687,
      -25.498774852
     ],
     [
      -48.798187753,
      -25.498773553
     ],
     [
      -48.79813882,
      -25.498773265
     ],
     [
      -48.798089887,
      -25.498774003
     ],
     [
      -48.798040953,
      -25.498775787
     ],
     [
      -48.79799202,
      -25.498778644
     ],
     [
      -48.797943086,
      -25.498782609
     ],
     [
      -48.797894153,
      -25.498787723
     ],
     [
      -48.79784522,
      -25.498794034
     ],
     [
      -48.797817808,
      -25.498798233
     ],
     [
      -48.797796286,
      -25.498801593
     ],
     [
      -48.797747353,
      -25.498810457
     ],
     [
      -48.797698419,
      -25.498820707
     ],
     [
      -48.797649486,
      -25.498832428
     ],
     [
      -48.797611646,
      -25.498842642
     ],
     [
      -48.797600553,
      -25.498845712
     ],
     [
      -48.797551619,
      -25.498860646
     ],
     [
      -48.797502686,
      -25.498877362
     ],
     [
      -48.79747687,
      -25.498887051
     ],
     [
      -48.797453752,
      -25.498895989
     ],
     [
      -48.797404819,
      -25.498916656
     ],
     [
      -48.79737279,
      -25.49893146
     ],
     [
      -48.797355886,
      -25.498939539
     ],
     [
      -48.797306952,
      -25.498964798
     ],
     [
      -48.797306952,
      -25.498964798
     ]
    ]
   },
   "properties": {
    "tipo": "curva_nivel",
    "cota_m": 724,
    "equidistancia_m": 2
   }
  },
  {
   "type": "Feature",
   "geometry": {
    "type": "LineString",
    "coordinates": [
     [
      -48.797287064,
      -25.498975869
     ],
     [
      -48.797258019,
      -25.498992646
     ],
     [
      -48.797213706,
      -25.499020278
     ],
     [
      -48.797209085,
      -25.499023276
     ],
     [
      -48.797160152,
      -25.499056957
     ],
     [
      -48.797160152,
      -25.499056957
     ]
    ]
   },
   "properties": {
    "tipo": "curva_nivel",
    "cota_m": 724,
    "equidistancia_m": 2
   }
  },
  {
   "type": "Feature",
   "geometry": {
    "type": "LineString",
    "coordinates": [
     [
      -48.797149577,
      -25.499064687
     ],
     [
      -48.797111219,
      -25.499093963
     ],
     [
      -48.797092464,
      -25.499109096
     ],
     [
      -48.797062285,
      -25.499134592
     ],
     [
      -48.797040958,
      -25.499153505
     ],
     [
      -48.797013352,
      -25.499179208
     ],
     [
      -48.796994083,
      -25.499197914
     ],
     [
      -48.796964418,
      -25.499228235
     ],
     [
      -48.796964418,
      -25.499228235
     ]
    ]
   },
   "properties": {
    "tipo": "curva_nivel",
    "cota_m": 724,
    "equidistancia_m": 2
   }
  },
  {
   "type": "Feature",
   "geometry": {
    "type": "LineString",
    "coordinates": [
     [
      -48.803668294,
      -25.499628638
     ],
     [
      -48.803668294,
      -25.499628638
     ],
     [
      -48.803693968,
      -25.499597596
     ],
     [
      -48.803717227,
      -25.499571484
     ],
     [
      -48.803734386,
      -25.499553187
     ],
     [
      -48.80376616,
      -25.499521541
     ],
     [
      -48.803779723,
      -25.499508778
     ],
     [
      -48.803815094,
      -25.499477514
     ],
     [
      -48.803830918,
      -25.499464369
     ],
     [
      -48.803864027,
      -25.499438399
     ],
     [
      -48.803889184,
      -25.49941996
     ],
     [
      -48.803912961,
      -25.49940342
     ],
     [
      -48.803961894,
      -25.499371973
     ],
     [
      -48.803961894,
      -25.499371973
     ],
     [
      -48.804010827,
      -25.499344065
     ],
     [
      -48.804035526,
      -25.499331142
     ],
     [
      -48.804059761,
      -25.499318982
     ],
     [
      -48.804108694,
      -25.499296603
     ],
     [
      -48.804132573,
      -25.499286732
     ],
     [
      -48.804157628,
      -25.499276748
     ],
     [
      -48.804206561,
      -25.499259292
     ],
     [
      -48.804255494,
      -25.499243869
     ],
     [
      -48.804261131,
      -25.499242323
     ],
     [
      -48.804304428,
      -25.499230803
     ],
     [
      -48.804353361,
      -25.499219704
     ],
     [
      -48.804402295,
      -25.499210505
     ],
     [
      -48.804451228,
      -25.499203196
     ],
     [
      -48.804500161,
      -25.499197777
     ],
     [
      -48.804500161,
      -25.499197777
     ],
     [
      -48.804549095,
      -25.499194341
     ],
     [
      -48.804598028,
      -25.499192759
     ],
     [
      -48.804646962,
      -25.499193051
     ],
     [
      -48.804695895,
      -25.499195248
     ],
     [
      -48.804727528,
      -25.499197914
     ],
     [
      -48.804727528,
      -25.499197914
     ]
    ]
   },
   "properties": {
    "tipo": "curva_nivel",
    "cota_m": 724,
    "equidistancia_m": 2
   }
  },
  {
   "type": "Feature",
   "geometry": {
    "type": "LineString",
    "coordinates": [
     [
      -48.804744828,
      -25.499199431
     ],
     [
      -48.804793762,
      -25.499205737
     ],
     [
      -48.804842695,
      -25.499214154
     ],
     [
      -48.804891629,
      -25.499224757
     ],
     [
      -48.804940562,
      -25.499237632
     ],
     [
      -48.80495581,
      -25.499242323
     ],
     [
      -48.804989495,
      -25.49925321
     ],
     [
      -48.805038429,
      -25.499271497
     ],
     [
      -48.805074168,
      -25.499286732
     ],
     [
      -48.805074168,
      -25.499286732
     ]
    ]
   },
   "properties": {
    "tipo": "curva_nivel",
    "cota_m": 724,
    "equidistancia_m": 2
   }
  },
  {
   "type": "Feature",
   "geometry": {
    "type": "LineString",
    "coordinates": [
     [
      -48.799460022,
      -25.4992089
     ],
     [
      -48.799498608,
      -25.499242323
     ],
     [
      -48.79954638,
      -25.499286732
     ],
     [
      -48.79954638,
      -25.499286732
     ]
    ]
   },
   "properties": {
    "tipo": "curva_nivel",
    "cota_m": 724,
    "equidistancia_m": 2
   }
  },
  {
   "type": "Feature",
   "geometry": {
    "type": "LineString",
    "coordinates": [
     [
      -48.796951116,
      -25.499242323
     ],
     [
      -48.796915485,
      -25.499282166
     ],
     [
      -48.796915485,
      -25.499282166
     ],
     [
      -48.796874851,
      -25.499331142
     ],
     [
      -48.796866552,
      -25.499341778
     ],
     [
      -48.796840766,
      -25.499375551
     ],
     [
      -48.796817618,
      -25.49940783
     ],
     [
      -48.796817618,
      -25.49940783
     ]
    ]
   },
   "properties": {
    "tipo": "curva_nivel",
    "cota_m": 724,
    "equidistancia_m": 2
   }
  },
  {
   "type": "Feature",
   "geometry": {
    "type": "LineString",
    "coordinates": [
     [
      -48.805087362,
      -25.499292681
     ],
     [
      -48.805136295,
      -25.499317348
     ],
     [
      -48.805160884,
      -25.499331142
     ],
     [
      -48.805185229,
      -25.499345689
     ],
     [
      -48.805230518,
      -25.499375551
     ],
     [
      -48.805283096,
      -25.499415728
     ],
     [
      -48.805288191,
      -25.49941996
     ],
     [
      -48.805332029,
      -25.499459302
     ],
     [
      -48.805337293,
      -25.499464369
     ],
     [
      -48.8053797,
      -25.499508778
     ],
     [
      -48.805416344,
      -25.499553187
     ],
     [
      -48.805416344,
      -25.499553187
     ]
    ]
   },
   "properties": {
    "tipo": "curva_nivel",
    "cota_m": 724,
    "equidistancia_m": 2
   }
  },
  {
   "type": "Feature",
   "geometry": {
    "type": "LineString",
    "coordinates": [
     [
      -48.799557888,
      -25.499297976
     ],
     [
      -48.799590582,
      -25.499331142
     ],
     [
      -48.799606822,
      -25.499348349
     ],
     [
      -48.799631634,
      -25.499375551
     ],
     [
      -48.799655755,
      -25.499403244
     ],
     [
      -48.799669877,
      -25.49941996
     ],
     [
      -48.799704689,
      -25.499463223
     ],
     [
      -48.799705586,
      -25.499464369
     ],
     [
      -48.79973882,
      -25.499508778
     ],
     [
      -48.799753622,
      -25.499529642
     ],
     [
      -48.799769953,
      -25.499553187
     ],
     [
      -48.799799109,
      -25.499597596
     ],
     [
      -48.799826322,
      -25.499642005
     ],
     [
      -48.799851489,
      -25.499685766
     ],
     [
      -48.799851856,
      -25.499686414
     ],
     [
      -48.799875658,
      -25.499730823
     ],
     [
      -48.799897954,
      -25.499775232
     ],
     [
      -48.799918723,
      -25.499819641
     ],
     [
      -48.799938097,
      -25.49986405
     ],
     [
      -48.799949356,
      -25.499891734
     ],
     [
      -48.799956124,
      -25.499908459
     ],
     [
      -48.799972846,
      -25.499952868
     ],
     [
      -48.799988339,
      -25.499997277
     ],
     [
      -48.799998289,
      -25.500028162
     ],
     [
      -48.800002648,
      -25.500041686
     ],
     [
      -48.800015818,
      -25.500086095
     ],
     [
      -48.800027897,
      -25.500130504
     ],
     [
      -48.800038931,
      -25.500174913
     ],
     [
      -48.800047222,
      -25.500211646
     ],
     [
      -48.800048967,
      -25.500219322
     ],
     [
      -48.800058062,
      -25.500263731
     ],
     [
      -48.800066247,
      -25.500308141
     ],
     [
      -48.800073569,
      -25.50035255
     ],
     [
      -48.800080078,
      -25.500396959
     ],
     [
      -48.800085825,
      -25.500441368
     ],
     [
      -48.800090862,
      -25.500485777
     ],
     [
      -48.800095246,
      -25.500530186
     ],
     [
      -48.800099045,
      -25.500574595
     ],
     [
      -48.800102312,
      -25.500619004
     ],
     [
      -48.80010511,
      -25.500663413
     ],
     [
      -48.800107509,
      -25.500707822
     ],
     [
      -48.800109589,
      -25.500752231
     ],
     [
      -48.80011143,
      -25.50079664
     ],
     [
      -48.800113124,
      -25.500841049
     ],
     [
      -48.800114772,
      -25.500885458
     ],
     [
      -48.800116482,
      -25.500929867
     ],
     [
      -48.800118378,
      -25.500974276
     ],
     [
      -48.800120596,
      -25.501018685
     ],
     [
      -48.800123291,
      -25.501063094
     ],
     [
      -48.80012664,
      -25.501107503
     ],
     [
      -48.800130844,
      -25.501151912
     ],
     [
      -48.800136139,
      -25.501196321
     ],
     [
      -48.800142798,
      -25.501240731
     ],
     [
      -48.80015116,
      -25.50128514
     ],
     [
      -48.800161604,
      -25.501329549
     ],
     [
      -48.800174586,
      -25.501373958
     ],
     [
      -48.800190676,
      -25.501418367
     ],
     [
      -48.800210629,
      -25.501462776
     ],
     [
      -48.800235282,
      -25.501507185
     ],
     [
      -48.800265828,
      -25.501551594
     ],
     [
      -48.800291889,
      -25.50158286
     ],
     [
      -48.800303701,
      -25.501596003
     ],
     [
      -48.800340823,
      -25.501631546
     ],
     [
      -48.800350864,
      -25.501640412
     ],
     [
      -48.800389756,
      -25.501670517
     ],
     [
      -48.800409912,
      -25.501684821
     ],
     [
      -48.80043869,
      -25.501702998
     ],
     [
      -48.800484258,
      -25.50172923
     ],
     [
      -48.800536556,
      -25.501754922
     ],
     [
      -48.800578573,
      -25.501773639
     ],
     [
      -48.800634423,
      -25.501795418
     ],
     [
      -48.800683356,
      -25.501812865
     ],
     [
      -48.800698685,
      -25.501818048
     ],
     [
      -48.80073229,
      -25.501828635
     ],
     [
      -48.800781223,
      -25.501843188
     ],
     [
      -48.800830157,
      -25.50185686
     ],
     [
      -48.800851054,
      -25.501862457
     ],
     [
      -48.80087909,
      -25.501869547
     ],
     [
      -48.800928023,
      -25.501881447
     ],
     [
      -48.800976957,
      -25.50189283
     ],
     [
      -48.80102589,
      -25.501903777
     ],
     [
      -48.801040015,
      -25.501906866
     ],
     [
      -48.801074824,
      -25.50191415
     ],
     [
      -48.801123757,
      -25.501924152
     ],
     [
      -48.80117269,
      -25.501933928
     ],
     [
      -48.801221624,
      -25.50194353
     ],
     [
      -48.801261549,
      -25.501951275
     ],
     [
      -48.801319491,
      -25.501962133
     ],
     [
      -48.801368424,
      -25.501971272
     ],
     [
      -48.801417357,
      -25.501980428
     ],
     [
      -48.801466291,
      -25.501989642
     ],
     [
      -48.801498043,
      -25.501995684
     ],
     [
      -48.801498043,
      -25.501995684
     ]
    ]
   },
   "properties": {
    "tipo": "curva_nivel",
    "cota_m": 724,
    "equidistancia_m": 2
   }
  },
  {
   "type": "Feature",
   "geometry": {
    "type": "LineString",
    "coordinates": [
     [
      -48.796809062,
      -25.49941996
     ],
     [
      -48.79677947,
      -25.499464369
     ],
     [
      -48.796768685,
      -25.499481591
     ],
     [
      -48.79675182,
      -25.499508778
     ],
     [
      -48.796726056,
      -25.499553187
     ],
     [
      -48.796719751,
      -25.499564754
     ],
     [
      -48.796701904,
      -25.499597596
     ],
     [
      -48.796679451,
      -25.499642005
     ],
     [
      -48.796670818,
      -25.499660308
     ],
     [
      -48.796658463,
      -25.499686414
     ],
     [
      -48.796638941,
      -25.499730823
     ],
     [
      -48.796621885,
      -25.499772923
     ],
     [
      -48.796621885,
      -25.499772923
     ],
     [
      -48.796604064,
      -25.499819641
     ],
     [
      -48.79658861,
      -25.49986405
     ],
     [
      -48.79657451,
      -25.499908459
     ],
     [
      -48.796572951,
      -25.499913832
     ],
     [
      -48.79656142,
      -25.499952868
     ],
     [
      -48.796549552,
      -25.499997277
     ],
     [
      -48.796538885,
      -25.500041686
     ],
     [
      -48.796529358,
      -25.500086095
     ],
     [
      -48.796524018,
      -25.500114163
     ],
     [
      -48.796524018,
      -25.500114163
     ]
    ]
   },
   "properties": {
    "tipo": "curva_nivel",
    "cota_m": 724,
    "equidistancia_m": 2
   }
  },
  {
   "type": "Feature",
   "geometry": {
    "type": "LineString",
    "coordinates": [
     [
      -48.805429896,
      -25.499571402
     ],
     [
      -48.805448407,
      -25.499597596
     ],
     [
      -48.8054765,
      -25.499642005
     ],
     [
      -48.805500679,
      -25.499686414
     ],
     [
      -48.805521741,
      -25.499730823
     ],
     [
      -48.805521741,
      -25.499730823
     ]
    ]
   },
   "properties": {
    "tipo": "curva_nivel",
    "cota_m": 724,
    "equidistancia_m": 2
   }
  },
  {
   "type": "Feature",
   "geometry": {
    "type": "LineString",
    "coordinates": [
     [
      -48.80365774,
      -25.499642005
     ],
     [
      -48.803625361,
      -25.499686414
     ],
     [
      -48.80361936,
      -25.499695385
     ],
     [
      -48.803596605,
      -25.499730823
     ],
     [
      -48.803570677,
      -25.499775232
     ],
     [
      -48.803570427,
      -25.499775708
     ],
     [
      -48.803548084,
      -25.499819641
     ],
     [
      -48.803527939,
      -25.49986405
     ],
     [
      -48.803521493,
      -25.499880199
     ],
     [
      -48.803510541,
      -25.499908459
     ],
     [
      -48.803495646,
      -25.499952868
     ],
     [
      -48.803483039,
      -25.499997277
     ],
     [
      -48.803472703,
      -25.500041686
     ],
     [
      -48.80347256,
      -25.500042476
     ],
     [
      -48.803464846,
      -25.500086095
     ],
     [
      -48.803459193,
      -25.500130504
     ],
     [
      -48.803455743,
      -25.500174913
     ],
     [
      -48.803454506,
      -25.500219322
     ],
     [
      -48.8034555,
      -25.500263731
     ],
     [
      -48.803458753,
      -25.500308141
     ],
     [
      -48.803464299,
      -25.50035255
     ],
     [
      -48.803472184,
      -25.500396959
     ],
     [
      -48.803482755,
      -25.500441368
     ],
     [
      -48.80349588,
      -25.500485777
     ],
     [
      -48.803511641,
      -25.500530186
     ],
     [
      -48.803521493,
      -25.50055409
     ],
     [
      -48.803530433,
      -25.500574595
     ],
     [
      -48.80355253,
      -25.500619004
     ],
     [
      -48.803570427,
      -25.50065074
     ],
     [
      -48.80357805,
      -25.500663413
     ],
     [
      -48.803607722,
      -25.500707822
     ],
     [
      -48.803607722,
      -25.500707822
     ]
    ]
   },
   "properties": {
    "tipo": "curva_nivel",
    "cota_m": 724,
    "equidistancia_m": 2
   }
  },
  {
   "type": "Feature",
   "geometry": {
    "type": "LineString",
    "coordinates": [
     [
      -48.805527763,
      -25.499745434
     ],
     [
      -48.805539633,
      -25.499775232
     ],
     [
      -48.80555468,
      -25.499819641
     ],
     [
      -48.805567115,
      -25.49986405
     ],
     [
      -48.805576696,
      -25.499906977
     ],
     [
      -48.805577019,
      -25.499908459
     ],
     [
      -48.805584345,
      -25.499952868
     ],
     [
      -48.805589318,
      -25.499997277
     ],
     [
      -48.805591981,
      -25.500041686
     ],
     [
      -48.805592367,
      -25.500086095
     ],
     [
      -48.8055905,
      -25.500130504
     ],
     [
      -48.805586391,
      -25.500174913
     ],
     [
      -48.805580045,
      -25.500219322
     ],
     [
      -48.805576696,
      -25.500236696
     ],
     [
      -48.805571366,
      -25.500263731
     ],
     [
      -48.805560335,
      -25.500308141
     ],
     [
      -48.805546977,
      -25.50035255
     ],
     [
      -48.805531255,
      -25.500396959
     ],
     [
      -48.805527763,
      -25.500405596
     ],
     [
      -48.805512828,
      -25.500441368
     ],
     [
      -48.805491804,
      -25.500485777
     ],
     [
      -48.805478829,
      -25.50051033
     ],
     [
      -48.805478829,
      -25.50051033
     ]
    ]
   },
   "properties": {
    "tipo": "curva_nivel",
    "cota_m": 724,
    "equidistancia_m": 2
   }
  },
  {
   "type": "Feature",
   "geometry": {
    "type": "LineString",
    "coordinates": [
     [
      -48.796520827,
      -25.500130504
     ],
     [
      -48.796513203,
      -25.500174913
     ],
     [
      -48.796506575,
      -25.500219322
     ],
     [
      -48.796500883,
      -25.500263731
     ],
     [
      -48.796496065,
      -25.500308141
     ],
     [
      -48.796492057,
      -25.50035255
     ],
     [
      -48.796488793,
      -25.500396959
     ],
     [
      -48.796486204,
      -25.500441368
     ],
     [
      -48.796484219,
      -25.500485777
     ],
     [
      -48.796482761,
      -25.500530186
     ],
     [
      -48.796481748,
      -25.500574595
     ],
     [
      -48.796481093,
      -25.500619004
     ],
     [
      -48.796480705,
      -25.500663413
     ],
     [
      -48.796480482,
      -25.500707822
     ],
     [
      -48.796480314,
      -25.500752231
     ],
     [
      -48.796480084,
      -25.50079664
     ],
     [
      -48.796479661,
      -25.500841049
     ],
     [
      -48.796478901,
      -25.500885458
     ],
     [
      -48.796477645,
      -25.500929867
     ],
     [
      -48.796475716,
      -25.500974276
     ],
     [
      -48.796475084,
      -25.500984492
     ],
     [
      -48.796472859,
      -25.501018685
     ],
     [
      -48.796468865,
      -25.501063094
     ],
     [
      -48.796463491,
      -25.501107503
     ],
     [
      -48.796456441,
      -25.501151912
     ],
     [
      -48.796447375,
      -25.501196321
     ],
     [
      -48.796435898,
      -25.501240731
     ],
     [
      -48.796426151,
      -25.501271274
     ],
     [
      -48.796426151,
      -25.501271274
     ]
    ]
   },
   "properties": {
    "tipo": "curva_nivel",
    "cota_m": 724,
    "equidistancia_m": 2
   }
  },
  {
   "type": "Feature",
   "geometry": {
    "type": "LineString",
    "coordinates": [
     [
      -48.805467922,
      -25.500530186
     ],
     [
      -48.805440971,
      -25.500574595
     ],
     [
      -48.805429896,
      -25.500591276
     ],
     [
      -48.805410623,
      -25.500619004
     ],
     [
      -48.805380962,
      -25.500658121
     ],
     [
      -48.805380962,
      -25.500658121
     ],
     [
      -48.805338548,
      -25.500707822
     ],
     [
      -48.805332029,
      -25.500714897
     ],
     [
      -48.805295522,
      -25.500752231
     ],
     [
      -48.805283096,
      -25.500764147
     ],
     [
      -48.805246904,
      -25.50079664
     ],
     [
      -48.805234162,
      -25.50080744
     ],
     [
      -48.805191522,
      -25.500841049
     ],
     [
      -48.805185229,
      -25.500845762
     ],
     [
      -48.805136295,
      -25.500879728
     ],
     [
      -48.805136295,
      -25.500879728
     ],
     [
      -48.805087362,
      -25.500909914
     ],
     [
      -48.80505154,
      -25.500929867
     ],
     [
      -48.805038429,
      -25.500936896
     ],
     [
      -48.804989495,
      -25.500960815
     ],
     [
      -48.804958887,
      -25.500974276
     ],
     [
      -48.804940562,
      -25.500982088
     ],
     [
      -48.804891629,
      -25.501000818
     ],
     [
      -48.804842695,
      -25.501017332
     ],
     [
      -48.804842695,
      -25.501017332
     ],
     [
      -48.804793762,
      -25.501031601
     ],
     [
      -48.804744828,
      -25.50104387
     ],
     [
      -48.804695895,
      -25.501054236
     ],
     [
      -48.804646962,
      -25.501062767
     ],
     [
      -48.804646962,
      -25.501062767
     ],
     [
      -48.804598028,
      -25.501069457
     ],
     [
      -48.804549095,
      -25.501074405
     ],
     [
      -48.804500161,
      -25.501077634
     ],
     [
      -48.804451228,
      -25.501079151
     ],
     [
      -48.804402295,
      -25.501078945
     ],
     [
      -48.804353361,
      -25.501076992
     ],
     [
      -48.804304428,
      -25.501073249
     ],
     [
      -48.804255494,
      -25.501067656
     ],
     [
      -48.804225673,
      -25.501063094
     ],
     [
      -48.804225673,
      -25.501063094
     ]
    ]
   },
   "properties": {
    "tipo": "curva_nivel",
    "cota_m": 724,
    "equidistancia_m": 2
   }
  },
  {
   "type": "Feature",
   "geometry": {
    "type": "LineString",
    "coordinates": [
     [
      -48.80361936,
      -25.500723619
     ],
     [
      -48.803642055,
      -25.500752231
     ],
     [
      -48.803668294,
      -25.500782405
     ],
     [
      -48.803681722,
      -25.50079664
     ],
     [
      -48.803717227,
      -25.500831371
     ],
     [
      -48.803728049,
      -25.500841049
     ],
     [
      -48.80376616,
      -25.500872818
     ],
     [
      -48.803782904,
      -25.500885458
     ],
     [
      -48.803815094,
      -25.500908316
     ],
     [
      -48.803848958,
      -25.500929867
     ],
     [
      -48.803848958,
      -25.500929867
     ]
    ]
   },
   "properties": {
    "tipo": "curva_nivel",
    "cota_m": 724,
    "equidistancia_m": 2
   }
  },
  {
   "type": "Feature",
   "geometry": {
    "type": "LineString",
    "coordinates": [
     [
      -48.803864027,
      -25.500938961
     ],
     [
      -48.803912961,
      -25.500965371
     ],
     [
      -48.803931587,
      -25.500974276
     ],
     [
      -48.803961894,
      -25.500988153
     ],
     [
      -48.804010827,
      -25.501007761
     ],
     [
      -48.804042312,
      -25.501018685
     ],
     [
      -48.804042312,
      -25.501018685
     ]
    ]
   },
   "properties": {
    "tipo": "curva_nivel",
    "cota_m": 724,
    "equidistancia_m": 2
   }
  },
  {
   "type": "Feature",
   "geometry": {
    "type": "LineString",
    "coordinates": [
     [
      -48.804206561,
      -25.501060108
     ],
     [
      -48.804157628,
      -25.501050472
     ],
     [
      -48.804108694,
      -25.501038666
     ],
     [
      -48.804059761,
      -25.501024536
     ]
    ]
   },
   "properties": {
    "tipo": "curva_nivel",
    "cota_m": 724,
    "equidistancia_m": 2
   }
  },
  {
   "type": "Feature",
   "geometry": {
    "type": "LineString",
    "coordinates": [
     [
      -48.796421439,
      -25.50128514
     ],
     [
      -48.796403272,
      -25.501329549
     ],
     [
      -48.796380992,
      -25.501373958
     ],
     [
      -48.796377218,
      -25.501380379
     ],
     [
      -48.796353285,
      -25.501418367
     ],
     [
      -48.796328284,
      -25.501451748
     ],
     [
      -48.796328284,
      -25.501451748
     ]
    ]
   },
   "properties": {
    "tipo": "curva_nivel",
    "cota_m": 724,
    "equidistancia_m": 2
   }
  },
  {
   "type": "Feature",
   "geometry": {
    "type": "LineString",
    "coordinates": [
     [
      -48.796319406,
      -25.501462776
     ],
     [
      -48.796279351,
      -25.501505657
     ],
     [
      -48.796279351,
      -25.501505657
     ],
     [
      -48.796230417,
      -25.501548555
     ],
     [
      -48.796230417,
      -25.501548555
     ],
     [
      -48.796181484,
      -25.501584199
     ],
     [
      -48.796181484,
      -25.501584199
     ]
    ]
   },
   "properties": {
    "tipo": "curva_nivel",
    "cota_m": 724,
    "equidistancia_m": 2
   }
  },
  {
   "type": "Feature",
   "geometry": {
    "type": "LineString",
    "coordinates": [
     [
      -48.796163833,
      -25.501596003
     ],
     [
      -48.796132551,
      -25.501614904
     ],
     [
      -48.796087028,
      -25.501640412
     ],
     [
      -48.796083617,
      -25.501642158
     ],
     [
      -48.796034684,
      -25.501665935
     ],
     [
      -48.795993052,
      -25.501684821
     ],
     [
      -48.795985751,
      -25.501687889
     ],
     [
      -48.795936817,
      -25.501707553
     ],
     [
      -48.795887884,
      -25.501726144
     ],
     [
      -48.795887884,
      -25.501726144
     ],
     [
      -48.79583895,
      -25.50174314
     ],
     [
      -48.795790017,
      -25.5017593
     ],
     [
      -48.795745089,
      -25.501773639
     ],
     [
      -48.795741084,
      -25.501774852
     ],
     [
      -48.79569215,
      -25.501789351
     ],
     [
      -48.795643217,
      -25.50180355
     ],
     [
      -48.795594283,
      -25.50181755
     ],
     [
      -48.795594283,
      -25.50181755
     ],
     [
      -48.79554535,
      -25.501830883
     ],
     [
      -48.795496417,
      -25.501844188
     ],
     [
      -48.795447483,
      -25.501857581
     ],
     [
      -48.795447483,
      -25.501857581
     ]
    ]
   },
   "properties": {
    "tipo": "curva_nivel",
    "cota_m": 724,
    "equidistancia_m": 2
   }
  },
  {
   "type": "Feature",
   "geometry": {
    "type": "LineString",
    "coordinates": [
     [
      -48.795429781,
      -25.501862457
     ],
     [
      -48.79539855,
      -25.501870803
     ],
     [
      -48.795349616,
      -25.50188409
     ],
     [
      -48.795300683,
      -25.501897741
     ],
     [
      -48.79526887,
      -25.501906866
     ],
     [
      -48.79525175,
      -25.501911669
     ],
     [
      -48.795202816,
      -25.501925792
     ],
     [
      -48.795153883,
      -25.501940597
     ],
     [
      -48.795120185,
      -25.501951275
     ],
     [
      -48.795104949,
      -25.501956033
     ],
     [
      -48.795056016,
      -25.501971973
     ],
     [
      -48.795007083,
      -25.501989013
     ],
     [
      -48.795007083,
      -25.501989013
     ]
    ]
   },
   "properties": {
    "tipo": "curva_nivel",
    "cota_m": 724,
    "equidistancia_m": 2
   }
  },
  {
   "type": "Feature",
   "geometry": {
    "type": "LineString",
    "coordinates": [
     [
      -48.801515224,
      -25.50199888
     ],
     [
      -48.801564158,
      -25.502008118
     ],
     [
      -48.801613091,
      -25.502017537
     ],
     [
      -48.801662024,
      -25.502027184
     ],
     [
      -48.801710958,
      -25.502037104
     ],
     [
      -48.801725333,
      -25.502040093
     ],
     [
      -48.801759891,
      -25.502047184
     ],
     [
      -48.801808825,
      -25.502057559
     ],
     [
      -48.801857758,
      -25.502068349
     ],
     [
      -48.801906691,
      -25.502079614
     ],
     [
      -48.801927144,
      -25.502084502
     ],
     [
      -48.801955625,
      -25.502091266
     ],
     [
      -48.802004558,
      -25.502103396
     ],
     [
      -48.802053492,
      -25.502116187
     ],
     [
      -48.802099554,
      -25.502128911
     ],
     [
      -48.802151358,
      -25.50214375
     ],
     [
      -48.802200292,
      -25.502158695
     ],
     [
      -48.802245245,
      -25.50217332
     ],
     [
      -48.802298159,
      -25.50219132
     ],
     [
      -48.802347092,
      -25.502209238
     ],
     [
      -48.802369015,
      -25.50221773
     ],
     [
      -48.802396025,
      -25.502228284
     ],
     [
      -48.802444959,
      -25.502248616
     ],
     [
      -48.802475452,
      -25.502262139
     ],
     [
      -48.802475452,
      -25.502262139
     ]
    ]
   },
   "properties": {
    "tipo": "curva_nivel",
    "cota_m": 724,
    "equidistancia_m": 2
   }
  },
  {
   "type": "Feature",
   "geometry": {
    "type": "LineString",
    "coordinates": [
     [
      -48.794988902,
      -25.501995684
     ],
     [
      -48.794958149,
      -25.502006885
     ],
     [
      -48.794909216,
      -25.502025928
     ],
     [
      -48.79487539,
      -25.502040093
     ],
     [
      -48.794860282,
      -25.502046406
     ],
     [
      -48.794811349,
      -25.502068193
     ]
    ]
   },
   "properties": {
    "tipo": "curva_nivel",
    "cota_m": 724,
    "equidistancia_m": 2
   }
  },
  {
   "type": "Feature",
   "geometry": {
    "type": "LineString",
    "coordinates": [
     [
      -48.802493892,
      -25.502270417
     ],
     [
      -48.802542826,
      -25.502293708
     ],
     [
      -48.802568128,
      -25.502306548
     ],
     [
      -48.802591759,
      -25.502318728
     ],
     [
      -48.802640692,
      -25.502345631
     ],
     [
      -48.802649882,
      -25.502350957
     ],
     [
      -48.802689626,
      -25.502374432
     ],
     [
      -48.802722811,
      -25.502395366
     ],
     [
      -48.802722811,
      -25.502395366
     ]
    ]
   },
   "properties": {
    "tipo": "curva_nivel",
    "cota_m": 724,
    "equidistancia_m": 2
   }
  },
  {
   "type": "Feature",
   "geometry": {
    "type": "LineString",
    "coordinates": [
     [
      -48.803264298,
      -25.502928274
     ],
     [
      -48.803264298,
      -25.502928274
     ],
     [
      -48.803232256,
      -25.502883865
     ],
     [
      -48.803227893,
      -25.502878003
     ],
     [
      -48.803198774,
      -25.502839456
     ],
     [
      -48.80317896,
      -25.502814278
     ],
     [
      -48.803163531,
      -25.502795047
     ],
     [
      -48.80312639,
      -25.502750638
     ],
     [
      -48.803087222,
      -25.502706229
     ],
     [
      -48.803081093,
      -25.502699501
     ],
     [
      -48.80304571,
      -25.50266182
     ],
     [
      -48.803032159,
      -25.502647873
     ],
     [
      -48.803001514,
      -25.502617411
     ],
     [
      -48.802983226,
      -25.502599809
     ],
     [
      -48.802954252,
      -25.502573002
     ],
     [
      -48.802934293,
      -25.502555086
     ],
     [
      -48.802903443,
      -25.502528593
     ],
     [
      -48.802885359,
      -25.502513496
     ],
     [
      -48.80284848,
      -25.502484184
     ],
     [
      -48.802836426,
      -25.502474851
     ],
     [
      -48.802787492,
      -25.50243898
     ],
     [
      -48.802788603,
      -25.502439775
     ],
     [
      -48.802738559,
      -25.502405513
     ]
    ]
   },
   "properties": {
    "tipo": "curva_nivel",
    "cota_m": 724,
    "equidistancia_m": 2
   }
  },
  {
   "type": "Feature",
   "geometry": {
    "type": "LineString",
    "coordinates": [
     [
      -48.806211377,
      -25.50266182
     ],
     [
      -48.80621283,
      -25.50266074
     ],
     [
      -48.806163897,
      -25.502698143
     ],
     [
      -48.806163897,
      -25.502698143
     ],
     [
      -48.806114963,
      -25.502738361
     ],
     [
      -48.806114963,
      -25.502738361
     ]
    ]
   },
   "properties": {
    "tipo": "curva_nivel",
    "cota_m": 724,
    "equidistancia_m": 2
   }
  },
  {
   "type": "Feature",
   "geometry": {
    "type": "LineString",
    "coordinates": [
     [
      -48.806100734,
      -25.502750638
     ],
     [
      -48.80606603,
      -25.502781635
     ],
     [
      -48.80606603,
      -25.502781635
     ]
    ]
   },
   "properties": {
    "tipo": "curva_nivel",
    "cota_m": 724,
    "equidistancia_m": 2
   }
  },
  {
   "type": "Feature",
   "geometry": {
    "type": "LineString",
    "coordinates": [
     [
      -48.806051572,
      -25.502795047
     ],
     [
      -48.806017097,
      -25.502828248
     ],
     [
      -48.806017097,
      -25.502828248
     ]
    ]
   },
   "properties": {
    "tipo": "curva_nivel",
    "cota_m": 724,
    "equidistancia_m": 2
   }
  },
  {
   "type": "Feature",
   "geometry": {
    "type": "LineString",
    "coordinates": [
     [
      -48.806005842,
      -25.502839456
     ],
     [
      -48.805968163,
      -25.502878519
     ],
     [
      -48.805968163,
      -25.502878519
     ],
     [
      -48.805923189,
      -25.502928274
     ],
     [
      -48.80591923,
      -25.502932862
     ],
     [
      -48.805885647,
      -25.502972683
     ],
     [
      -48.805870296,
      -25.502991786
     ],
     [
      -48.805850338,
      -25.503017092
     ],
     [
      -48.805821363,
      -25.50305575
     ],
     [
      -48.805821363,
      -25.50305575
     ],
     [
      -48.805785719,
      -25.50310591
     ],
     [
      -48.80577243,
      -25.503125737
     ],
     [
      -48.805756091,
      -25.503150319
     ],
     [
      -48.805728167,
      -25.503194729
     ],
     [
      -48.805723496,
      -25.503202545
     ],
     [
      -48.805701683,
      -25.503239138
     ],
     [
      -48.80567681,
      -25.503283547
     ],
     [
      -48.805674563,
      -25.503287779
     ],
     [
      -48.805653158,
      -25.503327956
     ],
     [
      -48.805631001,
      -25.503372365
     ],
     [
      -48.805625629,
      -25.503383796
     ],
     [
      -48.805609984,
      -25.503416774
     ],
     [
      -48.805590271,
      -25.503461183
     ],
     [
      -48.805576696,
      -25.503493935
     ],
     [
      -48.805576696,
      -25.503493935
     ]
    ]
   },
   "properties": {
    "tipo": "curva_nivel",
    "cota_m": 724,
    "equidistancia_m": 2
   }
  },
  {
   "type": "Feature",
   "geometry": {
    "type": "LineString",
    "coordinates": [
     [
      -48.803276826,
      -25.502946353
     ],
     [
      -48.803294911,
      -25.502972683
     ],
     [
      -48.803324092,
      -25.503017092
     ],
     [
      -48.80335227,
      -25.503061501
     ],
     [
      -48.803374693,
      -25.503098618
     ],
     [
      -48.803379104,
      -25.50310591
     ],
     [
      -48.803405044,
      -25.503150319
     ],
     [
      -48.803423627,
      -25.503183706
     ],
     [
      -48.803429803,
      -25.503194729
     ],
     [
      -48.803453753,
      -25.503239138
     ],
     [
      -48.80347256,
      -25.503275794
     ],
     [
      -48.803476588,
      -25.503283547
     ],
     [
      -48.803498775,
      -25.503327956
     ],
     [
      -48.803519824,
      -25.503372365
     ],
     [
      -48.80354039,
      -25.503416774
     ],
     [
      -48.803559954,
      -25.503461183
     ],
     [
      -48.803570427,
      -25.503486122
     ],
     [
      -48.803578808,
      -25.503505592
     ],
     [
      -48.803597059,
      -25.503550001
     ],
     [
      -48.803614388,
      -25.50359441
     ],
     [
      -48.803631305,
      -25.503638819
     ],
     [
      -48.803647577,
      -25.503683228
     ],
     [
      -48.803663071,
      -25.503727637
     ],
     [
      -48.803663071,
      -25.503727637
     ]
    ]
   },
   "properties": {
    "tipo": "curva_nivel",
    "cota_m": 724,
    "equidistancia_m": 2
   }
  },
  {
   "type": "Feature",
   "geometry": {
    "type": "LineString",
    "coordinates": [
     [
      -48.805571788,
      -25.503505592
     ],
     [
      -48.805554289,
      -25.503550001
     ],
     [
      -48.805538037,
      -25.50359441
     ],
     [
      -48.805527763,
      -25.503624656
     ],
     [
      -48.805527763,
      -25.503624656
     ]
    ]
   },
   "properties": {
    "tipo": "curva_nivel",
    "cota_m": 724,
    "equidistancia_m": 2
   }
  },
  {
   "type": "Feature",
   "geometry": {
    "type": "LineString",
    "coordinates": [
     [
      -48.805522837,
      -25.503638819
     ],
     [
      -48.805508506,
      -25.503683228
     ],
     [
      -48.805495268,
      -25.503727637
     ],
     [
      -48.805483061,
      -25.503772046
     ],
     [
      -48.805478829,
      -25.503788787
     ],
     [
      -48.805471599,
      -25.503816455
     ],
     [
      -48.805460934,
      -25.503860864
     ],
     [
      -48.805451135,
      -25.503905273
     ],
     [
      -48.80544213,
      -25.503949682
     ],
     [
      -48.805433846,
      -25.503994091
     ],
     [
      -48.805429896,
      -25.504017152
     ],
     [
      -48.805429896,
      -25.504017152
     ]
    ]
   },
   "properties": {
    "tipo": "curva_nivel",
    "cota_m": 724,
    "equidistancia_m": 2
   }
  },
  {
   "type": "Feature",
   "geometry": {
    "type": "LineString",
    "coordinates": [
     [
      -48.803668294,
      -25.503743292
     ],
     [
      -48.803678261,
      -25.503772046
     ],
     [
      -48.803692995,
      -25.503816455
     ],
     [
      -48.803707119,
      -25.503860864
     ],
     [
      -48.803717227,
      -25.503893892
     ],
     [
      -48.80372087,
      -25.503905273
     ],
     [
      -48.803734614,
      -25.503949682
     ],
     [
      -48.80374796,
      -25.503994091
     ],
     [
      -48.803760998,
      -25.5040385
     ],
     [
      -48.803760998,
      -25.5040385
     ]
    ]
   },
   "properties": {
    "tipo": "curva_nivel",
    "cota_m": 724,
    "equidistancia_m": 2
   }
  },
  {
   "type": "Feature",
   "geometry": {
    "type": "LineString",
    "coordinates": [
     [
      -48.805426069,
      -25.5040385
     ],
     [
      -48.805418724,
      -25.504082909
     ],
     [
      -48.805411865,
      -25.504127318
     ],
     [
      -48.80540539,
      -25.504171728
     ],
     [
      -48.805399189,
      -25.504216137
     ],
     [
      -48.805393142,
      -25.504260546
     ]
    ]
   },
   "properties": {
    "tipo": "curva_nivel",
    "cota_m": 724,
    "equidistancia_m": 2
   }
  },
  {
   "type": "Feature",
   "geometry": {
    "type": "LineString",
    "coordinates": [
     [
      -48.80376616,
      -25.504056408
     ],
     [
      -48.803774213,
      -25.504082909
     ],
     [
      -48.80378757,
      -25.504127318
     ],
     [
      -48.803800918,
      -25.504171728
     ],
     [
      -48.803814381,
      -25.504216137
     ],
     [
      -48.803828794,
      -25.504260546
     ]
    ]
   },
   "properties": {
    "tipo": "curva_nivel",
    "cota_m": 724,
    "equidistancia_m": 2
   }
  },
  {
   "type": "Feature",
   "geometry": {
    "type": "LineString",
    "coordinates": [
     [
      -48.796034684,
      -25.496828208
     ],
     [
      -48.796034684,
      -25.496828208
     ],
     [
      -48.796050334,
      -25.496799826
     ],
     [
      -48.796070795,
      -25.496755417
     ],
     [
      -48.796083617,
      -25.496720793
     ],
     [
      -48.79608694,
      -25.496711008
     ],
     [
      -48.796098518,
      -25.496666599
     ],
     [
      -48.796106476,
      -25.49662219
     ],
     [
      -48.796110883,
      -25.496577781
     ],
     [
      -48.796111797,
      -25.496533372
     ],
     [
      -48.796109263,
      -25.496488963
     ],
     [
      -48.796103318,
      -25.496444554
     ],
     [
      -48.79609399,
      -25.496400145
     ],
     [
      -48.796081134,
      -25.496355735
     ],
     [
      -48.796063954,
      -25.496311326
     ],
     [
      -48.796043197,
      -25.496266917
     ],
     [
      -48.796034684,
      -25.496251429
     ],
     [
      -48.796017627,
      -25.496222508
     ],
     [
      -48.795987543,
      -25.496178099
     ],
     [
      -48.795985751,
      -25.496175761
     ],
     [
      -48.795950823,
      -25.49613369
     ],
     [
      -48.795936817,
      -25.496118565
     ],
     [
      -48.795907161,
      -25.496089281
     ],
     [
      -48.795887884,
      -25.496072036
     ],
     [
      -48.7958543,
      -25.496044872
     ],
     [
      -48.79583895,
      -25.496033519
     ],
     [
      -48.795788692,
      -25.496000463
     ],
     [
      -48.795741084,
      -25.49597506
     ],
     [
      -48.795699663,
      -25.495956054
     ],
     [
      -48.79569215,
      -25.495952851
     ],
     [
      -48.795643217,
      -25.49593544
     ],
     [
      -48.795594283,
      -25.49592146
     ],
     [
      -48.79554535,
      -25.495910976
     ],
     [
      -48.79554867,
      -25.495911645
     ],
     [
      -48.795496417,
      -25.495904384
     ],
     [
      -48.795447483,
      -25.495901046
     ],
     [
      -48.79539855,
      -25.495900983
     ],
     [
      -48.795349616,
      -25.495904217
     ],
     [
      -48.795300683,
      -25.495910776
     ],
     [
      -48.795300683,
      -25.495910776
     ],
     [
      -48.79525175,
      -25.495921344
     ],
     [
      -48.795202816,
      -25.495935609
     ],
     [
      -48.795153883,
      -25.495953545
     ],
     [
      -48.795153883,
      -25.495953545
     ],
     [
      -48.795104949,
      -25.495976716
     ],
     [
      -48.795062506,
      -25.496000463
     ],
     [
      -48.795056016,
      -25.496004451
     ],
     [
      -48.795007083,
      -25.49603871
     ],
     [
      -48.795007083,
      -25.49603871
     ],
     [
      -48.794958149,
      -25.496080612
     ],
     [
      -48.794958149,
      -25.496080612
     ]
    ]
   },
   "properties": {
    "tipo": "curva_nivel",
    "cota_m": 726,
    "equidistancia_m": 2
   }
  },
  {
   "type": "Feature",
   "geometry": {
    "type": "LineString",
    "coordinates": [
     [
      -48.794949126,
      -25.496089281
     ],
     [
      -48.794909216,
      -25.496132245
     ],
     [
      -48.794909216,
      -25.496132245
     ],
     [
      -48.794874549,
      -25.496178099
     ],
     [
      -48.794860282,
      -25.496199939
     ],
     [
      -48.79484658,
      -25.496222508
     ],
     [
      -48.794823602,
      -25.496266917
     ],
     [
      -48.794811349,
      -25.496295463
     ]
    ]
   },
   "properties": {
    "tipo": "curva_nivel",
    "cota_m": 726,
    "equidistancia_m": 2
   }
  },
  {
   "type": "Feature",
   "geometry": {
    "type": "LineString",
    "coordinates": [
     [
      -48.794811349,
      -25.496736251
     ],
     [
      -48.794819349,
      -25.496755417
     ],
     [
      -48.79484172,
      -25.496799826
     ],
     [
      -48.794860282,
      -25.496831099
     ],
     [
      -48.794868791,
      -25.496844235
     ],
     [
      -48.794901792,
      -25.496888644
     ],
     [
      -48.794942068,
      -25.496933053
     ],
     [
      -48.794942068,
      -25.496933053
     ]
    ]
   },
   "properties": {
    "tipo": "curva_nivel",
    "cota_m": 726,
    "equidistancia_m": 2
   }
  },
  {
   "type": "Feature",
   "geometry": {
    "type": "LineString",
    "coordinates": [
     [
      -48.796024948,
      -25.496844235
     ],
     [
      -48.795993608,
      -25.496888644
     ],
     [
      -48.795985751,
      -25.496898449
     ],
     [
      -48.795954844,
      -25.496933053
     ],
     [
      -48.795936817,
      -25.496951092
     ],
     [
      -48.795907107,
      -25.496977462
     ],
     [
      -48.795887884,
      -25.496992974
     ],
     [
      -48.795846957,
      -25.497021871
     ],
     [
      -48.79583895,
      -25.497027084
     ],
     [
      -48.795790017,
      -25.497054701
     ],
     [
      -48.795765794,
      -25.49706628
     ],
     [
      -48.795741084,
      -25.497077339
     ],
     [
      -48.79569215,
      -25.497095521
     ],
     [
      -48.795643217,
      -25.497110064
     ],
     [
      -48.795643217,
      -25.497110064
     ],
     [
      -48.795594283,
      -25.497120693
     ],
     [
      -48.79554535,
      -25.497128113
     ],
     [
      -48.795496417,
      -25.497132437
     ],
     [
      -48.795447483,
      -25.497133718
     ],
     [
      -48.79539855,
      -25.497131976
     ],
     [
      -48.795349616,
      -25.497127198
     ],
     [
      -48.795300683,
      -25.497119338
     ],
     [
      -48.795262213,
      -25.497110689
     ],
     [
      -48.795262213,
      -25.497110689
     ],
     [
      -48.795202816,
      -25.497093282
     ],
     [
      -48.795153883,
      -25.497074774
     ],
     [
      -48.79513505,
      -25.49706628
     ],
     [
      -48.795104949,
      -25.497051775
     ],
     [
      -48.795056016,
      -25.497024096
     ],
     [
      -48.795007083,
      -25.496990044
     ],
     [
      -48.794991226,
      -25.496977462
     ],
     [
      -48.794958149,
      -25.496948692
     ]
    ]
   },
   "properties": {
    "tipo": "curva_nivel",
    "cota_m": 726,
    "equidistancia_m": 2
   }
  },
  {
   "type": "Feature",
   "geometry": {
    "type": "LineString",
    "coordinates": [
     [
      -48.798664942,
      -25.498975869
     ],
     [
      -48.798664942,
      -25.498975869
     ],
     [
      -48.798628154,
      -25.498967555
     ],
     [
      -48.79857922,
      -25.498957792
     ],
     [
      -48.798530287,
      -25.498949302
     ],
     [
      -48.798481354,
      -25.498942062
     ],
     [
      -48.79843242,
      -25.498936053
     ],
     [
      -48.798383487,
      -25.498931266
     ],
     [
      -48.798385475,
      -25.49893146
     ],
     [
      -48.798334553,
      -25.498927718
     ],
     [
      -48.79828562,
      -25.498925372
     ],
     [
      -48.798236687,
      -25.498924233
     ],
     [
      -48.798187753,
      -25.49892431
     ],
     [
      -48.79813882,
      -25.498925619
     ],
     [
      -48.798089887,
      -25.498928182
     ],
     [
      -48.79804811,
      -25.49893146
     ],
     [
      -48.798040953,
      -25.498932033
     ],
     [
      -48.79799202,
      -25.498937232
     ],
     [
      -48.797943086,
      -25.498943798
     ],
     [
      -48.797894153,
      -25.498951781
     ],
     [
      -48.79784522,
      -25.498961239
     ],
     [
      -48.797796286,
      -25.498972238
     ],
     [
      -48.797796286,
      -25.498972238
     ]
    ]
   },
   "properties": {
    "tipo": "curva_nivel",
    "cota_m": 726,
    "equidistancia_m": 2
   }
  },
  {
   "type": "Feature",
   "geometry": {
    "type": "LineString",
    "coordinates": [
     [
      -48.798677087,
      -25.498978646
     ],
     [
      -48.798726021,
      -25.498991165
     ],
     [
      -48.798774954,
      -25.499005069
     ],
     [
      -48.798823487,
      -25.499020278
     ],
     [
      -48.798872821,
      -25.499037416
     ],
     [
      -48.798921754,
      -25.499055977
     ],
     [
      -48.798942984,
      -25.499064687
     ],
     [
      -48.798970688,
      -25.499076306
     ],
     [
      -48.799019621,
      -25.49909845
     ],
     [
      -48.799041532,
      -25.499109096
     ],
     [
      -48.799068554,
      -25.499122571
     ],
     [
      -48.799117488,
      -25.499148727
     ],
     [
      -48.799125891,
      -25.499153505
     ],
     [
      -48.799166421,
      -25.499177246
     ],
     [
      -48.799199536,
      -25.499197914
     ],
     [
      -48.799199536,
      -25.499197914
     ]
    ]
   },
   "properties": {
    "tipo": "curva_nivel",
    "cota_m": 726,
    "equidistancia_m": 2
   }
  },
  {
   "type": "Feature",
   "geometry": {
    "type": "LineString",
    "coordinates": [
     [
      -48.797781993,
      -25.498975869
     ],
     [
      -48.797747353,
      -25.498984921
     ],
     [
      -48.797698419,
      -25.49899934
     ],
     [
      -48.797649486,
      -25.499015561
     ],
     [
      -48.797649486,
      -25.499015561
     ]
    ]
   },
   "properties": {
    "tipo": "curva_nivel",
    "cota_m": 726,
    "equidistancia_m": 2
   }
  },
  {
   "type": "Feature",
   "geometry": {
    "type": "LineString",
    "coordinates": [
     [
      -48.797636524,
      -25.499020278
     ],
     [
      -48.797600553,
      -25.49903381
     ],
     [
      -48.797551619,
      -25.499054134
     ],
     [
      -48.797528331,
      -25.499064687
     ],
     [
      -48.797502686,
      -25.499076748
     ],
     [
      -48.797453752,
      -25.499101787
     ],
     [
      -48.797453752,
      -25.499101787
     ]
    ]
   },
   "properties": {
    "tipo": "curva_nivel",
    "cota_m": 726,
    "equidistancia_m": 2
   }
  },
  {
   "type": "Feature",
   "geometry": {
    "type": "LineString",
    "coordinates": [
     [
      -48.797440472,
      -25.499109096
     ],
     [
      -48.797404819,
      -25.499129542
     ],
     [
      -48.797366122,
      -25.499153505
     ],
     [
      -48.797355886,
      -25.499160131
     ],
     [
      -48.797306952,
      -25.499193919
     ],
     [
      -48.797306952,
      -25.499193919
     ],
     [
      -48.797258019,
      -25.499231285
     ],
     [
      -48.797258019,
      -25.499231285
     ]
    ]
   },
   "properties": {
    "tipo": "curva_nivel",
    "cota_m": 726,
    "equidistancia_m": 2
   }
  },
  {
   "type": "Feature",
   "geometry": {
    "type": "LineString",
    "coordinates": [
     [
      -48.800764889,
      -25.502040093
     ],
     [
      -48.800764889,
      -25.502040093
     ],
     [
      -48.80073229,
      -25.502035133
     ],
     [
      -48.800683356,
      -25.502027575
     ],
     [
      -48.800634423,
      -25.502019785
     ],
     [
      -48.80058549,
      -25.502011704
     ],
     [
      -48.800536556,
      -25.502003261
     ],
     [
      -48.80049458,
      -25.501995684
     ],
     [
      -48.800487623,
      -25.501994333
     ],
     [
      -48.80043869,
      -25.501984577
     ],
     [
      -48.800389756,
      -25.50197412
     ],
     [
      -48.800340823,
      -25.501962813
     ],
     [
      -48.8002949,
      -25.501951275
     ],
     [
      -48.800291889,
      -25.50195044
     ],
     [
      -48.800242956,
      -25.501936199
     ],
     [
      -48.800194023,
      -25.501920254
     ],
     [
      -48.800157093,
      -25.501906866
     ],
     [
      -48.800145089,
      -25.50190191
     ],
     [
      -48.800096156,
      -25.501879815
     ],
     [
      -48.800062518,
      -25.501862457
     ],
     [
      -48.800047222,
      -25.501853144
     ],
     [
      -48.799996749,
      -25.501818048
     ],
     [
      -48.799950327,
      -25.501773639
     ],
     [
      -48.799949356,
      -25.501772456
     ],
     [
      -48.799917317,
      -25.50172923
     ],
     [
      -48.799894032,
      -25.501684821
     ],
     [
      -48.799877739,
      -25.501640412
     ],
     [
      -48.799866777,
      -25.501596003
     ],
     [
      -48.799859834,
      -25.501551594
     ],
     [
      -48.799855965,
      -25.501507185
     ],
     [
      -48.799854464,
      -25.501462776
     ],
     [
      -48.799854795,
      -25.501418367
     ],
     [
      -48.799856539,
      -25.501373958
     ],
     [
      -48.799859364,
      -25.501329549
     ],
     [
      -48.799862999,
      -25.50128514
     ],
     [
      -48.799867221,
      -25.501240731
     ],
     [
      -48.799871844,
      -25.501196321
     ],
     [
      -48.799876711,
      -25.501151912
     ],
     [
      -48.799881683,
      -25.501107503
     ],
     [
      -48.799886643,
      -25.501063094
     ],
     [
      -48.799891486,
      -25.501018685
     ],
     [
      -48.799896117,
      -25.500974276
     ],
     [
      -48.799900422,
      -25.500930197
     ],
     [
      -48.799900453,
      -25.500929867
     ],
     [
      -48.799904392,
      -25.500885458
     ],
     [
      -48.799907893,
      -25.500841049
     ],
     [
      -48.799910892,
      -25.50079664
     ],
     [
      -48.799913327,
      -25.500752231
     ],
     [
      -48.799915143,
      -25.500707822
     ],
     [
      -48.799916287,
      -25.500663413
     ],
     [
      -48.799916708,
      -25.500619004
     ],
     [
      -48.799916358,
      -25.500574595
     ],
     [
      -48.799915191,
      -25.500530186
     ],
     [
      -48.799913163,
      -25.500485777
     ],
     [
      -48.799910231,
      -25.500441368
     ],
     [
      -48.799906351,
      -25.500396959
     ],
     [
      -48.799901483,
      -25.50035255
     ],
     [
      -48.799900422,
      -25.500344613
     ],
     [
      -48.799895561,
      -25.500308141
     ],
     [
      -48.799888559,
      -25.500263731
     ],
     [
      -48.799880443,
      -25.500219322
     ],
     [
      -48.799871171,
      -25.500174913
     ],
     [
      -48.799860703,
      -25.500130504
     ],
     [
      -48.799848979,
      -25.500086095
     ],
     [
      -48.799835899,
      -25.500041686
     ],
     [
      -48.799821486,
      -25.499997277
     ],
     [
      -48.799805695,
      -25.499952868
     ],
     [
      -48.799802555,
      -25.499944761
     ],
     [
      -48.799788345,
      -25.499908459
     ],
     [
      -48.799769479,
      -25.49986405
     ],
     [
      -48.799749018,
      -25.499819641
     ],
     [
      -48.799726758,
      -25.499775232
     ],
     [
      -48.799702798,
      -25.499730823
     ],
     [
      -48.799676769,
      -25.499686414
     ],
     [
      -48.799648797,
      -25.499642005
     ],
     [
      -48.799618547,
      -25.499597596
     ],
     [
      -48.799606822,
      -25.499581355
     ],
     [
      -48.799585895,
      -25.499553187
     ],
     [
      -48.799550729,
      -25.499508778
     ],
     [
      -48.799512681,
      -25.499464369
     ],
     [
      -48.799508955,
      -25.499460228
     ],
     [
      -48.799471362,
      -25.49941996
     ],
     [
      -48.799460022,
      -25.499408386
     ],
     [
      -48.799426519,
      -25.499375551
     ],
     [
      -48.799411088,
      -25.499361098
     ],
     [
      -48.799377657,
      -25.499331142
     ],
     [
      -48.799362155,
      -25.499317827
     ],
     [
      -48.799324168,
      -25.499286732
     ],
     [
      -48.799313221,
      -25.499278118
     ],
     [
      -48.799264288,
      -25.499241588
     ],
     [
      -48.799265309,
      -25.499242323
     ],
     [
      -48.799215355,
      -25.499208116
     ]
    ]
   },
   "properties": {
    "tipo": "curva_nivel",
    "cota_m": 726,
    "equidistancia_m": 2
   }
  },
  {
   "type": "Feature",
   "geometry": {
    "type": "LineString",
    "coordinates": [
     [
      -48.797244429,
      -25.499242323
     ],
     [
      -48.797209085,
      -25.499272546
     ],
     [
      -48.797209085,
      -25.499272546
     ]
    ]
   },
   "properties": {
    "tipo": "curva_nivel",
    "cota_m": 726,
    "equidistancia_m": 2
   }
  },
  {
   "type": "Feature",
   "geometry": {
    "type": "LineString",
    "coordinates": [
     [
      -48.797193299,
      -25.499286732
     ],
     [
      -48.797160152,
      -25.499318197
     ],
     [
      -48.797160152,
      -25.499318197
     ]
    ]
   },
   "properties": {
    "tipo": "curva_nivel",
    "cota_m": 726,
    "equidistancia_m": 2
   }
  },
  {
   "type": "Feature",
   "geometry": {
    "type": "LineString",
    "coordinates": [
     [
      -48.797147094,
      -25.499331142
     ],
     [
      -48.797111219,
      -25.499368834
     ],
     [
      -48.797111219,
      -25.499368834
     ],
     [
      -48.797066665,
      -25.49941996
     ],
     [
      -48.797062285,
      -25.499425341
     ],
     [
      -48.797031459,
      -25.499464369
     ],
     [
      -48.797013352,
      -25.499488918
     ],
     [
      -48.79699906,
      -25.499508778
     ],
     [
      -48.79696923,
      -25.499553187
     ],
     [
      -48.796964418,
      -25.499560843
     ],
     [
      -48.796941731,
      -25.499597596
     ],
     [
      -48.796916411,
      -25.499642005
     ],
     [
      -48.796915485,
      -25.499643746
     ],
     [
      -48.796893059,
      -25.499686414
     ],
     [
      -48.796871633,
      -25.499730823
     ],
     [
      -48.796866552,
      -25.499742234
     ],
     [
      -48.796851938,
      -25.499775232
     ],
     [
      -48.796833946,
      -25.499819641
     ],
     [
      -48.796817618,
      -25.499864014
     ],
     [
      -48.796817618,
      -25.499864014
     ],
     [
      -48.796802698,
      -25.499908459
     ],
     [
      -48.796789303,
      -25.499952868
     ],
     [
      -48.796777354,
      -25.499997277
     ],
     [
      -48.796768685,
      -25.50003368
     ],
     [
      -48.796768685,
      -25.50003368
     ],
     [
      -48.796757405,
      -25.500086095
     ],
     [
      -48.796749328,
      -25.500130504
     ],
     [
      -48.796742477,
      -25.500174913
     ],
     [
      -48.796736798,
      -25.500219322
     ],
     [
      -48.796732238,
      -25.500263731
     ],
     [
      -48.796728746,
      -25.500308141
     ],
     [
      -48.79672627,
      -25.50035255
     ],
     [
      -48.796724758,
      -25.500396959
     ],
     [
      -48.796724158,
      -25.500441368
     ],
     [
      -48.796724417,
      -25.500485777
     ],
     [
      -48.796725479,
      -25.500530186
     ],
     [
      -48.796727289,
      -25.500574595
     ],
     [
      -48.796729786,
      -25.500619004
     ],
     [
      -48.79673291,
      -25.500663413
     ],
     [
      -48.796736594,
      -25.500707822
     ],
     [
      -48.796740769,
      -25.500752231
     ],
     [
      -48.796745362,
      -25.50079664
     ],
     [
      -48.796750292,
      -25.500841049
     ],
     [
      -48.796755473,
      -25.500885458
     ],
     [
      -48.796760809,
      -25.500929867
     ],
     [
      -48.796766198,
      -25.500974276
     ],
     [
      -48.796766198,
      -25.500974276
     ]
    ]
   },
   "properties": {
    "tipo": "curva_nivel",
    "cota_m": 726,
    "equidistancia_m": 2
   }
  },
  {
   "type": "Feature",
   "geometry": {
    "type": "LineString",
    "coordinates": [
     [
      -48.804206561,
      -25.499502679
     ],
     [
      -48.804206561,
      -25.499502679
     ],
     [
      -48.804255494,
      -25.499483499
     ],
     [
      -48.804304428,
      -25.499467062
     ],
     [
      -48.804314069,
      -25.499464369
     ],
     [
      -48.804353361,
      -25.499453948
     ],
     [
      -48.804402295,
      -25.49944357
     ],
     [
      -48.804451228,
      -25.499435789
     ],
     [
      -48.804500161,
      -25.499430617
     ],
     [
      -48.804549095,
      -25.499428078
     ],
     [
      -48.804598028,
      -25.499428203
     ],
     [
      -48.804646962,
      -25.499431035
     ],
     [
      -48.804695895,
      -25.49943663
     ],
     [
      -48.804744828,
      -25.499445053
     ],
     [
      -48.804793762,
      -25.499456382
     ],
     [
      -48.804821208,
      -25.499464369
     ],
     [
      -48.804821208,
      -25.499464369
     ]
    ]
   },
   "properties": {
    "tipo": "curva_nivel",
    "cota_m": 726,
    "equidistancia_m": 2
   }
  },
  {
   "type": "Feature",
   "geometry": {
    "type": "LineString",
    "coordinates": [
     [
      -48.804842695,
      -25.499471083
     ],
     [
      -48.804891629,
      -25.499489542
     ],
     [
      -48.804934736,
      -25.499508778
     ],
     [
      -48.804989495,
      -25.499538727
     ],
     [
      -48.805012473,
      -25.499553187
     ],
     [
      -48.805038429,
      -25.499571084
     ],
     [
      -48.805072841,
      -25.499597596
     ],
     [
      -48.805072841,
      -25.499597596
     ]
    ]
   },
   "properties": {
    "tipo": "curva_nivel",
    "cota_m": 726,
    "equidistancia_m": 2
   }
  },
  {
   "type": "Feature",
   "geometry": {
    "type": "LineString",
    "coordinates": [
     [
      -48.804192959,
      -25.499508778
     ],
     [
      -48.804157628,
      -25.499525596
     ],
     [
      -48.804108694,
      -25.499551826
     ],
     [
      -48.804108694,
      -25.499551826
     ],
     [
      -48.804059761,
      -25.499582903
     ],
     [
      -48.804038795,
      -25.499597596
     ],
     [
      -48.804010827,
      -25.499618709
     ],
     [
      -48.803982516,
      -25.499642005
     ],
     [
      -48.803961894,
      -25.499660429
     ],
     [
      -48.803934988,
      -25.499686414
     ],
     [
      -48.803912961,
      -25.499709716
     ],
     [
      -48.803894361,
      -25.499730823
     ],
     [
      -48.803864027,
      -25.499768901
     ],
     [
      -48.803864027,
      -25.499768901
     ],
     [
      -48.803829614,
      -25.499819641
     ],
     [
      -48.803815094,
      -25.499844305
     ],
     [
      -48.803815094,
      -25.499844305
     ]
    ]
   },
   "properties": {
    "tipo": "curva_nivel",
    "cota_m": 726,
    "equidistancia_m": 2
   }
  },
  {
   "type": "Feature",
   "geometry": {
    "type": "LineString",
    "coordinates": [
     [
      -48.805087362,
      -25.499609985
     ],
     [
      -48.805121442,
      -25.499642005
     ],
     [
      -48.805121442,
      -25.499642005
     ]
    ]
   },
   "properties": {
    "tipo": "curva_nivel",
    "cota_m": 726,
    "equidistancia_m": 2
   }
  },
  {
   "type": "Feature",
   "geometry": {
    "type": "LineString",
    "coordinates": [
     [
      -48.805136295,
      -25.499657651
     ],
     [
      -48.805161396,
      -25.499686414
     ],
     [
      -48.805185229,
      -25.499717483
     ],
     [
      -48.805194736,
      -25.499730823
     ],
     [
      -48.805222232,
      -25.499775232
     ],
     [
      -48.805234162,
      -25.499797907
     ],
     [
      -48.805244908,
      -25.499819641
     ],
     [
      -48.805263139,
      -25.49986405
     ],
     [
      -48.805277663,
      -25.499908459
     ],
     [
      -48.805283096,
      -25.49993043
     ],
     [
      -48.805288373,
      -25.499952868
     ],
     [
      -48.805295525,
      -25.499997277
     ],
     [
      -48.805299426,
      -25.500041686
     ],
     [
      -48.805300134,
      -25.500086095
     ],
     [
      -48.805297688,
      -25.500130504
     ],
     [
      -48.805292111,
      -25.500174913
     ],
     [
      -48.805283411,
      -25.500219322
     ],
     [
      -48.805283096,
      -25.500220513
     ],
     [
      -48.805271091,
      -25.500263731
     ],
     [
      -48.805255474,
      -25.500308141
     ],
     [
      -48.805236531,
      -25.50035255
     ],
     [
      -48.805234162,
      -25.500357301
     ],
     [
      -48.805213259,
      -25.500396959
     ],
     [
      -48.805186258,
      -25.500441368
     ],
     [
      -48.805185229,
      -25.500442873
     ],
     [
      -48.805153969,
      -25.500485777
     ],
     [
      -48.805136295,
      -25.500507509
     ],
     [
      -48.805116484,
      -25.500530186
     ],
     [
      -48.805087362,
      -25.500560442
     ],
     [
      -48.805087362,
      -25.500560442
     ]
    ]
   },
   "properties": {
    "tipo": "curva_nivel",
    "cota_m": 726,
    "equidistancia_m": 2
   }
  },
  {
   "type": "Feature",
   "geometry": {
    "type": "LineString",
    "coordinates": [
     [
      -48.803804102,
      -25.49986405
     ],
     [
      -48.803782713,
      -25.499908459
     ],
     [
      -48.80376616,
      -25.4999491
     ],
     [
      -48.80376616,
      -25.4999491
     ],
     [
      -48.803750663,
      -25.499997277
     ],
     [
      -48.803739759,
      -25.500041686
     ],
     [
      -48.803731997,
      -25.500086095
     ],
     [
      -48.803727397,
      -25.500130504
     ],
     [
      -48.803725992,
      -25.500174913
     ],
     [
      -48.803727826,
      -25.500219322
     ],
     [
      -48.803732956,
      -25.500263731
     ],
     [
      -48.803741453,
      -25.500308141
     ],
     [
      -48.803753405,
      -25.50035255
     ],
     [
      -48.80376616,
      -25.500389173
     ],
     [
      -48.803769077,
      -25.500396959
     ],
     [
      -48.803789382,
      -25.500441368
     ],
     [
      -48.803813762,
      -25.500485777
     ],
     [
      -48.803844173,
      -25.500530186
     ],
     [
      -48.803864027,
      -25.500555425
     ],
     [
      -48.803880603,
      -25.500574595
     ],
     [
      -48.803912961,
      -25.500607953
     ],
     [
      -48.803924872,
      -25.500619004
     ],
     [
      -48.803961894,
      -25.500650114
     ],
     [
      -48.803979702,
      -25.500663413
     ],
     [
      -48.804010827,
      -25.500684748
     ],
     [
      -48.804049275,
      -25.500707822
     ],
     [
      -48.804108694,
      -25.500737395
     ],
     [
      -48.804144791,
      -25.500752231
     ],
     [
      -48.804144791,
      -25.500752231
     ]
    ]
   },
   "properties": {
    "tipo": "curva_nivel",
    "cota_m": 726,
    "equidistancia_m": 2
   }
  },
  {
   "type": "Feature",
   "geometry": {
    "type": "LineString",
    "coordinates": [
     [
      -48.805072609,
      -25.500574595
     ],
     [
      -48.805038429,
      -25.500604692
     ],
     [
      -48.805038429,
      -25.500604692
     ]
    ]
   },
   "properties": {
    "tipo": "curva_nivel",
    "cota_m": 726,
    "equidistancia_m": 2
   }
  },
  {
   "type": "Feature",
   "geometry": {
    "type": "LineString",
    "coordinates": [
     [
      -48.805020664,
      -25.500619004
     ],
     [
      -48.804989495,
      -25.500642283
     ],
     [
      -48.804958258,
      -25.500663413
     ],
     [
      -48.804940562,
      -25.500674608
     ],
     [
      -48.804891629,
      -25.500702389
     ],
     [
      -48.804891629,
      -25.500702389
     ]
    ]
   },
   "properties": {
    "tipo": "curva_nivel",
    "cota_m": 726,
    "equidistancia_m": 2
   }
  },
  {
   "type": "Feature",
   "geometry": {
    "type": "LineString",
    "coordinates": [
     [
      -48.804880861,
      -25.500707822
     ],
     [
      -48.804842695,
      -25.500726002
     ],
     [
      -48.804793762,
      -25.500746343
     ],
     [
      -48.804793762,
      -25.500746343
     ]
    ]
   },
   "properties": {
    "tipo": "curva_nivel",
    "cota_m": 726,
    "equidistancia_m": 2
   }
  },
  {
   "type": "Feature",
   "geometry": {
    "type": "LineString",
    "coordinates": [
     [
      -48.804777307,
      -25.500752231
     ],
     [
      -48.804744828,
      -25.500763302
     ],
     [
      -48.804695895,
      -25.500777305
     ],
     [
      -48.804646962,
      -25.500788657
     ],
     [
      -48.804602333,
      -25.50079664
     ],
     [
      -48.804598028,
      -25.500797381
     ],
     [
      -48.804549095,
      -25.500803337
     ],
     [
      -48.804500161,
      -25.50080682
     ],
     [
      -48.804451228,
      -25.500807823
     ],
     [
      -48.804402295,
      -25.500806318
     ],
     [
      -48.804353361,
      -25.500802258
     ],
     [
      -48.804312197,
      -25.50079664
     ],
     [
      -48.804312197,
      -25.50079664
     ],
     [
      -48.804255494,
      -25.500785757
     ],
     [
      -48.804206561,
      -25.50077303
     ],
     [
      -48.804157628,
      -25.50075719
     ]
    ]
   },
   "properties": {
    "tipo": "curva_nivel",
    "cota_m": 726,
    "equidistancia_m": 2
   }
  },
  {
   "type": "Feature",
   "geometry": {
    "type": "LineString",
    "coordinates": [
     [
      -48.796768685,
      -25.500995327
     ],
     [
      -48.7967715,
      -25.501018685
     ],
     [
      -48.796776594,
      -25.501063094
     ],
     [
      -48.796781358,
      -25.501107503
     ],
     [
      -48.796785628,
      -25.501151912
     ],
     [
      -48.796789217,
      -25.501196321
     ],
     [
      -48.796791904,
      -25.501240731
     ],
     [
      -48.796793433,
      -25.50128514
     ],
     [
      -48.796793497,
      -25.501329549
     ],
     [
      -48.796791725,
      -25.501373958
     ],
     [
      -48.796787666,
      -25.501418367
     ],
     [
      -48.796780756,
      -25.501462776
     ],
     [
      -48.796770283,
      -25.501507185
     ],
     [
      -48.796768685,
      -25.501512232
     ],
     [
      -48.79675532,
      -25.501551594
     ],
     [
      -48.796734711,
      -25.501596003
     ],
     [
      -48.796719751,
      -25.501620765
     ],
     [
      -48.796706881,
      -25.501640412
     ],
     [
      -48.796670818,
      -25.501683652
     ],
     [
      -48.796670818,
      -25.501683652
     ],
     [
      -48.796621885,
      -25.501728113
     ],
     [
      -48.796621885,
      -25.501728113
     ],
     [
      -48.796572951,
      -25.501762552
     ],
     [
      -48.796572951,
      -25.501762552
     ]
    ]
   },
   "properties": {
    "tipo": "curva_nivel",
    "cota_m": 726,
    "equidistancia_m": 2
   }
  },
  {
   "type": "Feature",
   "geometry": {
    "type": "LineString",
    "coordinates": [
     [
      -48.796555481,
      -25.501773639
     ],
     [
      -48.796524018,
      -25.50179102
     ],
     [
      -48.796475084,
      -25.501815538
     ],
     [
      -48.796475084,
      -25.501815538
     ],
     [
      -48.796426151,
      -25.501836435
     ],
     [
      -48.796377218,
      -25.501855367
     ],
     [
      -48.796377218,
      -25.501855367
     ]
    ]
   },
   "properties": {
    "tipo": "curva_nivel",
    "cota_m": 726,
    "equidistancia_m": 2
   }
  },
  {
   "type": "Feature",
   "geometry": {
    "type": "LineString",
    "coordinates": [
     [
      -48.796357831,
      -25.501862457
     ],
     [
      -48.796328284,
      -25.501872314
     ],
     [
      -48.796279351,
      -25.501887809
     ],
     [
      -48.796230417,
      -25.501902406
     ],
     [
      -48.796230417,
      -25.501902406
     ]
    ]
   },
   "properties": {
    "tipo": "curva_nivel",
    "cota_m": 726,
    "equidistancia_m": 2
   }
  },
  {
   "type": "Feature",
   "geometry": {
    "type": "LineString",
    "coordinates": [
     [
      -48.796214995,
      -25.501906866
     ],
     [
      -48.796181484,
      -25.501915884
     ],
     [
      -48.796132551,
      -25.501928636
     ],
     [
      -48.796083617,
      -25.501940966
     ],
     [
      -48.796041729,
      -25.501951275
     ],
     [
      -48.796034684,
      -25.501952913
     ],
     [
      -48.795985751,
      -25.501964272
     ],
     [
      -48.795936817,
      -25.5019755
     ],
     [
      -48.795887884,
      -25.501986669
     ],
     [
      -48.795848505,
      -25.501995684
     ],
     [
      -48.79583895,
      -25.501997781
     ],
     [
      -48.795790017,
      -25.502008685
     ],
     [
      -48.795741084,
      -25.502019733
     ],
     [
      -48.79569215,
      -25.502030989
     ],
     [
      -48.795653512,
      -25.502040093
     ],
     [
      -48.795643217,
      -25.502042447
     ],
     [
      -48.795594283,
      -25.502053971
     ],
     [
      -48.79554535,
      -25.502065891
     ],
     [
      -48.795496417,
      -25.502078278
     ],
     [
      -48.795472778,
      -25.502084502
     ],
     [
      -48.795447483,
      -25.502091029
     ],
     [
      -48.79539855,
      -25.502104218
     ],
     [
      -48.795349616,
      -25.502118096
     ],
     [
      -48.795313406,
      -25.502128911
     ],
     [
      -48.795300683,
      -25.502132664
     ],
     [
      -48.79525175,
      -25.502147817
     ],
     [
      -48.795202816,
      -25.502163941
     ],
     [
      -48.795175936,
      -25.50217332
     ],
     [
      -48.795153883,
      -25.502180972
     ],
     [
      -48.795104949,
      -25.502198969
     ],
     [
      -48.795057456,
      -25.50221773
     ],
     [
      -48.795056016,
      -25.502218298
     ],
     [
      -48.795007083,
      -25.502238663
     ],
     [
      -48.794958149,
      -25.502260678
     ],
     [
      -48.794958149,
      -25.502260678
     ],
     [
      -48.794909216,
      -25.502284048
     ],
     [
      -48.794865663,
      -25.502306548
     ],
     [
      -48.794860282,
      -25.502309354
     ],
     [
      -48.794811349,
      -25.502336413
     ]
    ]
   },
   "properties": {
    "tipo": "curva_nivel",
    "cota_m": 726,
    "equidistancia_m": 2
   }
  },
  {
   "type": "Feature",
   "geometry": {
    "type": "LineString",
    "coordinates": [
     [
      -48.801990998,
      -25.502262139
     ],
     [
      -48.801990998,
      -25.502262139
     ],
     [
      -48.801955625,
      -25.502252008
     ],
     [
      -48.801906691,
      -25.502238759
     ],
     [
      -48.801857758,
      -25.502226263
     ],
     [
      -48.801822507,
      -25.50221773
     ],
     [
      -48.801808825,
      -25.502214403
     ],
     [
      -48.801759891,
      -25.502203053
     ],
     [
      -48.801710958,
      -25.50219229
     ],
     [
      -48.801662024,
      -25.502182062
     ],
     [
      -48.801618133,
      -25.50217332
     ],
     [
      -48.801613091,
      -25.502172305
     ],
     [
      -48.801564158,
      -25.502162856
     ],
     [
      -48.801515224,
      -25.502153819
     ],
     [
      -48.801466291,
      -25.502145156
     ],
     [
      -48.801417357,
      -25.502136828
     ],
     [
      -48.801369087,
      -25.502128911
     ],
     [
      -48.801368424,
      -25.5021288
     ],
     [
      -48.801319491,
      -25.502120904
     ],
     [
      -48.801270557,
      -25.50211325
     ],
     [
      -48.801221624,
      -25.502105807
     ],
     [
      -48.80117269,
      -25.502098545
     ],
     [
      -48.801123757,
      -25.502091435
     ],
     [
      -48.801074824,
      -25.502084446
     ],
     [
      -48.801075202,
      -25.502084502
     ],
     [
      -48.80102589,
      -25.502077406
     ],
     [
      -48.800976957,
      -25.502070427
     ],
     [
      -48.800928023,
      -25.502063475
     ],
     [
      -48.80087909,
      -25.50205652
     ],
     [
      -48.800830157,
      -25.502049524
     ],
     [
      -48.800781223,
      -25.502042452
     ]
    ]
   },
   "properties": {
    "tipo": "curva_nivel",
    "cota_m": 726,
    "equidistancia_m": 2
   }
  },
  {
   "type": "Feature",
   "geometry": {
    "type": "LineString",
    "coordinates": [
     [
      -48.802004558,
      -25.502266026
     ],
     [
      -48.802053492,
      -25.502280781
     ],
     [
      -48.802102425,
      -25.502296503
     ],
     [
      -48.802131946,
      -25.502306548
     ],
     [
      -48.802131946,
      -25.502306548
     ]
    ]
   },
   "properties": {
    "tipo": "curva_nivel",
    "cota_m": 726,
    "equidistancia_m": 2
   }
  },
  {
   "type": "Feature",
   "geometry": {
    "type": "LineString",
    "coordinates": [
     [
      -48.802527617,
      -25.502484184
     ],
     [
      -48.802527617,
      -25.502484184
     ],
     [
      -48.802493892,
      -25.502464947
     ],
     [
      -48.802446831,
      -25.502439775
     ],
     [
      -48.802444959,
      -25.502438791
     ],
     [
      -48.802396025,
      -25.502414237
     ],
     [
      -48.802355757,
      -25.502395366
     ],
     [
      -48.802347092,
      -25.502391364
     ],
     [
      -48.802298159,
      -25.502369864
     ],
     [
      -48.802249225,
      -25.502349817
     ],
     [
      -48.802252035,
      -25.502350957
     ],
     [
      -48.802200292,
      -25.502330882
     ],
     [
      -48.802151358,
      -25.502313194
     ]
    ]
   },
   "properties": {
    "tipo": "curva_nivel",
    "cota_m": 726,
    "equidistancia_m": 2
   }
  },
  {
   "type": "Feature",
   "geometry": {
    "type": "LineString",
    "coordinates": [
     [
      -48.802725977,
      -25.502617411
     ],
     [
      -48.802725977,
      -25.502617411
     ],
     [
      -48.802689626,
      -25.502589993
     ],
     [
      -48.802665937,
      -25.502573002
     ],
     [
      -48.802640692,
      -25.502555368
     ],
     [
      -48.802591759,
      -25.502523132
     ],
     [
      -48.802600216,
      -25.502528593
     ],
     [
      -48.802542826,
      -25.502493041
     ]
    ]
   },
   "properties": {
    "tipo": "curva_nivel",
    "cota_m": 726,
    "equidistancia_m": 2
   }
  },
  {
   "type": "Feature",
   "geometry": {
    "type": "LineString",
    "coordinates": [
     [
      -48.802738559,
      -25.502627179
     ],
     [
      -48.802781168,
      -25.50266182
     ],
     [
      -48.802832194,
      -25.502706229
     ],
     [
      -48.802879611,
      -25.502750638
     ],
     [
      -48.802923873,
      -25.502795047
     ],
     [
      -48.802965347,
      -25.502839456
     ],
     [
      -48.802983226,
      -25.502859538
     ],
     [
      -48.803004327,
      -25.502883865
     ],
     [
      -48.803032159,
      -25.502917347
     ],
     [
      -48.803041044,
      -25.502928274
     ],
     [
      -48.80307572,
      -25.502972683
     ],
     [
      -48.803108582,
      -25.503017092
     ],
     [
      -48.803130026,
      -25.503047598
     ],
     [
      -48.803139675,
      -25.503061501
     ],
     [
      -48.803169194,
      -25.50310591
     ],
     [
      -48.803169194,
      -25.50310591
     ]
    ]
   },
   "properties": {
    "tipo": "curva_nivel",
    "cota_m": 726,
    "equidistancia_m": 2
   }
  },
  {
   "type": "Feature",
   "geometry": {
    "type": "LineString",
    "coordinates": [
     [
      -48.806163897,
      -25.502960991
     ],
     [
      -48.806163897,
      -25.502960991
     ],
     [
      -48.806197599,
      -25.502928274
     ],
     [
      -48.80621283,
      -25.502914119
     ]
    ]
   },
   "properties": {
    "tipo": "curva_nivel",
    "cota_m": 726,
    "equidistancia_m": 2
   }
  },
  {
   "type": "Feature",
   "geometry": {
    "type": "LineString",
    "coordinates": [
     [
      -48.806152268,
      -25.502972683
     ],
     [
      -48.806114963,
      -25.503011993
     ],
     [
      -48.806114963,
      -25.503011993
     ],
     [
      -48.806071302,
      -25.503061501
     ],
     [
      -48.80606603,
      -25.50306782
     ],
     [
      -48.806035053,
      -25.50310591
     ],
     [
      -48.806017097,
      -25.503129275
     ],
     [
      -48.806001269,
      -25.503150319
     ],
     [
      -48.80596978,
      -25.503194729
     ],
     [
      -48.805968163,
      -25.503197136
     ],
     [
      -48.80594041,
      -25.503239138
     ],
     [
      -48.80591923,
      -25.503273399
     ],
     [
      -48.80591923,
      -25.503273399
     ]
    ]
   },
   "properties": {
    "tipo": "curva_nivel",
    "cota_m": 726,
    "equidistancia_m": 2
   }
  },
  {
   "type": "Feature",
   "geometry": {
    "type": "LineString",
    "coordinates": [
     [
      -48.80317896,
      -25.503121285
     ],
     [
      -48.803197263,
      -25.503150319
     ],
     [
      -48.803223855,
      -25.503194729
     ],
     [
      -48.803249266,
      -25.503239138
     ],
     [
      -48.803273295,
      -25.503283547
     ],
     [
      -48.803296305,
      -25.503327956
     ],
     [
      -48.803318065,
      -25.503372365
     ],
     [
      -48.803318065,
      -25.503372365
     ]
    ]
   },
   "properties": {
    "tipo": "curva_nivel",
    "cota_m": 726,
    "equidistancia_m": 2
   }
  },
  {
   "type": "Feature",
   "geometry": {
    "type": "LineString",
    "coordinates": [
     [
      -48.805913032,
      -25.503283547
     ],
     [
      -48.805887505,
      -25.503327956
     ],
     [
      -48.805870296,
      -25.503360078
     ],
     [
      -48.805870296,
      -25.503360078
     ]
    ]
   },
   "properties": {
    "tipo": "curva_nivel",
    "cota_m": 726,
    "equidistancia_m": 2
   }
  },
  {
   "type": "Feature",
   "geometry": {
    "type": "LineString",
    "coordinates": [
     [
      -48.805863757,
      -25.503372365
     ],
     [
      -48.805841653,
      -25.503416774
     ],
     [
      -48.805821363,
      -25.503460834
     ],
     [
      -48.805821363,
      -25.503460834
     ],
     [
      -48.805802181,
      -25.503505592
     ],
     [
      -48.805784684,
      -25.503550001
     ],
     [
      -48.80577243,
      -25.503583893
     ],
     [
      -48.80577243,
      -25.503583893
     ]
    ]
   },
   "properties": {
    "tipo": "curva_nivel",
    "cota_m": 726,
    "equidistancia_m": 2
   }
  },
  {
   "type": "Feature",
   "geometry": {
    "type": "LineString",
    "coordinates": [
     [
      -48.80332576,
      -25.503388889
     ],
     [
      -48.803338845,
      -25.503416774
     ],
     [
      -48.803358582,
      -25.503461183
     ],
     [
      -48.803374693,
      -25.503499596
     ],
     [
      -48.80337724,
      -25.503505592
     ],
     [
      -48.80339517,
      -25.503550001
     ],
     [
      -48.803412058,
      -25.50359441
     ],
     [
      -48.803423627,
      -25.503626644
     ],
     [
      -48.803428079,
      -25.503638819
     ],
     [
      -48.803443451,
      -25.503683228
     ],
     [
      -48.803457937,
      -25.503727637
     ],
     [
      -48.803471596,
      -25.503772046
     ],
     [
      -48.803484831,
      -25.503816455
     ],
     [
      -48.803497369,
      -25.503860864
     ],
     [
      -48.80350925,
      -25.503905273
     ],
     [
      -48.80352054,
      -25.503949682
     ],
     [
      -48.803531619,
      -25.503994091
     ],
     [
      -48.803542268,
      -25.5040385
     ],
     [
      -48.803552536,
      -25.504082909
     ],
     [
      -48.803562507,
      -25.504127318
     ],
     [
      -48.803570427,
      -25.504163374
     ],
     [
      -48.803572336,
      -25.504171728
     ],
     [
      -48.803582316,
      -25.504216137
     ],
     [
      -48.803592282,
      -25.504260546
     ]
    ]
   },
   "properties": {
    "tipo": "curva_nivel",
    "cota_m": 726,
    "equidistancia_m": 2
   }
  },
  {
   "type": "Feature",
   "geometry": {
    "type": "LineString",
    "coordinates": [
     [
      -48.805768604,
      -25.50359441
     ],
     [
      -48.805753802,
      -25.503638819
     ],
     [
      -48.805740353,
      -25.503683228
     ],
     [
      -48.8057282,
      -25.503727637
     ],
     [
      -48.805723496,
      -25.503746782
     ],
     [
      -48.8057172,
      -25.503772046
     ],
     [
      -48.805707338,
      -25.503816455
     ],
     [
      -48.805698627,
      -25.503860864
     ],
     [
      -48.805691012,
      -25.503905273
     ],
     [
      -48.805684442,
      -25.503949682
     ],
     [
      -48.805678861,
      -25.503994091
     ],
     [
      -48.805674563,
      -25.504035219
     ],
     [
      -48.805674563,
      -25.504035219
     ],
     [
      -48.805670379,
      -25.504082909
     ],
     [
      -48.805667382,
      -25.504127318
     ],
     [
      -48.805665159,
      -25.504171728
     ],
     [
      -48.805663643,
      -25.504216137
     ],
     [
      -48.805662766,
      -25.504260546
     ]
    ]
   },
   "properties": {
    "tipo": "curva_nivel",
    "cota_m": 726,
    "equidistancia_m": 2
   }
  },
  {
   "type": "Feature",
   "geometry": {
    "type": "LineString",
    "coordinates": [
     [
      -48.79525175,
      -25.496612274
     ],
     [
      -48.795231328,
      -25.496577781
     ],
     [
      -48.795215707,
      -25.496533372
     ],
     [
      -48.795210753,
      -25.496488963
     ],
     [
      -48.79521649,
      -25.496444554
     ],
     [
      -48.795233029,
      -25.496400145
     ],
     [
      -48.79525175,
      -25.496369942
     ],
     [
      -48.795263029,
      -25.496355735
     ],
     [
      -48.795300683,
      -25.496322109
     ],
     [
      -48.795317698,
      -25.496311326
     ],
     [
      -48.795349616,
      -25.496295736
     ],
     [
      -48.79539855,
      -25.496281777
     ],
     [
      -48.795447483,
      -25.496277743
     ],
     [
      -48.795496417,
      -25.4962835
     ],
     [
      -48.79554535,
      -25.496298855
     ],
     [
      -48.795569942,
      -25.496311326
     ],
     [
      -48.795594283,
      -25.49632697
     ],
     [
      -48.795626891,
      -25.496355735
     ],
     [
      -48.795643217,
      -25.49637532
     ],
     [
      -48.795659541,
      -25.496400145
     ],
     [
      -48.795678248,
      -25.496444554
     ],
     [
      -48.795686368,
      -25.496488963
     ],
     [
      -48.79568365,
      -25.496533372
     ],
     [
      -48.795669832,
      -25.496577781
     ],
     [
      -48.795644641,
      -25.49662219
     ],
     [
      -48.795643217,
      -25.496623933
     ],
     [
      -48.795597324,
      -25.496666599
     ],
     [
      -48.795594283,
      -25.496668768
     ],
     [
      -48.79554535,
      -25.496693068
     ],
     [
      -48.795496417,
      -25.496706888
     ],
     [
      -48.795447483,
      -25.496710614
     ],
     [
      -48.79539855,
      -25.496704447
     ],
     [
      -48.795349616,
      -25.496688413
     ],
     [
      -48.795308592,
      -25.496666599
     ],
     [
      -48.795308592,
      -25.496666599
     ],
     [
      -48.795259264,
      -25.49662219
     ],
     [
      -48.795259264,
      -25.49662219
     ]
    ]
   },
   "properties": {
    "tipo": "curva_nivel",
    "cota_m": 728,
    "equidistancia_m": 2
   }
  },
  {
   "type": "Feature",
   "geometry": {
    "type": "LineString",
    "coordinates": [
     [
      -48.798757821,
      -25.499153505
     ],
     [
      -48.798757821,
      -25.499153505
     ],
     [
      -48.798726021,
      -25.49914369
     ],
     [
      -48.798677087,
      -25.499130178
     ],
     [
      -48.798628154,
      -25.499118239
     ],
     [
      -48.79857922,
      -25.499107863
     ],
     [
      -48.798585131,
      -25.499109096
     ],
     [
      -48.798530287,
      -25.499099135
     ],
     [
      -48.798481354,
      -25.499091878
     ],
     [
      -48.79843242,
      -25.499086078
     ],
     [
      -48.798383487,
      -25.499081724
     ],
     [
      -48.798334553,
      -25.499078815
     ],
     [
      -48.79828562,
      -25.499077352
     ],
     [
      -48.798236687,
      -25.499077346
     ],
     [
      -48.798187753,
      -25.499078811
     ],
     [
      -48.79813882,
      -25.499081769
     ],
     [
      -48.798089887,
      -25.499086247
     ],
     [
      -48.798040953,
      -25.49909228
     ],
     [
      -48.79799202,
      -25.49909991
     ],
     [
      -48.797943567,
      -25.499109096
     ],
     [
      -48.797943086,
      -25.49910919
     ],
     [
      -48.797894153,
      -25.499120356
     ],
     [
      -48.79784522,
      -25.499133318
     ],
     [
      -48.797796286,
      -25.49914815
     ],
     [
      -48.797796286,
      -25.49914815
     ]
    ]
   },
   "properties": {
    "tipo": "curva_nivel",
    "cota_m": 728,
    "equidistancia_m": 2
   }
  },
  {
   "type": "Feature",
   "geometry": {
    "type": "LineString",
    "coordinates": [
     [
      -48.799249258,
      -25.49941996
     ],
     [
      -48.799249258,
      -25.49941996
     ],
     [
      -48.799215355,
      -25.499392485
     ],
     [
      -48.799193256,
      -25.499375551
     ],
     [
      -48.799166421,
      -25.49935586
     ],
     [
      -48.799130636,
      -25.499331142
     ],
     [
      -48.799117488,
      -25.499322416
     ],
     [
      -48.799059628,
      -25.499286732
     ],
     [
      -48.799019621,
      -25.49926424
     ],
     [
      -48.798977622,
      -25.499242323
     ],
     [
      -48.798970688,
      -25.499238821
     ],
     [
      -48.798921754,
      -25.499215868
     ],
     [
      -48.798872821,
      -25.499194859
     ],
     [
      -48.798880111,
      -25.499197914
     ],
     [
      -48.798823887,
      -25.499176024
     ],
     [
      -48.798774954,
      -25.499158918
     ]
    ]
   },
   "properties": {
    "tipo": "curva_nivel",
    "cota_m": 728,
    "equidistancia_m": 2
   }
  },
  {
   "type": "Feature",
   "geometry": {
    "type": "LineString",
    "coordinates": [
     [
      -48.797780473,
      -25.499153505
     ],
     [
      -48.797747353,
      -25.499165151
     ],
     [
      -48.797698419,
      -25.499184332
     ],
     [
      -48.797667069,
      -25.499197914
     ],
     [
      -48.797649486,
      -25.499205859
     ],
     [
      -48.797600553,
      -25.499230007
     ],
     [
      -48.79757762,
      -25.499242323
     ],
     [
      -48.797551619,
      -25.499256951
     ],
     [
      -48.797502836,
      -25.499286732
     ],
     [
      -48.797502686,
      -25.499286829
     ],
     [
      -48.797453752,
      -25.499320341
     ],
     [
      -48.797453752,
      -25.499320341
     ]
    ]
   },
   "properties": {
    "tipo": "curva_nivel",
    "cota_m": 728,
    "equidistancia_m": 2
   }
  },
  {
   "type": "Feature",
   "geometry": {
    "type": "LineString",
    "coordinates": [
     [
      -48.797439012,
      -25.499331142
     ],
     [
      -48.797404819,
      -25.499357601
     ],
     [
      -48.797382976,
      -25.499375551
     ],
     [
      -48.797355886,
      -25.499399153
     ],
     [
      -48.797333242,
      -25.49941996
     ],
     [
      -48.797306952,
      -25.499445673
     ],
     [
      -48.797288713,
      -25.499464369
     ],
     [
      -48.797258019,
      -25.499497999
     ],
     [
      -48.797258019,
      -25.499497999
     ]
    ]
   },
   "properties": {
    "tipo": "curva_nivel",
    "cota_m": 728,
    "equidistancia_m": 2
   }
  },
  {
   "type": "Feature",
   "geometry": {
    "type": "LineString",
    "coordinates": [
     [
      -48.799264288,
      -25.499432725
     ],
     [
      -48.799299674,
      -25.499464369
     ],
     [
      -48.799299674,
      -25.499464369
     ]
    ]
   },
   "properties": {
    "tipo": "curva_nivel",
    "cota_m": 728,
    "equidistancia_m": 2
   }
  },
  {
   "type": "Feature",
   "geometry": {
    "type": "LineString",
    "coordinates": [
     [
      -48.799313221,
      -25.49947711
     ],
     [
      -48.799345337,
      -25.499508778
     ],
     [
      -48.799362155,
      -25.499526282
     ],
     [
      -48.799386911,
      -25.499553187
     ],
     [
      -48.799411088,
      -25.499581019
     ],
     [
      -48.799424932,
      -25.499597596
     ],
     [
      -48.799459822,
      -25.499642005
     ],
     [
      -48.799491517,
      -25.499686414
     ],
     [
      -48.799508955,
      -25.499712593
     ],
     [
      -48.79952073,
      -25.499730823
     ],
     [
      -48.799547462,
      -25.499775232
     ],
     [
      -48.799547462,
      -25.499775232
     ]
    ]
   },
   "properties": {
    "tipo": "curva_nivel",
    "cota_m": 728,
    "equidistancia_m": 2
   }
  },
  {
   "type": "Feature",
   "geometry": {
    "type": "LineString",
    "coordinates": [
     [
      -48.797248576,
      -25.499508778
     ],
     [
      -48.797212267,
      -25.499553187
     ],
     [
      -48.797209085,
      -25.499557359
     ],
     [
      -48.797179415,
      -25.499597596
     ],
     [
      -48.797160152,
      -25.499625887
     ],
     [
      -48.797160152,
      -25.499625887
     ]
    ]
   },
   "properties": {
    "tipo": "curva_nivel",
    "cota_m": 728,
    "equidistancia_m": 2
   }
  },
  {
   "type": "Feature",
   "geometry": {
    "type": "LineString",
    "coordinates": [
     [
      -48.797149485,
      -25.499642005
     ],
     [
      -48.797122312,
      -25.499686414
     ],
     [
      -48.797111219,
      -25.499706134
     ],
     [
      -48.79709763,
      -25.499730823
     ],
     [
      -48.797075258,
      -25.499775232
     ],
     [
      -48.797062285,
      -25.49980354
     ],
     [
      -48.797062285,
      -25.49980354
     ]
    ]
   },
   "properties": {
    "tipo": "curva_nivel",
    "cota_m": 728,
    "equidistancia_m": 2
   }
  },
  {
   "type": "Feature",
   "geometry": {
    "type": "LineString",
    "coordinates": [
     [
      -48.804146859,
      -25.500263731
     ],
     [
      -48.804146859,
      -25.500263731
     ],
     [
      -48.804128253,
      -25.500219322
     ],
     [
      -48.80411709,
      -25.500174913
     ],
     [
      -48.804113117,
      -25.500130504
     ],
     [
      -48.804116115,
      -25.500086095
     ],
     [
      -48.804125895,
      -25.500041686
     ],
     [
      -48.804142293,
      -25.499997277
     ],
     [
      -48.804157628,
      -25.499967596
     ],
     [
      -48.804166241,
      -25.499952868
     ],
     [
      -48.804206561,
      -25.499900834
     ],
     [
      -48.804206561,
      -25.499900834
     ],
     [
      -48.804255494,
      -25.499855983
     ],
     [
      -48.804255494,
      -25.499855983
     ],
     [
      -48.804304428,
      -25.499822864
     ],
     [
      -48.804310311,
      -25.499819641
     ],
     [
      -48.804353361,
      -25.499799143
     ],
     [
      -48.804402295,
      -25.499781307
     ],
     [
      -48.804426635,
      -25.499775232
     ],
     [
      -48.804451228,
      -25.499769794
     ],
     [
      -48.804500161,
      -25.499764038
     ],
     [
      -48.804549095,
      -25.499763414
     ],
     [
      -48.804598028,
      -25.499768048
     ],
     [
      -48.80463318,
      -25.499775232
     ],
     [
      -48.80463318,
      -25.499775232
     ]
    ]
   },
   "properties": {
    "tipo": "curva_nivel",
    "cota_m": 728,
    "equidistancia_m": 2
   }
  },
  {
   "type": "Feature",
   "geometry": {
    "type": "LineString",
    "coordinates": [
     [
      -48.804646962,
      -25.499778495
     ],
     [
      -48.804695895,
      -25.499796363
     ],
     [
      -48.804742462,
      -25.499819641
     ],
     [
      -48.804793762,
      -25.49985792
     ],
     [
      -48.804800483,
      -25.49986405
     ],
     [
      -48.804839723,
      -25.499908459
     ],
     [
      -48.804865898,
      -25.499952868
     ],
     [
      -48.804883834,
      -25.499997277
     ],
     [
      -48.804891629,
      -25.500030473
     ],
     [
      -48.804893953,
      -25.500041686
     ],
     [
      -48.804896744,
      -25.500086095
     ],
     [
      -48.804893228,
      -25.500130504
     ],
     [
      -48.804891629,
      -25.500137809
     ],
     [
      -48.804882545,
      -25.500174913
     ],
     [
      -48.804864842,
      -25.500219322
     ],
     [
      -48.804842695,
      -25.500259512
     ],
     [
      -48.804842695,
      -25.500259512
     ],
     [
      -48.80480454,
      -25.500308141
     ],
     [
      -48.804793762,
      -25.500319263
     ],
     [
      -48.804756159,
      -25.50035255
     ],
     [
      -48.804744828,
      -25.500361112
     ],
     [
      -48.804695895,
      -25.500391918
     ],
     [
      -48.804695895,
      -25.500391918
     ],
     [
      -48.804646962,
      -25.500414103
     ],
     [
      -48.804598028,
      -25.500430225
     ],
     [
      -48.804549095,
      -25.500440895
     ],
     [
      -48.804549095,
      -25.500440895
     ],
     [
      -48.804500161,
      -25.500445545
     ],
     [
      -48.804451228,
      -25.500445139
     ],
     [
      -48.804417785,
      -25.500441368
     ],
     [
      -48.804417785,
      -25.500441368
     ]
    ]
   },
   "properties": {
    "tipo": "curva_nivel",
    "cota_m": 728,
    "equidistancia_m": 2
   }
  },
  {
   "type": "Feature",
   "geometry": {
    "type": "LineString",
    "coordinates": [
     [
      -48.799557888,
      -25.4997939
     ],
     [
      -48.799571894,
      -25.499819641
     ],
     [
      -48.799594216,
      -25.49986405
     ],
     [
      -48.799606822,
      -25.49989134
     ],
     [
      -48.799614561,
      -25.499908459
     ],
     [
      -48.799632926,
      -25.499952868
     ],
     [
      -48.799649606,
      -25.499997277
     ],
     [
      -48.799649606,
      -25.499997277
     ]
    ]
   },
   "properties": {
    "tipo": "curva_nivel",
    "cota_m": 728,
    "equidistancia_m": 2
   }
  },
  {
   "type": "Feature",
   "geometry": {
    "type": "LineString",
    "coordinates": [
     [
      -48.797055021,
      -25.499819641
     ],
     [
      -48.797036831,
      -25.49986405
     ],
     [
      -48.797020524,
      -25.499908459
     ],
     [
      -48.797013352,
      -25.499930342
     ],
     [
      -48.797006031,
      -25.499952868
     ],
     [
      -48.79699327,
      -25.499997277
     ],
     [
      -48.796982154,
      -25.500041686
     ],
     [
      -48.796972617,
      -25.500086095
     ],
     [
      -48.796964602,
      -25.500130504
     ],
     [
      -48.796964418,
      -25.500131748
     ],
     [
      -48.796958048,
      -25.500174913
     ],
     [
      -48.796952909,
      -25.500219322
     ],
     [
      -48.796949134,
      -25.500263731
     ],
     [
      -48.79694668,
      -25.500308141
     ],
     [
      -48.7969455,
      -25.50035255
     ],
     [
      -48.796945553,
      -25.500396959
     ],
     [
      -48.7969468,
      -25.500441368
     ],
     [
      -48.796949199,
      -25.500485777
     ],
     [
      -48.796952715,
      -25.500530186
     ],
     [
      -48.796957309,
      -25.500574595
     ],
     [
      -48.796962945,
      -25.500619004
     ],
     [
      -48.796969591,
      -25.500663413
     ],
     [
      -48.79697721,
      -25.500707822
     ],
     [
      -48.79698577,
      -25.500752231
     ],
     [
      -48.796995237,
      -25.50079664
     ],
     [
      -48.797005577,
      -25.500841049
     ],
     [
      -48.797013352,
      -25.500872157
     ],
     [
      -48.797016771,
      -25.500885458
     ],
     [
      -48.797028809,
      -25.500929867
     ],
     [
      -48.797041633,
      -25.500974276
     ],
     [
      -48.797055212,
      -25.501018685
     ],
     [
      -48.797062285,
      -25.501041007
     ],
     [
      -48.797069569,
      -25.501063094
     ],
     [
      -48.797084686,
      -25.501107503
     ],
     [
      -48.797100487,
      -25.501151912
     ],
     [
      -48.797111219,
      -25.501181268
     ],
     [
      -48.797117011,
      -25.501196321
     ],
     [
      -48.797134303,
      -25.501240731
     ],
     [
      -48.797152235,
      -25.50128514
     ],
     [
      -48.797152235,
      -25.50128514
     ]
    ]
   },
   "properties": {
    "tipo": "curva_nivel",
    "cota_m": 728,
    "equidistancia_m": 2
   }
  },
  {
   "type": "Feature",
   "geometry": {
    "type": "LineString",
    "coordinates": [
     [
      -48.799655755,
      -25.500015445
     ],
     [
      -48.799664497,
      -25.500041686
     ],
     [
      -48.799677717,
      -25.500086095
     ],
     [
      -48.799689413,
      -25.500130504
     ],
     [
      -48.799699624,
      -25.500174913
     ],
     [
      -48.799704689,
      -25.500200629
     ],
     [
      -48.799708335,
      -25.500219322
     ],
     [
      -48.799715582,
      -25.500263731
     ],
     [
      -48.799721474,
      -25.500308141
     ],
     [
      -48.799726044,
      -25.50035255
     ],
     [
      -48.799729324,
      -25.500396959
     ],
     [
      -48.799731345,
      -25.500441368
     ],
     [
      -48.799732136,
      -25.500485777
     ],
     [
      -48.799731727,
      -25.500530186
     ],
     [
      -48.799730145,
      -25.500574595
     ],
     [
      -48.799727417,
      -25.500619004
     ],
     [
      -48.799723569,
      -25.500663413
     ],
     [
      -48.799718625,
      -25.500707822
     ],
     [
      -48.799712608,
      -25.500752231
     ],
     [
      -48.799705542,
      -25.50079664
     ],
     [
      -48.799704689,
      -25.500801421
     ],
     [
      -48.799697331,
      -25.500841049
     ],
     [
      -48.799688078,
      -25.500885458
     ],
     [
      -48.799677814,
      -25.500929867
     ],
     [
      -48.799666552,
      -25.500974276
     ],
     [
      -48.799655755,
      -25.50101357
     ],
     [
      -48.799655755,
      -25.50101357
     ],
     [
      -48.799640802,
      -25.501063094
     ],
     [
      -48.799626328,
      -25.501107503
     ],
     [
      -48.799610855,
      -25.501151912
     ],
     [
      -48.799606822,
      -25.501163113
     ],
     [
      -48.799594099,
      -25.501196321
     ],
     [
      -48.799576197,
      -25.501240731
     ],
     [
      -48.799557888,
      -25.501283614
     ],
     [
      -48.799557888,
      -25.501283614
     ],
     [
      -48.799536558,
      -25.501329549
     ],
     [
      -48.799514684,
      -25.501373958
     ],
     [
      -48.799508955,
      -25.501385394
     ],
     [
      -48.799490979,
      -25.501418367
     ],
     [
      -48.799465589,
      -25.501462776
     ],
     [
      -48.799460022,
      -25.50147239
     ],
     [
      -48.79943781,
      -25.501507185
     ],
     [
      -48.799411088,
      -25.501547039
     ],
     [
      -48.799411088,
      -25.501547039
     ],
     [
      -48.79937413,
      -25.501596003
     ],
     [
      -48.799362155,
      -25.501611375
     ],
     [
      -48.799336547,
      -25.501640412
     ],
     [
      -48.799313221,
      -25.501666071
     ],
     [
      -48.799293685,
      -25.501684821
     ],
     [
      -48.799264288,
      -25.501712411
     ],
     [
      -48.799243452,
      -25.50172923
     ],
     [
      -48.799215355,
      -25.501751578
     ],
     [
      -48.799182561,
      -25.501773639
     ],
     [
      -48.799166421,
      -25.501784418
     ],
     [
      -48.799117488,
      -25.501812048
     ],
     [
      -48.799117488,
      -25.501812048
     ]
    ]
   },
   "properties": {
    "tipo": "curva_nivel",
    "cota_m": 728,
    "equidistancia_m": 2
   }
  },
  {
   "type": "Feature",
   "geometry": {
    "type": "LineString",
    "coordinates": [
     [
      -48.804157628,
      -25.500282084
     ],
     [
      -48.804175609,
      -25.500308141
     ],
     [
      -48.804206561,
      -25.500342829
     ],
     [
      -48.804217088,
      -25.50035255
     ],
     [
      -48.804255494,
      -25.50038161
     ],
     [
      -48.804281238,
      -25.500396959
     ],
     [
      -48.804304428,
      -25.500408733
     ],
     [
      -48.804353361,
      -25.500427187
     ],
     [
      -48.804402295,
      -25.500439386
     ]
    ]
   },
   "properties": {
    "tipo": "curva_nivel",
    "cota_m": 728,
    "equidistancia_m": 2
   }
  },
  {
   "type": "Feature",
   "geometry": {
    "type": "LineString",
    "coordinates": [
     [
      -48.797160152,
      -25.501304634
     ],
     [
      -48.797170951,
      -25.501329549
     ],
     [
      -48.797190428,
      -25.501373958
     ],
     [
      -48.797209085,
      -25.501415289
     ],
     [
      -48.797210587,
      -25.501418367
     ],
     [
      -48.797231788,
      -25.501462776
     ],
     [
      -48.79725374,
      -25.501507185
     ],
     [
      -48.797276945,
      -25.501551594
     ],
     [
      -48.797301243,
      -25.501596003
     ],
     [
      -48.797327287,
      -25.501640412
     ],
     [
      -48.797355081,
      -25.501684821
     ],
     [
      -48.797385996,
      -25.50172923
     ],
     [
      -48.797404819,
      -25.501755252
     ],
     [
      -48.797420775,
      -25.501773639
     ],
     [
      -48.797453752,
      -25.501810653
     ],
     [
      -48.797461935,
      -25.501818048
     ],
     [
      -48.797502686,
      -25.501854184
     ],
     [
      -48.797514861,
      -25.501862457
     ],
     [
      -48.797551619,
      -25.501887146
     ],
     [
      -48.797593057,
      -25.501906866
     ],
     [
      -48.797649486,
      -25.501928384
     ],
     [
      -48.797698419,
      -25.501940797
     ],
     [
      -48.797747353,
      -25.501949626
     ],
     [
      -48.797759171,
      -25.501951275
     ],
     [
      -48.797796286,
      -25.501956549
     ],
     [
      -48.79784522,
      -25.501961601
     ],
     [
      -48.797894153,
      -25.501965141
     ],
     [
      -48.797943086,
      -25.501967536
     ],
     [
      -48.79799202,
      -25.501969033
     ],
     [
      -48.798040953,
      -25.501969797
     ],
     [
      -48.798089887,
      -25.501969945
     ],
     [
      -48.79813882,
      -25.501969555
     ],
     [
      -48.798187753,
      -25.501968679
     ],
     [
      -48.798236687,
      -25.501967347
     ],
     [
      -48.79828562,
      -25.501965575
     ],
     [
      -48.798334553,
      -25.501963364
     ],
     [
      -48.798383487,
      -25.501960699
     ],
     [
      -48.79843242,
      -25.501957555
     ],
     [
      -48.798481354,
      -25.501953892
     ],
     [
      -48.79851164,
      -25.501951275
     ],
     [
      -48.798530287,
      -25.50194976
     ],
     [
      -48.79857922,
      -25.501945201
     ],
     [
      -48.798628154,
      -25.501939956
     ],
     [
      -48.798677087,
      -25.501933917
     ],
     [
      -48.798726021,
      -25.501926942
     ],
     [
      -48.798774954,
      -25.501918849
     ],
     [
      -48.798823887,
      -25.501909399
     ],
     [
      -48.798872821,
      -25.501898909
     ],
     [
      -48.798921754,
      -25.501886741
     ],
     [
      -48.798970688,
      -25.501872232
     ],
     [
      -48.798998784,
      -25.501862457
     ],
     [
      -48.799019621,
      -25.501855321
     ],
     [
      -48.799068554,
      -25.501835697
     ],
     [
      -48.79910503,
      -25.501818048
     ]
    ]
   },
   "properties": {
    "tipo": "curva_nivel",
    "cota_m": 728,
    "equidistancia_m": 2
   }
  },
  {
   "type": "Feature",
   "geometry": {
    "type": "LineString",
    "coordinates": [
     [
      -48.796132551,
      -25.502171525
     ],
     [
      -48.796132551,
      -25.502171525
     ],
     [
      -48.796181484,
      -25.502166109
     ],
     [
      -48.796230417,
      -25.502161055
     ],
     [
      -48.796279351,
      -25.502156349
     ],
     [
      -48.796328284,
      -25.502151984
     ],
     [
      -48.796377218,
      -25.502147951
     ],
     [
      -48.796426151,
      -25.502144247
     ],
     [
      -48.796475084,
      -25.502140871
     ],
     [
      -48.796524018,
      -25.502137828
     ],
     [
      -48.796572951,
      -25.502135126
     ],
     [
      -48.796621885,
      -25.502132776
     ],
     [
      -48.796670818,
      -25.502130799
     ],
     [
      -48.796719751,
      -25.502129222
     ],
     [
      -48.79673369,
      -25.502128911
     ],
     [
      -48.796768685,
      -25.502128043
     ],
     [
      -48.796817618,
      -25.502127355
     ],
     [
      -48.796866552,
      -25.50212725
     ],
     [
      -48.796915485,
      -25.502127833
     ],
     [
      -48.796953486,
      -25.502128911
     ],
     [
      -48.796953486,
      -25.502128911
     ]
    ]
   },
   "properties": {
    "tipo": "curva_nivel",
    "cota_m": 728,
    "equidistancia_m": 2
   }
  },
  {
   "type": "Feature",
   "geometry": {
    "type": "LineString",
    "coordinates": [
     [
      -48.797640858,
      -25.502573002
     ],
     [
      -48.797640858,
      -25.502573002
     ],
     [
      -48.797615247,
      -25.502528593
     ],
     [
      -48.797600553,
      -25.502503634
     ],
     [
      -48.7975884,
      -25.502484184
     ],
     [
      -48.79756007,
      -25.502439775
     ],
     [
      -48.797551619,
      -25.502426546
     ],
     [
      -48.797529801,
      -25.502395366
     ],
     [
      -48.797496548,
      -25.502350957
     ],
     [
      -48.797458964,
      -25.502306548
     ],
     [
      -48.797453752,
      -25.50230051
     ],
     [
      -48.797414011,
      -25.502262139
     ],
     [
      -48.797404819,
      -25.502253673
     ],
     [
      -48.797354953,
      -25.50221773
     ],
     [
      -48.797306952,
      -25.502190881
     ],
     [
      -48.797258019,
      -25.502172053
     ],
     [
      -48.797261441,
      -25.50217332
     ],
     [
      -48.797209085,
      -25.502157431
     ],
     [
      -48.797160152,
      -25.502147254
     ],
     [
      -48.797111219,
      -25.50214007
     ],
     [
      -48.797062285,
      -25.502135008
     ],
     [
      -48.797013352,
      -25.502131516
     ],
     [
      -48.796964418,
      -25.502129229
     ]
    ]
   },
   "properties": {
    "tipo": "curva_nivel",
    "cota_m": 728,
    "equidistancia_m": 2
   }
  },
  {
   "type": "Feature",
   "geometry": {
    "type": "LineString",
    "coordinates": [
     [
      -48.799557888,
      -25.502382685
     ],
     [
      -48.799557888,
      -25.502382685
     ],
     [
      -48.799606822,
      -25.502354549
     ],
     [
      -48.799613801,
      -25.502350957
     ],
     [
      -48.799655755,
      -25.502330278
     ],
     [
      -48.799704689,
      -25.502310177
     ],
     [
      -48.799714605,
      -25.502306548
     ],
     [
      -48.799753622,
      -25.502292824
     ],
     [
      -48.799802555,
      -25.5022783
     ],
     [
      -48.799851489,
      -25.502266201
     ],
     [
      -48.799870211,
      -25.502262139
     ],
     [
      -48.799900422,
      -25.502255804
     ],
     [
      -48.799949356,
      -25.50224698
     ],
     [
      -48.799998289,
      -25.50223962
     ],
     [
      -48.800047222,
      -25.502233489
     ],
     [
      -48.800096156,
      -25.502228406
     ],
     [
      -48.800145089,
      -25.502224228
     ],
     [
      -48.800194023,
      -25.502220842
     ],
     [
      -48.800242956,
      -25.502218157
     ],
     [
      -48.800252731,
      -25.50221773
     ],
     [
      -48.800291889,
      -25.502216054
     ],
     [
      -48.800340823,
      -25.502214526
     ],
     [
      -48.800389756,
      -25.502213533
     ],
     [
      -48.80043869,
      -25.502213032
     ],
     [
      -48.800487623,
      -25.502212987
     ],
     [
      -48.800536556,
      -25.502213371
     ],
     [
      -48.80058549,
      -25.502214162
     ],
     [
      -48.800634423,
      -25.502215343
     ],
     [
      -48.800683356,
      -25.502216899
     ],
     [
      -48.800704162,
      -25.50221773
     ],
     [
      -48.80073229,
      -25.502218803
     ],
     [
      -48.800781223,
      -25.502221049
     ],
     [
      -48.800830157,
      -25.502223647
     ],
     [
      -48.80087909,
      -25.502226597
     ],
     [
      -48.800928023,
      -25.5022299
     ],
     [
      -48.800976957,
      -25.502233561
     ],
     [
      -48.80102589,
      -25.502237586
     ],
     [
      -48.801074824,
      -25.502241981
     ],
     [
      -48.801123757,
      -25.502246758
     ],
     [
      -48.80117269,
      -25.502251929
     ],
     [
      -48.801221624,
      -25.502257508
     ],
     [
      -48.801259302,
      -25.502262139
     ],
     [
      -48.801259302,
      -25.502262139
     ]
    ]
   },
   "properties": {
    "tipo": "curva_nivel",
    "cota_m": 728,
    "equidistancia_m": 2
   }
  },
  {
   "type": "Feature",
   "geometry": {
    "type": "LineString",
    "coordinates": [
     [
      -48.796117589,
      -25.50217332
     ],
     [
      -48.796083617,
      -25.502177226
     ],
     [
      -48.796034684,
      -25.502183277
     ],
     [
      -48.795985751,
      -25.502189739
     ],
     [
      -48.795936817,
      -25.502196634
     ],
     [
      -48.795887884,
      -25.502203989
     ],
     [
      -48.79583895,
      -25.502211834
     ],
     [
      -48.795804534,
      -25.50221773
     ],
     [
      -48.795790017,
      -25.502220153
     ],
     [
      -48.795741084,
      -25.502228912
     ],
     [
      -48.79569215,
      -25.50223826
     ],
     [
      -48.795643217,
      -25.502248241
     ],
     [
      -48.795594283,
      -25.502258904
     ],
     [
      -48.795594283,
      -25.502258904
     ]
    ]
   },
   "properties": {
    "tipo": "curva_nivel",
    "cota_m": 728,
    "equidistancia_m": 2
   }
  },
  {
   "type": "Feature",
   "geometry": {
    "type": "LineString",
    "coordinates": [
     [
      -48.801270557,
      -25.502263495
     ],
     [
      -48.801319491,
      -25.502269865
     ],
     [
      -48.801368424,
      -25.502276695
     ],
     [
      -48.801417357,
      -25.502284008
     ],
     [
      -48.801466291,
      -25.502291831
     ],
     [
      -48.801515224,
      -25.502300193
     ],
     [
      -48.801550051,
      -25.502306548
     ],
     [
      -48.801550051,
      -25.502306548
     ]
    ]
   },
   "properties": {
    "tipo": "curva_nivel",
    "cota_m": 728,
    "equidistancia_m": 2
   }
  },
  {
   "type": "Feature",
   "geometry": {
    "type": "LineString",
    "coordinates": [
     [
      -48.795580377,
      -25.502262139
     ],
     [
      -48.79554535,
      -25.502270173
     ],
     [
      -48.795496417,
      -25.502282171
     ],
     [
      -48.795447483,
      -25.502295018
     ],
     [
      -48.795406455,
      -25.502306548
     ],
     [
      -48.79539855,
      -25.502308755
     ],
     [
      -48.795349616,
      -25.502323314
     ],
     [
      -48.795300683,
      -25.502338945
     ],
     [
      -48.795265575,
      -25.502350957
     ],
     [
      -48.79525175,
      -25.502355689
     ],
     [
      -48.795202816,
      -25.502373542
     ],
     [
      -48.795153883,
      -25.502392772
     ],
     [
      -48.795153883,
      -25.502392772
     ],
     [
      -48.795104949,
      -25.502413315
     ],
     [
      -48.795056016,
      -25.50243546
     ],
     [
      -48.795056016,
      -25.50243546
     ],
     [
      -48.795007083,
      -25.502459218
     ],
     [
      -48.794959445,
      -25.502484184
     ],
     [
      -48.794958149,
      -25.502484874
     ],
     [
      -48.794909216,
      -25.502512467
     ],
     [
      -48.794882523,
      -25.502528593
     ],
     [
      -48.794860282,
      -25.502542312
     ],
     [
      -48.794813719,
      -25.502573002
     ],
     [
      -48.794811349,
      -25.502574602
     ]
    ]
   },
   "properties": {
    "tipo": "curva_nivel",
    "cota_m": 728,
    "equidistancia_m": 2
   }
  },
  {
   "type": "Feature",
   "geometry": {
    "type": "LineString",
    "coordinates": [
     [
      -48.802574706,
      -25.502706229
     ],
     [
      -48.802574706,
      -25.502706229
     ],
     [
      -48.802542826,
      -25.502683425
     ],
     [
      -48.802511032,
      -25.50266182
     ],
     [
      -48.802493892,
      -25.502650489
     ],
     [
      -48.802440947,
      -25.502617411
     ],
     [
      -48.802396025,
      -25.502591186
     ],
     [
      -48.802362933,
      -25.502573002
     ],
     [
      -48.802347092,
      -25.502564482
     ],
     [
      -48.802298159,
      -25.502539541
     ],
     [
      -48.802275396,
      -25.502528593
     ],
     [
      -48.802249225,
      -25.502516227
     ],
     [
      -48.802200292,
      -25.502494435
     ],
     [
      -48.802175871,
      -25.502484184
     ],
     [
      -48.802151358,
      -25.502474037
     ],
     [
      -48.802102425,
      -25.502454938
     ],
     [
      -48.802060953,
      -25.502439775
     ],
     [
      -48.802053492,
      -25.502437074
     ],
     [
      -48.802004558,
      -25.502420282
     ],
     [
      -48.801955625,
      -25.50240458
     ],
     [
      -48.801925086,
      -25.502395366
     ],
     [
      -48.801906691,
      -25.502389844
     ],
     [
      -48.801857758,
      -25.502375986
     ],
     [
      -48.801808825,
      -25.502363013
     ],
     [
      -48.801759891,
      -25.50235086
     ],
     [
      -48.801760279,
      -25.502350957
     ],
     [
      -48.801710958,
      -25.502339376
     ],
     [
      -48.801662024,
      -25.502328618
     ],
     [
      -48.801613091,
      -25.50231854
     ],
     [
      -48.801564158,
      -25.5023091
     ]
    ]
   },
   "properties": {
    "tipo": "curva_nivel",
    "cota_m": 728,
    "equidistancia_m": 2
   }
  },
  {
   "type": "Feature",
   "geometry": {
    "type": "LineString",
    "coordinates": [
     [
      -48.799538642,
      -25.502395366
     ],
     [
      -48.799508955,
      -25.502415853
     ],
     [
      -48.799478196,
      -25.502439775
     ],
     [
      -48.799460022,
      -25.5024546
     ],
     [
      -48.799427054,
      -25.502484184
     ],
     [
      -48.799411088,
      -25.502499232
     ],
     [
      -48.79938221,
      -25.502528593
     ],
     [
      -48.799362155,
      -25.502550036
     ],
     [
      -48.799341912,
      -25.502573002
     ],
     [
      -48.799313221,
      -25.502607271
     ],
     [
      -48.799313221,
      -25.502607271
     ]
    ]
   },
   "properties": {
    "tipo": "curva_nivel",
    "cota_m": 728,
    "equidistancia_m": 2
   }
  },
  {
   "type": "Feature",
   "geometry": {
    "type": "LineString",
    "coordinates": [
     [
      -48.797649486,
      -25.502588089
     ],
     [
      -48.797665659,
      -25.502617411
     ],
     [
      -48.797689517,
      -25.50266182
     ],
     [
      -48.797689517,
      -25.50266182
     ]
    ]
   },
   "properties": {
    "tipo": "curva_nivel",
    "cota_m": 728,
    "equidistancia_m": 2
   }
  },
  {
   "type": "Feature",
   "geometry": {
    "type": "LineString",
    "coordinates": [
     [
      -48.799305104,
      -25.502617411
     ],
     [
      -48.799270842,
      -25.50266182
     ],
     [
      -48.799264288,
      -25.502670635
     ],
     [
      -48.799238473,
      -25.502706229
     ],
     [
      -48.799215355,
      -25.502739934
     ],
     [
      -48.799215355,
      -25.502739934
     ]
    ]
   },
   "properties": {
    "tipo": "curva_nivel",
    "cota_m": 728,
    "equidistancia_m": 2
   }
  },
  {
   "type": "Feature",
   "geometry": {
    "type": "LineString",
    "coordinates": [
     [
      -48.797698419,
      -25.50267861
     ],
     [
      -48.797712812,
      -25.502706229
     ],
     [
      -48.797735369,
      -25.502750638
     ],
     [
      -48.797747353,
      -25.502774863
     ],
     [
      -48.797757327,
      -25.502795047
     ],
     [
      -48.797778799,
      -25.502839456
     ],
     [
      -48.797796286,
      -25.502877274
     ],
     [
      -48.797799377,
      -25.502883865
     ],
     [
      -48.797819854,
      -25.502928274
     ],
     [
      -48.797839238,
      -25.502972683
     ],
     [
      -48.797839238,
      -25.502972683
     ]
    ]
   },
   "properties": {
    "tipo": "curva_nivel",
    "cota_m": 728,
    "equidistancia_m": 2
   }
  },
  {
   "type": "Feature",
   "geometry": {
    "type": "LineString",
    "coordinates": [
     [
      -48.802591759,
      -25.502718801
     ],
     [
      -48.802632939,
      -25.502750638
     ],
     [
      -48.802686481,
      -25.502795047
     ],
     [
      -48.802735949,
      -25.502839456
     ],
     [
      -48.802781855,
      -25.502883865
     ],
     [
      -48.802824618,
      -25.502928274
     ],
     [
      -48.802824618,
      -25.502928274
     ]
    ]
   },
   "properties": {
    "tipo": "curva_nivel",
    "cota_m": 728,
    "equidistancia_m": 2
   }
  },
  {
   "type": "Feature",
   "geometry": {
    "type": "LineString",
    "coordinates": [
     [
      -48.799208112,
      -25.502750638
     ],
     [
      -48.79917896,
      -25.502795047
     ],
     [
      -48.799166421,
      -25.502815042
     ],
     [
      -48.799151086,
      -25.502839456
     ],
     [
      -48.799124493,
      -25.502883865
     ],
     [
      -48.799117488,
      -25.502896002
     ],
     [
      -48.799098574,
      -25.502928274
     ],
     [
      -48.799073996,
      -25.502972683
     ],
     [
      -48.799068554,
      -25.502982904
     ],
     [
      -48.799049831,
      -25.503017092
     ],
     [
      -48.799026962,
      -25.503061501
     ],
     [
      -48.799019621,
      -25.503076469
     ],
     [
      -48.799004577,
      -25.50310591
     ],
     [
      -48.798983254,
      -25.503150319
     ],
     [
      -48.798970688,
      -25.503178256
     ],
     [
      -48.798970688,
      -25.503178256
     ]
    ]
   },
   "properties": {
    "tipo": "curva_nivel",
    "cota_m": 728,
    "equidistancia_m": 2
   }
  },
  {
   "type": "Feature",
   "geometry": {
    "type": "LineString",
    "coordinates": [
     [
      -48.802836426,
      -25.502941132
     ],
     [
      -48.802864577,
      -25.502972683
     ],
     [
      -48.802885359,
      -25.502997064
     ],
     [
      -48.802902007,
      -25.503017092
     ],
     [
      -48.802934293,
      -25.503057849
     ],
     [
      -48.802937124,
      -25.503061501
     ],
     [
      -48.802970142,
      -25.50310591
     ],
     [
      -48.802970142,
      -25.50310591
     ]
    ]
   },
   "properties": {
    "tipo": "curva_nivel",
    "cota_m": 728,
    "equidistancia_m": 2
   }
  },
  {
   "type": "Feature",
   "geometry": {
    "type": "LineString",
    "coordinates": [
     [
      -48.79784522,
      -25.502986891
     ],
     [
      -48.797858343,
      -25.503017092
     ],
     [
      -48.797876686,
      -25.503061501
     ],
     [
      -48.797893871,
      -25.50310591
     ],
     [
      -48.79791109,
      -25.503150319
     ],
     [
      -48.797927085,
      -25.503194729
     ],
     [
      -48.797941829,
      -25.503239138
     ],
     [
      -48.797956394,
      -25.503283547
     ],
     [
      -48.797969712,
      -25.503327956
     ],
     [
      -48.797981668,
      -25.503372365
     ],
     [
      -48.79799202,
      -25.503415748
     ],
     [
      -48.797992287,
      -25.503416774
     ],
     [
      -48.798002476,
      -25.503461183
     ],
     [
      -48.798011179,
      -25.503505592
     ],
     [
      -48.7980184,
      -25.503550001
     ],
     [
      -48.798024148,
      -25.50359441
     ],
     [
      -48.798028434,
      -25.503638819
     ],
     [
      -48.798031274,
      -25.503683228
     ],
     [
      -48.798032686,
      -25.503727637
     ],
     [
      -48.798032695,
      -25.503772046
     ],
     [
      -48.798031328,
      -25.503816455
     ],
     [
      -48.798028617,
      -25.503860864
     ],
     [
      -48.7980246,
      -25.503905273
     ],
     [
      -48.79801932,
      -25.503949682
     ],
     [
      -48.798012827,
      -25.503994091
     ],
     [
      -48.798005176,
      -25.5040385
     ],
     [
      -48.797996432,
      -25.504082909
     ],
     [
      -48.79799202,
      -25.504103177
     ],
     [
      -48.797987235,
      -25.504127318
     ],
     [
      -48.79797769,
      -25.504171728
     ],
     [
      -48.797967423,
      -25.504216137
     ],
     [
      -48.79795654,
      -25.504260546
     ]
    ]
   },
   "properties": {
    "tipo": "curva_nivel",
    "cota_m": 728,
    "equidistancia_m": 2
   }
  },
  {
   "type": "Feature",
   "geometry": {
    "type": "LineString",
    "coordinates": [
     [
      -48.802983226,
      -25.503124427
     ],
     [
      -48.803001222,
      -25.503150319
     ],
     [
      -48.803030465,
      -25.503194729
     ],
     [
      -48.80305809,
      -25.503239138
     ],
     [
      -48.803081093,
      -25.503278414
     ],
     [
      -48.803084075,
      -25.503283547
     ],
     [
      -48.803108652,
      -25.503327956
     ],
     [
      -48.803130026,
      -25.503369054
     ],
     [
      -48.803131742,
      -25.503372365
     ],
     [
      -48.803153615,
      -25.503416774
     ],
     [
      -48.803174125,
      -25.503461183
     ],
     [
      -48.803193525,
      -25.503505592
     ],
     [
      -48.803211746,
      -25.503550001
     ],
     [
      -48.803227893,
      -25.503592046
     ],
     [
      -48.803228807,
      -25.50359441
     ],
     [
      -48.80324498,
      -25.503638819
     ],
     [
      -48.803260085,
      -25.503683228
     ],
     [
      -48.803274183,
      -25.503727637
     ],
     [
      -48.803287515,
      -25.503772046
     ],
     [
      -48.803299987,
      -25.503816455
     ],
     [
      -48.803311616,
      -25.503860864
     ],
     [
      -48.803322462,
      -25.503905273
     ],
     [
      -48.803322462,
      -25.503905273
     ]
    ]
   },
   "properties": {
    "tipo": "curva_nivel",
    "cota_m": 728,
    "equidistancia_m": 2
   }
  },
  {
   "type": "Feature",
   "geometry": {
    "type": "LineString",
    "coordinates": [
     [
      -48.806211116,
      -25.503194729
     ],
     [
      -48.80621283,
      -25.503192616
     ],
     [
      -48.806177073,
      -25.503239138
     ],
     [
      -48.806163897,
      -25.503257502
     ],
     [
      -48.806145673,
      -25.503283547
     ],
     [
      -48.806116712,
      -25.503327956
     ],
     [
      -48.806114963,
      -25.503330824
     ],
     [
      -48.806090145,
      -25.503372365
     ],
     [
      -48.80606603,
      -25.503416101
     ],
     [
      -48.80606603,
      -25.503416101
     ],
     [
      -48.806043292,
      -25.503461183
     ],
     [
      -48.806022805,
      -25.503505592
     ],
     [
      -48.806017097,
      -25.503519105
     ],
     [
      -48.806004168,
      -25.503550001
     ],
     [
      -48.805987285,
      -25.50359441
     ],
     [
      -48.805972071,
      -25.503638819
     ],
     [
      -48.805968163,
      -25.503651556
     ],
     [
      -48.805958473,
      -25.503683228
     ],
     [
      -48.805946431,
      -25.503727637
     ],
     [
      -48.805935889,
      -25.503772046
     ],
     [
      -48.805926798,
      -25.503816455
     ],
     [
      -48.80591923,
      -25.503860176
     ],
     [
      -48.80591923,
      -25.503860176
     ],
     [
      -48.805912769,
      -25.503905273
     ],
     [
      -48.805907747,
      -25.503949682
     ],
     [
      -48.805904004,
      -25.503994091
     ],
     [
      -48.805901499,
      -25.5040385
     ],
     [
      -48.805900194,
      -25.504082909
     ],
     [
      -48.805900052,
      -25.504127318
     ],
     [
      -48.805901036,
      -25.504171728
     ],
     [
      -48.805903109,
      -25.504216137
     ],
     [
      -48.805906237,
      -25.504260546
     ]
    ]
   },
   "properties": {
    "tipo": "curva_nivel",
    "cota_m": 728,
    "equidistancia_m": 2
   }
  },
  {
   "type": "Feature",
   "geometry": {
    "type": "LineString",
    "coordinates": [
     [
      -48.798962868,
      -25.503194729
     ],
     [
      -48.798943019,
      -25.503239138
     ],
     [
      -48.798924765,
      -25.503283547
     ],
     [
      -48.798921754,
      -25.503291376
     ],
     [
      -48.798906684,
      -25.503327956
     ],
     [
      -48.798889942,
      -25.503372365
     ],
     [
      -48.798874775,
      -25.503416774
     ],
     [
      -48.798872821,
      -25.503423016
     ],
     [
      -48.798859822,
      -25.503461183
     ],
     [
      -48.798846281,
      -25.503505592
     ],
     [
      -48.798834298,
      -25.503550001
     ],
     [
      -48.798823887,
      -25.503594036
     ],
     [
      -48.798823887,
      -25.503594036
     ],
     [
      -48.798813571,
      -25.503638819
     ],
     [
      -48.798804863,
      -25.503683228
     ],
     [
      -48.79879757,
      -25.503727637
     ],
     [
      -48.798791591,
      -25.503772046
     ],
     [
      -48.798786821,
      -25.503816455
     ],
     [
      -48.798783149,
      -25.503860864
     ],
     [
      -48.798780458,
      -25.503905273
     ],
     [
      -48.798778625,
      -25.503949682
     ],
     [
      -48.798777519,
      -25.503994091
     ],
     [
      -48.798777003,
      -25.5040385
     ],
     [
      -48.798776932,
      -25.504082909
     ],
     [
      -48.798777154,
      -25.504127318
     ],
     [
      -48.798777505,
      -25.504171728
     ],
     [
      -48.798777816,
      -25.504216137
     ],
     [
      -48.798777905,
      -25.504260546
     ]
    ]
   },
   "properties": {
    "tipo": "curva_nivel",
    "cota_m": 728,
    "equidistancia_m": 2
   }
  },
  {
   "type": "Feature",
   "geometry": {
    "type": "LineString",
    "coordinates": [
     [
      -48.80332576,
      -25.503919747
     ],
     [
      -48.803332721,
      -25.503949682
     ],
     [
      -48.803342374,
      -25.503994091
     ],
     [
      -48.803351424,
      -25.5040385
     ],
     [
      -48.803359939,
      -25.504082909
     ],
     [
      -48.803367993,
      -25.504127318
     ],
     [
      -48.803374693,
      -25.504166153
     ],
     [
      -48.803375682,
      -25.504171728
     ],
     [
      -48.803383204,
      -25.504216137
     ],
     [
      -48.803390498,
      -25.504260546
     ]
    ]
   },
   "properties": {
    "tipo": "curva_nivel",
    "cota_m": 728,
    "equidistancia_m": 2
   }
  },
  {
   "type": "Feature",
   "geometry": {
    "type": "LineString",
    "coordinates": [
     [
      -48.797404819,
      -25.499630852
     ],
     [
      -48.797404819,
      -25.499630852
     ],
     [
      -48.797433465,
      -25.499597596
     ],
     [
      -48.797453752,
      -25.499575813
     ],
     [
      -48.797475965,
      -25.499553187
     ],
     [
      -48.797502686,
      -25.49952788
     ],
     [
      -48.797524091,
      -25.499508778
     ],
     [
      -48.797551619,
      -25.499485823
     ],
     [
      -48.79757913,
      -25.499464369
     ],
     [
      -48.797600553,
      -25.499448684
     ],
     [
      -48.797649486,
      -25.499415714
     ],
     [
      -48.797649486,
      -25.499415714
     ],
     [
      -48.797698419,
      -25.499386706
     ],
     [
      -48.797718999,
      -25.499375551
     ],
     [
      -48.797747353,
      -25.499360981
     ],
     [
      -48.797796286,
      -25.499338205
     ],
     [
      -48.797813118,
      -25.499331142
     ],
     [
      -48.79784522,
      -25.499318307
     ],
     [
      -48.797894153,
      -25.49930093
     ],
     [
      -48.797943086,
      -25.499285798
     ],
     [
      -48.797943086,
      -25.499285798
     ],
     [
      -48.79799202,
      -25.49927315
     ],
     [
      -48.798040953,
      -25.499262521
     ],
     [
      -48.798089887,
      -25.499253853
     ],
     [
      -48.79813882,
      -25.499247096
     ],
     [
      -48.798187753,
      -25.49924221
     ],
     [
      -48.798187753,
      -25.49924221
     ],
     [
      -48.798236687,
      -25.499239235
     ],
     [
      -48.79828562,
      -25.499238019
     ],
     [
      -48.798334553,
      -25.499238543
     ],
     [
      -48.798383487,
      -25.499240793
     ],
     [
      -48.798402313,
      -25.499242323
     ],
     [
      -48.79843242,
      -25.499244826
     ],
     [
      -48.798481354,
      -25.499250662
     ],
     [
      -48.798530287,
      -25.499258266
     ],
     [
      -48.79857922,
      -25.499267647
     ],
     [
      -48.798628154,
      -25.499278824
     ],
     [
      -48.798657945,
      -25.499286732
     ],
     [
      -48.798657945,
      -25.499286732
     ]
    ]
   },
   "properties": {
    "tipo": "curva_nivel",
    "cota_m": 730,
    "equidistancia_m": 2
   }
  },
  {
   "type": "Feature",
   "geometry": {
    "type": "LineString",
    "coordinates": [
     [
      -48.798677087,
      -25.499291969
     ],
     [
      -48.798726021,
      -25.499307243
     ],
     [
      -48.798774954,
      -25.49932445
     ],
     [
      -48.798792071,
      -25.499331142
     ],
     [
      -48.798823887,
      -25.499344029
     ],
     [
      -48.798872821,
      -25.499365899
     ],
     [
      -48.798892567,
      -25.499375551
     ],
     [
      -48.798921754,
      -25.499390399
     ],
     [
      -48.798970688,
      -25.499417486
     ],
     [
      -48.798974833,
      -25.49941996
     ],
     [
      -48.799019621,
      -25.499447908
     ],
     [
      -48.799044151,
      -25.499464369
     ],
     [
      -48.799068554,
      -25.499481559
     ],
     [
      -48.799104692,
      -25.499508778
     ],
     [
      -48.799104692,
      -25.499508778
     ]
    ]
   },
   "properties": {
    "tipo": "curva_nivel",
    "cota_m": 730,
    "equidistancia_m": 2
   }
  },
  {
   "type": "Feature",
   "geometry": {
    "type": "LineString",
    "coordinates": [
     [
      -48.799117488,
      -25.499518937
     ],
     [
      -48.799158049,
      -25.499553187
     ],
     [
      -48.799205462,
      -25.499597596
     ],
     [
      -48.799247899,
      -25.499642005
     ],
     [
      -48.799264288,
      -25.499660536
     ],
     [
      -48.799286118,
      -25.499686414
     ],
     [
      -48.799313221,
      -25.499720878
     ],
     [
      -48.799320714,
      -25.499730823
     ],
     [
      -48.799351808,
      -25.499775232
     ],
     [
      -48.799351808,
      -25.499775232
     ]
    ]
   },
   "properties": {
    "tipo": "curva_nivel",
    "cota_m": 730,
    "equidistancia_m": 2
   }
  },
  {
   "type": "Feature",
   "geometry": {
    "type": "LineString",
    "coordinates": [
     [
      -48.797395647,
      -25.499642005
     ],
     [
      -48.797361963,
      -25.499686414
     ],
     [
      -48.797355886,
      -25.499695139
     ],
     [
      -48.797331975,
      -25.499730823
     ],
     [
      -48.797306952,
      -25.499771931
     ],
     [
      -48.797306952,
      -25.499771931
     ],
     [
      -48.797281174,
      -25.499819641
     ],
     [
      -48.797259814,
      -25.49986405
     ],
     [
      -48.797258019,
      -25.499868215
     ],
     [
      -48.797241102,
      -25.499908459
     ],
     [
      -48.797224623,
      -25.499952868
     ],
     [
      -48.797210255,
      -25.499997277
     ],
     [
      -48.797209085,
      -25.500001471
     ],
     [
      -48.797198067,
      -25.500041686
     ],
     [
      -48.797187819,
      -25.500086095
     ],
     [
      -48.797179428,
      -25.500130504
     ],
     [
      -48.797172833,
      -25.500174913
     ],
     [
      -48.797167983,
      -25.500219322
     ],
     [
      -48.797164827,
      -25.500263731
     ],
     [
      -48.797163324,
      -25.500308141
     ],
     [
      -48.797163435,
      -25.50035255
     ],
     [
      -48.797165126,
      -25.500396959
     ],
     [
      -48.797168365,
      -25.500441368
     ],
     [
      -48.797173129,
      -25.500485777
     ],
     [
      -48.797179394,
      -25.500530186
     ],
     [
      -48.797187143,
      -25.500574595
     ],
     [
      -48.797196363,
      -25.500619004
     ],
     [
      -48.797207045,
      -25.500663413
     ],
     [
      -48.797219332,
      -25.500707822
     ],
     [
      -48.797233134,
      -25.500752231
     ],
     [
      -48.79724843,
      -25.50079664
     ],
     [
      -48.797258019,
      -25.500822224
     ],
     [
      -48.797265368,
      -25.500841049
     ],
     [
      -48.797284046,
      -25.500885458
     ],
     [
      -48.797304333,
      -25.500929867
     ],
     [
      -48.797326695,
      -25.500974276
     ],
     [
      -48.797350885,
      -25.501018685
     ],
     [
      -48.797377468,
      -25.501063094
     ],
     [
      -48.797404819,
      -25.501105424
     ],
     [
      -48.797406253,
      -25.501107503
     ],
     [
      -48.797438085,
      -25.501151912
     ],
     [
      -48.797453752,
      -25.501172666
     ],
     [
      -48.797472997,
      -25.501196321
     ],
     [
      -48.797502686,
      -25.501231136
     ],
     [
      -48.79751157,
      -25.501240731
     ],
     [
      -48.797551619,
      -25.501282249
     ],
     [
      -48.797554672,
      -25.50128514
     ],
     [
      -48.797600553,
      -25.501327086
     ],
     [
      -48.797603529,
      -25.501329549
     ],
     [
      -48.797649486,
      -25.501366472
     ],
     [
      -48.797659887,
      -25.501373958
     ],
     [
      -48.797698419,
      -25.501401033
     ],
     [
      -48.797726285,
      -25.501418367
     ],
     [
      -48.797747353,
      -25.501431232
     ],
     [
      -48.797796286,
      -25.50145756
     ],
     [
      -48.79780725,
      -25.501462776
     ],
     [
      -48.79784522,
      -25.501480642
     ],
     [
      -48.797894153,
      -25.501500496
     ],
     [
      -48.797913123,
      -25.501507185
     ],
     [
      -48.797943086,
      -25.501517715
     ],
     [
      -48.79799202,
      -25.501532438
     ],
     [
      -48.798040953,
      -25.501544769
     ],
     [
      -48.798073496,
      -25.501551594
     ],
     [
      -48.798073496,
      -25.501551594
     ]
    ]
   },
   "properties": {
    "tipo": "curva_nivel",
    "cota_m": 730,
    "equidistancia_m": 2
   }
  },
  {
   "type": "Feature",
   "geometry": {
    "type": "LineString",
    "coordinates": [
     [
      -48.799362155,
      -25.499791228
     ],
     [
      -48.799379853,
      -25.499819641
     ],
     [
      -48.799405261,
      -25.49986405
     ],
     [
      -48.799427913,
      -25.499908459
     ],
     [
      -48.799448282,
      -25.499952868
     ],
     [
      -48.799460022,
      -25.499981332
     ],
     [
      -48.799466418,
      -25.499997277
     ],
     [
      -48.799482281,
      -25.500041686
     ],
     [
      -48.799496242,
      -25.500086095
     ],
     [
      -48.799508341,
      -25.500130504
     ],
     [
      -48.799518374,
      -25.500174913
     ],
     [
      -48.799526647,
      -25.500219322
     ],
     [
      -48.799533207,
      -25.500263731
     ],
     [
      -48.799538084,
      -25.500308141
     ],
     [
      -48.799541302,
      -25.50035255
     ],
     [
      -48.799542886,
      -25.500396959
     ],
     [
      -48.799542856,
      -25.500441368
     ],
     [
      -48.799541228,
      -25.500485777
     ],
     [
      -48.799538018,
      -25.500530186
     ],
     [
      -48.799533236,
      -25.500574595
     ],
     [
      -48.799526889,
      -25.500619004
     ],
     [
      -48.79951898,
      -25.500663413
     ],
     [
      -48.799509509,
      -25.500707822
     ],
     [
      -48.799508955,
      -25.500710094
     ],
     [
      -48.799498186,
      -25.500752231
     ],
     [
      -48.799485223,
      -25.50079664
     ],
     [
      -48.799470612,
      -25.500841049
     ],
     [
      -48.799460022,
      -25.500870186
     ],
     [
      -48.799460022,
      -25.500870186
     ]
    ]
   },
   "properties": {
    "tipo": "curva_nivel",
    "cota_m": 730,
    "equidistancia_m": 2
   }
  },
  {
   "type": "Feature",
   "geometry": {
    "type": "LineString",
    "coordinates": [
     [
      -48.799454154,
      -25.500885458
     ],
     [
      -48.79943561,
      -25.500929867
     ],
     [
      -48.799415243,
      -25.500974276
     ],
     [
      -48.799411088,
      -25.500982781
     ],
     [
      -48.79939238,
      -25.501018685
     ],
     [
      -48.799367334,
      -25.501063094
     ],
     [
      -48.799362155,
      -25.501071797
     ],
     [
      -48.799339314,
      -25.501107503
     ],
     [
      -48.799313221,
      -25.501145586
     ],
     [
      -48.799313221,
      -25.501145586
     ],
     [
      -48.799274018,
      -25.501196321
     ],
     [
      -48.799264288,
      -25.501208242
     ],
     [
      -48.799235348,
      -25.501240731
     ],
     [
      -48.799215355,
      -25.501262159
     ],
     [
      -48.799191787,
      -25.50128514
     ],
     [
      -48.799166421,
      -25.501308932
     ],
     [
      -48.799142074,
      -25.501329549
     ],
     [
      -48.799117488,
      -25.501349717
     ],
     [
      -48.799084479,
      -25.501373958
     ],
     [
      -48.799068554,
      -25.501385363
     ],
     [
      -48.799019621,
      -25.501416525
     ],
     [
      -48.799019621,
      -25.501416525
     ],
     [
      -48.798970688,
      -25.501443989
     ],
     [
      -48.798932272,
      -25.501462776
     ],
     [
      -48.798921754,
      -25.50146787
     ],
     [
      -48.798872821,
      -25.50148886
     ],
     [
      -48.798823887,
      -25.501506926
     ],
     [
      -48.798823887,
      -25.501506926
     ],
     [
      -48.798774954,
      -25.501522802
     ],
     [
      -48.798726021,
      -25.501536311
     ],
     [
      -48.798677087,
      -25.501547688
     ],
     [
      -48.798677087,
      -25.501547688
     ]
    ]
   },
   "properties": {
    "tipo": "curva_nivel",
    "cota_m": 730,
    "equidistancia_m": 2
   }
  },
  {
   "type": "Feature",
   "geometry": {
    "type": "LineString",
    "coordinates": [
     [
      -48.798656993,
      -25.501551594
     ],
     [
      -48.798628154,
      -25.501557276
     ],
     [
      -48.79857922,
      -25.501565125
     ],
     [
      -48.798530287,
      -25.501571251
     ],
     [
      -48.798481354,
      -25.501575744
     ],
     [
      -48.79843242,
      -25.501578667
     ],
     [
      -48.798383487,
      -25.501580057
     ],
     [
      -48.798334553,
      -25.501579925
     ],
     [
      -48.79828562,
      -25.501578258
     ],
     [
      -48.798236687,
      -25.501575018
     ],
     [
      -48.798187753,
      -25.501570139
     ],
     [
      -48.79813882,
      -25.501563528
     ],
     [
      -48.798089887,
      -25.501555055
     ]
    ]
   },
   "properties": {
    "tipo": "curva_nivel",
    "cota_m": 730,
    "equidistancia_m": 2
   }
  },
  {
   "type": "Feature",
   "geometry": {
    "type": "LineString",
    "coordinates": [
     [
      -48.80150414,
      -25.502439775
     ],
     [
      -48.80150414,
      -25.502439775
     ],
     [
      -48.801466291,
      -25.502433442
     ],
     [
      -48.801417357,
      -25.502425977
     ],
     [
      -48.801368424,
      -25.50241921
     ],
     [
      -48.801319491,
      -25.502413119
     ],
     [
      -48.801270557,
      -25.502407687
     ],
     [
      -48.801221624,
      -25.502402899
     ],
     [
      -48.80117269,
      -25.502398745
     ],
     [
      -48.801123757,
      -25.502395218
     ],
     [
      -48.801125776,
      -25.502395366
     ],
     [
      -48.801074824,
      -25.502392295
     ],
     [
      -48.80102589,
      -25.502389999
     ],
     [
      -48.800976957,
      -25.502388332
     ],
     [
      -48.800928023,
      -25.502387303
     ],
     [
      -48.80087909,
      -25.502386923
     ],
     [
      -48.800830157,
      -25.502387209
     ],
     [
      -48.800781223,
      -25.502388181
     ],
     [
      -48.80073229,
      -25.502389867
     ],
     [
      -48.800683356,
      -25.502392298
     ],
     [
      -48.80063663,
      -25.502395366
     ],
     [
      -48.800634423,
      -25.502395513
     ],
     [
      -48.80058549,
      -25.502399519
     ],
     [
      -48.800536556,
      -25.502404396
     ],
     [
      -48.800487623,
      -25.502410207
     ],
     [
      -48.80043869,
      -25.502417024
     ],
     [
      -48.800389756,
      -25.502424932
     ],
     [
      -48.800340823,
      -25.50243403
     ],
     [
      -48.800313335,
      -25.502439775
     ],
     [
      -48.800291889,
      -25.502444378
     ],
     [
      -48.800242956,
      -25.502456061
     ],
     [
      -48.800194023,
      -25.5024693
     ],
     [
      -48.800145366,
      -25.502484184
     ],
     [
      -48.800145089,
      -25.502484271
     ],
     [
      -48.800096156,
      -25.50250094
     ],
     [
      -48.800047222,
      -25.502519719
     ],
     [
      -48.800047222,
      -25.502519719
     ]
    ]
   },
   "properties": {
    "tipo": "curva_nivel",
    "cota_m": 730,
    "equidistancia_m": 2
   }
  },
  {
   "type": "Feature",
   "geometry": {
    "type": "LineString",
    "coordinates": [
     [
      -48.794811349,
      -25.50280903
     ],
     [
      -48.794828405,
      -25.502795047
     ],
     [
      -48.794860282,
      -25.50276989
     ],
     [
      -48.794886171,
      -25.502750638
     ],
     [
      -48.794909216,
      -25.502734072
     ],
     [
      -48.794958149,
      -25.502701198
     ],
     [
      -48.794958149,
      -25.502701198
     ],
     [
      -48.795007083,
      -25.502671025
     ],
     [
      -48.795023028,
      -25.50266182
     ],
     [
      -48.795056016,
      -25.502643239
     ],
     [
      -48.795104949,
      -25.502617607
     ],
     [
      -48.795105348,
      -25.502617411
     ],
     [
      -48.795153883,
      -25.502593998
     ],
     [
      -48.795202816,
      -25.502572186
     ],
     [
      -48.795202816,
      -25.502572186
     ],
     [
      -48.79525175,
      -25.502552065
     ],
     [
      -48.795300683,
      -25.502533494
     ],
     [
      -48.795314588,
      -25.502528593
     ],
     [
      -48.795349616,
      -25.502516354
     ],
     [
      -48.79539855,
      -25.502500563
     ],
     [
      -48.795447483,
      -25.502486037
     ],
     [
      -48.795454252,
      -25.502484184
     ],
     [
      -48.795496417,
      -25.502472664
     ],
     [
      -48.79554535,
      -25.502460412
     ],
     [
      -48.795594283,
      -25.502449227
     ],
     [
      -48.795643217,
      -25.502439049
     ],
     [
      -48.795643217,
      -25.502439049
     ],
     [
      -48.79569215,
      -25.502429792
     ],
     [
      -48.795741084,
      -25.502421467
     ],
     [
      -48.795790017,
      -25.502414042
     ],
     [
      -48.79583895,
      -25.502407489
     ],
     [
      -48.795887884,
      -25.502401787
     ],
     [
      -48.795936817,
      -25.502396921
     ],
     [
      -48.795955799,
      -25.502395366
     ],
     [
      -48.795985751,
      -25.502392861
     ],
     [
      -48.796034684,
      -25.502389618
     ],
     [
      -48.796083617,
      -25.502387208
     ],
     [
      -48.796132551,
      -25.502385642
     ],
     [
      -48.796181484,
      -25.502384938
     ],
     [
      -48.796230417,
      -25.50238512
     ],
     [
      -48.796279351,
      -25.502386223
     ],
     [
      -48.796328284,
      -25.502388289
     ],
     [
      -48.796377218,
      -25.502391372
     ],
     [
      -48.796424181,
      -25.502395366
     ],
     [
      -48.796475084,
      -25.502400791
     ],
     [
      -48.796524018,
      -25.502407277
     ],
     [
      -48.796572951,
      -25.502415105
     ],
     [
      -48.796621885,
      -25.502424403
     ],
     [
      -48.796670818,
      -25.502435329
     ],
     [
      -48.796688383,
      -25.502439775
     ],
     [
      -48.796719751,
      -25.502447934
     ],
     [
      -48.796768685,
      -25.50246244
     ],
     [
      -48.796817618,
      -25.502479164
     ],
     [
      -48.796830872,
      -25.502484184
     ],
     [
      -48.796866552,
      -25.502498163
     ],
     [
      -48.796915485,
      -25.502519845
     ],
     [
      -48.796933341,
      -25.502528593
     ],
     [
      -48.796964418,
      -25.502544423
     ],
     [
      -48.797013352,
      -25.502572362
     ],
     [
      -48.797014392,
      -25.502573002
     ],
     [
      -48.797062285,
      -25.50260382
     ],
     [
      -48.797081523,
      -25.502617411
     ],
     [
      -48.797111219,
      -25.502639423
     ],
     [
      -48.797139114,
      -25.50266182
     ],
     [
      -48.797160152,
      -25.502679612
     ],
     [
      -48.797189551,
      -25.502706229
     ],
     [
      -48.797209085,
      -25.502724935
     ],
     [
      -48.797234422,
      -25.502750638
     ],
     [
      -48.797258019,
      -25.502776063
     ],
     [
      -48.797274808,
      -25.502795047
     ],
     [
      -48.797306952,
      -25.502833822
     ],
     [
      -48.797311442,
      -25.502839456
     ],
     [
      -48.797344966,
      -25.502883865
     ],
     [
      -48.797344966,
      -25.502883865
     ]
    ]
   },
   "properties": {
    "tipo": "curva_nivel",
    "cota_m": 730,
    "equidistancia_m": 2
   }
  },
  {
   "type": "Feature",
   "geometry": {
    "type": "LineString",
    "coordinates": [
     [
      -48.802773566,
      -25.50310591
     ],
     [
      -48.802773566,
      -25.50310591
     ],
     [
      -48.802735993,
      -25.503061501
     ],
     [
      -48.802695599,
      -25.503017092
     ],
     [
      -48.802689626,
      -25.503010815
     ],
     [
      -48.8026521,
      -25.502972683
     ],
     [
      -48.802640692,
      -25.502961589
     ],
     [
      -48.802605141,
      -25.502928274
     ],
     [
      -48.802591759,
      -25.502916238
     ],
     [
      -48.802554268,
      -25.502883865
     ],
     [
      -48.802542826,
      -25.502874356
     ],
     [
      -48.802498927,
      -25.502839456
     ],
     [
      -48.802493892,
      -25.502835592
     ],
     [
      -48.802438319,
      -25.502795047
     ],
     [
      -48.802396025,
      -25.502766386
     ],
     [
      -48.802371501,
      -25.502750638
     ],
     [
      -48.802347092,
      -25.502735411
     ],
     [
      -48.802297529,
      -25.502706229
     ],
     [
      -48.802249225,
      -25.502679796
     ],
     [
      -48.802214236,
      -25.50266182
     ],
     [
      -48.802200292,
      -25.502654814
     ],
     [
      -48.802151358,
      -25.502631556
     ],
     [
      -48.802119652,
      -25.502617411
     ],
     [
      -48.802102425,
      -25.502609866
     ],
     [
      -48.802053492,
      -25.502589658
     ],
     [
      -48.802010318,
      -25.502573002
     ],
     [
      -48.802004558,
      -25.502570812
     ],
     [
      -48.801955625,
      -25.502553251
     ],
     [
      -48.801906691,
      -25.502536892
     ],
     [
      -48.801880158,
      -25.502528593
     ],
     [
      -48.801857758,
      -25.502521653
     ],
     [
      -48.801808825,
      -25.502507471
     ],
     [
      -48.801759891,
      -25.502494294
     ],
     [
      -48.801710958,
      -25.50248206
     ],
     [
      -48.801719481,
      -25.502484184
     ],
     [
      -48.801662024,
      -25.502470704
     ],
     [
      -48.801613091,
      -25.502460206
     ],
     [
      -48.801564158,
      -25.502450524
     ],
     [
      -48.801515224,
      -25.502441622
     ]
    ]
   },
   "properties": {
    "tipo": "curva_nivel",
    "cota_m": 730,
    "equidistancia_m": 2
   }
  },
  {
   "type": "Feature",
   "geometry": {
    "type": "LineString",
    "coordinates": [
     [
      -48.800026081,
      -25.502528593
     ],
     [
      -48.799998289,
      -25.502540705
     ],
     [
      -48.799949356,
      -25.502564176
     ],
     [
      -48.799949356,
      -25.502564176
     ]
    ]
   },
   "properties": {
    "tipo": "curva_nivel",
    "cota_m": 730,
    "equidistancia_m": 2
   }
  },
  {
   "type": "Feature",
   "geometry": {
    "type": "LineString",
    "coordinates": [
     [
      -48.799932397,
      -25.502573002
     ],
     [
      -48.799900422,
      -25.502590353
     ],
     [
      -48.799855043,
      -25.502617411
     ],
     [
      -48.799851489,
      -25.502619627
     ],
     [
      -48.799802555,
      -25.502652152
     ],
     [
      -48.799802555,
      -25.502652152
     ]
    ]
   },
   "properties": {
    "tipo": "curva_nivel",
    "cota_m": 730,
    "equidistancia_m": 2
   }
  },
  {
   "type": "Feature",
   "geometry": {
    "type": "LineString",
    "coordinates": [
     [
      -48.79978903,
      -25.50266182
     ],
     [
      -48.799753622,
      -25.5026884
     ],
     [
      -48.799731372,
      -25.502706229
     ],
     [
      -48.799704689,
      -25.502728755
     ],
     [
      -48.799680158,
      -25.502750638
     ],
     [
      -48.799655755,
      -25.502773644
     ],
     [
      -48.799634074,
      -25.502795047
     ],
     [
      -48.799606822,
      -25.502823571
     ],
     [
      -48.799606822,
      -25.502823571
     ]
    ]
   },
   "properties": {
    "tipo": "curva_nivel",
    "cota_m": 730,
    "equidistancia_m": 2
   }
  },
  {
   "type": "Feature",
   "geometry": {
    "type": "LineString",
    "coordinates": [
     [
      -48.799592205,
      -25.502839456
     ],
     [
      -48.799557888,
      -25.502879134
     ],
     [
      -48.799557888,
      -25.502879134
     ],
     [
      -48.799518536,
      -25.502928274
     ],
     [
      -48.799508955,
      -25.502941085
     ],
     [
      -48.799485764,
      -25.502972683
     ],
     [
      -48.799460022,
      -25.503010382
     ],
     [
      -48.799460022,
      -25.503010382
     ],
     [
      -48.799427124,
      -25.503061501
     ],
     [
      -48.799411088,
      -25.503088531
     ],
     [
      -48.799411088,
      -25.503088531
     ]
    ]
   },
   "properties": {
    "tipo": "curva_nivel",
    "cota_m": 730,
    "equidistancia_m": 2
   }
  },
  {
   "type": "Feature",
   "geometry": {
    "type": "LineString",
    "coordinates": [
     [
      -48.797355886,
      -25.502899336
     ],
     [
      -48.797375757,
      -25.502928274
     ],
     [
      -48.797403989,
      -25.502972683
     ],
     [
      -48.797430228,
      -25.503017092
     ],
     [
      -48.797453752,
      -25.50306063
     ],
     [
      -48.797454218,
      -25.503061501
     ],
     [
      -48.797476599,
      -25.50310591
     ],
     [
      -48.797496985,
      -25.503150319
     ],
     [
      -48.79751585,
      -25.503194729
     ],
     [
      -48.797533055,
      -25.503239138
     ],
     [
      -48.797548533,
      -25.503283547
     ],
     [
      -48.797562707,
      -25.503327956
     ],
     [
      -48.797575344,
      -25.503372365
     ],
     [
      -48.797586402,
      -25.503416774
     ],
     [
      -48.797595929,
      -25.503461183
     ],
     [
      -48.797600553,
      -25.5034866
     ],
     [
      -48.7976041,
      -25.503505592
     ],
     [
      -48.797610946,
      -25.503550001
     ],
     [
      -48.797616327,
      -25.50359441
     ],
     [
      -48.797620276,
      -25.503638819
     ],
     [
      -48.797622822,
      -25.503683228
     ],
     [
      -48.797623992,
      -25.503727637
     ],
     [
      -48.797623812,
      -25.503772046
     ],
     [
      -48.797622304,
      -25.503816455
     ],
     [
      -48.797619492,
      -25.503860864
     ],
     [
      -48.797615397,
      -25.503905273
     ],
     [
      -48.797610038,
      -25.503949682
     ],
     [
      -48.797603435,
      -25.503994091
     ],
     [
      -48.797600553,
      -25.504010539
     ],
     [
      -48.797595802,
      -25.5040385
     ],
     [
      -48.797587125,
      -25.504082909
     ],
     [
      -48.797577309,
      -25.504127318
     ],
     [
      -48.79756637,
      -25.504171728
     ],
     [
      -48.797554324,
      -25.504216137
     ],
     [
      -48.797551619,
      -25.504225408
     ],
     [
      -48.79754156,
      -25.504260546
     ]
    ]
   },
   "properties": {
    "tipo": "curva_nivel",
    "cota_m": 730,
    "equidistancia_m": 2
   }
  },
  {
   "type": "Feature",
   "geometry": {
    "type": "LineString",
    "coordinates": [
     [
      -48.802787492,
      -25.503123278
     ],
     [
      -48.802808636,
      -25.503150319
     ],
     [
      -48.802836426,
      -25.503187853
     ],
     [
      -48.802841407,
      -25.503194729
     ],
     [
      -48.802872021,
      -25.503239138
     ],
     [
      -48.802885359,
      -25.503259623
     ],
     [
      -48.802900674,
      -25.503283547
     ],
     [
      -48.80292748,
      -25.503327956
     ],
     [
      -48.802952572,
      -25.503372365
     ],
     [
      -48.802976031,
      -25.503416774
     ],
     [
      -48.802976031,
      -25.503416774
     ]
    ]
   },
   "properties": {
    "tipo": "curva_nivel",
    "cota_m": 730,
    "equidistancia_m": 2
   }
  },
  {
   "type": "Feature",
   "geometry": {
    "type": "LineString",
    "coordinates": [
     [
      -48.799400806,
      -25.50310591
     ],
     [
      -48.7993762,
      -25.503150319
     ],
     [
      -48.799362155,
      -25.503177656
     ],
     [
      -48.799362155,
      -25.503177656
     ]
    ]
   },
   "properties": {
    "tipo": "curva_nivel",
    "cota_m": 730,
    "equidistancia_m": 2
   }
  },
  {
   "type": "Feature",
   "geometry": {
    "type": "LineString",
    "coordinates": [
     [
      -48.799353331,
      -25.503194729
     ],
     [
      -48.799331912,
      -25.503239138
     ],
     [
      -48.799313221,
      -25.503281439
     ],
     [
      -48.799313221,
      -25.503281439
     ],
     [
      -48.799293654,
      -25.503327956
     ],
     [
      -48.799276691,
      -25.503372365
     ],
     [
      -48.799264288,
      -25.503407987
     ],
     [
      -48.799264288,
      -25.503407987
     ]
    ]
   },
   "properties": {
    "tipo": "curva_nivel",
    "cota_m": 730,
    "equidistancia_m": 2
   }
  },
  {
   "type": "Feature",
   "geometry": {
    "type": "LineString",
    "coordinates": [
     [
      -48.802983226,
      -25.503431255
     ],
     [
      -48.802997981,
      -25.503461183
     ],
     [
      -48.803018472,
      -25.503505592
     ],
     [
      -48.803032159,
      -25.50353736
     ],
     [
      -48.803037587,
      -25.503550001
     ],
     [
      -48.803055431,
      -25.50359441
     ],
     [
      -48.803071999,
      -25.503638819
     ],
     [
      -48.803081093,
      -25.503665061
     ],
     [
      -48.803087402,
      -25.503683228
     ],
     [
      -48.803101714,
      -25.503727637
     ],
     [
      -48.803114928,
      -25.503772046
     ],
     [
      -48.803127104,
      -25.503816455
     ],
     [
      -48.80313838,
      -25.503860864
     ],
     [
      -48.803148752,
      -25.503905273
     ],
     [
      -48.803158254,
      -25.503949682
     ],
     [
      -48.803166944,
      -25.503994091
     ],
     [
      -48.803174884,
      -25.5040385
     ],
     [
      -48.80317896,
      -25.50406351
     ],
     [
      -48.803182172,
      -25.504082909
     ],
     [
      -48.803188875,
      -25.504127318
     ],
     [
      -48.803195011,
      -25.504171728
     ],
     [
      -48.803200651,
      -25.504216137
     ],
     [
      -48.803205868,
      -25.504260546
     ]
    ]
   },
   "properties": {
    "tipo": "curva_nivel",
    "cota_m": 730,
    "equidistancia_m": 2
   }
  },
  {
   "type": "Feature",
   "geometry": {
    "type": "LineString",
    "coordinates": [
     [
      -48.799261155,
      -25.503416774
     ],
     [
      -48.799246602,
      -25.503461183
     ],
     [
      -48.799233505,
      -25.503505592
     ],
     [
      -48.799221785,
      -25.503550001
     ],
     [
      -48.799215355,
      -25.503577265
     ],
     [
      -48.799215355,
      -25.503577265
     ]
    ]
   },
   "properties": {
    "tipo": "curva_nivel",
    "cota_m": 730,
    "equidistancia_m": 2
   }
  },
  {
   "type": "Feature",
   "geometry": {
    "type": "LineString",
    "coordinates": [
     [
      -48.806146006,
      -25.504260546
     ],
     [
      -48.806138842,
      -25.504216137
     ],
     [
      -48.806133201,
      -25.504171728
     ],
     [
      -48.806129091,
      -25.504127318
     ],
     [
      -48.80612652,
      -25.504082909
     ],
     [
      -48.806125506,
      -25.5040385
     ],
     [
      -48.806126066,
      -25.503994091
     ],
     [
      -48.806128225,
      -25.503949682
     ],
     [
      -48.806132009,
      -25.503905273
     ],
     [
      -48.806137449,
      -25.503860864
     ],
     [
      -48.806144579,
      -25.503816455
     ],
     [
      -48.806153438,
      -25.503772046
     ],
     [
      -48.806163897,
      -25.503728356
     ],
     [
      -48.806164071,
      -25.503727637
     ],
     [
      -48.806176671,
      -25.503683228
     ],
     [
      -48.806191162,
      -25.503638819
     ],
     [
      -48.806207601,
      -25.50359441
     ],
     [
      -48.80621283,
      -25.503581783
     ]
    ]
   },
   "properties": {
    "tipo": "curva_nivel",
    "cota_m": 730,
    "equidistancia_m": 2
   }
  },
  {
   "type": "Feature",
   "geometry": {
    "type": "LineString",
    "coordinates": [
     [
      -48.799211171,
      -25.50359441
     ],
     [
      -48.799201533,
      -25.503638819
     ],
     [
      -48.799193117,
      -25.503683228
     ],
     [
      -48.799185854,
      -25.503727637
     ],
     [
      -48.799179674,
      -25.503772046
     ],
     [
      -48.799174507,
      -25.503816455
     ],
     [
      -48.799170283,
      -25.503860864
     ],
     [
      -48.79916693,
      -25.503905273
     ],
     [
      -48.799166421,
      -25.503914105
     ],
     [
      -48.79916427,
      -25.503949682
     ],
     [
      -48.799162346,
      -25.503994091
     ],
     [
      -48.799161105,
      -25.5040385
     ],
     [
      -48.79916046,
      -25.504082909
     ],
     [
      -48.799160323,
      -25.504127318
     ],
     [
      -48.799160599,
      -25.504171728
     ],
     [
      -48.799161191,
      -25.504216137
     ],
     [
      -48.799161993,
      -25.504260546
     ]
    ]
   },
   "properties": {
    "tipo": "curva_nivel",
    "cota_m": 730,
    "equidistancia_m": 2
   }
  },
  {
   "type": "Feature",
   "geometry": {
    "type": "LineString",
    "coordinates": [
     [
      -48.798236687,
      -25.49941851
     ],
     [
      -48.798236687,
      -25.49941851
     ],
     [
      -48.79828562,
      -25.499415775
     ],
     [
      -48.798334553,
      -25.499415211
     ],
     [
      -48.798383487,
      -25.499416798
     ],
     [
      -48.798424989,
      -25.49941996
     ],
     [
      -48.798481354,
      -25.499426642
     ],
     [
      -48.798530287,
      -25.499434954
     ],
     [
      -48.79857922,
      -25.499445488
     ],
     [
      -48.798628154,
      -25.499458257
     ],
     [
      -48.798648069,
      -25.499464369
     ],
     [
      -48.798677087,
      -25.499473674
     ],
     [
      -48.798726021,
      -25.499491734
     ],
     [
      -48.798766792,
      -25.499508778
     ],
     [
      -48.798823887,
      -25.499536359
     ],
     [
      -48.798854907,
      -25.499553187
     ],
     [
      -48.798854907,
      -25.499553187
     ]
    ]
   },
   "properties": {
    "tipo": "curva_nivel",
    "cota_m": 732,
    "equidistancia_m": 2
   }
  },
  {
   "type": "Feature",
   "geometry": {
    "type": "LineString",
    "coordinates": [
     [
      -48.798222224,
      -25.49941996
     ],
     [
      -48.798187753,
      -25.499423587
     ],
     [
      -48.79813882,
      -25.499431048
     ],
     [
      -48.798089887,
      -25.499440878
     ],
     [
      -48.798040953,
      -25.499453128
     ],
     [
      -48.798003503,
      -25.499464369
     ],
     [
      -48.79799202,
      -25.499468014
     ],
     [
      -48.797943086,
      -25.499486068
     ],
     [
      -48.797894153,
      -25.499506858
     ],
     [
      -48.797894153,
      -25.499506858
     ],
     [
      -48.79784522,
      -25.499531544
     ],
     [
      -48.797807042,
      -25.499553187
     ],
     [
      -48.797796286,
      -25.499559716
     ],
     [
      -48.797747353,
      -25.49959239
     ],
     [
      -48.797747353,
      -25.49959239
     ],
     [
      -48.797698419,
      -25.499630342
     ],
     [
      -48.797698419,
      -25.499630342
     ]
    ]
   },
   "properties": {
    "tipo": "curva_nivel",
    "cota_m": 732,
    "equidistancia_m": 2
   }
  },
  {
   "type": "Feature",
   "geometry": {
    "type": "LineString",
    "coordinates": [
     [
      -48.799215355,
      -25.500827481
     ],
     [
      -48.799215355,
      -25.500827481
     ],
     [
      -48.799232139,
      -25.50079664
     ],
     [
      -48.799253904,
      -25.500752231
     ],
     [
      -48.799264288,
      -25.500728521
     ],
     [
      -48.799272784,
      -25.500707822
     ],
     [
      -48.799288881,
      -25.500663413
     ],
     [
      -48.799302685,
      -25.500619004
     ],
     [
      -48.799313221,
      -25.500578542
     ],
     [
      -48.799314193,
      -25.500574595
     ],
     [
      -48.799323148,
      -25.500530186
     ],
     [
      -48.799329977,
      -25.500485777
     ],
     [
      -48.799334689,
      -25.500441368
     ],
     [
      -48.799337287,
      -25.500396959
     ],
     [
      -48.799337771,
      -25.50035255
     ],
     [
      -48.799336131,
      -25.500308141
     ],
     [
      -48.799332356,
      -25.500263731
     ],
     [
      -48.799326428,
      -25.500219322
     ],
     [
      -48.799318326,
      -25.500174913
     ],
     [
      -48.799313221,
      -25.500152963
     ],
     [
      -48.799307819,
      -25.500130504
     ],
     [
      -48.799294795,
      -25.500086095
     ],
     [
      -48.799279419,
      -25.500041686
     ],
     [
      -48.799261537,
      -25.499997277
     ],
     [
      -48.799240468,
      -25.499952868
     ],
     [
      -48.799216812,
      -25.499908459
     ],
     [
      -48.799215355,
      -25.499905996
     ],
     [
      -48.79918935,
      -25.49986405
     ],
     [
      -48.799158619,
      -25.499819641
     ],
     [
      -48.799123684,
      -25.499775232
     ],
     [
      -48.799117488,
      -25.499767975
     ],
     [
      -48.79908387,
      -25.499730823
     ],
     [
      -48.799068554,
      -25.499715141
     ],
     [
      -48.799038647,
      -25.499686414
     ],
     [
      -48.799019621,
      -25.499669385
     ],
     [
      -48.798986813,
      -25.499642005
     ],
     [
      -48.798970688,
      -25.499629397
     ],
     [
      -48.798921754,
      -25.499594173
     ],
     [
      -48.798926773,
      -25.499597596
     ],
     [
      -48.798872821,
      -25.49956345
     ]
    ]
   },
   "properties": {
    "tipo": "curva_nivel",
    "cota_m": 732,
    "equidistancia_m": 2
   }
  },
  {
   "type": "Feature",
   "geometry": {
    "type": "LineString",
    "coordinates": [
     [
      -48.797684663,
      -25.499642005
     ],
     [
      -48.797649486,
      -25.499674349
     ],
     [
      -48.797649486,
      -25.499674349
     ]
    ]
   },
   "properties": {
    "tipo": "curva_nivel",
    "cota_m": 732,
    "equidistancia_m": 2
   }
  },
  {
   "type": "Feature",
   "geometry": {
    "type": "LineString",
    "coordinates": [
     [
      -48.797637245,
      -25.499686414
     ],
     [
      -48.797600553,
      -25.499725898
     ],
     [
      -48.797600553,
      -25.499725898
     ],
     [
      -48.797560839,
      -25.499775232
     ],
     [
      -48.797551619,
      -25.499788031
     ],
     [
      -48.797530009,
      -25.499819641
     ],
     [
      -48.797502874,
      -25.49986405
     ],
     [
      -48.797502686,
      -25.499864396
     ],
     [
      -48.79747973,
      -25.499908459
     ],
     [
      -48.797459484,
      -25.499952868
     ],
     [
      -48.797453752,
      -25.49996738
     ],
     [
      -48.797442369,
      -25.499997277
     ],
     [
      -48.797428001,
      -25.500041686
     ],
     [
      -48.797416113,
      -25.500086095
     ],
     [
      -48.797406621,
      -25.500130504
     ],
     [
      -48.797404819,
      -25.500141681
     ],
     [
      -48.797399601,
      -25.500174913
     ],
     [
      -48.797394834,
      -25.500219322
     ],
     [
      -48.79739222,
      -25.500263731
     ],
     [
      -48.797391717,
      -25.500308141
     ],
     [
      -48.79739329,
      -25.50035255
     ],
     [
      -48.797396911,
      -25.500396959
     ],
     [
      -48.797402561,
      -25.500441368
     ],
     [
      -48.797410374,
      -25.500485777
     ],
     [
      -48.797420317,
      -25.500530186
     ],
     [
      -48.797432329,
      -25.500574595
     ],
     [
      -48.797446424,
      -25.500619004
     ],
     [
      -48.797446424,
      -25.500619004
     ]
    ]
   },
   "properties": {
    "tipo": "curva_nivel",
    "cota_m": 732,
    "equidistancia_m": 2
   }
  },
  {
   "type": "Feature",
   "geometry": {
    "type": "LineString",
    "coordinates": [
     [
      -48.797453752,
      -25.500639273
     ],
     [
      -48.797462905,
      -25.500663413
     ],
     [
      -48.797481826,
      -25.500707822
     ],
     [
      -48.797502686,
      -25.500751574
     ],
     [
      -48.797503017,
      -25.500752231
     ],
     [
      -48.79752736,
      -25.50079664
     ],
     [
      -48.797551619,
      -25.500836869
     ],
     [
      -48.797554304,
      -25.500841049
     ],
     [
      -48.797584934,
      -25.500885458
     ],
     [
      -48.797600553,
      -25.500906477
     ],
     [
      -48.797619227,
      -25.500929867
     ],
     [
      -48.797649486,
      -25.500965287
     ],
     [
      -48.797657799,
      -25.500974276
     ],
     [
      -48.797698419,
      -25.501015665
     ],
     [
      -48.797701654,
      -25.501018685
     ],
     [
      -48.797747353,
      -25.501059188
     ],
     [
      -48.797752206,
      -25.501063094
     ],
     [
      -48.797796286,
      -25.501097007
     ],
     [
      -48.797811465,
      -25.501107503
     ],
     [
      -48.79784522,
      -25.501129961
     ],
     [
      -48.797882355,
      -25.501151912
     ],
     [
      -48.797882355,
      -25.501151912
     ]
    ]
   },
   "properties": {
    "tipo": "curva_nivel",
    "cota_m": 732,
    "equidistancia_m": 2
   }
  },
  {
   "type": "Feature",
   "geometry": {
    "type": "LineString",
    "coordinates": [
     [
      -48.799207417,
      -25.500841049
     ],
     [
      -48.799179057,
      -25.500885458
     ],
     [
      -48.799166421,
      -25.500903688
     ],
     [
      -48.799146752,
      -25.500929867
     ],
     [
      -48.799117488,
      -25.500965931
     ],
     [
      -48.799117488,
      -25.500965931
     ],
     [
      -48.799068554,
      -25.501018166
     ],
     [
      -48.799068554,
      -25.501018166
     ],
     [
      -48.799019621,
      -25.501062598
     ],
     [
      -48.799019621,
      -25.501062598
     ],
     [
      -48.798970688,
      -25.501100757
     ],
     [
      -48.798970688,
      -25.501100757
     ],
     [
      -48.798921754,
      -25.501133724
     ],
     [
      -48.798890939,
      -25.501151912
     ],
     [
      -48.798872821,
      -25.501162258
     ],
     [
      -48.798823887,
      -25.501186847
     ],
     [
      -48.798823887,
      -25.501186847
     ]
    ]
   },
   "properties": {
    "tipo": "curva_nivel",
    "cota_m": 732,
    "equidistancia_m": 2
   }
  },
  {
   "type": "Feature",
   "geometry": {
    "type": "LineString",
    "coordinates": [
     [
      -48.797894153,
      -25.501158664
     ],
     [
      -48.797943086,
      -25.501183532
     ],
     [
      -48.797971952,
      -25.501196321
     ],
     [
      -48.797971952,
      -25.501196321
     ]
    ]
   },
   "properties": {
    "tipo": "curva_nivel",
    "cota_m": 732,
    "equidistancia_m": 2
   }
  },
  {
   "type": "Feature",
   "geometry": {
    "type": "LineString",
    "coordinates": [
     [
      -48.798802215,
      -25.501196321
     ],
     [
      -48.798774954,
      -25.501207959
     ],
     [
      -48.798726021,
      -25.501225914
     ],
     [
      -48.798677986,
      -25.501240731
     ],
     [
      -48.798677087,
      -25.501241004
     ],
     [
      -48.798628154,
      -25.501253423
     ],
     [
      -48.79857922,
      -25.501263345
     ],
     [
      -48.798530287,
      -25.501270897
     ],
     [
      -48.798481354,
      -25.501276178
     ],
     [
      -48.79843242,
      -25.501279251
     ],
     [
      -48.798383487,
      -25.501280156
     ],
     [
      -48.798334553,
      -25.501278904
     ],
     [
      -48.79828562,
      -25.50127548
     ],
     [
      -48.798236687,
      -25.501269843
     ],
     [
      -48.798187753,
      -25.501261922
     ],
     [
      -48.79813882,
      -25.501251619
     ],
     [
      -48.798097147,
      -25.501240731
     ],
     [
      -48.798097147,
      -25.501240731
     ],
     [
      -48.798040953,
      -25.501223334
     ],
     [
      -48.79799202,
      -25.501204998
     ]
    ]
   },
   "properties": {
    "tipo": "curva_nivel",
    "cota_m": 732,
    "equidistancia_m": 2
   }
  },
  {
   "type": "Feature",
   "geometry": {
    "type": "LineString",
    "coordinates": [
     [
      -48.80043869,
      -25.502610833
     ],
     [
      -48.80043869,
      -25.502610833
     ],
     [
      -48.800487623,
      -25.502598206
     ],
     [
      -48.800536556,
      -25.50258704
     ],
     [
      -48.80058549,
      -25.502577232
     ],
     [
      -48.80060942,
      -25.502573002
     ],
     [
      -48.800634423,
      -25.502568691
     ],
     [
      -48.800683356,
      -25.502561344
     ],
     [
      -48.80073229,
      -25.502555126
     ],
     [
      -48.800781223,
      -25.502549978
     ],
     [
      -48.800830157,
      -25.502545847
     ],
     [
      -48.80087909,
      -25.50254269
     ],
     [
      -48.800928023,
      -25.502540471
     ],
     [
      -48.800976957,
      -25.50253916
     ],
     [
      -48.80102589,
      -25.502538732
     ],
     [
      -48.801074824,
      -25.502539168
     ],
     [
      -48.801123757,
      -25.502540455
     ],
     [
      -48.80117269,
      -25.502542584
     ],
     [
      -48.801221624,
      -25.502545549
     ],
     [
      -48.801270557,
      -25.502549352
     ],
     [
      -48.801319491,
      -25.502553997
     ],
     [
      -48.801368424,
      -25.502559491
     ],
     [
      -48.801417357,
      -25.502565849
     ],
     [
      -48.801465707,
      -25.502573002
     ],
     [
      -48.801515224,
      -25.502581248
     ],
     [
      -48.801564158,
      -25.502590338
     ],
     [
      -48.801613091,
      -25.502600389
     ],
     [
      -48.801662024,
      -25.502611435
     ],
     [
      -48.801686289,
      -25.502617411
     ],
     [
      -48.801710958,
      -25.502623542
     ],
     [
      -48.801759891,
      -25.502636757
     ],
     [
      -48.801808825,
      -25.502651105
     ],
     [
      -48.801842658,
      -25.50266182
     ],
     [
      -48.801842658,
      -25.50266182
     ]
    ]
   },
   "properties": {
    "tipo": "curva_nivel",
    "cota_m": 732,
    "equidistancia_m": 2
   }
  },
  {
   "type": "Feature",
   "geometry": {
    "type": "LineString",
    "coordinates": [
     [
      -48.794811349,
      -25.503064318
     ],
     [
      -48.794813895,
      -25.503061501
     ],
     [
      -48.794860282,
      -25.503013307
     ],
     [
      -48.794860282,
      -25.503013307
     ],
     [
      -48.794909216,
      -25.502967738
     ],
     [
      -48.794909216,
      -25.502967738
     ],
     [
      -48.794958149,
      -25.502926686
     ],
     [
      -48.794958149,
      -25.502926686
     ],
     [
      -48.795007083,
      -25.50288964
     ],
     [
      -48.795015215,
      -25.502883865
     ],
     [
      -48.795056016,
      -25.502856022
     ],
     [
      -48.795082027,
      -25.502839456
     ],
     [
      -48.795104949,
      -25.502825362
     ],
     [
      -48.795153883,
      -25.502797363
     ],
     [
      -48.795158222,
      -25.502795047
     ],
     [
      -48.795202816,
      -25.502771941
     ],
     [
      -48.79525175,
      -25.50274861
     ],
     [
      -48.79525175,
      -25.50274861
     ],
     [
      -48.795300683,
      -25.502727448
     ],
     [
      -48.795349616,
      -25.502708056
     ],
     [
      -48.79535463,
      -25.502706229
     ],
     [
      -48.79539855,
      -25.502690513
     ],
     [
      -48.795447483,
      -25.502674561
     ],
     [
      -48.795496417,
      -25.502660117
     ],
     [
      -48.795496417,
      -25.502660117
     ],
     [
      -48.79554535,
      -25.502647195
     ],
     [
      -48.795594283,
      -25.502635631
     ],
     [
      -48.795643217,
      -25.502625375
     ],
     [
      -48.79569215,
      -25.50261639
     ],
     [
      -48.79569215,
      -25.50261639
     ],
     [
      -48.795741084,
      -25.502608675
     ],
     [
      -48.795790017,
      -25.502602159
     ],
     [
      -48.79583895,
      -25.502596822
     ],
     [
      -48.795887884,
      -25.502592654
     ],
     [
      -48.795936817,
      -25.50258965
     ],
     [
      -48.795985751,
      -25.502587813
     ],
     [
      -48.796034684,
      -25.502587156
     ],
     [
      -48.796083617,
      -25.502587698
     ],
     [
      -48.796132551,
      -25.502589467
     ],
     [
      -48.796181484,
      -25.502592501
     ],
     [
      -48.796230417,
      -25.502596847
     ],
     [
      -48.796279351,
      -25.502602564
     ],
     [
      -48.796328284,
      -25.502609721
     ],
     [
      -48.796371747,
      -25.502617411
     ],
     [
      -48.796426151,
      -25.502628735
     ],
     [
      -48.796475084,
      -25.502640796
     ],
     [
      -48.796524018,
      -25.502654721
     ],
     [
      -48.796546195,
      -25.50266182
     ],
     [
      -48.796572951,
      -25.502670695
     ],
     [
      -48.796621885,
      -25.502688882
     ],
     [
      -48.796663385,
      -25.502706229
     ],
     [
      -48.796719751,
      -25.502732763
     ],
     [
      -48.796753608,
      -25.502750638
     ],
     [
      -48.796753608,
      -25.502750638
     ]
    ]
   },
   "properties": {
    "tipo": "curva_nivel",
    "cota_m": 732,
    "equidistancia_m": 2
   }
  },
  {
   "type": "Feature",
   "geometry": {
    "type": "LineString",
    "coordinates": [
     [
      -48.800415642,
      -25.502617411
     ],
     [
      -48.800389756,
      -25.502625036
     ],
     [
      -48.800340823,
      -25.502640933
     ],
     [
      -48.800291889,
      -25.502658674
     ],
     [
      -48.800291889,
      -25.502658674
     ],
     [
      -48.800242956,
      -25.502678434
     ],
     [
      -48.800194023,
      -25.502700377
     ],
     [
      -48.800194023,
      -25.502700377
     ]
    ]
   },
   "properties": {
    "tipo": "curva_nivel",
    "cota_m": 732,
    "equidistancia_m": 2
   }
  },
  {
   "type": "Feature",
   "geometry": {
    "type": "LineString",
    "coordinates": [
     [
      -48.802238667,
      -25.502839456
     ],
     [
      -48.802238667,
      -25.502839456
     ],
     [
      -48.802200292,
      -25.502817062
     ],
     [
      -48.802160161,
      -25.502795047
     ],
     [
      -48.802151358,
      -25.50279035
     ],
     [
      -48.802102425,
      -25.502765657
     ],
     [
      -48.802070655,
      -25.502750638
     ],
     [
      -48.802053492,
      -25.502742714
     ],
     [
      -48.802004558,
      -25.50272148
     ],
     [
      -48.801955625,
      -25.502701763
     ],
     [
      -48.801966878,
      -25.502706229
     ],
     [
      -48.801906691,
      -25.502683556
     ],
     [
      -48.801857758,
      -25.502666672
     ]
    ]
   },
   "properties": {
    "tipo": "curva_nivel",
    "cota_m": 732,
    "equidistancia_m": 2
   }
  },
  {
   "type": "Feature",
   "geometry": {
    "type": "LineString",
    "coordinates": [
     [
      -48.800181895,
      -25.502706229
     ],
     [
      -48.800145089,
      -25.502724746
     ],
     [
      -48.800098066,
      -25.502750638
     ],
     [
      -48.800096156,
      -25.502751739
     ],
     [
      -48.800047222,
      -25.502781691
     ],
     [
      -48.800026947,
      -25.502795047
     ],
     [
      -48.799998289,
      -25.502814889
     ],
     [
      -48.79996506,
      -25.502839456
     ],
     [
      -48.799949356,
      -25.502851703
     ],
     [
      -48.799910403,
      -25.502883865
     ],
     [
      -48.799900422,
      -25.50289259
     ],
     [
      -48.799861569,
      -25.502928274
     ],
     [
      -48.799851489,
      -25.502938115
     ],
     [
      -48.799817543,
      -25.502972683
     ],
     [
      -48.799802555,
      -25.502988972
     ],
     [
      -48.799777585,
      -25.503017092
     ],
     [
      -48.799753622,
      -25.503046015
     ],
     [
      -48.799753622,
      -25.503046015
     ]
    ]
   },
   "properties": {
    "tipo": "curva_nivel",
    "cota_m": 732,
    "equidistancia_m": 2
   }
  },
  {
   "type": "Feature",
   "geometry": {
    "type": "LineString",
    "coordinates": [
     [
      -48.797251443,
      -25.503327956
     ],
     [
      -48.797251443,
      -25.503327956
     ],
     [
      -48.797233445,
      -25.503283547
     ],
     [
      -48.797213214,
      -25.503239138
     ],
     [
      -48.797209085,
      -25.503230872
     ],
     [
      -48.797190698,
      -25.503194729
     ],
     [
      -48.79716566,
      -25.503150319
     ],
     [
      -48.797160152,
      -25.503141314
     ],
     [
      -48.797137904,
      -25.50310591
     ],
     [
      -48.797107147,
      -25.503061501
     ],
     [
      -48.797073014,
      -25.503017092
     ],
     [
      -48.797062285,
      -25.503004158
     ],
     [
      -48.79703502,
      -25.502972683
     ],
     [
      -48.797013352,
      -25.502949456
     ],
     [
      -48.796992559,
      -25.502928274
     ],
     [
      -48.796964418,
      -25.5029015
     ],
     [
      -48.796944756,
      -25.502883865
     ],
     [
      -48.796915485,
      -25.502859213
     ],
     [
      -48.796890377,
      -25.502839456
     ],
     [
      -48.796866552,
      -25.502821761
     ],
     [
      -48.796817618,
      -25.502788495
     ],
     [
      -48.796827673,
      -25.502795047
     ],
     [
      -48.796768685,
      -25.502758981
     ]
    ]
   },
   "properties": {
    "tipo": "curva_nivel",
    "cota_m": 732,
    "equidistancia_m": 2
   }
  },
  {
   "type": "Feature",
   "geometry": {
    "type": "LineString",
    "coordinates": [
     [
      -48.802428462,
      -25.502972683
     ],
     [
      -48.802428462,
      -25.502972683
     ],
     [
      -48.802396025,
      -25.502946903
     ],
     [
      -48.802371427,
      -25.502928274
     ],
     [
      -48.802347092,
      -25.502910526
     ],
     [
      -48.802298159,
      -25.502876888
     ],
     [
      -48.802308589,
      -25.502883865
     ],
     [
      -48.802249225,
      -25.502845809
     ]
    ]
   },
   "properties": {
    "tipo": "curva_nivel",
    "cota_m": 732,
    "equidistancia_m": 2
   }
  },
  {
   "type": "Feature",
   "geometry": {
    "type": "LineString",
    "coordinates": [
     [
      -48.802444959,
      -25.502986338
     ],
     [
      -48.802480488,
      -25.503017092
     ],
     [
      -48.802480488,
      -25.503017092
     ]
    ]
   },
   "properties": {
    "tipo": "curva_nivel",
    "cota_m": 732,
    "equidistancia_m": 2
   }
  },
  {
   "type": "Feature",
   "geometry": {
    "type": "LineString",
    "coordinates": [
     [
      -48.802493892,
      -25.503029214
     ],
     [
      -48.802528159,
      -25.503061501
     ],
     [
      -48.802528159,
      -25.503061501
     ]
    ]
   },
   "properties": {
    "tipo": "curva_nivel",
    "cota_m": 732,
    "equidistancia_m": 2
   }
  },
  {
   "type": "Feature",
   "geometry": {
    "type": "LineString",
    "coordinates": [
     [
      -48.802542826,
      -25.503075984
     ],
     [
      -48.802572016,
      -25.50310591
     ],
     [
      -48.802591759,
      -25.503127189
     ],
     [
      -48.802612503,
      -25.503150319
     ],
     [
      -48.802640692,
      -25.503183467
     ],
     [
      -48.802649982,
      -25.503194729
     ],
     [
      -48.802684692,
      -25.503239138
     ],
     [
      -48.802716841,
      -25.503283547
     ],
     [
      -48.802738559,
      -25.5033156
     ],
     [
      -48.802746745,
      -25.503327956
     ],
     [
      -48.802774474,
      -25.503372365
     ],
     [
      -48.802787492,
      -25.503394609
     ],
     [
      -48.802800234,
      -25.503416774
     ],
     [
      -48.802824129,
      -25.503461183
     ],
     [
      -48.802836426,
      -25.503485679
     ],
     [
      -48.802846289,
      -25.503505592
     ],
     [
      -48.80286679,
      -25.503550001
     ],
     [
      -48.802885359,
      -25.503593464
     ],
     [
      -48.80288576,
      -25.50359441
     ],
     [
      -48.802903237,
      -25.503638819
     ],
     [
      -48.802919325,
      -25.503683228
     ],
     [
      -48.802934088,
      -25.503727637
     ],
     [
      -48.802947593,
      -25.503772046
     ],
     [
      -48.802959894,
      -25.503816455
     ],
     [
      -48.802971053,
      -25.503860864
     ],
     [
      -48.802981125,
      -25.503905273
     ],
     [
      -48.802990184,
      -25.503949682
     ],
     [
      -48.802998272,
      -25.503994091
     ],
     [
      -48.803005442,
      -25.5040385
     ],
     [
      -48.80301175,
      -25.504082909
     ],
     [
      -48.803017255,
      -25.504127318
     ],
     [
      -48.803022015,
      -25.504171728
     ],
     [
      -48.80302609,
      -25.504216137
     ],
     [
      -48.803029544,
      -25.504260546
     ]
    ]
   },
   "properties": {
    "tipo": "curva_nivel",
    "cota_m": 732,
    "equidistancia_m": 2
   }
  },
  {
   "type": "Feature",
   "geometry": {
    "type": "LineString",
    "coordinates": [
     [
      -48.799741162,
      -25.503061501
     ],
     [
      -48.79970786,
      -25.50310591
     ],
     [
      -48.799704689,
      -25.503110422
     ],
     [
      -48.799677218,
      -25.503150319
     ],
     [
      -48.799655755,
      -25.503184166
     ],
     [
      -48.799655755,
      -25.503184166
     ]
    ]
   },
   "properties": {
    "tipo": "curva_nivel",
    "cota_m": 732,
    "equidistancia_m": 2
   }
  },
  {
   "type": "Feature",
   "geometry": {
    "type": "LineString",
    "coordinates": [
     [
      -48.799649158,
      -25.503194729
     ],
     [
      -48.799623289,
      -25.503239138
     ],
     [
      -48.799606822,
      -25.503269921
     ],
     [
      -48.799606822,
      -25.503269921
     ]
    ]
   },
   "properties": {
    "tipo": "curva_nivel",
    "cota_m": 732,
    "equidistancia_m": 2
   }
  },
  {
   "type": "Feature",
   "geometry": {
    "type": "LineString",
    "coordinates": [
     [
      -48.799599589,
      -25.503283547
     ],
     [
      -48.799577747,
      -25.503327956
     ],
     [
      -48.799557903,
      -25.503372365
     ],
     [
      -48.799557888,
      -25.503372399
     ],
     [
      -48.799539536,
      -25.503416774
     ],
     [
      -48.799522943,
      -25.503461183
     ],
     [
      -48.799508955,
      -25.503502747
     ],
     [
      -48.799508955,
      -25.503502747
     ],
     [
      -48.799494298,
      -25.503550001
     ],
     [
      -48.799482115,
      -25.50359441
     ],
     [
      -48.799471356,
      -25.503638819
     ],
     [
      -48.799461942,
      -25.503683228
     ],
     [
      -48.799460022,
      -25.503693623
     ],
     [
      -48.799453625,
      -25.503727637
     ],
     [
      -48.799446487,
      -25.503772046
     ],
     [
      -48.799440511,
      -25.503816455
     ],
     [
      -48.79943563,
      -25.503860864
     ],
     [
      -48.799431775,
      -25.503905273
     ],
     [
      -48.79942888,
      -25.503949682
     ],
     [
      -48.79942688,
      -25.503994091
     ],
     [
      -48.799425708,
      -25.5040385
     ],
     [
      -48.799425296,
      -25.504082909
     ],
     [
      -48.799425576,
      -25.504127318
     ],
     [
      -48.799426477,
      -25.504171728
     ],
     [
      -48.799427926,
      -25.504216137
     ],
     [
      -48.799429847,
      -25.504260546
     ]
    ]
   },
   "properties": {
    "tipo": "curva_nivel",
    "cota_m": 732,
    "equidistancia_m": 2
   }
  },
  {
   "type": "Feature",
   "geometry": {
    "type": "LineString",
    "coordinates": [
     [
      -48.797258019,
      -25.503346153
     ],
     [
      -48.797267414,
      -25.503372365
     ],
     [
      -48.797281424,
      -25.503416774
     ],
     [
      -48.797293502,
      -25.503461183
     ],
     [
      -48.797303726,
      -25.503505592
     ],
     [
      -48.797303726,
      -25.503505592
     ]
    ]
   },
   "properties": {
    "tipo": "curva_nivel",
    "cota_m": 732,
    "equidistancia_m": 2
   }
  },
  {
   "type": "Feature",
   "geometry": {
    "type": "LineString",
    "coordinates": [
     [
      -48.797306952,
      -25.503522467
     ],
     [
      -48.797312232,
      -25.503550001
     ],
     [
      -48.797319031,
      -25.50359441
     ],
     [
      -48.797324129,
      -25.503638819
     ],
     [
      -48.797327569,
      -25.503683228
     ],
     [
      -48.797329389,
      -25.503727637
     ],
     [
      -48.797329621,
      -25.503772046
     ],
     [
      -48.797328291,
      -25.503816455
     ],
     [
      -48.797325422,
      -25.503860864
     ],
     [
      -48.797321031,
      -25.503905273
     ],
     [
      -48.79731513,
      -25.503949682
     ],
     [
      -48.79730773,
      -25.503994091
     ],
     [
      -48.797306952,
      -25.503998003
     ],
     [
      -48.797298954,
      -25.5040385
     ],
     [
      -48.797288718,
      -25.504082909
     ],
     [
      -48.797277005,
      -25.504127318
     ],
     [
      -48.797263804,
      -25.504171728
     ],
     [
      -48.797258019,
      -25.504189354
     ],
     [
      -48.797249204,
      -25.504216137
     ],
     [
      -48.797233164,
      -25.504260546
     ]
    ]
   },
   "properties": {
    "tipo": "curva_nivel",
    "cota_m": 732,
    "equidistancia_m": 2
   }
  },
  {
   "type": "Feature",
   "geometry": {
    "type": "LineString",
    "coordinates": [
     [
      -48.797747353,
      -25.499940723
     ],
     [
      -48.797747353,
      -25.499940723
     ],
     [
      -48.797768855,
      -25.499908459
     ],
     [
      -48.797796286,
      -25.499872597
     ],
     [
      -48.797803376,
      -25.49986405
     ],
     [
      -48.79784522,
      -25.499819481
     ],
     [
      -48.79784522,
      -25.499819481
     ],
     [
      -48.797894153,
      -25.499776967
     ],
     [
      -48.797896374,
      -25.499775232
     ],
     [
      -48.797943086,
      -25.499742248
     ],
     [
      -48.797961396,
      -25.499730823
     ],
     [
      -48.79799202,
      -25.499713384
     ],
     [
      -48.798040953,
      -25.499689248
     ],
     [
      -48.7980477,
      -25.499686414
     ],
     [
      -48.798089887,
      -25.499670097
     ],
     [
      -48.79813882,
      -25.499654577
     ],
     [
      -48.798187753,
      -25.499642424
     ],
     [
      -48.798190055,
      -25.499642005
     ],
     [
      -48.798236687,
      -25.499634111
     ],
     [
      -48.79828562,
      -25.499628874
     ],
     [
      -48.798334553,
      -25.499626648
     ],
     [
      -48.798383487,
      -25.499627399
     ],
     [
      -48.79843242,
      -25.499631101
     ],
     [
      -48.798481354,
      -25.499637737
     ],
     [
      -48.79850317,
      -25.499642005
     ],
     [
      -48.798530287,
      -25.499647645
     ],
     [
      -48.79857922,
      -25.499660944
     ],
     [
      -48.798628154,
      -25.499677347
     ],
     [
      -48.798650883,
      -25.499686414
     ],
     [
      -48.798677087,
      -25.499697613
     ],
     [
      -48.798726021,
      -25.499721866
     ],
     [
      -48.798741907,
      -25.499730823
     ],
     [
      -48.798774954,
      -25.499750931
     ],
     [
      -48.7988106,
      -25.499775232
     ],
     [
      -48.7988106,
      -25.499775232
     ]
    ]
   },
   "properties": {
    "tipo": "curva_nivel",
    "cota_m": 734,
    "equidistancia_m": 2
   }
  },
  {
   "type": "Feature",
   "geometry": {
    "type": "LineString",
    "coordinates": [
     [
      -48.798823887,
      -25.499785084
     ],
     [
      -48.79886601,
      -25.499819641
     ],
     [
      -48.798911681,
      -25.49986405
     ],
     [
      -48.798950006,
      -25.499908459
     ],
     [
      -48.798970688,
      -25.499935841
     ],
     [
      -48.798982643,
      -25.499952868
     ],
     [
      -48.799010144,
      -25.499997277
     ],
     [
      -48.799010144,
      -25.499997277
     ]
    ]
   },
   "properties": {
    "tipo": "curva_nivel",
    "cota_m": 734,
    "equidistancia_m": 2
   }
  },
  {
   "type": "Feature",
   "geometry": {
    "type": "LineString",
    "coordinates": [
     [
      -48.797739814,
      -25.499952868
     ],
     [
      -48.797716102,
      -25.499997277
     ],
     [
      -48.797698419,
      -25.50003677
     ],
     [
      -48.797698419,
      -25.50003677
     ],
     [
      -48.797681044,
      -25.500086095
     ],
     [
      -48.797669112,
      -25.500130504
     ],
     [
      -48.797660453,
      -25.500174913
     ],
     [
      -48.797654986,
      -25.500219322
     ],
     [
      -48.797652643,
      -25.500263731
     ],
     [
      -48.797653374,
      -25.500308141
     ],
     [
      -48.797657138,
      -25.50035255
     ],
     [
      -48.797663912,
      -25.500396959
     ],
     [
      -48.797673683,
      -25.500441368
     ],
     [
      -48.797686455,
      -25.500485777
     ],
     [
      -48.797698419,
      -25.500519524
     ],
     [
      -48.797702459,
      -25.500530186
     ],
     [
      -48.797722356,
      -25.500574595
     ],
     [
      -48.797745528,
      -25.500619004
     ],
     [
      -48.797773598,
      -25.500663413
     ],
     [
      -48.797796286,
      -25.500695217
     ],
     [
      -48.797806088,
      -25.500707822
     ],
     [
      -48.797844233,
      -25.500752231
     ],
     [
      -48.797889895,
      -25.50079664
     ],
     [
      -48.797943086,
      -25.500839857
     ],
     [
      -48.797944754,
      -25.500841049
     ],
     [
      -48.79799202,
      -25.500872681
     ],
     [
      -48.798013929,
      -25.500885458
     ],
     [
      -48.798040953,
      -25.500900352
     ],
     [
      -48.798089887,
      -25.50092348
     ],
     [
      -48.798105928,
      -25.500929867
     ],
     [
      -48.79813882,
      -25.500942368
     ],
     [
      -48.798187753,
      -25.500957538
     ],
     [
      -48.798236687,
      -25.500969349
     ],
     [
      -48.798264764,
      -25.500974276
     ],
     [
      -48.798264764,
      -25.500974276
     ]
    ]
   },
   "properties": {
    "tipo": "curva_nivel",
    "cota_m": 734,
    "equidistancia_m": 2
   }
  },
  {
   "type": "Feature",
   "geometry": {
    "type": "LineString",
    "coordinates": [
     [
      -48.799019621,
      -25.500014928
     ],
     [
      -48.799033086,
      -25.500041686
     ],
     [
      -48.799052061,
      -25.500086095
     ],
     [
      -48.799067723,
      -25.500130504
     ],
     [
      -48.799079404,
      -25.500174913
     ],
     [
      -48.799087967,
      -25.500219322
     ],
     [
      -48.799093478,
      -25.500263731
     ],
     [
      -48.799095947,
      -25.500308141
     ],
     [
      -48.799095377,
      -25.50035255
     ],
     [
      -48.799091765,
      -25.500396959
     ],
     [
      -48.799085096,
      -25.500441368
     ],
     [
      -48.799075351,
      -25.500485777
     ],
     [
      -48.799068554,
      -25.500509421
     ],
     [
      -48.799068554,
      -25.500509421
     ]
    ]
   },
   "properties": {
    "tipo": "curva_nivel",
    "cota_m": 734,
    "equidistancia_m": 2
   }
  },
  {
   "type": "Feature",
   "geometry": {
    "type": "LineString",
    "coordinates": [
     [
      -48.799062102,
      -25.500530186
     ],
     [
      -48.79904505,
      -25.500574595
     ],
     [
      -48.799024581,
      -25.500619004
     ],
     [
      -48.799019621,
      -25.500628335
     ],
     [
      -48.798999242,
      -25.500663413
     ],
     [
      -48.798970688,
      -25.500706365
     ],
     [
      -48.798970688,
      -25.500706365
     ],
     [
      -48.798933404,
      -25.500752231
     ],
     [
      -48.798921754,
      -25.500765167
     ],
     [
      -48.798890125,
      -25.50079664
     ],
     [
      -48.798872821,
      -25.500812454
     ],
     [
      -48.798837481,
      -25.500841049
     ],
     [
      -48.798823887,
      -25.500851278
     ],
     [
      -48.798774954,
      -25.50088346
     ],
     [
      -48.798774954,
      -25.50088346
     ],
     [
      -48.798726021,
      -25.500909802
     ],
     [
      -48.798681518,
      -25.500929867
     ],
     [
      -48.798677087,
      -25.500931768
     ],
     [
      -48.798628154,
      -25.500949227
     ],
     [
      -48.79857922,
      -25.500963103
     ],
     [
      -48.798530287,
      -25.500973565
     ],
     [
      -48.798530287,
      -25.500973565
     ],
     [
      -48.798481354,
      -25.500980557
     ],
     [
      -48.79843242,
      -25.500984429
     ],
     [
      -48.798383487,
      -25.500985253
     ],
     [
      -48.798334553,
      -25.500983051
     ],
     [
      -48.79828562,
      -25.500977811
     ]
    ]
   },
   "properties": {
    "tipo": "curva_nivel",
    "cota_m": 734,
    "equidistancia_m": 2
   }
  },
  {
   "type": "Feature",
   "geometry": {
    "type": "LineString",
    "coordinates": [
     [
      -48.800830157,
      -25.502704236
     ],
     [
      -48.800830157,
      -25.502704236
     ],
     [
      -48.80087909,
      -25.502698294
     ],
     [
      -48.800928023,
      -25.502693562
     ],
     [
      -48.800976957,
      -25.502689997
     ],
     [
      -48.80102589,
      -25.502687564
     ],
     [
      -48.801074824,
      -25.502686234
     ],
     [
      -48.801123757,
      -25.502685985
     ],
     [
      -48.80117269,
      -25.502686799
     ],
     [
      -48.801221624,
      -25.502688665
     ],
     [
      -48.801270557,
      -25.502691578
     ],
     [
      -48.801319491,
      -25.502695535
     ],
     [
      -48.801368424,
      -25.502700542
     ],
     [
      -48.801414305,
      -25.502706229
     ],
     [
      -48.801466291,
      -25.502713813
     ],
     [
      -48.801515224,
      -25.502722116
     ],
     [
      -48.801564158,
      -25.502731544
     ],
     [
      -48.801613091,
      -25.502742125
     ],
     [
      -48.801648518,
      -25.502750638
     ],
     [
      -48.801648518,
      -25.502750638
     ]
    ]
   },
   "properties": {
    "tipo": "curva_nivel",
    "cota_m": 734,
    "equidistancia_m": 2
   }
  },
  {
   "type": "Feature",
   "geometry": {
    "type": "LineString",
    "coordinates": [
     [
      -48.800816434,
      -25.502706229
     ],
     [
      -48.800781223,
      -25.502711479
     ],
     [
      -48.80073229,
      -25.502720064
     ],
     [
      -48.800683356,
      -25.50273004
     ],
     [
      -48.800634423,
      -25.502741483
     ],
     [
      -48.800599716,
      -25.502750638
     ],
     [
      -48.80058549,
      -25.502754518
     ],
     [
      -48.800536556,
      -25.502769302
     ],
     [
      -48.800487623,
      -25.502785858
     ],
     [
      -48.80046291,
      -25.502795047
     ],
     [
      -48.80043869,
      -25.502804414
     ],
     [
      -48.800389756,
      -25.502825121
     ],
     [
      -48.800358787,
      -25.502839456
     ],
     [
      -48.800340823,
      -25.502848146
     ],
     [
      -48.800291889,
      -25.502873757
     ],
     [
      -48.800291889,
      -25.502873757
     ]
    ]
   },
   "properties": {
    "tipo": "curva_nivel",
    "cota_m": 734,
    "equidistancia_m": 2
   }
  },
  {
   "type": "Feature",
   "geometry": {
    "type": "LineString",
    "coordinates": [
     [
      -48.801662024,
      -25.502753931
     ],
     [
      -48.801710958,
      -25.502767072
     ],
     [
      -48.801759891,
      -25.502781496
     ],
     [
      -48.801802006,
      -25.502795047
     ],
     [
      -48.801857758,
      -25.50281466
     ],
     [
      -48.801906691,
      -25.502833504
     ],
     [
      -48.801921084,
      -25.502839456
     ],
     [
      -48.801955625,
      -25.502854106
     ],
     [
      -48.802004558,
      -25.50287643
     ],
     [
      -48.802019821,
      -25.502883865
     ],
     [
      -48.802053492,
      -25.502900757
     ],
     [
      -48.802102425,
      -25.502927042
     ],
     [
      -48.802104591,
      -25.502928274
     ],
     [
      -48.802151358,
      -25.502955779
     ],
     [
      -48.802178383,
      -25.502972683
     ],
     [
      -48.802200292,
      -25.502986903
     ],
     [
      -48.802244195,
      -25.503017092
     ],
     [
      -48.802298159,
      -25.503057595
     ],
     [
      -48.802303088,
      -25.503061501
     ],
     [
      -48.802347092,
      -25.503097947
     ],
     [
      -48.802356262,
      -25.50310591
     ],
     [
      -48.802396025,
      -25.503142126
     ],
     [
      -48.802404637,
      -25.503150319
     ],
     [
      -48.802444959,
      -25.503190693
     ],
     [
      -48.802448831,
      -25.503194729
     ],
     [
      -48.802489256,
      -25.503239138
     ],
     [
      -48.802526311,
      -25.503283547
     ],
     [
      -48.802542826,
      -25.503304682
     ],
     [
      -48.802560445,
      -25.503327956
     ],
     [
      -48.802591759,
      -25.503372096
     ],
     [
      -48.802591944,
      -25.503372365
     ],
     [
      -48.802620771,
      -25.503416774
     ],
     [
      -48.802640692,
      -25.50344976
     ],
     [
      -48.80264743,
      -25.503461183
     ],
     [
      -48.802671868,
      -25.503505592
     ],
     [
      -48.802689626,
      -25.503540464
     ],
     [
      -48.80269439,
      -25.503550001
     ],
     [
      -48.802714953,
      -25.50359441
     ],
     [
      -48.802733835,
      -25.503638819
     ],
     [
      -48.802750995,
      -25.503683228
     ],
     [
      -48.802766586,
      -25.503727637
     ],
     [
      -48.802780717,
      -25.503772046
     ],
     [
      -48.802787492,
      -25.503795666
     ],
     [
      -48.802793407,
      -25.503816455
     ],
     [
      -48.80280472,
      -25.503860864
     ],
     [
      -48.802814761,
      -25.503905273
     ],
     [
      -48.802823584,
      -25.503949682
     ],
     [
      -48.802831245,
      -25.503994091
     ],
     [
      -48.802836426,
      -25.504029231
     ],
     [
      -48.802837791,
      -25.5040385
     ],
     [
      -48.802843261,
      -25.504082909
     ],
     [
      -48.802847731,
      -25.504127318
     ],
     [
      -48.802851256,
      -25.504171728
     ],
     [
      -48.802853888,
      -25.504216137
     ],
     [
      -48.802855681,
      -25.504260546
     ]
    ]
   },
   "properties": {
    "tipo": "curva_nivel",
    "cota_m": 734,
    "equidistancia_m": 2
   }
  },
  {
   "type": "Feature",
   "geometry": {
    "type": "LineString",
    "coordinates": [
     [
      -48.795056016,
      -25.50309333
     ],
     [
      -48.795056016,
      -25.50309333
     ],
     [
      -48.795104949,
      -25.503053635
     ],
     [
      -48.795104949,
      -25.503053635
     ],
     [
      -48.795153883,
      -25.503018184
     ],
     [
      -48.795155501,
      -25.503017092
     ],
     [
      -48.795202816,
      -25.502986671
     ],
     [
      -48.795226379,
      -25.502972683
     ],
     [
      -48.79525175,
      -25.502958247
     ],
     [
      -48.795300683,
      -25.502932637
     ],
     [
      -48.795309767,
      -25.502928274
     ],
     [
      -48.795349616,
      -25.502909812
     ],
     [
      -48.79539855,
      -25.502889203
     ],
     [
      -48.795412533,
      -25.502883865
     ],
     [
      -48.795447483,
      -25.502870918
     ],
     [
      -48.795496417,
      -25.502854639
     ],
     [
      -48.79554535,
      -25.502840166
     ],
     [
      -48.795548075,
      -25.502839456
     ],
     [
      -48.795594283,
      -25.502827693
     ],
     [
      -48.795643217,
      -25.502816896
     ],
     [
      -48.79569215,
      -25.502807721
     ],
     [
      -48.795741084,
      -25.502800137
     ],
     [
      -48.795790017,
      -25.502794138
     ],
     [
      -48.795790017,
      -25.502794138
     ],
     [
      -48.79583895,
      -25.502789757
     ],
     [
      -48.795887884,
      -25.502786901
     ],
     [
      -48.795936817,
      -25.502785573
     ],
     [
      -48.795985751,
      -25.502785787
     ],
     [
      -48.796034684,
      -25.502787568
     ],
     [
      -48.796083617,
      -25.502790948
     ],
     [
      -48.796123653,
      -25.502795047
     ],
     [
      -48.796181484,
      -25.502802828
     ],
     [
      -48.796230417,
      -25.502811461
     ],
     [
      -48.796279351,
      -25.502821967
     ],
     [
      -48.796328284,
      -25.50283444
     ],
     [
      -48.796345404,
      -25.502839456
     ],
     [
      -48.796377218,
      -25.502849183
     ],
     [
      -48.796426151,
      -25.502866268
     ],
     [
      -48.796470485,
      -25.502883865
     ],
     [
      -48.796524018,
      -25.502908316
     ],
     [
      -48.796562816,
      -25.502928274
     ],
     [
      -48.796621885,
      -25.502962877
     ],
     [
      -48.796637022,
      -25.502972683
     ],
     [
      -48.796670818,
      -25.502995991
     ],
     [
      -48.796699039,
      -25.503017092
     ],
     [
      -48.796719751,
      -25.503033678
     ],
     [
      -48.796752112,
      -25.503061501
     ],
     [
      -48.796752112,
      -25.503061501
     ]
    ]
   },
   "properties": {
    "tipo": "curva_nivel",
    "cota_m": 734,
    "equidistancia_m": 2
   }
  },
  {
   "type": "Feature",
   "geometry": {
    "type": "LineString",
    "coordinates": [
     [
      -48.800273969,
      -25.502883865
     ],
     [
      -48.800242956,
      -25.502902236
     ],
     [
      -48.800202221,
      -25.502928274
     ],
     [
      -48.800194023,
      -25.502933799
     ],
     [
      -48.800145089,
      -25.502968942
     ],
     [
      -48.800145089,
      -25.502968942
     ],
     [
      -48.800096156,
      -25.503008168
     ],
     [
      -48.800096156,
      -25.503008168
     ]
    ]
   },
   "properties": {
    "tipo": "curva_nivel",
    "cota_m": 734,
    "equidistancia_m": 2
   }
  },
  {
   "type": "Feature",
   "geometry": {
    "type": "LineString",
    "coordinates": [
     [
      -48.800085687,
      -25.503017092
     ],
     [
      -48.800047222,
      -25.503051988
     ],
     [
      -48.800047222,
      -25.503051988
     ]
    ]
   },
   "properties": {
    "tipo": "curva_nivel",
    "cota_m": 734,
    "equidistancia_m": 2
   }
  },
  {
   "type": "Feature",
   "geometry": {
    "type": "LineString",
    "coordinates": [
     [
      -48.800037236,
      -25.503061501
     ],
     [
      -48.799998289,
      -25.503101163
     ],
     [
      -48.799998289,
      -25.503101163
     ],
     [
      -48.799954722,
      -25.503150319
     ],
     [
      -48.799949356,
      -25.503156865
     ],
     [
      -48.799919349,
      -25.503194729
     ],
     [
      -48.799900422,
      -25.503220606
     ],
     [
      -48.799900422,
      -25.503220606
     ]
    ]
   },
   "properties": {
    "tipo": "curva_nivel",
    "cota_m": 734,
    "equidistancia_m": 2
   }
  },
  {
   "type": "Feature",
   "geometry": {
    "type": "LineString",
    "coordinates": [
     [
      -48.796768685,
      -25.50307686
     ],
     [
      -48.79679813,
      -25.50310591
     ],
     [
      -48.796817618,
      -25.50312678
     ],
     [
      -48.796838429,
      -25.503150319
     ],
     [
      -48.796866552,
      -25.503185117
     ],
     [
      -48.796873959,
      -25.503194729
     ],
     [
      -48.796905238,
      -25.503239138
     ],
     [
      -48.796905238,
      -25.503239138
     ]
    ]
   },
   "properties": {
    "tipo": "curva_nivel",
    "cota_m": 734,
    "equidistancia_m": 2
   }
  },
  {
   "type": "Feature",
   "geometry": {
    "type": "LineString",
    "coordinates": [
     [
      -48.795041649,
      -25.50310591
     ],
     [
      -48.795007083,
      -25.503138056
     ],
     [
      -48.795007083,
      -25.503138056
     ]
    ]
   },
   "properties": {
    "tipo": "curva_nivel",
    "cota_m": 734,
    "equidistancia_m": 2
   }
  },
  {
   "type": "Feature",
   "geometry": {
    "type": "LineString",
    "coordinates": [
     [
      -48.794994673,
      -25.503150319
     ],
     [
      -48.794958149,
      -25.503188895
     ],
     [
      -48.794958149,
      -25.503188895
     ],
     [
      -48.794915904,
      -25.503239138
     ],
     [
      -48.794909216,
      -25.50324781
     ],
     [
      -48.794883024,
      -25.503283547
     ],
     [
      -48.794860282,
      -25.50331743
     ],
     [
      -48.794860282,
      -25.50331743
     ]
    ]
   },
   "properties": {
    "tipo": "curva_nivel",
    "cota_m": 734,
    "equidistancia_m": 2
   }
  },
  {
   "type": "Feature",
   "geometry": {
    "type": "LineString",
    "coordinates": [
     [
      -48.799887247,
      -25.503239138
     ],
     [
      -48.799858099,
      -25.503283547
     ],
     [
      -48.799851489,
      -25.503294447
     ],
     [
      -48.79983159,
      -25.503327956
     ],
     [
      -48.799807546,
      -25.503372365
     ],
     [
      -48.799802555,
      -25.5033824
     ],
     [
      -48.799785701,
      -25.503416774
     ],
     [
      -48.799765972,
      -25.503461183
     ],
     [
      -48.799753622,
      -25.503491963
     ],
     [
      -48.799753622,
      -25.503491963
     ]
    ]
   },
   "properties": {
    "tipo": "curva_nivel",
    "cota_m": 734,
    "equidistancia_m": 2
   }
  },
  {
   "type": "Feature",
   "geometry": {
    "type": "LineString",
    "coordinates": [
     [
      -48.796915485,
      -25.503255224
     ],
     [
      -48.796932848,
      -25.503283547
     ],
     [
      -48.796957205,
      -25.503327956
     ],
     [
      -48.796957205,
      -25.503327956
     ]
    ]
   },
   "properties": {
    "tipo": "curva_nivel",
    "cota_m": 734,
    "equidistancia_m": 2
   }
  },
  {
   "type": "Feature",
   "geometry": {
    "type": "LineString",
    "coordinates": [
     [
      -48.796964418,
      -25.503342696
     ],
     [
      -48.796978511,
      -25.503372365
     ],
     [
      -48.796997053,
      -25.503416774
     ],
     [
      -48.797013059,
      -25.503461183
     ],
     [
      -48.797026552,
      -25.503505592
     ],
     [
      -48.797037753,
      -25.503550001
     ],
     [
      -48.797046752,
      -25.50359441
     ],
     [
      -48.797053622,
      -25.503638819
     ],
     [
      -48.797058427,
      -25.503683228
     ],
     [
      -48.797061217,
      -25.503727637
     ],
     [
      -48.797062038,
      -25.503772046
     ],
     [
      -48.797060922,
      -25.503816455
     ],
     [
      -48.797057895,
      -25.503860864
     ],
     [
      -48.797052976,
      -25.503905273
     ],
     [
      -48.797046174,
      -25.503949682
     ],
     [
      -48.797037493,
      -25.503994091
     ],
     [
      -48.797026925,
      -25.5040385
     ],
     [
      -48.797014457,
      -25.504082909
     ],
     [
      -48.797013352,
      -25.504086353
     ],
     [
      -48.796999986,
      -25.504127318
     ],
     [
      -48.79698354,
      -25.504171728
     ],
     [
      -48.796965079,
      -25.504216137
     ],
     [
      -48.796964418,
      -25.504217587
     ],
     [
      -48.796944362,
      -25.504260546
     ]
    ]
   },
   "properties": {
    "tipo": "curva_nivel",
    "cota_m": 734,
    "equidistancia_m": 2
   }
  },
  {
   "type": "Feature",
   "geometry": {
    "type": "LineString",
    "coordinates": [
     [
      -48.79485354,
      -25.503327956
     ],
     [
      -48.794827562,
      -25.503372365
     ],
     [
      -48.794811349,
      -25.503403127
     ]
    ]
   },
   "properties": {
    "tipo": "curva_nivel",
    "cota_m": 734,
    "equidistancia_m": 2
   }
  },
  {
   "type": "Feature",
   "geometry": {
    "type": "LineString",
    "coordinates": [
     [
      -48.799748197,
      -25.503505592
     ],
     [
      -48.799732202,
      -25.503550001
     ],
     [
      -48.799717983,
      -25.50359441
     ],
     [
      -48.799705434,
      -25.503638819
     ],
     [
      -48.799704689,
      -25.503641808
     ],
     [
      -48.799694343,
      -25.503683228
     ],
     [
      -48.799684751,
      -25.503727637
     ],
     [
      -48.799676587,
      -25.503772046
     ],
     [
      -48.799669773,
      -25.503816455
     ],
     [
      -48.799664239,
      -25.503860864
     ],
     [
      -48.799659917,
      -25.503905273
     ],
     [
      -48.799656741,
      -25.503949682
     ],
     [
      -48.799655755,
      -25.503970586
     ],
     [
      -48.799654632,
      -25.503994091
     ],
     [
      -48.799653546,
      -25.5040385
     ],
     [
      -48.799653434,
      -25.504082909
     ],
     [
      -48.799654235,
      -25.504127318
     ],
     [
      -48.799655755,
      -25.504168165
     ],
     [
      -48.799655886,
      -25.504171728
     ],
     [
      -48.799658297,
      -25.504216137
     ],
     [
      -48.799661425,
      -25.504260546
     ]
    ]
   },
   "properties": {
    "tipo": "curva_nivel",
    "cota_m": 734,
    "equidistancia_m": 2
   }
  },
  {
   "type": "Feature",
   "geometry": {
    "type": "LineString",
    "coordinates": [
     [
      -48.798187753,
      -25.499988011
     ],
     [
      -48.798187753,
      -25.499988011
     ],
     [
      -48.798236687,
      -25.499965334
     ],
     [
      -48.79828562,
      -25.499950213
     ],
     [
      -48.79828562,
      -25.499950213
     ],
     [
      -48.798334553,
      -25.499942856
     ],
     [
      -48.798383487,
      -25.499941485
     ],
     [
      -48.79843242,
      -25.499946012
     ],
     [
      -48.798464794,
      -25.499952868
     ],
     [
      -48.798464794,
      -25.499952868
     ]
    ]
   },
   "properties": {
    "tipo": "curva_nivel",
    "cota_m": 736,
    "equidistancia_m": 2
   }
  },
  {
   "type": "Feature",
   "geometry": {
    "type": "LineString",
    "coordinates": [
     [
      -48.798481354,
      -25.499956888
     ],
     [
      -48.798530287,
      -25.499975403
     ],
     [
      -48.798573106,
      -25.499997277
     ],
     [
      -48.798628154,
      -25.500037781
     ],
     [
      -48.798632465,
      -25.500041686
     ],
     [
      -48.798673207,
      -25.500086095
     ],
     [
      -48.798701588,
      -25.500130504
     ],
     [
      -48.798722453,
      -25.500174913
     ],
     [
      -48.798734983,
      -25.500219322
     ],
     [
      -48.798740915,
      -25.500263731
     ],
     [
      -48.798740668,
      -25.500308141
     ],
     [
      -48.798734184,
      -25.50035255
     ],
     [
      -48.798726021,
      -25.500381026
     ],
     [
      -48.798726021,
      -25.500381026
     ]
    ]
   },
   "properties": {
    "tipo": "curva_nivel",
    "cota_m": 736,
    "equidistancia_m": 2
   }
  },
  {
   "type": "Feature",
   "geometry": {
    "type": "LineString",
    "coordinates": [
     [
      -48.798172502,
      -25.499997277
     ],
     [
      -48.79813882,
      -25.500021798
     ],
     [
      -48.798116705,
      -25.500041686
     ],
     [
      -48.798089887,
      -25.500071635
     ],
     [
      -48.798089887,
      -25.500071635
     ]
    ]
   },
   "properties": {
    "tipo": "curva_nivel",
    "cota_m": 736,
    "equidistancia_m": 2
   }
  },
  {
   "type": "Feature",
   "geometry": {
    "type": "LineString",
    "coordinates": [
     [
      -48.798078957,
      -25.500086095
     ],
     [
      -48.798053246,
      -25.500130504
     ],
     [
      -48.798040953,
      -25.500160772
     ],
     [
      -48.798040953,
      -25.500160772
     ]
    ]
   },
   "properties": {
    "tipo": "curva_nivel",
    "cota_m": 736,
    "equidistancia_m": 2
   }
  },
  {
   "type": "Feature",
   "geometry": {
    "type": "LineString",
    "coordinates": [
     [
      -48.798035947,
      -25.500174913
     ],
     [
      -48.798026685,
      -25.500219322
     ],
     [
      -48.798023745,
      -25.500263731
     ],
     [
      -48.798027005,
      -25.500308141
     ],
     [
      -48.798036378,
      -25.50035255
     ],
     [
      -48.798053342,
      -25.500396959
     ],
     [
      -48.798077835,
      -25.500441368
     ],
     [
      -48.798077835,
      -25.500441368
     ]
    ]
   },
   "properties": {
    "tipo": "curva_nivel",
    "cota_m": 736,
    "equidistancia_m": 2
   }
  },
  {
   "type": "Feature",
   "geometry": {
    "type": "LineString",
    "coordinates": [
     [
      -48.798720685,
      -25.500396959
     ],
     [
      -48.798698552,
      -25.500441368
     ],
     [
      -48.798677087,
      -25.500473659
     ],
     [
      -48.798677087,
      -25.500473659
     ]
    ]
   },
   "properties": {
    "tipo": "curva_nivel",
    "cota_m": 736,
    "equidistancia_m": 2
   }
  },
  {
   "type": "Feature",
   "geometry": {
    "type": "LineString",
    "coordinates": [
     [
      -48.798089887,
      -25.500458505
     ],
     [
      -48.798112461,
      -25.500485777
     ],
     [
      -48.79813882,
      -25.500512046
     ],
     [
      -48.798160969,
      -25.500530186
     ],
     [
      -48.798187753,
      -25.500548961
     ],
     [
      -48.79823444,
      -25.500574595
     ],
     [
      -48.79828562,
      -25.500592929
     ],
     [
      -48.798334553,
      -25.500603775
     ],
     [
      -48.798383487,
      -25.500608267
     ],
     [
      -48.79843242,
      -25.500606379
     ],
     [
      -48.798481354,
      -25.500598014
     ],
     [
      -48.798530287,
      -25.500582996
     ],
     [
      -48.798530287,
      -25.500582996
     ]
    ]
   },
   "properties": {
    "tipo": "curva_nivel",
    "cota_m": 736,
    "equidistancia_m": 2
   }
  },
  {
   "type": "Feature",
   "geometry": {
    "type": "LineString",
    "coordinates": [
     [
      -48.798667396,
      -25.500485777
     ],
     [
      -48.798628154,
      -25.500525258
     ],
     [
      -48.798628154,
      -25.500525258
     ],
     [
      -48.79857922,
      -25.500559219
     ],
     [
      -48.798549146,
      -25.500574595
     ]
    ]
   },
   "properties": {
    "tipo": "curva_nivel",
    "cota_m": 736,
    "equidistancia_m": 2
   }
  },
  {
   "type": "Feature",
   "geometry": {
    "type": "LineString",
    "coordinates": [
     [
      -48.800781223,
      -25.502878046
     ],
     [
      -48.800781223,
      -25.502878046
     ],
     [
      -48.800830157,
      -25.502867462
     ],
     [
      -48.80087909,
      -25.502858464
     ],
     [
      -48.800928023,
      -25.502850988
     ],
     [
      -48.800976957,
      -25.502844981
     ],
     [
      -48.80102589,
      -25.502840396
     ],
     [
      -48.801040155,
      -25.502839456
     ],
     [
      -48.801074824,
      -25.502837234
     ],
     [
      -48.801123757,
      -25.502835418
     ],
     [
      -48.80117269,
      -25.502834908
     ],
     [
      -48.801221624,
      -25.502835687
     ],
     [
      -48.801270557,
      -25.502837743
     ],
     [
      -48.801295692,
      -25.502839456
     ],
     [
      -48.801295692,
      -25.502839456
     ]
    ]
   },
   "properties": {
    "tipo": "curva_nivel",
    "cota_m": 736,
    "equidistancia_m": 2
   }
  },
  {
   "type": "Feature",
   "geometry": {
    "type": "LineString",
    "coordinates": [
     [
      -48.801319491,
      -25.502841097
     ],
     [
      -48.801368424,
      -25.50284577
     ],
     [
      -48.801417357,
      -25.502851741
     ],
     [
      -48.801466291,
      -25.502859018
     ],
     [
      -48.801515224,
      -25.50286762
     ],
     [
      -48.801564158,
      -25.502877567
     ],
     [
      -48.801591402,
      -25.502883865
     ],
     [
      -48.801591402,
      -25.502883865
     ]
    ]
   },
   "properties": {
    "tipo": "curva_nivel",
    "cota_m": 736,
    "equidistancia_m": 2
   }
  },
  {
   "type": "Feature",
   "geometry": {
    "type": "LineString",
    "coordinates": [
     [
      -48.801613091,
      -25.502888984
     ],
     [
      -48.801662024,
      -25.502901953
     ],
     [
      -48.801710958,
      -25.502916393
     ],
     [
      -48.801747442,
      -25.502928274
     ],
     [
      -48.801747442,
      -25.502928274
     ]
    ]
   },
   "properties": {
    "tipo": "curva_nivel",
    "cota_m": 736,
    "equidistancia_m": 2
   }
  },
  {
   "type": "Feature",
   "geometry": {
    "type": "LineString",
    "coordinates": [
     [
      -48.800757732,
      -25.502883865
     ],
     [
      -48.80073229,
      -25.502890407
     ],
     [
      -48.800683356,
      -25.502904644
     ],
     [
      -48.800634423,
      -25.502920743
     ],
     [
      -48.800634423,
      -25.502920743
     ]
    ]
   },
   "properties": {
    "tipo": "curva_nivel",
    "cota_m": 736,
    "equidistancia_m": 2
   }
  },
  {
   "type": "Feature",
   "geometry": {
    "type": "LineString",
    "coordinates": [
     [
      -48.802039668,
      -25.503061501
     ],
     [
      -48.802039668,
      -25.503061501
     ],
     [
      -48.802004558,
      -25.503041325
     ],
     [
      -48.801959295,
      -25.503017092
     ],
     [
      -48.801955625,
      -25.503015198
     ],
     [
      -48.801906691,
      -25.502991595
     ],
     [
      -48.801857758,
      -25.502969885
     ],
     [
      -48.801864242,
      -25.502972683
     ],
     [
      -48.801808825,
      -25.502950333
     ],
     [
      -48.801759891,
      -25.502932437
     ]
    ]
   },
   "properties": {
    "tipo": "curva_nivel",
    "cota_m": 736,
    "equidistancia_m": 2
   }
  },
  {
   "type": "Feature",
   "geometry": {
    "type": "LineString",
    "coordinates": [
     [
      -48.800613752,
      -25.502928274
     ],
     [
      -48.80058549,
      -25.502939029
     ],
     [
      -48.800536556,
      -25.502959596
     ],
     [
      -48.800508192,
      -25.502972683
     ],
     [
      -48.800487623,
      -25.502982648
     ],
     [
      -48.80043869,
      -25.503008462
     ],
     [
      -48.80043869,
      -25.503008462
     ]
    ]
   },
   "properties": {
    "tipo": "curva_nivel",
    "cota_m": 736,
    "equidistancia_m": 2
   }
  },
  {
   "type": "Feature",
   "geometry": {
    "type": "LineString",
    "coordinates": [
     [
      -48.79554535,
      -25.503053817
     ],
     [
      -48.79554535,
      -25.503053817
     ],
     [
      -48.795594283,
      -25.503039191
     ],
     [
      -48.795643217,
      -25.503026789
     ],
     [
      -48.79569215,
      -25.503016591
     ],
     [
      -48.79569215,
      -25.503016591
     ],
     [
      -48.795741084,
      -25.503008823
     ],
     [
      -48.795790017,
      -25.503003115
     ],
     [
      -48.79583895,
      -25.502999457
     ],
     [
      -48.795887884,
      -25.502997854
     ],
     [
      -48.795936817,
      -25.50299832
     ],
     [
      -48.795985751,
      -25.503000882
     ],
     [
      -48.796034684,
      -25.503005577
     ],
     [
      -48.796083617,
      -25.503012456
     ],
     [
      -48.79610865,
      -25.503017092
     ],
     [
      -48.79610865,
      -25.503017092
     ]
    ]
   },
   "properties": {
    "tipo": "curva_nivel",
    "cota_m": 736,
    "equidistancia_m": 2
   }
  },
  {
   "type": "Feature",
   "geometry": {
    "type": "LineString",
    "coordinates": [
     [
      -48.800423547,
      -25.503017092
     ],
     [
      -48.800389756,
      -25.503037419
     ],
     [
      -48.800352729,
      -25.503061501
     ],
     [
      -48.800340823,
      -25.50306971
     ],
     [
      -48.800291889,
      -25.503105874
     ],
     [
      -48.800291889,
      -25.503105874
     ],
     [
      -48.800242956,
      -25.503146729
     ],
     [
      -48.800242956,
      -25.503146729
     ],
     [
      -48.800194023,
      -25.503192842
     ],
     [
      -48.800194023,
      -25.503192842
     ],
     [
      -48.80015061,
      -25.503239138
     ],
     [
      -48.800145089,
      -25.503245516
     ],
     [
      -48.800113532,
      -25.503283547
     ],
     [
      -48.800096156,
      -25.503306327
     ],
     [
      -48.800080251,
      -25.503327956
     ],
     [
      -48.800050352,
      -25.503372365
     ],
     [
      -48.800047222,
      -25.503377423
     ],
     [
      -48.800023579,
      -25.503416774
     ],
     [
      -48.799999499,
      -25.503461183
     ],
     [
      -48.799998289,
      -25.503463632
     ],
     [
      -48.799978015,
      -25.503505592
     ],
     [
      -48.799958832,
      -25.503550001
     ],
     [
      -48.799949356,
      -25.503574563
     ],
     [
      -48.799949356,
      -25.503574563
     ]
    ]
   },
   "properties": {
    "tipo": "curva_nivel",
    "cota_m": 736,
    "equidistancia_m": 2
   }
  },
  {
   "type": "Feature",
   "geometry": {
    "type": "LineString",
    "coordinates": [
     [
      -48.796132551,
      -25.503021753
     ],
     [
      -48.796181484,
      -25.503033637
     ],
     [
      -48.796230417,
      -25.503048026
     ],
     [
      -48.796269341,
      -25.503061501
     ],
     [
      -48.796328284,
      -25.503085777
     ],
     [
      -48.796370148,
      -25.50310591
     ],
     [
      -48.796426151,
      -25.503137636
     ],
     [
      -48.796446062,
      -25.503150319
     ],
     [
      -48.796475084,
      -25.503170295
     ],
     [
      -48.7965074,
      -25.503194729
     ],
     [
      -48.7965074,
      -25.503194729
     ]
    ]
   },
   "properties": {
    "tipo": "curva_nivel",
    "cota_m": 736,
    "equidistancia_m": 2
   }
  },
  {
   "type": "Feature",
   "geometry": {
    "type": "LineString",
    "coordinates": [
     [
      -48.802679008,
      -25.504260546
     ],
     [
      -48.802678929,
      -25.504216137
     ],
     [
      -48.802677754,
      -25.504171728
     ],
     [
      -48.802675437,
      -25.504127318
     ],
     [
      -48.802671932,
      -25.504082909
     ],
     [
      -48.802667192,
      -25.5040385
     ],
     [
      -48.802661169,
      -25.503994091
     ],
     [
      -48.802653812,
      -25.503949682
     ],
     [
      -48.802645071,
      -25.503905273
     ],
     [
      -48.802640692,
      -25.50388618
     ],
     [
      -48.802634808,
      -25.503860864
     ],
     [
      -48.802622968,
      -25.503816455
     ],
     [
      -48.802609556,
      -25.503772046
     ],
     [
      -48.80259451,
      -25.503727637
     ],
     [
      -48.802591759,
      -25.503720321
     ],
     [
      -48.802577531,
      -25.503683228
     ],
     [
      -48.802558711,
      -25.503638819
     ],
     [
      -48.802537928,
      -25.50359441
     ],
     [
      -48.802514858,
      -25.503550001
     ],
     [
      -48.802489627,
      -25.503505592
     ],
     [
      -48.802461735,
      -25.503461183
     ],
     [
      -48.802444959,
      -25.503436406
     ],
     [
      -48.802431212,
      -25.503416774
     ],
     [
      -48.802397811,
      -25.503372365
     ],
     [
      -48.802396025,
      -25.503370137
     ],
     [
      -48.802360901,
      -25.503327956
     ],
     [
      -48.802347092,
      -25.503312397
     ],
     [
      -48.802320385,
      -25.503283547
     ],
     [
      -48.802298159,
      -25.503260928
     ],
     [
      -48.802275739,
      -25.503239138
     ],
     [
      -48.802249225,
      -25.503214765
     ],
     [
      -48.802226313,
      -25.503194729
     ],
     [
      -48.802200292,
      -25.503173123
     ],
     [
      -48.802171303,
      -25.503150319
     ],
     [
      -48.802151358,
      -25.503135366
     ],
     [
      -48.802102425,
      -25.503100976
     ],
     [
      -48.802109717,
      -25.50310591
     ],
     [
      -48.802053492,
      -25.503069768
     ]
    ]
   },
   "properties": {
    "tipo": "curva_nivel",
    "cota_m": 736,
    "equidistancia_m": 2
   }
  },
  {
   "type": "Feature",
   "geometry": {
    "type": "LineString",
    "coordinates": [
     [
      -48.795523079,
      -25.503061501
     ],
     [
      -48.795496417,
      -25.503071112
     ],
     [
      -48.795447483,
      -25.503091171
     ],
     [
      -48.795415481,
      -25.50310591
     ],
     [
      -48.79539855,
      -25.503114117
     ],
     [
      -48.795349616,
      -25.503140488
     ],
     [
      -48.795349616,
      -25.503140488
     ]
    ]
   },
   "properties": {
    "tipo": "curva_nivel",
    "cota_m": 736,
    "equidistancia_m": 2
   }
  },
  {
   "type": "Feature",
   "geometry": {
    "type": "LineString",
    "coordinates": [
     [
      -48.795333065,
      -25.503150319
     ],
     [
      -48.795300683,
      -25.503170717
     ],
     [
      -48.795265891,
      -25.503194729
     ],
     [
      -48.79525175,
      -25.503205151
     ],
     [
      -48.79520936,
      -25.503239138
     ],
     [
      -48.795202816,
      -25.503244784
     ],
     [
      -48.795161245,
      -25.503283547
     ],
     [
      -48.795153883,
      -25.503290997
     ],
     [
      -48.795119878,
      -25.503327956
     ],
     [
      -48.795104949,
      -25.503345735
     ],
     [
      -48.795084008,
      -25.503372365
     ],
     [
      -48.795056016,
      -25.503411795
     ],
     [
      -48.795056016,
      -25.503411795
     ],
     [
      -48.795026088,
      -25.503461183
     ],
     [
      -48.795007083,
      -25.503497254
     ],
     [
      -48.795007083,
      -25.503497254
     ],
     [
      -48.794983663,
      -25.503550001
     ],
     [
      -48.794967369,
      -25.50359441
     ],
     [
      -48.794958149,
      -25.503624978
     ],
     [
      -48.794958149,
      -25.503624978
     ]
    ]
   },
   "properties": {
    "tipo": "curva_nivel",
    "cota_m": 736,
    "equidistancia_m": 2
   }
  },
  {
   "type": "Feature",
   "geometry": {
    "type": "LineString",
    "coordinates": [
     [
      -48.796524018,
      -25.503208416
     ],
     [
      -48.796558361,
      -25.503239138
     ],
     [
      -48.796558361,
      -25.503239138
     ]
    ]
   },
   "properties": {
    "tipo": "curva_nivel",
    "cota_m": 736,
    "equidistancia_m": 2
   }
  },
  {
   "type": "Feature",
   "geometry": {
    "type": "LineString",
    "coordinates": [
     [
      -48.796572951,
      -25.503253486
     ],
     [
      -48.796601378,
      -25.503283547
     ],
     [
      -48.796621885,
      -25.503307635
     ],
     [
      -48.796638114,
      -25.503327956
     ],
     [
      -48.796669687,
      -25.503372365
     ],
     [
      -48.796696312,
      -25.503416774
     ],
     [
      -48.796719269,
      -25.503461183
     ],
     [
      -48.796738233,
      -25.503505592
     ],
     [
      -48.796754035,
      -25.503550001
     ],
     [
      -48.796766828,
      -25.50359441
     ],
     [
      -48.796776526,
      -25.503638819
     ],
     [
      -48.796783456,
      -25.503683228
     ],
     [
      -48.796787741,
      -25.503727637
     ],
     [
      -48.796789442,
      -25.503772046
     ],
     [
      -48.796788607,
      -25.503816455
     ],
     [
      -48.796785269,
      -25.503860864
     ],
     [
      -48.79677945,
      -25.503905273
     ],
     [
      -48.796771158,
      -25.503949682
     ],
     [
      -48.796768685,
      -25.503959922
     ],
     [
      -48.796760183,
      -25.503994091
     ],
     [
      -48.79674659,
      -25.5040385
     ],
     [
      -48.796730409,
      -25.504082909
     ],
     [
      -48.796719751,
      -25.504108173
     ],
     [
      -48.796719751,
      -25.504108173
     ]
    ]
   },
   "properties": {
    "tipo": "curva_nivel",
    "cota_m": 736,
    "equidistancia_m": 2
   }
  },
  {
   "type": "Feature",
   "geometry": {
    "type": "LineString",
    "coordinates": [
     [
      -48.799941822,
      -25.50359441
     ],
     [
      -48.799926853,
      -25.503638819
     ],
     [
      -48.799913783,
      -25.503683228
     ],
     [
      -48.79990251,
      -25.503727637
     ],
     [
      -48.799900422,
      -25.503737265
     ],
     [
      -48.799892937,
      -25.503772046
     ],
     [
      -48.799884978,
      -25.503816455
     ],
     [
      -48.799878556,
      -25.503860864
     ],
     [
      -48.799873594,
      -25.503905273
     ],
     [
      -48.799870026,
      -25.503949682
     ],
     [
      -48.799867784,
      -25.503994091
     ],
     [
      -48.799866808,
      -25.5040385
     ],
     [
      -48.799867039,
      -25.504082909
     ],
     [
      -48.79986842,
      -25.504127318
     ],
     [
      -48.799870896,
      -25.504171728
     ],
     [
      -48.799874415,
      -25.504216137
     ],
     [
      -48.799878925,
      -25.504260546
     ]
    ]
   },
   "properties": {
    "tipo": "curva_nivel",
    "cota_m": 736,
    "equidistancia_m": 2
   }
  },
  {
   "type": "Feature",
   "geometry": {
    "type": "LineString",
    "coordinates": [
     [
      -48.794954167,
      -25.503638819
     ],
     [
      -48.794944111,
      -25.503683228
     ],
     [
      -48.794936766,
      -25.503727637
     ],
     [
      -48.794932101,
      -25.503772046
     ],
     [
      -48.794930093,
      -25.503816455
     ],
     [
      -48.794930722,
      -25.503860864
     ],
     [
      -48.794933977,
      -25.503905273
     ],
     [
      -48.794939851,
      -25.503949682
     ],
     [
      -48.794948345,
      -25.503994091
     ],
     [
      -48.794958149,
      -25.50403328
     ],
     [
      -48.794959524,
      -25.5040385
     ],
     [
      -48.79497391,
      -25.504082909
     ],
     [
      -48.794991077,
      -25.504127318
     ],
     [
      -48.795007083,
      -25.504162968
     ],
     [
      -48.795011254,
      -25.504171728
     ],
     [
      -48.795035225,
      -25.504216137
     ],
     [
      -48.795056016,
      -25.504250415
     ],
     [
      -48.795062579,
      -25.504260546
     ]
    ]
   },
   "properties": {
    "tipo": "curva_nivel",
    "cota_m": 736,
    "equidistancia_m": 2
   }
  },
  {
   "type": "Feature",
   "geometry": {
    "type": "LineString",
    "coordinates": [
     [
      -48.796711355,
      -25.504127318
     ],
     [
      -48.796689213,
      -25.504171728
     ],
     [
      -48.796670818,
      -25.50420451
     ],
     [
      -48.796670818,
      -25.50420451
     ]
    ]
   },
   "properties": {
    "tipo": "curva_nivel",
    "cota_m": 736,
    "equidistancia_m": 2
   }
  },
  {
   "type": "Feature",
   "geometry": {
    "type": "LineString",
    "coordinates": [
     [
      -48.800781223,
      -25.503057018
     ],
     [
      -48.800781223,
      -25.503057018
     ],
     [
      -48.800830157,
      -25.503042205
     ],
     [
      -48.80087909,
      -25.503029404
     ],
     [
      -48.800928023,
      -25.503018536
     ],
     [
      -48.80093578,
      -25.503017092
     ],
     [
      -48.800976957,
      -25.50300974
     ],
     [
      -48.80102589,
      -25.503002739
     ],
     [
      -48.801074824,
      -25.502997445
     ],
     [
      -48.801123757,
      -25.502993816
     ],
     [
      -48.80117269,
      -25.502991819
     ],
     [
      -48.801221624,
      -25.502991429
     ],
     [
      -48.801270557,
      -25.502992625
     ],
     [
      -48.801319491,
      -25.502995397
     ],
     [
      -48.801368424,
      -25.502999738
     ],
     [
      -48.801417357,
      -25.503005651
     ],
     [
      -48.801466291,
      -25.503013141
     ],
     [
      -48.801487566,
      -25.503017092
     ],
     [
      -48.801515224,
      -25.503022369
     ],
     [
      -48.801564158,
      -25.503033363
     ],
     [
      -48.801613091,
      -25.503046039
     ],
     [
      -48.801662024,
      -25.50306043
     ],
     [
      -48.801665282,
      -25.503061501
     ],
     [
      -48.801710958,
      -25.503077039
     ],
     [
      -48.801759891,
      -25.503095531
     ],
     [
      -48.801784862,
      -25.50310591
     ],
     [
      -48.801808825,
      -25.503116264
     ],
     [
      -48.801857758,
      -25.50313937
     ],
     [
      -48.801879114,
      -25.503150319
     ],
     [
      -48.801906691,
      -25.503165088
     ],
     [
      -48.801955625,
      -25.503193442
     ],
     [
      -48.801957696,
      -25.503194729
     ],
     [
      -48.802004558,
      -25.503225283
     ],
     [
      -48.802024399,
      -25.503239138
     ],
     [
      -48.802053492,
      -25.503260551
     ],
     [
      -48.80208281,
      -25.503283547
     ],
     [
      -48.802102425,
      -25.503299834
     ],
     [
      -48.802134361,
      -25.503327956
     ],
     [
      -48.802134361,
      -25.503327956
     ]
    ]
   },
   "properties": {
    "tipo": "curva_nivel",
    "cota_m": 738,
    "equidistancia_m": 2
   }
  },
  {
   "type": "Feature",
   "geometry": {
    "type": "LineString",
    "coordinates": [
     [
      -48.800768076,
      -25.503061501
     ],
     [
      -48.80073229,
      -25.50307432
     ],
     [
      -48.800683356,
      -25.50309403
     ],
     [
      -48.800656793,
      -25.50310591
     ],
     [
      -48.800634423,
      -25.503116479
     ],
     [
      -48.80058549,
      -25.503141936
     ],
     [
      -48.80058549,
      -25.503141936
     ]
    ]
   },
   "properties": {
    "tipo": "curva_nivel",
    "cota_m": 738,
    "equidistancia_m": 2
   }
  },
  {
   "type": "Feature",
   "geometry": {
    "type": "LineString",
    "coordinates": [
     [
      -48.800570705,
      -25.503150319
     ],
     [
      -48.800536556,
      -25.503170896
     ],
     [
      -48.800500219,
      -25.503194729
     ],
     [
      -48.800487623,
      -25.503203552
     ],
     [
      -48.800440511,
      -25.503239138
     ],
     [
      -48.80043869,
      -25.503240615
     ],
     [
      -48.800389756,
      -25.503283049
     ],
     [
      -48.800389756,
      -25.503283049
     ],
     [
      -48.800344575,
      -25.503327956
     ],
     [
      -48.800340823,
      -25.503332011
     ],
     [
      -48.80030541,
      -25.503372365
     ],
     [
      -48.800291889,
      -25.503389222
     ],
     [
      -48.800270799,
      -25.503416774
     ],
     [
      -48.800242956,
      -25.503456865
     ],
     [
      -48.800242956,
      -25.503456865
     ],
     [
      -48.800213105,
      -25.503505592
     ],
     [
      -48.800194023,
      -25.503540717
     ],
     [
      -48.800194023,
      -25.503540717
     ]
    ]
   },
   "properties": {
    "tipo": "curva_nivel",
    "cota_m": 738,
    "equidistancia_m": 2
   }
  },
  {
   "type": "Feature",
   "geometry": {
    "type": "LineString",
    "coordinates": [
     [
      -48.79544623,
      -25.504260546
     ],
     [
      -48.795390313,
      -25.504216137
     ],
     [
      -48.795345465,
      -25.504171728
     ],
     [
      -48.795309473,
      -25.504127318
     ],
     [
      -48.795300683,
      -25.504114818
     ],
     [
      -48.795280327,
      -25.504082909
     ],
     [
      -48.795256418,
      -25.5040385
     ],
     [
      -48.79525175,
      -25.504027898
     ],
     [
      -48.795238098,
      -25.503994091
     ],
     [
      -48.795224224,
      -25.503949682
     ],
     [
      -48.795214419,
      -25.503905273
     ],
     [
      -48.795208677,
      -25.503860864
     ],
     [
      -48.795206996,
      -25.503816455
     ],
     [
      -48.795209384,
      -25.503772046
     ],
     [
      -48.795215855,
      -25.503727637
     ],
     [
      -48.79522643,
      -25.503683228
     ],
     [
      -48.795241139,
      -25.503638819
     ],
     [
      -48.79525175,
      -25.503613834
     ],
     [
      -48.795260688,
      -25.50359441
     ],
     [
      -48.795285644,
      -25.503550001
     ],
     [
      -48.795300683,
      -25.503527353
     ],
     [
      -48.795316487,
      -25.503505592
     ],
     [
      -48.795349616,
      -25.50346605
     ],
     [
      -48.79535412,
      -25.503461183
     ],
     [
      -48.79539855,
      -25.503418743
     ],
     [
      -48.795400852,
      -25.503416774
     ],
     [
      -48.795447483,
      -25.503380962
     ],
     [
      -48.795460151,
      -25.503372365
     ],
     [
      -48.795496417,
      -25.503349971
     ],
     [
      -48.79554535,
      -25.503324025
     ],
     [
      -48.79554535,
      -25.503324025
     ],
     [
      -48.795594283,
      -25.503303382
     ],
     [
      -48.795643217,
      -25.50328625
     ],
     [
      -48.795652916,
      -25.503283547
     ],
     [
      -48.79569215,
      -25.503273361
     ],
     [
      -48.795741084,
      -25.50326386
     ],
     [
      -48.795790017,
      -25.503257542
     ],
     [
      -48.79583895,
      -25.503254411
     ],
     [
      -48.795887884,
      -25.503254485
     ],
     [
      -48.795936817,
      -25.5032578
     ],
     [
      -48.795985751,
      -25.503264407
     ],
     [
      -48.796034684,
      -25.503274377
     ],
     [
      -48.796068257,
      -25.503283547
     ],
     [
      -48.796068257,
      -25.503283547
     ]
    ]
   },
   "properties": {
    "tipo": "curva_nivel",
    "cota_m": 738,
    "equidistancia_m": 2
   }
  },
  {
   "type": "Feature",
   "geometry": {
    "type": "LineString",
    "coordinates": [
     [
      -48.796083617,
      -25.503288126
     ],
     [
      -48.796132551,
      -25.503306423
     ],
     [
      -48.796179879,
      -25.503327956
     ],
     [
      -48.796230417,
      -25.503357512
     ],
     [
      -48.796252359,
      -25.503372365
     ],
     [
      -48.796279351,
      -25.503392863
     ],
     [
      -48.796307237,
      -25.503416774
     ],
     [
      -48.796328284,
      -25.503437341
     ],
     [
      -48.796350259,
      -25.503461183
     ],
     [
      -48.796377218,
      -25.503495173
     ],
     [
      -48.796384763,
      -25.503505592
     ],
     [
      -48.79641196,
      -25.503550001
     ],
     [
      -48.796426151,
      -25.503578364
     ],
     [
      -48.796433586,
      -25.50359441
     ],
     [
      -48.796449801,
      -25.503638819
     ],
     [
      -48.79646168,
      -25.503683228
     ],
     [
      -48.79646937,
      -25.503727637
     ],
     [
      -48.796472987,
      -25.503772046
     ],
     [
      -48.796472618,
      -25.503816455
     ],
     [
      -48.796468325,
      -25.503860864
     ],
     [
      -48.796460144,
      -25.503905273
     ],
     [
      -48.796448087,
      -25.503949682
     ],
     [
      -48.796432141,
      -25.503994091
     ],
     [
      -48.796426151,
      -25.504007534
     ],
     [
      -48.796411365,
      -25.5040385
     ],
     [
      -48.796385948,
      -25.504082909
     ],
     [
      -48.796377218,
      -25.504096024
     ],
     [
      -48.796354624,
      -25.504127318
     ],
     [
      -48.796328284,
      -25.504159217
     ],
     [
      -48.796328284,
      -25.504159217
     ]
    ]
   },
   "properties": {
    "tipo": "curva_nivel",
    "cota_m": 738,
    "equidistancia_m": 2
   }
  },
  {
   "type": "Feature",
   "geometry": {
    "type": "LineString",
    "coordinates": [
     [
      -48.802151358,
      -25.503343874
     ],
     [
      -48.80218018,
      -25.503372365
     ],
     [
      -48.802200292,
      -25.503393608
     ],
     [
      -48.802221161,
      -25.503416774
     ],
     [
      -48.802249225,
      -25.503450225
     ],
     [
      -48.802258011,
      -25.503461183
     ],
     [
      -48.802291057,
      -25.503505592
     ],
     [
      -48.802320652,
      -25.503550001
     ],
     [
      -48.802347092,
      -25.503593711
     ],
     [
      -48.8023475,
      -25.50359441
     ],
     [
      -48.802371218,
      -25.503638819
     ],
     [
      -48.802392685,
      -25.503683228
     ],
     [
      -48.802411546,
      -25.503727637
     ],
     [
      -48.802428275,
      -25.503772046
     ],
     [
      -48.802443034,
      -25.503816455
     ],
     [
      -48.802455617,
      -25.503860864
     ],
     [
      -48.802466351,
      -25.503905273
     ],
     [
      -48.802475341,
      -25.503949682
     ],
     [
      -48.802482641,
      -25.503994091
     ],
     [
      -48.802488299,
      -25.5040385
     ],
     [
      -48.802492364,
      -25.504082909
     ],
     [
      -48.802493892,
      -25.504109965
     ],
     [
      -48.802494857,
      -25.504127318
     ],
     [
      -48.802495843,
      -25.504171728
     ],
     [
      -48.802495395,
      -25.504216137
     ],
     [
      -48.802493892,
      -25.504252389
     ],
     [
      -48.802493892,
      -25.504252389
     ]
    ]
   },
   "properties": {
    "tipo": "curva_nivel",
    "cota_m": 738,
    "equidistancia_m": 2
   }
  },
  {
   "type": "Feature",
   "geometry": {
    "type": "LineString",
    "coordinates": [
     [
      -48.800189146,
      -25.503550001
     ],
     [
      -48.800168209,
      -25.50359441
     ],
     [
      -48.800149785,
      -25.503638819
     ],
     [
      -48.800145089,
      -25.503651707
     ],
     [
      -48.800133891,
      -25.503683228
     ],
     [
      -48.800120266,
      -25.503727637
     ],
     [
      -48.800108727,
      -25.503772046
     ],
     [
      -48.800099168,
      -25.503816455
     ],
     [
      -48.800096156,
      -25.503833845
     ],
     [
      -48.800091551,
      -25.503860864
     ],
     [
      -48.800085748,
      -25.503905273
     ],
     [
      -48.800081651,
      -25.503949682
     ],
     [
      -48.800079188,
      -25.503994091
     ],
     [
      -48.800078295,
      -25.5040385
     ],
     [
      -48.800078911,
      -25.504082909
     ],
     [
      -48.800080981,
      -25.504127318
     ],
     [
      -48.800084454,
      -25.504171728
     ],
     [
      -48.800089282,
      -25.504216137
     ],
     [
      -48.800095421,
      -25.504260546
     ]
    ]
   },
   "properties": {
    "tipo": "curva_nivel",
    "cota_m": 738,
    "equidistancia_m": 2
   }
  },
  {
   "type": "Feature",
   "geometry": {
    "type": "LineString",
    "coordinates": [
     [
      -48.796316948,
      -25.504171728
     ],
     [
      -48.796279351,
      -25.504208635
     ],
     [
      -48.796279351,
      -25.504208635
     ],
     [
      -48.796230417,
      -25.504248321
     ],
     [
      -48.796230417,
      -25.504248321
     ]
    ]
   },
   "properties": {
    "tipo": "curva_nivel",
    "cota_m": 738,
    "equidistancia_m": 2
   }
  },
  {
   "type": "Feature",
   "geometry": {
    "type": "LineString",
    "coordinates": [
     [
      -48.801844666,
      -25.503327956
     ],
     [
      -48.801844666,
      -25.503327956
     ],
     [
      -48.801808825,
      -25.503307043
     ],
     [
      -48.801764674,
      -25.503283547
     ],
     [
      -48.801759891,
      -25.503281133
     ],
     [
      -48.801710958,
      -25.503258727
     ],
     [
      -48.80166319,
      -25.503239138
     ],
     [
      -48.801662024,
      -25.503238682
     ],
     [
      -48.801613091,
      -25.503221692
     ],
     [
      -48.801564158,
      -25.503206862
     ],
     [
      -48.801515224,
      -25.503194184
     ],
     [
      -48.801517411,
      -25.503194729
     ],
     [
      -48.801466291,
      -25.503184018
     ],
     [
      -48.801417357,
      -25.503175858
     ],
     [
      -48.801368424,
      -25.503169692
     ],
     [
      -48.801319491,
      -25.503165518
     ],
     [
      -48.801270557,
      -25.503163341
     ],
     [
      -48.801221624,
      -25.503163174
     ],
     [
      -48.80117269,
      -25.503165035
     ],
     [
      -48.801123757,
      -25.503168956
     ],
     [
      -48.801074824,
      -25.503174971
     ],
     [
      -48.80102589,
      -25.503183127
     ],
     [
      -48.800976957,
      -25.503193479
     ],
     [
      -48.800976957,
      -25.503193479
     ],
     [
      -48.800928023,
      -25.503206582
     ],
     [
      -48.80087909,
      -25.503222175
     ],
     [
      -48.800833239,
      -25.503239138
     ],
     [
      -48.800830157,
      -25.503240351
     ],
     [
      -48.800781223,
      -25.503262085
     ],
     [
      -48.800738448,
      -25.503283547
     ],
     [
      -48.80073229,
      -25.503286856
     ],
     [
      -48.800683356,
      -25.503315913
     ],
     [
      -48.800683356,
      -25.503315913
     ]
    ]
   },
   "properties": {
    "tipo": "curva_nivel",
    "cota_m": 740,
    "equidistancia_m": 2
   }
  },
  {
   "type": "Feature",
   "geometry": {
    "type": "LineString",
    "coordinates": [
     [
      -48.802244263,
      -25.503816455
     ],
     [
      -48.802244263,
      -25.503816455
     ],
     [
      -48.802227319,
      -25.503772046
     ],
     [
      -48.802207916,
      -25.503727637
     ],
     [
      -48.802200292,
      -25.50371218
     ],
     [
      -48.802185374,
      -25.503683228
     ],
     [
      -48.802159792,
      -25.503638819
     ],
     [
      -48.802151358,
      -25.503625588
     ],
     [
      -48.802130483,
      -25.50359441
     ],
     [
      -48.802097524,
      -25.503550001
     ],
     [
      -48.802059874,
      -25.503505592
     ],
     [
      -48.802053492,
      -25.503498646
     ],
     [
      -48.802016937,
      -25.503461183
     ],
     [
      -48.802004558,
      -25.503449414
     ],
     [
      -48.8019679,
      -25.503416774
     ],
     [
      -48.801955625,
      -25.503406576
     ],
     [
      -48.801906691,
      -25.503368952
     ],
     [
      -48.801911395,
      -25.503372365
     ],
     [
      -48.801857758,
      -25.503336051
     ]
    ]
   },
   "properties": {
    "tipo": "curva_nivel",
    "cota_m": 740,
    "equidistancia_m": 2
   }
  },
  {
   "type": "Feature",
   "geometry": {
    "type": "LineString",
    "coordinates": [
     [
      -48.800664925,
      -25.503327956
     ],
     [
      -48.800634423,
      -25.503349461
     ],
     [
      -48.800604628,
      -25.503372365
     ],
     [
      -48.80058549,
      -25.503388348
     ],
     [
      -48.800553966,
      -25.503416774
     ],
     [
      -48.800536556,
      -25.503433955
     ],
     [
      -48.800510782,
      -25.503461183
     ],
     [
      -48.800487623,
      -25.503488175
     ],
     [
      -48.800487623,
      -25.503488175
     ]
    ]
   },
   "properties": {
    "tipo": "curva_nivel",
    "cota_m": 740,
    "equidistancia_m": 2
   }
  },
  {
   "type": "Feature",
   "geometry": {
    "type": "LineString",
    "coordinates": [
     [
      -48.800473556,
      -25.503505592
     ],
     [
      -48.800441298,
      -25.503550001
     ],
     [
      -48.80043869,
      -25.503554007
     ],
     [
      -48.800413705,
      -25.50359441
     ],
     [
      -48.800389756,
      -25.503638443
     ],
     [
      -48.800389756,
      -25.503638443
     ],
     [
      -48.800369219,
      -25.503683228
     ],
     [
      -48.80035174,
      -25.503727637
     ],
     [
      -48.800340823,
      -25.503760398
     ],
     [
      -48.800340823,
      -25.503760398
     ]
    ]
   },
   "properties": {
    "tipo": "curva_nivel",
    "cota_m": 740,
    "equidistancia_m": 2
   }
  },
  {
   "type": "Feature",
   "geometry": {
    "type": "LineString",
    "coordinates": [
     [
      -48.800337079,
      -25.503772046
     ],
     [
      -48.800325222,
      -25.503816455
     ],
     [
      -48.800315749,
      -25.503860864
     ],
     [
      -48.800308556,
      -25.503905273
     ],
     [
      -48.800303551,
      -25.503949682
     ],
     [
      -48.800300649,
      -25.503994091
     ],
     [
      -48.800299778,
      -25.5040385
     ],
     [
      -48.800300868,
      -25.504082909
     ],
     [
      -48.800303863,
      -25.504127318
     ],
     [
      -48.800308709,
      -25.504171728
     ],
     [
      -48.800315361,
      -25.504216137
     ],
     [
      -48.800323779,
      -25.504260546
     ]
    ]
   },
   "properties": {
    "tipo": "curva_nivel",
    "cota_m": 740,
    "equidistancia_m": 2
   }
  },
  {
   "type": "Feature",
   "geometry": {
    "type": "LineString",
    "coordinates": [
     [
      -48.802249225,
      -25.503831603
     ],
     [
      -48.802258459,
      -25.503860864
     ],
     [
      -48.802270228,
      -25.503905273
     ],
     [
      -48.802279814,
      -25.503949682
     ],
     [
      -48.80228727,
      -25.503994091
     ],
     [
      -48.802292646,
      -25.5040385
     ],
     [
      -48.802295986,
      -25.504082909
     ],
     [
      -48.802297333,
      -25.504127318
     ],
     [
      -48.802296721,
      -25.504171728
     ],
     [
      -48.802294185,
      -25.504216137
     ],
     [
      -48.802289752,
      -25.504260546
     ]
    ]
   },
   "properties": {
    "tipo": "curva_nivel",
    "cota_m": 740,
    "equidistancia_m": 2
   }
  },
  {
   "type": "Feature",
   "geometry": {
    "type": "LineString",
    "coordinates": [
     [
      -48.801743243,
      -25.503505592
     ],
     [
      -48.801743243,
      -25.503505592
     ],
     [
      -48.801710958,
      -25.503485248
     ],
     [
      -48.801668204,
      -25.503461183
     ],
     [
      -48.801662024,
      -25.503457946
     ],
     [
      -48.801613091,
      -25.503435351
     ],
     [
      -48.801566618,
      -25.503416774
     ],
     [
      -48.801564158,
      -25.503415852
     ],
     [
      -48.801515224,
      -25.503400349
     ],
     [
      -48.801466291,
      -25.503387657
     ],
     [
      -48.801417357,
      -25.503377764
     ],
     [
      -48.801368424,
      -25.50337077
     ],
     [
      -48.801380071,
      -25.503372365
     ],
     [
      -48.801319491,
      -25.503366737
     ],
     [
      -48.801270557,
      -25.503365364
     ],
     [
      -48.801221624,
      -25.503366675
     ],
     [
      -48.80117269,
      -25.503370706
     ],
     [
      -48.80117269,
      -25.503370706
     ]
    ]
   },
   "properties": {
    "tipo": "curva_nivel",
    "cota_m": 742,
    "equidistancia_m": 2
   }
  },
  {
   "type": "Feature",
   "geometry": {
    "type": "LineString",
    "coordinates": [
     [
      -48.801160666,
      -25.503372365
     ],
     [
      -48.801123757,
      -25.503377825
     ],
     [
      -48.801074824,
      -25.503388046
     ],
     [
      -48.80102589,
      -25.503401335
     ],
     [
      -48.80097991,
      -25.503416774
     ],
     [
      -48.800976957,
      -25.503417848
     ],
     [
      -48.800928023,
      -25.503438914
     ],
     [
      -48.800883779,
      -25.503461183
     ],
     [
      -48.80087909,
      -25.503463763
     ],
     [
      -48.800830157,
      -25.503494354
     ],
     [
      -48.800830157,
      -25.503494354
     ]
    ]
   },
   "properties": {
    "tipo": "curva_nivel",
    "cota_m": 742,
    "equidistancia_m": 2
   }
  },
  {
   "type": "Feature",
   "geometry": {
    "type": "LineString",
    "coordinates": [
     [
      -48.801759891,
      -25.503516946
     ],
     [
      -48.801803692,
      -25.503550001
     ],
     [
      -48.801853384,
      -25.50359441
     ],
     [
      -48.801894948,
      -25.503638819
     ],
     [
      -48.801894948,
      -25.503638819
     ]
    ]
   },
   "properties": {
    "tipo": "curva_nivel",
    "cota_m": 742,
    "equidistancia_m": 2
   }
  },
  {
   "type": "Feature",
   "geometry": {
    "type": "LineString",
    "coordinates": [
     [
      -48.800814163,
      -25.503505592
     ],
     [
      -48.800781223,
      -25.503531153
     ],
     [
      -48.80075931,
      -25.503550001
     ],
     [
      -48.80073229,
      -25.503575933
     ],
     [
      -48.800714699,
      -25.50359441
     ],
     [
      -48.800683356,
      -25.503631584
     ],
     [
      -48.800683356,
      -25.503631584
     ],
     [
      -48.80064736,
      -25.503683228
     ],
     [
      -48.800634423,
      -25.503705192
     ],
     [
      -48.800622073,
      -25.503727637
     ],
     [
      -48.800601367,
      -25.503772046
     ],
     [
      -48.80058549,
      -25.503813382
     ],
     [
      -48.80058549,
      -25.503813382
     ],
     [
      -48.800571472,
      -25.503860864
     ],
     [
      -48.800561722,
      -25.503905273
     ],
     [
      -48.800555,
      -25.503949682
     ],
     [
      -48.800551192,
      -25.503994091
     ],
     [
      -48.800550201,
      -25.5040385
     ],
     [
      -48.800551943,
      -25.504082909
     ],
     [
      -48.800556347,
      -25.504127318
     ],
     [
      -48.800563351,
      -25.504171728
     ],
     [
      -48.800572907,
      -25.504216137
     ],
     [
      -48.800584978,
      -25.504260546
     ]
    ]
   },
   "properties": {
    "tipo": "curva_nivel",
    "cota_m": 742,
    "equidistancia_m": 2
   }
  },
  {
   "type": "Feature",
   "geometry": {
    "type": "LineString",
    "coordinates": [
     [
      -48.801906691,
      -25.503652875
     ],
     [
      -48.80193023,
      -25.503683228
     ],
     [
      -48.801955625,
      -25.503720008
     ],
     [
      -48.801960549,
      -25.503727637
     ],
     [
      -48.80198575,
      -25.503772046
     ],
     [
      -48.802004558,
      -25.503810373
     ],
     [
      -48.802007369,
      -25.503816455
     ],
     [
      -48.802024733,
      -25.503860864
     ],
     [
      -48.802039021,
      -25.503905273
     ],
     [
      -48.802050293,
      -25.503949682
     ],
     [
      -48.802050293,
      -25.503949682
     ]
    ]
   },
   "properties": {
    "tipo": "curva_nivel",
    "cota_m": 742,
    "equidistancia_m": 2
   }
  },
  {
   "type": "Feature",
   "geometry": {
    "type": "LineString",
    "coordinates": [
     [
      -48.802053492,
      -25.503966829
     ],
     [
      -48.802058322,
      -25.503994091
     ],
     [
      -48.802063419,
      -25.5040385
     ],
     [
      -48.802065801,
      -25.504082909
     ],
     [
      -48.802065503,
      -25.504127318
     ],
     [
      -48.802062554,
      -25.504171728
     ],
     [
      -48.802056978,
      -25.504216137
     ],
     [
      -48.802053492,
      -25.504235166
     ],
     [
      -48.802048512,
      -25.504260546
     ]
    ]
   },
   "properties": {
    "tipo": "curva_nivel",
    "cota_m": 742,
    "equidistancia_m": 2
   }
  },
  {
   "type": "Feature",
   "geometry": {
    "type": "LineString",
    "coordinates": [
     [
      -48.80169521,
      -25.504260546
     ],
     [
      -48.801710958,
      -25.50422939
     ],
     [
      -48.8017168,
      -25.504216137
     ],
     [
      -48.80173138,
      -25.504171728
     ],
     [
      -48.801740809,
      -25.504127318
     ],
     [
      -48.801745097,
      -25.504082909
     ],
     [
      -48.801744241,
      -25.5040385
     ],
     [
      -48.801738229,
      -25.503994091
     ],
     [
      -48.801727041,
      -25.503949682
     ],
     [
      -48.801710607,
      -25.503905273
     ],
     [
      -48.801686245,
      -25.503860864
     ],
     [
      -48.801655092,
      -25.503816455
     ],
     [
      -48.801613656,
      -25.503772046
     ],
     [
      -48.801613091,
      -25.503771528
     ],
     [
      -48.801556046,
      -25.503727637
     ],
     [
      -48.801515224,
      -25.50370418
     ],
     [
      -48.801466291,
      -25.503681794
     ],
     [
      -48.801469791,
      -25.503683228
     ],
     [
      -48.801417357,
      -25.503666793
     ],
     [
      -48.801368424,
      -25.503656796
     ],
     [
      -48.801319491,
      -25.503651862
     ],
     [
      -48.801270557,
      -25.503652066
     ],
     [
      -48.801221624,
      -25.503657493
     ],
     [
      -48.80117269,
      -25.503668246
     ],
     [
      -48.801127389,
      -25.503683228
     ],
     [
      -48.801123757,
      -25.503684608
     ],
     [
      -48.801074824,
      -25.503709377
     ],
     [
      -48.801046132,
      -25.503727637
     ],
     [
      -48.80102589,
      -25.50374278
     ],
     [
      -48.800993322,
      -25.503772046
     ],
     [
      -48.800976957,
      -25.50378982
     ],
     [
      -48.800955872,
      -25.503816455
     ],
     [
      -48.800928023,
      -25.503860635
     ],
     [
      -48.800928023,
      -25.503860635
     ],
     [
      -48.800909148,
      -25.503905273
     ],
     [
      -48.800896224,
      -25.503949682
     ],
     [
      -48.800888877,
      -25.503994091
     ],
     [
      -48.800886897,
      -25.5040385
     ],
     [
      -48.800890107,
      -25.504082909
     ],
     [
      -48.800898361,
      -25.504127318
     ],
     [
      -48.800911546,
      -25.504171728
     ],
     [
      -48.800928023,
      -25.504212336
     ],
     [
      -48.800929757,
      -25.504216137
     ],
     [
      -48.800955278,
      -25.504260546
     ]
    ]
   },
   "properties": {
    "tipo": "curva_nivel",
    "cota_m": 744,
    "equidistancia_m": 2
   }
  },
  {
   "type": "Feature",
   "geometry": {
    "type": "Polygon",
    "coordinates": [
     [
      [
       -48.795643217,
       -25.5
      ],
      [
       -48.796099533,
       -25.501227379
      ],
      [
       -48.796268743,
       -25.503057297
      ],
      [
       -48.798770905,
       -25.503518729
      ],
      [
       -48.800653583,
       -25.501871117
      ],
      [
       -48.80306022,
       -25.502507466
      ],
      [
       -48.804536797,
       -25.501427616
      ],
      [
       -48.805429896,
       -25.5
      ],
      [
       -48.804703283,
       -25.498519995
      ],
      [
       -48.802010302,
       -25.49835281
      ],
      [
       -48.801009442,
       -25.497110108
      ],
      [
       -48.798680519,
       -25.496222508
      ],
      [
       -48.796722149,
       -25.497314213
      ],
      [
       -48.796411413,
       -25.498870762
      ],
      [
       -48.795643217,
       -25.5
      ]
     ]
    ]
   },
   "properties": {
    "tipo": "zoneamento",
    "zona": "ZR-1",
    "sigla": "ZR1",
    "fonte": "estudo de prova",
    "parametros": {
     "coeficienteAproveitamento": 1,
     "taxaOcupacao": 0.5,
     "taxaPermeabilidade": 0.2,
     "alturaMaxima_m": null,
     "pavimentos": 2,
     "recuoFrontal_m": 4,
     "recuosLaterais_m": 1.5,
     "recuoFundos_m": 3,
     "loteMinimo_m2": 450,
     "testadaMinima_m": 15,
     "densidade": null
    }
   }
  }
 ]
}
