{
 "type": "FeatureCollection",
 "archilly": {
  "schema": "archilly-terreno",
  "versao": "1.1",
  "origem": "archilly-lab LAB-01 · gerar-terrenos.ts",
  "geradoEm": "2026-09-10T00:00:00.000Z",
  "estudoId": "sintetico-10ha-plano",
  "empreendimento": {
   "nome": "Gleba Sintética 10 ha (plano)",
   "id": "sintetico-10ha-plano"
  },
  "crsTrabalho": null,
  "procedencia": "SINTÉTICO — inventado pelo LAB-01, não vem de estudo nenhum do Geo. 10 ha, rampa geral de 2,5 %, curvas de 1 m. Existe para dar o degrau inferior da escada de tamanho da seção 4 do prompt, com relevo simples o bastante para que a rampa das vias seja conferível a olho.",
  "sintese": {
   "areaBruta_m2": 100000,
   "areaLiquida_m2": 100000,
   "areaParcelavel_m2": 100000,
   "restricoes": [],
   "restricoesDetalhadas": [],
   "relevo": {
    "cotaMin": 620,
    "cotaMax": 628,
    "desnivel": 8,
    "classesDeclividade": [],
    "fonteMdt": "superfície analítica do gerador do LAB-01",
    "resolucao_m": 2.44701931235568
   }
  }
 },
 "features": [
  {
   "type": "Feature",
   "geometry": {
    "type": "Polygon",
    "coordinates": [
     [
      [
       -48.748477968,
       -25.45
      ],
      [
       -48.748327044,
       -25.45079456
      ],
      [
       -48.749231272,
       -25.451546599
      ],
      [
       -48.750804923,
       -25.451619419
      ],
      [
       -48.751157393,
       -25.450549697
      ],
      [
       -48.752541382,
       -25.45
      ],
      [
       -48.751759869,
       -25.449164161
      ],
      [
       -48.750651121,
       -25.448690013
      ],
      [
       -48.749373497,
       -25.448739543
      ],
      [
       -48.74767553,
       -25.448896008
      ],
      [
       -48.748477968,
       -25.45
      ]
     ]
    ]
   },
   "properties": {
    "tipo": "terreno",
    "nome": "Gleba Sintética 10 ha (plano)",
    "origem": "desenho",
    "areaDocumento_m2": 100000,
    "areaCalculada_m2": 100000,
    "metodoArea": "plano_local",
    "perimetro_m": 1338.3,
    "vertices": 10,
    "datum": "SIRGAS 2000",
    "zonaUtm": "UTM 22S",
    "matricula": null,
    "cartorioCns": null,
    "codigoIncra": null,
    "certificacaoSigef": null,
    "numeroCar": null,
    "municipio": "Antonina",
    "uf": "PR",
    "rural": false
   }
  },
  {
   "type": "Feature",
   "geometry": {
    "type": "LineString",
    "coordinates": [
     [
      -48.751985702,
      -25.448336588
     ],
     [
      -48.75199738,
      -25.448358677
     ],
     [
      -48.752006138,
      -25.448375244
     ],
     [
      -48.752009058,
      -25.448380766
     ],
     [
      -48.752020736,
      -25.448402855
     ],
     [
      -48.752030468,
      -25.448421263
     ],
     [
      -48.752032414,
      -25.448424944
     ],
     [
      -48.752044092,
      -25.448447033
     ],
     [
      -48.752054797,
      -25.448467282
     ],
     [
      -48.75205577,
      -25.448469122
     ],
     [
      -48.752067448,
      -25.448491211
     ],
     [
      -48.752079126,
      -25.448513301
     ],
     [
      -48.752090804,
      -25.44853539
     ],
     [
      -48.752102482,
      -25.448557479
     ],
     [
      -48.752102482,
      -25.448557479
     ]
    ]
   },
   "properties": {
    "tipo": "curva_nivel",
    "cota_m": 621,
    "equidistancia_m": 1
   }
  },
  {
   "type": "Feature",
   "geometry": {
    "type": "LineString",
    "coordinates": [
     [
      -48.752103455,
      -25.448559319
     ],
     [
      -48.75211416,
      -25.448579568
     ],
     [
      -48.752125838,
      -25.448601657
     ],
     [
      -48.752125838,
      -25.448601657
     ]
    ]
   },
   "properties": {
    "tipo": "curva_nivel",
    "cota_m": 621,
    "equidistancia_m": 1
   }
  },
  {
   "type": "Feature",
   "geometry": {
    "type": "LineString",
    "coordinates": [
     [
      -48.752127785,
      -25.448605338
     ],
     [
      -48.752137516,
      -25.448623746
     ],
     [
      -48.752149194,
      -25.448645835
     ],
     [
      -48.752149194,
      -25.448645835
     ]
    ]
   },
   "properties": {
    "tipo": "curva_nivel",
    "cota_m": 621,
    "equidistancia_m": 1
   }
  },
  {
   "type": "Feature",
   "geometry": {
    "type": "LineString",
    "coordinates": [
     [
      -48.752152114,
      -25.448651357
     ],
     [
      -48.752160872,
      -25.448667924
     ],
     [
      -48.75217255,
      -25.448690013
     ],
     [
      -48.75217255,
      -25.448690013
     ]
    ]
   },
   "properties": {
    "tipo": "curva_nivel",
    "cota_m": 621,
    "equidistancia_m": 1
   }
  },
  {
   "type": "Feature",
   "geometry": {
    "type": "LineString",
    "coordinates": [
     [
      -48.752176443,
      -25.448697376
     ],
     [
      -48.752184229,
      -25.448712102
     ],
     [
      -48.752195907,
      -25.448734191
     ],
     [
      -48.752195907,
      -25.448734191
     ]
    ]
   },
   "properties": {
    "tipo": "curva_nivel",
    "cota_m": 621,
    "equidistancia_m": 1
   }
  },
  {
   "type": "Feature",
   "geometry": {
    "type": "LineString",
    "coordinates": [
     [
      -48.752200772,
      -25.448743395
     ],
     [
      -48.752207585,
      -25.44875628
     ],
     [
      -48.752219263,
      -25.448778369
     ],
     [
      -48.752225102,
      -25.448789414
     ],
     [
      -48.752230941,
      -25.448800459
     ],
     [
      -48.752242619,
      -25.448822548
     ],
     [
      -48.752249431,
      -25.448835433
     ],
     [
      -48.752254297,
      -25.448844637
     ],
     [
      -48.752265975,
      -25.448866726
     ],
     [
      -48.75227376,
      -25.448881452
     ],
     [
      -48.752277653,
      -25.448888815
     ],
     [
      -48.752289331,
      -25.448910904
     ],
     [
      -48.752298089,
      -25.448927471
     ],
     [
      -48.752301009,
      -25.448932993
     ],
     [
      -48.752312687,
      -25.448955082
     ],
     [
      -48.752322419,
      -25.44897349
     ],
     [
      -48.752324365,
      -25.448977171
     ],
     [
      -48.752336043,
      -25.44899926
     ],
     [
      -48.752346748,
      -25.449019509
     ],
     [
      -48.752347721,
      -25.449021349
     ],
     [
      -48.752359399,
      -25.449043438
     ],
     [
      -48.752371077,
      -25.449065527
     ],
     [
      -48.752382755,
      -25.449087616
     ],
     [
      -48.752394433,
      -25.449109706
     ],
     [
      -48.752394433,
      -25.449109706
     ]
    ]
   },
   "properties": {
    "tipo": "curva_nivel",
    "cota_m": 621,
    "equidistancia_m": 1
   }
  },
  {
   "type": "Feature",
   "geometry": {
    "type": "LineString",
    "coordinates": [
     [
      -48.752395406,
      -25.449111546
     ],
     [
      -48.752406111,
      -25.449131795
     ],
     [
      -48.752417789,
      -25.449153884
     ],
     [
      -48.752417789,
      -25.449153884
     ]
    ]
   },
   "properties": {
    "tipo": "curva_nivel",
    "cota_m": 621,
    "equidistancia_m": 1
   }
  },
  {
   "type": "Feature",
   "geometry": {
    "type": "LineString",
    "coordinates": [
     [
      -48.752419736,
      -25.449157565
     ],
     [
      -48.752429467,
      -25.449175973
     ],
     [
      -48.752441146,
      -25.449198062
     ],
     [
      -48.752441146,
      -25.449198062
     ]
    ]
   },
   "properties": {
    "tipo": "curva_nivel",
    "cota_m": 621,
    "equidistancia_m": 1
   }
  },
  {
   "type": "Feature",
   "geometry": {
    "type": "LineString",
    "coordinates": [
     [
      -48.752444065,
      -25.449203584
     ],
     [
      -48.752452824,
      -25.449220151
     ],
     [
      -48.752464502,
      -25.44924224
     ],
     [
      -48.752464502,
      -25.44924224
     ]
    ]
   },
   "properties": {
    "tipo": "curva_nivel",
    "cota_m": 621,
    "equidistancia_m": 1
   }
  },
  {
   "type": "Feature",
   "geometry": {
    "type": "LineString",
    "coordinates": [
     [
      -48.752468394,
      -25.449249603
     ],
     [
      -48.75247618,
      -25.449264329
     ],
     [
      -48.752487858,
      -25.449286418
     ],
     [
      -48.752487858,
      -25.449286418
     ]
    ]
   },
   "properties": {
    "tipo": "curva_nivel",
    "cota_m": 621,
    "equidistancia_m": 1
   }
  },
  {
   "type": "Feature",
   "geometry": {
    "type": "LineString",
    "coordinates": [
     [
      -48.752492724,
      -25.449295622
     ],
     [
      -48.752499536,
      -25.449308507
     ],
     [
      -48.752511214,
      -25.449330596
     ],
     [
      -48.752517053,
      -25.449341641
     ],
     [
      -48.752522892,
      -25.449352685
     ],
     [
      -48.75253457,
      -25.449374774
     ],
     [
      -48.752541382,
      -25.44938766
     ],
     [
      -48.752546248,
      -25.449396864
     ],
     [
      -48.752557926,
      -25.449418953
     ],
     [
      -48.752565711,
      -25.449433679
     ],
     [
      -48.752569604,
      -25.449441042
     ],
     [
      -48.752581282,
      -25.449463131
     ],
     [
      -48.752590041,
      -25.449479698
     ],
     [
      -48.75259296,
      -25.44948522
     ],
     [
      -48.752604638,
      -25.449507309
     ],
     [
      -48.75261437,
      -25.449525716
     ],
     [
      -48.752616316,
      -25.449529398
     ],
     [
      -48.752627994,
      -25.449551487
     ],
     [
      -48.752638699,
      -25.449571735
     ],
     [
      -48.752639672,
      -25.449573576
     ],
     [
      -48.75265135,
      -25.449595665
     ],
     [
      -48.752663028,
      -25.449617754
     ],
     [
      -48.752674706,
      -25.449639843
     ],
     [
      -48.752686384,
      -25.449661932
     ],
     [
      -48.752686384,
      -25.449661932
     ]
    ]
   },
   "properties": {
    "tipo": "curva_nivel",
    "cota_m": 621,
    "equidistancia_m": 1
   }
  },
  {
   "type": "Feature",
   "geometry": {
    "type": "LineString",
    "coordinates": [
     [
      -48.752687358,
      -25.449663773
     ],
     [
      -48.752698062,
      -25.449684022
     ],
     [
      -48.752709741,
      -25.449706111
     ],
     [
      -48.752709741,
      -25.449706111
     ]
    ]
   },
   "properties": {
    "tipo": "curva_nivel",
    "cota_m": 621,
    "equidistancia_m": 1
   }
  },
  {
   "type": "Feature",
   "geometry": {
    "type": "LineString",
    "coordinates": [
     [
      -48.752711687,
      -25.449709792
     ],
     [
      -48.752721419,
      -25.4497282
     ],
     [
      -48.752733097,
      -25.449750289
     ],
     [
      -48.752733097,
      -25.449750289
     ]
    ]
   },
   "properties": {
    "tipo": "curva_nivel",
    "cota_m": 621,
    "equidistancia_m": 1
   }
  },
  {
   "type": "Feature",
   "geometry": {
    "type": "LineString",
    "coordinates": [
     [
      -48.752736016,
      -25.449755811
     ],
     [
      -48.752744775,
      -25.449772378
     ],
     [
      -48.752756453,
      -25.449794467
     ],
     [
      -48.752756453,
      -25.449794467
     ]
    ]
   },
   "properties": {
    "tipo": "curva_nivel",
    "cota_m": 621,
    "equidistancia_m": 1
   }
  },
  {
   "type": "Feature",
   "geometry": {
    "type": "LineString",
    "coordinates": [
     [
      -48.752760345,
      -25.44980183
     ],
     [
      -48.752768131,
      -25.449816556
     ],
     [
      -48.752779809,
      -25.449838645
     ],
     [
      -48.752779809,
      -25.449838645
     ]
    ]
   },
   "properties": {
    "tipo": "curva_nivel",
    "cota_m": 621,
    "equidistancia_m": 1
   }
  },
  {
   "type": "Feature",
   "geometry": {
    "type": "LineString",
    "coordinates": [
     [
      -48.752784675,
      -25.449847849
     ],
     [
      -48.752791487,
      -25.449860734
     ],
     [
      -48.752803165,
      -25.449882823
     ],
     [
      -48.752809004,
      -25.449893868
     ],
     [
      -48.752814843,
      -25.449904912
     ],
     [
      -48.752826521,
      -25.449927001
     ],
     [
      -48.752833333,
      -25.449939887
     ],
     [
      -48.752838199,
      -25.44994909
     ],
     [
      -48.752849877,
      -25.44997118
     ],
     [
      -48.752857662,
      -25.449985906
     ],
     [
      -48.752861555,
      -25.449993269
     ],
     [
      -48.752873233,
      -25.450015358
     ],
     [
      -48.752881992,
      -25.450031924
     ],
     [
      -48.752884911,
      -25.450037447
     ],
     [
      -48.752896589,
      -25.450059536
     ],
     [
      -48.752906321,
      -25.450077943
     ],
     [
      -48.752908267,
      -25.450081625
     ],
     [
      -48.752919945,
      -25.450103714
     ],
     [
      -48.75293065,
      -25.450123962
     ]
    ]
   },
   "properties": {
    "tipo": "curva_nivel",
    "cota_m": 621,
    "equidistancia_m": 1
   }
  },
  {
   "type": "Feature",
   "geometry": {
    "type": "LineString",
    "coordinates": [
     [
      -48.751040753,
      -25.448336588
     ],
     [
      -48.751052431,
      -25.448358677
     ],
     [
      -48.751052431,
      -25.448358677
     ]
    ]
   },
   "properties": {
    "tipo": "curva_nivel",
    "cota_m": 622,
    "equidistancia_m": 1
   }
  },
  {
   "type": "Feature",
   "geometry": {
    "type": "LineString",
    "coordinates": [
     [
      -48.751057297,
      -25.448367881
     ],
     [
      -48.751064109,
      -25.448380766
     ],
     [
      -48.751075787,
      -25.448402855
     ],
     [
      -48.751081626,
      -25.4484139
     ],
     [
      -48.751087465,
      -25.448424944
     ],
     [
      -48.751099143,
      -25.448447033
     ],
     [
      -48.751105956,
      -25.448459919
     ],
     [
      -48.751110822,
      -25.448469122
     ],
     [
      -48.7511225,
      -25.448491211
     ],
     [
      -48.751130285,
      -25.448505938
     ],
     [
      -48.751134178,
      -25.448513301
     ],
     [
      -48.751145856,
      -25.44853539
     ],
     [
      -48.751154614,
      -25.448551956
     ],
     [
      -48.751157534,
      -25.448557479
     ],
     [
      -48.751169212,
      -25.448579568
     ],
     [
      -48.751178943,
      -25.448597975
     ],
     [
      -48.75118089,
      -25.448601657
     ],
     [
      -48.751192568,
      -25.448623746
     ],
     [
      -48.751203273,
      -25.448643994
     ],
     [
      -48.751204246,
      -25.448645835
     ],
     [
      -48.751215924,
      -25.448667924
     ],
     [
      -48.751227602,
      -25.448690013
     ],
     [
      -48.75123928,
      -25.448712102
     ],
     [
      -48.751250958,
      -25.448734191
     ],
     [
      -48.751250958,
      -25.448734191
     ]
    ]
   },
   "properties": {
    "tipo": "curva_nivel",
    "cota_m": 622,
    "equidistancia_m": 1
   }
  },
  {
   "type": "Feature",
   "geometry": {
    "type": "LineString",
    "coordinates": [
     [
      -48.751251931,
      -25.448736032
     ],
     [
      -48.751262636,
      -25.44875628
     ],
     [
      -48.751274314,
      -25.448778369
     ],
     [
      -48.751274314,
      -25.448778369
     ]
    ]
   },
   "properties": {
    "tipo": "curva_nivel",
    "cota_m": 622,
    "equidistancia_m": 1
   }
  },
  {
   "type": "Feature",
   "geometry": {
    "type": "LineString",
    "coordinates": [
     [
      -48.751276261,
      -25.448782051
     ],
     [
      -48.751285992,
      -25.448800459
     ],
     [
      -48.75129767,
      -25.448822548
     ],
     [
      -48.75129767,
      -25.448822548
     ]
    ]
   },
   "properties": {
    "tipo": "curva_nivel",
    "cota_m": 622,
    "equidistancia_m": 1
   }
  },
  {
   "type": "Feature",
   "geometry": {
    "type": "LineString",
    "coordinates": [
     [
      -48.75130059,
      -25.44882807
     ],
     [
      -48.751309348,
      -25.448844637
     ],
     [
      -48.751321026,
      -25.448866726
     ],
     [
      -48.751321026,
      -25.448866726
     ]
    ]
   },
   "properties": {
    "tipo": "curva_nivel",
    "cota_m": 622,
    "equidistancia_m": 1
   }
  },
  {
   "type": "Feature",
   "geometry": {
    "type": "LineString",
    "coordinates": [
     [
      -48.751324919,
      -25.448874089
     ],
     [
      -48.751332704,
      -25.448888815
     ],
     [
      -48.751344382,
      -25.448910904
     ],
     [
      -48.751344382,
      -25.448910904
     ]
    ]
   },
   "properties": {
    "tipo": "curva_nivel",
    "cota_m": 622,
    "equidistancia_m": 1
   }
  },
  {
   "type": "Feature",
   "geometry": {
    "type": "LineString",
    "coordinates": [
     [
      -48.751349248,
      -25.448920108
     ],
     [
      -48.75135606,
      -25.448932993
     ],
     [
      -48.751367739,
      -25.448955082
     ],
     [
      -48.751373578,
      -25.448966127
     ],
     [
      -48.751379417,
      -25.448977171
     ],
     [
      -48.751391095,
      -25.44899926
     ],
     [
      -48.751397907,
      -25.449012145
     ],
     [
      -48.751402773,
      -25.449021349
     ],
     [
      -48.751414451,
      -25.449043438
     ],
     [
      -48.751422236,
      -25.449058164
     ],
     [
      -48.751426129,
      -25.449065527
     ],
     [
      -48.751437807,
      -25.449087616
     ],
     [
      -48.751446565,
      -25.449104183
     ],
     [
      -48.751449485,
      -25.449109706
     ],
     [
      -48.751461163,
      -25.449131795
     ],
     [
      -48.751470895,
      -25.449150202
     ],
     [
      -48.751472841,
      -25.449153884
     ],
     [
      -48.751484519,
      -25.449175973
     ],
     [
      -48.751495224,
      -25.449196221
     ],
     [
      -48.751496197,
      -25.449198062
     ],
     [
      -48.751507875,
      -25.449220151
     ],
     [
      -48.751519553,
      -25.44924224
     ],
     [
      -48.751531231,
      -25.449264329
     ],
     [
      -48.751542909,
      -25.449286418
     ],
     [
      -48.751542909,
      -25.449286418
     ]
    ]
   },
   "properties": {
    "tipo": "curva_nivel",
    "cota_m": 622,
    "equidistancia_m": 1
   }
  },
  {
   "type": "Feature",
   "geometry": {
    "type": "LineString",
    "coordinates": [
     [
      -48.751543882,
      -25.449288259
     ],
     [
      -48.751554587,
      -25.449308507
     ],
     [
      -48.751566265,
      -25.449330596
     ],
     [
      -48.751566265,
      -25.449330596
     ]
    ]
   },
   "properties": {
    "tipo": "curva_nivel",
    "cota_m": 622,
    "equidistancia_m": 1
   }
  },
  {
   "type": "Feature",
   "geometry": {
    "type": "LineString",
    "coordinates": [
     [
      -48.751568212,
      -25.449334278
     ],
     [
      -48.751577943,
      -25.449352685
     ],
     [
      -48.751589621,
      -25.449374774
     ],
     [
      -48.751589621,
      -25.449374774
     ]
    ]
   },
   "properties": {
    "tipo": "curva_nivel",
    "cota_m": 622,
    "equidistancia_m": 1
   }
  },
  {
   "type": "Feature",
   "geometry": {
    "type": "LineString",
    "coordinates": [
     [
      -48.751592541,
      -25.449380297
     ],
     [
      -48.751601299,
      -25.449396864
     ],
     [
      -48.751612977,
      -25.449418953
     ],
     [
      -48.751612977,
      -25.449418953
     ]
    ]
   },
   "properties": {
    "tipo": "curva_nivel",
    "cota_m": 622,
    "equidistancia_m": 1
   }
  },
  {
   "type": "Feature",
   "geometry": {
    "type": "LineString",
    "coordinates": [
     [
      -48.75161687,
      -25.449426316
     ],
     [
      -48.751624656,
      -25.449441042
     ],
     [
      -48.751636334,
      -25.449463131
     ],
     [
      -48.751636334,
      -25.449463131
     ]
    ]
   },
   "properties": {
    "tipo": "curva_nivel",
    "cota_m": 622,
    "equidistancia_m": 1
   }
  },
  {
   "type": "Feature",
   "geometry": {
    "type": "LineString",
    "coordinates": [
     [
      -48.751641199,
      -25.449472335
     ],
     [
      -48.751648012,
      -25.44948522
     ],
     [
      -48.75165969,
      -25.449507309
     ],
     [
      -48.751665529,
      -25.449518353
     ],
     [
      -48.751671368,
      -25.449529398
     ],
     [
      -48.751683046,
      -25.449551487
     ],
     [
      -48.751689858,
      -25.449564372
     ],
     [
      -48.751694724,
      -25.449573576
     ],
     [
      -48.751706402,
      -25.449595665
     ],
     [
      -48.751714187,
      -25.449610391
     ],
     [
      -48.75171808,
      -25.449617754
     ],
     [
      -48.751729758,
      -25.449639843
     ],
     [
      -48.751738516,
      -25.44965641
     ],
     [
      -48.751741436,
      -25.449661932
     ],
     [
      -48.751753114,
      -25.449684022
     ],
     [
      -48.751762846,
      -25.449702429
     ],
     [
      -48.751764792,
      -25.449706111
     ],
     [
      -48.75177647,
      -25.4497282
     ],
     [
      -48.751787175,
      -25.449748448
     ],
     [
      -48.751788148,
      -25.449750289
     ],
     [
      -48.751799826,
      -25.449772378
     ],
     [
      -48.751811504,
      -25.449794467
     ],
     [
      -48.751823182,
      -25.449816556
     ],
     [
      -48.75183486,
      -25.449838645
     ],
     [
      -48.75183486,
      -25.449838645
     ]
    ]
   },
   "properties": {
    "tipo": "curva_nivel",
    "cota_m": 622,
    "equidistancia_m": 1
   }
  },
  {
   "type": "Feature",
   "geometry": {
    "type": "LineString",
    "coordinates": [
     [
      -48.751835834,
      -25.449840486
     ],
     [
      -48.751846538,
      -25.449860734
     ],
     [
      -48.751858216,
      -25.449882823
     ],
     [
      -48.751858216,
      -25.449882823
     ]
    ]
   },
   "properties": {
    "tipo": "curva_nivel",
    "cota_m": 622,
    "equidistancia_m": 1
   }
  },
  {
   "type": "Feature",
   "geometry": {
    "type": "LineString",
    "coordinates": [
     [
      -48.751860163,
      -25.449886505
     ],
     [
      -48.751869894,
      -25.449904912
     ],
     [
      -48.751881573,
      -25.449927001
     ],
     [
      -48.751881573,
      -25.449927001
     ]
    ]
   },
   "properties": {
    "tipo": "curva_nivel",
    "cota_m": 622,
    "equidistancia_m": 1
   }
  },
  {
   "type": "Feature",
   "geometry": {
    "type": "LineString",
    "coordinates": [
     [
      -48.751884492,
      -25.449932524
     ],
     [
      -48.751893251,
      -25.44994909
     ],
     [
      -48.751904929,
      -25.44997118
     ],
     [
      -48.751904929,
      -25.44997118
     ]
    ]
   },
   "properties": {
    "tipo": "curva_nivel",
    "cota_m": 622,
    "equidistancia_m": 1
   }
  },
  {
   "type": "Feature",
   "geometry": {
    "type": "LineString",
    "coordinates": [
     [
      -48.751908821,
      -25.449978543
     ],
     [
      -48.751916607,
      -25.449993269
     ],
     [
      -48.751928285,
      -25.450015358
     ],
     [
      -48.751928285,
      -25.450015358
     ]
    ]
   },
   "properties": {
    "tipo": "curva_nivel",
    "cota_m": 622,
    "equidistancia_m": 1
   }
  },
  {
   "type": "Feature",
   "geometry": {
    "type": "LineString",
    "coordinates": [
     [
      -48.751933151,
      -25.450024561
     ],
     [
      -48.751939963,
      -25.450037447
     ],
     [
      -48.751951641,
      -25.450059536
     ],
     [
      -48.75195748,
      -25.45007058
     ],
     [
      -48.751963319,
      -25.450081625
     ],
     [
      -48.751974997,
      -25.450103714
     ],
     [
      -48.751981809,
      -25.450116599
     ],
     [
      -48.751986675,
      -25.450125803
     ],
     [
      -48.751998353,
      -25.450147892
     ],
     [
      -48.752006138,
      -25.450162618
     ],
     [
      -48.752010031,
      -25.450169981
     ],
     [
      -48.752021709,
      -25.45019207
     ],
     [
      -48.752030468,
      -25.450208637
     ],
     [
      -48.752033387,
      -25.450214159
     ],
     [
      -48.752045065,
      -25.450236248
     ],
     [
      -48.752054797,
      -25.450254656
     ],
     [
      -48.752056743,
      -25.450258337
     ],
     [
      -48.752068421,
      -25.450280427
     ],
     [
      -48.752079126,
      -25.450300675
     ],
     [
      -48.752080099,
      -25.450302516
     ],
     [
      -48.752091777,
      -25.450324605
     ],
     [
      -48.752103455,
      -25.450346694
     ],
     [
      -48.752115133,
      -25.450368783
     ],
     [
      -48.752126811,
      -25.450390872
     ],
     [
      -48.752126811,
      -25.450390872
     ]
    ]
   },
   "properties": {
    "tipo": "curva_nivel",
    "cota_m": 622,
    "equidistancia_m": 1
   }
  },
  {
   "type": "Feature",
   "geometry": {
    "type": "LineString",
    "coordinates": [
     [
      -48.752127785,
      -25.450392713
     ],
     [
      -48.75213849,
      -25.450412961
     ],
     [
      -48.752150168,
      -25.45043505
     ],
     [
      -48.752150168,
      -25.45043505
     ]
    ]
   },
   "properties": {
    "tipo": "curva_nivel",
    "cota_m": 622,
    "equidistancia_m": 1
   }
  },
  {
   "type": "Feature",
   "geometry": {
    "type": "LineString",
    "coordinates": [
     [
      -48.752152114,
      -25.450438732
     ],
     [
      -48.752161846,
      -25.450457139
     ],
     [
      -48.752173524,
      -25.450479228
     ],
     [
      -48.752173524,
      -25.450479228
     ]
    ]
   },
   "properties": {
    "tipo": "curva_nivel",
    "cota_m": 622,
    "equidistancia_m": 1
   }
  },
  {
   "type": "Feature",
   "geometry": {
    "type": "LineString",
    "coordinates": [
     [
      -48.752176443,
      -25.450484751
     ],
     [
      -48.752185202,
      -25.450501317
     ],
     [
      -48.75219688,
      -25.450523406
     ],
     [
      -48.75219688,
      -25.450523406
     ]
    ]
   },
   "properties": {
    "tipo": "curva_nivel",
    "cota_m": 622,
    "equidistancia_m": 1
   }
  },
  {
   "type": "Feature",
   "geometry": {
    "type": "LineString",
    "coordinates": [
     [
      -48.752200772,
      -25.450530769
     ],
     [
      -48.752208558,
      -25.450545495
     ],
     [
      -48.752220236,
      -25.450567585
     ],
     [
      -48.752220236,
      -25.450567585
     ]
    ]
   },
   "properties": {
    "tipo": "curva_nivel",
    "cota_m": 622,
    "equidistancia_m": 1
   }
  },
  {
   "type": "Feature",
   "geometry": {
    "type": "LineString",
    "coordinates": [
     [
      -48.752225102,
      -25.450576788
     ],
     [
      -48.752231914,
      -25.450589674
     ],
     [
      -48.752243592,
      -25.450611763
     ],
     [
      -48.752249431,
      -25.450622807
     ],
     [
      -48.75225527,
      -25.450633852
     ],
     [
      -48.752266948,
      -25.450655941
     ],
     [
      -48.75227376,
      -25.450668826
     ],
     [
      -48.752278626,
      -25.45067803
     ],
     [
      -48.752290304,
      -25.450700119
     ],
     [
      -48.752298089,
      -25.450714845
     ],
     [
      -48.752301982,
      -25.450722208
     ],
     [
      -48.75231366,
      -25.450744297
     ],
     [
      -48.752322419,
      -25.450760864
     ],
     [
      -48.752325338,
      -25.450766386
     ],
     [
      -48.752337016,
      -25.450788475
     ],
     [
      -48.752346748,
      -25.450806883
     ],
     [
      -48.752348694,
      -25.450810564
     ],
     [
      -48.752360372,
      -25.450832653
     ],
     [
      -48.752371077,
      -25.450852902
     ],
     [
      -48.75237205,
      -25.450854743
     ],
     [
      -48.752383728,
      -25.450876832
     ],
     [
      -48.752395406,
      -25.450898921
     ],
     [
      -48.752407085,
      -25.45092101
     ],
     [
      -48.752418763,
      -25.450943099
     ],
     [
      -48.752418763,
      -25.450943099
     ]
    ]
   },
   "properties": {
    "tipo": "curva_nivel",
    "cota_m": 622,
    "equidistancia_m": 1
   }
  },
  {
   "type": "Feature",
   "geometry": {
    "type": "LineString",
    "coordinates": [
     [
      -48.752419736,
      -25.45094494
     ],
     [
      -48.752430441,
      -25.450965188
     ],
     [
      -48.752442119,
      -25.450987277
     ],
     [
      -48.752442119,
      -25.450987277
     ]
    ]
   },
   "properties": {
    "tipo": "curva_nivel",
    "cota_m": 622,
    "equidistancia_m": 1
   }
  },
  {
   "type": "Feature",
   "geometry": {
    "type": "LineString",
    "coordinates": [
     [
      -48.752444065,
      -25.450990958
     ],
     [
      -48.752453797,
      -25.451009366
     ],
     [
      -48.752465475,
      -25.451031455
     ],
     [
      -48.752465475,
      -25.451031455
     ]
    ]
   },
   "properties": {
    "tipo": "curva_nivel",
    "cota_m": 622,
    "equidistancia_m": 1
   }
  },
  {
   "type": "Feature",
   "geometry": {
    "type": "LineString",
    "coordinates": [
     [
      -48.752468394,
      -25.451036977
     ],
     [
      -48.752477153,
      -25.451053544
     ],
     [
      -48.752488831,
      -25.451075633
     ],
     [
      -48.752488831,
      -25.451075633
     ]
    ]
   },
   "properties": {
    "tipo": "curva_nivel",
    "cota_m": 622,
    "equidistancia_m": 1
   }
  },
  {
   "type": "Feature",
   "geometry": {
    "type": "LineString",
    "coordinates": [
     [
      -48.752492724,
      -25.451082996
     ],
     [
      -48.752500509,
      -25.451097722
     ],
     [
      -48.752512187,
      -25.451119811
     ],
     [
      -48.752512187,
      -25.451119811
     ]
    ]
   },
   "properties": {
    "tipo": "curva_nivel",
    "cota_m": 622,
    "equidistancia_m": 1
   }
  },
  {
   "type": "Feature",
   "geometry": {
    "type": "LineString",
    "coordinates": [
     [
      -48.752517053,
      -25.451129015
     ],
     [
      -48.752523865,
      -25.451141901
     ],
     [
      -48.752535543,
      -25.45116399
     ],
     [
      -48.752541382,
      -25.451175034
     ],
     [
      -48.752547221,
      -25.451186079
     ],
     [
      -48.752558899,
      -25.451208168
     ],
     [
      -48.752565711,
      -25.451221053
     ],
     [
      -48.752570577,
      -25.451230257
     ],
     [
      -48.752582255,
      -25.451252346
     ],
     [
      -48.752590041,
      -25.451267072
     ],
     [
      -48.752593933,
      -25.451274435
     ],
     [
      -48.752605611,
      -25.451296524
     ],
     [
      -48.75261437,
      -25.451313091
     ],
     [
      -48.752617289,
      -25.451318613
     ],
     [
      -48.752628967,
      -25.451340702
     ],
     [
      -48.752638699,
      -25.45135911
     ],
     [
      -48.752640645,
      -25.451362791
     ],
     [
      -48.752652323,
      -25.45138488
     ],
     [
      -48.752663028,
      -25.451405129
     ],
     [
      -48.752664002,
      -25.451406969
     ],
     [
      -48.75267568,
      -25.451429058
     ],
     [
      -48.752687358,
      -25.451451148
     ],
     [
      -48.752699036,
      -25.451473237
     ],
     [
      -48.752710714,
      -25.451495326
     ],
     [
      -48.752710714,
      -25.451495326
     ]
    ]
   },
   "properties": {
    "tipo": "curva_nivel",
    "cota_m": 622,
    "equidistancia_m": 1
   }
  },
  {
   "type": "Feature",
   "geometry": {
    "type": "LineString",
    "coordinates": [
     [
      -48.752711687,
      -25.451497166
     ],
     [
      -48.752722392,
      -25.451517415
     ],
     [
      -48.75273407,
      -25.451539504
     ],
     [
      -48.75273407,
      -25.451539504
     ]
    ]
   },
   "properties": {
    "tipo": "curva_nivel",
    "cota_m": 622,
    "equidistancia_m": 1
   }
  },
  {
   "type": "Feature",
   "geometry": {
    "type": "LineString",
    "coordinates": [
     [
      -48.752736016,
      -25.451543185
     ],
     [
      -48.752745748,
      -25.451561593
     ],
     [
      -48.752757426,
      -25.451583682
     ],
     [
      -48.752757426,
      -25.451583682
     ]
    ]
   },
   "properties": {
    "tipo": "curva_nivel",
    "cota_m": 622,
    "equidistancia_m": 1
   }
  },
  {
   "type": "Feature",
   "geometry": {
    "type": "LineString",
    "coordinates": [
     [
      -48.752760345,
      -25.451589204
     ],
     [
      -48.752769104,
      -25.451605771
     ],
     [
      -48.752780782,
      -25.45162786
     ],
     [
      -48.752780782,
      -25.45162786
     ]
    ]
   },
   "properties": {
    "tipo": "curva_nivel",
    "cota_m": 622,
    "equidistancia_m": 1
   }
  },
  {
   "type": "Feature",
   "geometry": {
    "type": "LineString",
    "coordinates": [
     [
      -48.752784675,
      -25.451635223
     ],
     [
      -48.75279246,
      -25.451649949
     ],
     [
      -48.752804138,
      -25.451672038
     ],
     [
      -48.752804138,
      -25.451672038
     ]
    ]
   },
   "properties": {
    "tipo": "curva_nivel",
    "cota_m": 622,
    "equidistancia_m": 1
   }
  },
  {
   "type": "Feature",
   "geometry": {
    "type": "LineString",
    "coordinates": [
     [
      -48.752809004,
      -25.451681242
     ],
     [
      -48.752815816,
      -25.451694127
     ],
     [
      -48.752827494,
      -25.451716216
     ],
     [
      -48.752833333,
      -25.451727261
     ],
     [
      -48.752839172,
      -25.451738306
     ],
     [
      -48.75285085,
      -25.451760395
     ],
     [
      -48.752857662,
      -25.45177328
     ],
     [
      -48.752862528,
      -25.451782484
     ],
     [
      -48.752874206,
      -25.451804573
     ],
     [
      -48.752881992,
      -25.451819299
     ],
     [
      -48.752885884,
      -25.451826662
     ],
     [
      -48.752897562,
      -25.451848751
     ],
     [
      -48.752906321,
      -25.451865318
     ],
     [
      -48.75290924,
      -25.45187084
     ],
     [
      -48.752920919,
      -25.451892929
     ],
     [
      -48.75293065,
      -25.451911337
     ]
    ]
   },
   "properties": {
    "tipo": "curva_nivel",
    "cota_m": 622,
    "equidistancia_m": 1
   }
  },
  {
   "type": "Feature",
   "geometry": {
    "type": "LineString",
    "coordinates": [
     [
      -48.750095805,
      -25.448336588
     ],
     [
      -48.750107483,
      -25.448358677
     ],
     [
      -48.750107483,
      -25.448358677
     ]
    ]
   },
   "properties": {
    "tipo": "curva_nivel",
    "cota_m": 623,
    "equidistancia_m": 1
   }
  },
  {
   "type": "Feature",
   "geometry": {
    "type": "LineString",
    "coordinates": [
     [
      -48.750108456,
      -25.448360518
     ],
     [
      -48.750119161,
      -25.448380766
     ],
     [
      -48.750130839,
      -25.448402855
     ],
     [
      -48.750130839,
      -25.448402855
     ]
    ]
   },
   "properties": {
    "tipo": "curva_nivel",
    "cota_m": 623,
    "equidistancia_m": 1
   }
  },
  {
   "type": "Feature",
   "geometry": {
    "type": "LineString",
    "coordinates": [
     [
      -48.750132785,
      -25.448406537
     ],
     [
      -48.750142517,
      -25.448424944
     ],
     [
      -48.750154195,
      -25.448447033
     ],
     [
      -48.750154195,
      -25.448447033
     ]
    ]
   },
   "properties": {
    "tipo": "curva_nivel",
    "cota_m": 623,
    "equidistancia_m": 1
   }
  },
  {
   "type": "Feature",
   "geometry": {
    "type": "LineString",
    "coordinates": [
     [
      -48.750157115,
      -25.448452556
     ],
     [
      -48.750165873,
      -25.448469122
     ],
     [
      -48.750177551,
      -25.448491211
     ],
     [
      -48.750177551,
      -25.448491211
     ]
    ]
   },
   "properties": {
    "tipo": "curva_nivel",
    "cota_m": 623,
    "equidistancia_m": 1
   }
  },
  {
   "type": "Feature",
   "geometry": {
    "type": "LineString",
    "coordinates": [
     [
      -48.750181444,
      -25.448498574
     ],
     [
      -48.750189229,
      -25.448513301
     ],
     [
      -48.750200907,
      -25.44853539
     ],
     [
      -48.750200907,
      -25.44853539
     ]
    ]
   },
   "properties": {
    "tipo": "curva_nivel",
    "cota_m": 623,
    "equidistancia_m": 1
   }
  },
  {
   "type": "Feature",
   "geometry": {
    "type": "LineString",
    "coordinates": [
     [
      -48.750205773,
      -25.448544593
     ],
     [
      -48.750212585,
      -25.448557479
     ],
     [
      -48.750224263,
      -25.448579568
     ],
     [
      -48.750230102,
      -25.448590612
     ],
     [
      -48.750235941,
      -25.448601657
     ],
     [
      -48.750247619,
      -25.448623746
     ],
     [
      -48.750254432,
      -25.448636631
     ],
     [
      -48.750259297,
      -25.448645835
     ],
     [
      -48.750270975,
      -25.448667924
     ],
     [
      -48.750278761,
      -25.44868265
     ],
     [
      -48.750282654,
      -25.448690013
     ],
     [
      -48.750294332,
      -25.448712102
     ],
     [
      -48.75030309,
      -25.448728669
     ],
     [
      -48.75030601,
      -25.448734191
     ],
     [
      -48.750317688,
      -25.44875628
     ],
     [
      -48.750327419,
      -25.448774688
     ],
     [
      -48.750329366,
      -25.448778369
     ],
     [
      -48.750341044,
      -25.448800459
     ],
     [
      -48.750351749,
      -25.448820707
     ],
     [
      -48.750352722,
      -25.448822548
     ],
     [
      -48.7503644,
      -25.448844637
     ],
     [
      -48.750376078,
      -25.448866726
     ],
     [
      -48.750387756,
      -25.448888815
     ],
     [
      -48.750399434,
      -25.448910904
     ],
     [
      -48.750399434,
      -25.448910904
     ]
    ]
   },
   "properties": {
    "tipo": "curva_nivel",
    "cota_m": 623,
    "equidistancia_m": 1
   }
  },
  {
   "type": "Feature",
   "geometry": {
    "type": "LineString",
    "coordinates": [
     [
      -48.750400407,
      -25.448912745
     ],
     [
      -48.750411112,
      -25.448932993
     ],
     [
      -48.75042279,
      -25.448955082
     ],
     [
      -48.75042279,
      -25.448955082
     ]
    ]
   },
   "properties": {
    "tipo": "curva_nivel",
    "cota_m": 623,
    "equidistancia_m": 1
   }
  },
  {
   "type": "Feature",
   "geometry": {
    "type": "LineString",
    "coordinates": [
     [
      -48.750424736,
      -25.448958764
     ],
     [
      -48.750434468,
      -25.448977171
     ],
     [
      -48.750446146,
      -25.44899926
     ],
     [
      -48.750446146,
      -25.44899926
     ]
    ]
   },
   "properties": {
    "tipo": "curva_nivel",
    "cota_m": 623,
    "equidistancia_m": 1
   }
  },
  {
   "type": "Feature",
   "geometry": {
    "type": "LineString",
    "coordinates": [
     [
      -48.750449066,
      -25.449004782
     ],
     [
      -48.750457824,
      -25.449021349
     ],
     [
      -48.750469502,
      -25.449043438
     ],
     [
      -48.750469502,
      -25.449043438
     ]
    ]
   },
   "properties": {
    "tipo": "curva_nivel",
    "cota_m": 623,
    "equidistancia_m": 1
   }
  },
  {
   "type": "Feature",
   "geometry": {
    "type": "LineString",
    "coordinates": [
     [
      -48.750473395,
      -25.449050801
     ],
     [
      -48.75048118,
      -25.449065527
     ],
     [
      -48.750492858,
      -25.449087616
     ],
     [
      -48.750492858,
      -25.449087616
     ]
    ]
   },
   "properties": {
    "tipo": "curva_nivel",
    "cota_m": 623,
    "equidistancia_m": 1
   }
  },
  {
   "type": "Feature",
   "geometry": {
    "type": "LineString",
    "coordinates": [
     [
      -48.750497724,
      -25.44909682
     ],
     [
      -48.750504536,
      -25.449109706
     ],
     [
      -48.750516214,
      -25.449131795
     ],
     [
      -48.750522053,
      -25.449142839
     ],
     [
      -48.750527892,
      -25.449153884
     ],
     [
      -48.75053957,
      -25.449175973
     ],
     [
      -48.750546383,
      -25.449188858
     ],
     [
      -48.750551249,
      -25.449198062
     ],
     [
      -48.750562927,
      -25.449220151
     ],
     [
      -48.750570712,
      -25.449234877
     ],
     [
      -48.750574605,
      -25.44924224
     ],
     [
      -48.750586283,
      -25.449264329
     ],
     [
      -48.750595041,
      -25.449280896
     ],
     [
      -48.750597961,
      -25.449286418
     ],
     [
      -48.750609639,
      -25.449308507
     ],
     [
      -48.75061937,
      -25.449326915
     ],
     [
      -48.750621317,
      -25.449330596
     ],
     [
      -48.750632995,
      -25.449352685
     ],
     [
      -48.7506437,
      -25.449372934
     ],
     [
      -48.750644673,
      -25.449374774
     ],
     [
      -48.750656351,
      -25.449396864
     ],
     [
      -48.750668029,
      -25.449418953
     ],
     [
      -48.750679707,
      -25.449441042
     ],
     [
      -48.750691385,
      -25.449463131
     ],
     [
      -48.750691385,
      -25.449463131
     ]
    ]
   },
   "properties": {
    "tipo": "curva_nivel",
    "cota_m": 623,
    "equidistancia_m": 1
   }
  },
  {
   "type": "Feature",
   "geometry": {
    "type": "LineString",
    "coordinates": [
     [
      -48.750692358,
      -25.449464972
     ],
     [
      -48.750703063,
      -25.44948522
     ],
     [
      -48.750714741,
      -25.449507309
     ],
     [
      -48.750714741,
      -25.449507309
     ]
    ]
   },
   "properties": {
    "tipo": "curva_nivel",
    "cota_m": 623,
    "equidistancia_m": 1
   }
  },
  {
   "type": "Feature",
   "geometry": {
    "type": "LineString",
    "coordinates": [
     [
      -48.750716688,
      -25.44951099
     ],
     [
      -48.750726419,
      -25.449529398
     ],
     [
      -48.750738097,
      -25.449551487
     ],
     [
      -48.750738097,
      -25.449551487
     ]
    ]
   },
   "properties": {
    "tipo": "curva_nivel",
    "cota_m": 623,
    "equidistancia_m": 1
   }
  },
  {
   "type": "Feature",
   "geometry": {
    "type": "LineString",
    "coordinates": [
     [
      -48.750741017,
      -25.449557009
     ],
     [
      -48.750749775,
      -25.449573576
     ],
     [
      -48.750761453,
      -25.449595665
     ],
     [
      -48.750761453,
      -25.449595665
     ]
    ]
   },
   "properties": {
    "tipo": "curva_nivel",
    "cota_m": 623,
    "equidistancia_m": 1
   }
  },
  {
   "type": "Feature",
   "geometry": {
    "type": "LineString",
    "coordinates": [
     [
      -48.750765346,
      -25.449603028
     ],
     [
      -48.750773131,
      -25.449617754
     ],
     [
      -48.750784809,
      -25.449639843
     ],
     [
      -48.750784809,
      -25.449639843
     ]
    ]
   },
   "properties": {
    "tipo": "curva_nivel",
    "cota_m": 623,
    "equidistancia_m": 1
   }
  },
  {
   "type": "Feature",
   "geometry": {
    "type": "LineString",
    "coordinates": [
     [
      -48.750789675,
      -25.449649047
     ],
     [
      -48.750796487,
      -25.449661932
     ],
     [
      -48.750808166,
      -25.449684022
     ],
     [
      -48.750814005,
      -25.449695066
     ],
     [
      -48.750819844,
      -25.449706111
     ],
     [
      -48.750831522,
      -25.4497282
     ],
     [
      -48.750838334,
      -25.449741085
     ],
     [
      -48.7508432,
      -25.449750289
     ],
     [
      -48.750854878,
      -25.449772378
     ],
     [
      -48.750862663,
      -25.449787104
     ],
     [
      -48.750866556,
      -25.449794467
     ],
     [
      -48.750878234,
      -25.449816556
     ],
     [
      -48.750886992,
      -25.449833123
     ],
     [
      -48.750889912,
      -25.449838645
     ],
     [
      -48.75090159,
      -25.449860734
     ],
     [
      -48.750911322,
      -25.449879142
     ],
     [
      -48.750913268,
      -25.449882823
     ],
     [
      -48.750924946,
      -25.449904912
     ],
     [
      -48.750935651,
      -25.449925161
     ],
     [
      -48.750936624,
      -25.449927001
     ],
     [
      -48.750948302,
      -25.44994909
     ],
     [
      -48.75095998,
      -25.44997118
     ],
     [
      -48.750971658,
      -25.449993269
     ],
     [
      -48.750983336,
      -25.450015358
     ],
     [
      -48.750983336,
      -25.450015358
     ]
    ]
   },
   "properties": {
    "tipo": "curva_nivel",
    "cota_m": 623,
    "equidistancia_m": 1
   }
  },
  {
   "type": "Feature",
   "geometry": {
    "type": "LineString",
    "coordinates": [
     [
      -48.750984309,
      -25.450017198
     ],
     [
      -48.750995014,
      -25.450037447
     ],
     [
      -48.751006692,
      -25.450059536
     ],
     [
      -48.751006692,
      -25.450059536
     ]
    ]
   },
   "properties": {
    "tipo": "curva_nivel",
    "cota_m": 623,
    "equidistancia_m": 1
   }
  },
  {
   "type": "Feature",
   "geometry": {
    "type": "LineString",
    "coordinates": [
     [
      -48.751008639,
      -25.450063217
     ],
     [
      -48.75101837,
      -25.450081625
     ],
     [
      -48.751030048,
      -25.450103714
     ],
     [
      -48.751030048,
      -25.450103714
     ]
    ]
   },
   "properties": {
    "tipo": "curva_nivel",
    "cota_m": 623,
    "equidistancia_m": 1
   }
  },
  {
   "type": "Feature",
   "geometry": {
    "type": "LineString",
    "coordinates": [
     [
      -48.751032968,
      -25.450109236
     ],
     [
      -48.751041726,
      -25.450125803
     ],
     [
      -48.751053404,
      -25.450147892
     ],
     [
      -48.751053404,
      -25.450147892
     ]
    ]
   },
   "properties": {
    "tipo": "curva_nivel",
    "cota_m": 623,
    "equidistancia_m": 1
   }
  },
  {
   "type": "Feature",
   "geometry": {
    "type": "LineString",
    "coordinates": [
     [
      -48.751057297,
      -25.450155255
     ],
     [
      -48.751065083,
      -25.450169981
     ],
     [
      -48.751076761,
      -25.45019207
     ],
     [
      -48.751076761,
      -25.45019207
     ]
    ]
   },
   "properties": {
    "tipo": "curva_nivel",
    "cota_m": 623,
    "equidistancia_m": 1
   }
  },
  {
   "type": "Feature",
   "geometry": {
    "type": "LineString",
    "coordinates": [
     [
      -48.751081626,
      -25.450201274
     ],
     [
      -48.751088439,
      -25.450214159
     ],
     [
      -48.751100117,
      -25.450236248
     ],
     [
      -48.751105956,
      -25.450247293
     ],
     [
      -48.751111795,
      -25.450258337
     ],
     [
      -48.751123473,
      -25.450280427
     ],
     [
      -48.751130285,
      -25.450293312
     ],
     [
      -48.751135151,
      -25.450302516
     ],
     [
      -48.751146829,
      -25.450324605
     ],
     [
      -48.751154614,
      -25.450339331
     ],
     [
      -48.751158507,
      -25.450346694
     ],
     [
      -48.751170185,
      -25.450368783
     ],
     [
      -48.751178943,
      -25.45038535
     ],
     [
      -48.751181863,
      -25.450390872
     ],
     [
      -48.751193541,
      -25.450412961
     ],
     [
      -48.751203273,
      -25.450431369
     ],
     [
      -48.751205219,
      -25.45043505
     ],
     [
      -48.751216897,
      -25.450457139
     ],
     [
      -48.751227602,
      -25.450477387
     ],
     [
      -48.751228575,
      -25.450479228
     ],
     [
      -48.751240253,
      -25.450501317
     ],
     [
      -48.751251931,
      -25.450523406
     ],
     [
      -48.751263609,
      -25.450545495
     ],
     [
      -48.751275287,
      -25.450567585
     ],
     [
      -48.751275287,
      -25.450567585
     ]
    ]
   },
   "properties": {
    "tipo": "curva_nivel",
    "cota_m": 623,
    "equidistancia_m": 1
   }
  },
  {
   "type": "Feature",
   "geometry": {
    "type": "LineString",
    "coordinates": [
     [
      -48.751276261,
      -25.450569425
     ],
     [
      -48.751286965,
      -25.450589674
     ],
     [
      -48.751298643,
      -25.450611763
     ],
     [
      -48.751298643,
      -25.450611763
     ]
    ]
   },
   "properties": {
    "tipo": "curva_nivel",
    "cota_m": 623,
    "equidistancia_m": 1
   }
  },
  {
   "type": "Feature",
   "geometry": {
    "type": "LineString",
    "coordinates": [
     [
      -48.75130059,
      -25.450615444
     ],
     [
      -48.751310321,
      -25.450633852
     ],
     [
      -48.751322,
      -25.450655941
     ],
     [
      -48.751322,
      -25.450655941
     ]
    ]
   },
   "properties": {
    "tipo": "curva_nivel",
    "cota_m": 623,
    "equidistancia_m": 1
   }
  },
  {
   "type": "Feature",
   "geometry": {
    "type": "LineString",
    "coordinates": [
     [
      -48.751324919,
      -25.450661463
     ],
     [
      -48.751333678,
      -25.45067803
     ],
     [
      -48.751345356,
      -25.450700119
     ],
     [
      -48.751345356,
      -25.450700119
     ]
    ]
   },
   "properties": {
    "tipo": "curva_nivel",
    "cota_m": 623,
    "equidistancia_m": 1
   }
  },
  {
   "type": "Feature",
   "geometry": {
    "type": "LineString",
    "coordinates": [
     [
      -48.751349248,
      -25.450707482
     ],
     [
      -48.751357034,
      -25.450722208
     ],
     [
      -48.751368712,
      -25.450744297
     ],
     [
      -48.751368712,
      -25.450744297
     ]
    ]
   },
   "properties": {
    "tipo": "curva_nivel",
    "cota_m": 623,
    "equidistancia_m": 1
   }
  },
  {
   "type": "Feature",
   "geometry": {
    "type": "LineString",
    "coordinates": [
     [
      -48.751373578,
      -25.450753501
     ],
     [
      -48.75138039,
      -25.450766386
     ],
     [
      -48.751392068,
      -25.450788475
     ],
     [
      -48.751397907,
      -25.45079952
     ],
     [
      -48.751403746,
      -25.450810564
     ],
     [
      -48.751415424,
      -25.450832653
     ],
     [
      -48.751422236,
      -25.450845539
     ],
     [
      -48.751427102,
      -25.450854743
     ],
     [
      -48.75143878,
      -25.450876832
     ],
     [
      -48.751446565,
      -25.450891558
     ],
     [
      -48.751450458,
      -25.450898921
     ],
     [
      -48.751462136,
      -25.45092101
     ],
     [
      -48.751470895,
      -25.450937577
     ],
     [
      -48.751473814,
      -25.450943099
     ],
     [
      -48.751485492,
      -25.450965188
     ],
     [
      -48.751495224,
      -25.450983595
     ],
     [
      -48.75149717,
      -25.450987277
     ],
     [
      -48.751508848,
      -25.451009366
     ],
     [
      -48.751519553,
      -25.451029614
     ],
     [
      -48.751520526,
      -25.451031455
     ],
     [
      -48.751532204,
      -25.451053544
     ],
     [
      -48.751543882,
      -25.451075633
     ],
     [
      -48.75155556,
      -25.451097722
     ],
     [
      -48.751567238,
      -25.451119811
     ],
     [
      -48.751567238,
      -25.451119811
     ]
    ]
   },
   "properties": {
    "tipo": "curva_nivel",
    "cota_m": 623,
    "equidistancia_m": 1
   }
  },
  {
   "type": "Feature",
   "geometry": {
    "type": "LineString",
    "coordinates": [
     [
      -48.751568212,
      -25.451121652
     ],
     [
      -48.751578917,
      -25.451141901
     ],
     [
      -48.751590595,
      -25.45116399
     ],
     [
      -48.751590595,
      -25.45116399
     ]
    ]
   },
   "properties": {
    "tipo": "curva_nivel",
    "cota_m": 623,
    "equidistancia_m": 1
   }
  },
  {
   "type": "Feature",
   "geometry": {
    "type": "LineString",
    "coordinates": [
     [
      -48.751592541,
      -25.451167671
     ],
     [
      -48.751602273,
      -25.451186079
     ],
     [
      -48.751613951,
      -25.451208168
     ],
     [
      -48.751613951,
      -25.451208168
     ]
    ]
   },
   "properties": {
    "tipo": "curva_nivel",
    "cota_m": 623,
    "equidistancia_m": 1
   }
  },
  {
   "type": "Feature",
   "geometry": {
    "type": "LineString",
    "coordinates": [
     [
      -48.75161687,
      -25.45121369
     ],
     [
      -48.751625629,
      -25.451230257
     ],
     [
      -48.751637307,
      -25.451252346
     ],
     [
      -48.751637307,
      -25.451252346
     ]
    ]
   },
   "properties": {
    "tipo": "curva_nivel",
    "cota_m": 623,
    "equidistancia_m": 1
   }
  },
  {
   "type": "Feature",
   "geometry": {
    "type": "LineString",
    "coordinates": [
     [
      -48.751641199,
      -25.451259709
     ],
     [
      -48.751648985,
      -25.451274435
     ],
     [
      -48.751660663,
      -25.451296524
     ],
     [
      -48.751660663,
      -25.451296524
     ]
    ]
   },
   "properties": {
    "tipo": "curva_nivel",
    "cota_m": 623,
    "equidistancia_m": 1
   }
  },
  {
   "type": "Feature",
   "geometry": {
    "type": "LineString",
    "coordinates": [
     [
      -48.751665529,
      -25.451305728
     ],
     [
      -48.751672341,
      -25.451318613
     ],
     [
      -48.751684019,
      -25.451340702
     ],
     [
      -48.751689858,
      -25.451351747
     ],
     [
      -48.751695697,
      -25.451362791
     ],
     [
      -48.751707375,
      -25.45138488
     ],
     [
      -48.751714187,
      -25.451397766
     ],
     [
      -48.751719053,
      -25.451406969
     ],
     [
      -48.751730731,
      -25.451429058
     ],
     [
      -48.751738516,
      -25.451443785
     ],
     [
      -48.751742409,
      -25.451451148
     ],
     [
      -48.751754087,
      -25.451473237
     ],
     [
      -48.751762846,
      -25.451489803
     ],
     [
      -48.751765765,
      -25.451495326
     ],
     [
      -48.751777443,
      -25.451517415
     ],
     [
      -48.751787175,
      -25.451535822
     ],
     [
      -48.751789121,
      -25.451539504
     ],
     [
      -48.751800799,
      -25.451561593
     ],
     [
      -48.751811504,
      -25.451581841
     ],
     [
      -48.751812477,
      -25.451583682
     ],
     [
      -48.751824155,
      -25.451605771
     ],
     [
      -48.751835834,
      -25.45162786
     ],
     [
      -48.751847512,
      -25.451649949
     ],
     [
      -48.75185919,
      -25.451672038
     ],
     [
      -48.75185919,
      -25.451672038
     ]
    ]
   },
   "properties": {
    "tipo": "curva_nivel",
    "cota_m": 623,
    "equidistancia_m": 1
   }
  },
  {
   "type": "Feature",
   "geometry": {
    "type": "LineString",
    "coordinates": [
     [
      -48.751860163,
      -25.451673879
     ],
     [
      -48.751870868,
      -25.451694127
     ],
     [
      -48.751882546,
      -25.451716216
     ],
     [
      -48.751882546,
      -25.451716216
     ]
    ]
   },
   "properties": {
    "tipo": "curva_nivel",
    "cota_m": 623,
    "equidistancia_m": 1
   }
  },
  {
   "type": "Feature",
   "geometry": {
    "type": "LineString",
    "coordinates": [
     [
      -48.751884492,
      -25.451719898
     ],
     [
      -48.751894224,
      -25.451738306
     ],
     [
      -48.751905902,
      -25.451760395
     ],
     [
      -48.751905902,
      -25.451760395
     ]
    ]
   },
   "properties": {
    "tipo": "curva_nivel",
    "cota_m": 623,
    "equidistancia_m": 1
   }
  },
  {
   "type": "Feature",
   "geometry": {
    "type": "LineString",
    "coordinates": [
     [
      -48.751908821,
      -25.451765917
     ],
     [
      -48.75191758,
      -25.451782484
     ],
     [
      -48.751929258,
      -25.451804573
     ],
     [
      -48.751929258,
      -25.451804573
     ]
    ]
   },
   "properties": {
    "tipo": "curva_nivel",
    "cota_m": 623,
    "equidistancia_m": 1
   }
  },
  {
   "type": "Feature",
   "geometry": {
    "type": "LineString",
    "coordinates": [
     [
      -48.751933151,
      -25.451811936
     ],
     [
      -48.751940936,
      -25.451826662
     ],
     [
      -48.751952614,
      -25.451848751
     ],
     [
      -48.751952614,
      -25.451848751
     ]
    ]
   },
   "properties": {
    "tipo": "curva_nivel",
    "cota_m": 623,
    "equidistancia_m": 1
   }
  },
  {
   "type": "Feature",
   "geometry": {
    "type": "LineString",
    "coordinates": [
     [
      -48.75195748,
      -25.451857955
     ],
     [
      -48.751964292,
      -25.45187084
     ],
     [
      -48.75197597,
      -25.451892929
     ],
     [
      -48.751981809,
      -25.451903974
     ],
     [
      -48.751987648,
      -25.451915018
     ],
     [
      -48.751999326,
      -25.451937107
     ],
     [
      -48.752006138,
      -25.451949993
     ],
     [
      -48.752011004,
      -25.451959196
     ],
     [
      -48.752022682,
      -25.451981285
     ]
    ]
   },
   "properties": {
    "tipo": "curva_nivel",
    "cota_m": 623,
    "equidistancia_m": 1
   }
  },
  {
   "type": "Feature",
   "geometry": {
    "type": "LineString",
    "coordinates": [
     [
      -48.749255959,
      -25.44853539
     ],
     [
      -48.749255959,
      -25.44853539
     ],
     [
      -48.749244281,
      -25.448513301
     ],
     [
      -48.749232603,
      -25.448491211
     ],
     [
      -48.749220925,
      -25.448469122
     ],
     [
      -48.749209247,
      -25.448447033
     ],
     [
      -48.749208273,
      -25.448445193
     ],
     [
      -48.749197568,
      -25.448424944
     ],
     [
      -48.74918589,
      -25.448402855
     ],
     [
      -48.749183944,
      -25.448399174
     ],
     [
      -48.749174212,
      -25.448380766
     ],
     [
      -48.749159615,
      -25.448353155
     ],
     [
      -48.749162534,
      -25.448358677
     ],
     [
      -48.749150856,
      -25.448336588
     ]
    ]
   },
   "properties": {
    "tipo": "curva_nivel",
    "cota_m": 624,
    "equidistancia_m": 1
   }
  },
  {
   "type": "Feature",
   "geometry": {
    "type": "LineString",
    "coordinates": [
     [
      -48.749256932,
      -25.44853723
     ],
     [
      -48.749267637,
      -25.448557479
     ],
     [
      -48.749279315,
      -25.448579568
     ],
     [
      -48.749279315,
      -25.448579568
     ]
    ]
   },
   "properties": {
    "tipo": "curva_nivel",
    "cota_m": 624,
    "equidistancia_m": 1
   }
  },
  {
   "type": "Feature",
   "geometry": {
    "type": "LineString",
    "coordinates": [
     [
      -48.749281261,
      -25.448583249
     ],
     [
      -48.749290993,
      -25.448601657
     ],
     [
      -48.749302671,
      -25.448623746
     ],
     [
      -48.749302671,
      -25.448623746
     ]
    ]
   },
   "properties": {
    "tipo": "curva_nivel",
    "cota_m": 624,
    "equidistancia_m": 1
   }
  },
  {
   "type": "Feature",
   "geometry": {
    "type": "LineString",
    "coordinates": [
     [
      -48.74930559,
      -25.448629268
     ],
     [
      -48.749314349,
      -25.448645835
     ],
     [
      -48.749326027,
      -25.448667924
     ],
     [
      -48.749326027,
      -25.448667924
     ]
    ]
   },
   "properties": {
    "tipo": "curva_nivel",
    "cota_m": 624,
    "equidistancia_m": 1
   }
  },
  {
   "type": "Feature",
   "geometry": {
    "type": "LineString",
    "coordinates": [
     [
      -48.74932992,
      -25.448675287
     ],
     [
      -48.749337705,
      -25.448690013
     ],
     [
      -48.749349383,
      -25.448712102
     ],
     [
      -48.749349383,
      -25.448712102
     ]
    ]
   },
   "properties": {
    "tipo": "curva_nivel",
    "cota_m": 624,
    "equidistancia_m": 1
   }
  },
  {
   "type": "Feature",
   "geometry": {
    "type": "LineString",
    "coordinates": [
     [
      -48.749354249,
      -25.448721306
     ],
     [
      -48.749361061,
      -25.448734191
     ],
     [
      -48.749372739,
      -25.44875628
     ],
     [
      -48.749378578,
      -25.448767325
     ],
     [
      -48.749384417,
      -25.448778369
     ],
     [
      -48.749396095,
      -25.448800459
     ],
     [
      -48.749402907,
      -25.448813344
     ],
     [
      -48.749407773,
      -25.448822548
     ],
     [
      -48.749419451,
      -25.448844637
     ],
     [
      -48.749427237,
      -25.448859363
     ],
     [
      -48.749431129,
      -25.448866726
     ],
     [
      -48.749442807,
      -25.448888815
     ],
     [
      -48.749451566,
      -25.448905382
     ],
     [
      -48.749454485,
      -25.448910904
     ],
     [
      -48.749466164,
      -25.448932993
     ],
     [
      -48.749475895,
      -25.448951401
     ],
     [
      -48.749477842,
      -25.448955082
     ],
     [
      -48.74948952,
      -25.448977171
     ],
     [
      -48.749500224,
      -25.448997419
     ],
     [
      -48.749501198,
      -25.44899926
     ],
     [
      -48.749512876,
      -25.449021349
     ],
     [
      -48.749524554,
      -25.449043438
     ],
     [
      -48.749536232,
      -25.449065527
     ],
     [
      -48.74954791,
      -25.449087616
     ],
     [
      -48.74954791,
      -25.449087616
     ]
    ]
   },
   "properties": {
    "tipo": "curva_nivel",
    "cota_m": 624,
    "equidistancia_m": 1
   }
  },
  {
   "type": "Feature",
   "geometry": {
    "type": "LineString",
    "coordinates": [
     [
      -48.749548883,
      -25.449089457
     ],
     [
      -48.749559588,
      -25.449109706
     ],
     [
      -48.749571266,
      -25.449131795
     ],
     [
      -48.749571266,
      -25.449131795
     ]
    ]
   },
   "properties": {
    "tipo": "curva_nivel",
    "cota_m": 624,
    "equidistancia_m": 1
   }
  },
  {
   "type": "Feature",
   "geometry": {
    "type": "LineString",
    "coordinates": [
     [
      -48.749573212,
      -25.449135476
     ],
     [
      -48.749582944,
      -25.449153884
     ],
     [
      -48.749594622,
      -25.449175973
     ],
     [
      -48.749594622,
      -25.449175973
     ]
    ]
   },
   "properties": {
    "tipo": "curva_nivel",
    "cota_m": 624,
    "equidistancia_m": 1
   }
  },
  {
   "type": "Feature",
   "geometry": {
    "type": "LineString",
    "coordinates": [
     [
      -48.749597542,
      -25.449181495
     ],
     [
      -48.7496063,
      -25.449198062
     ],
     [
      -48.749617978,
      -25.449220151
     ],
     [
      -48.749617978,
      -25.449220151
     ]
    ]
   },
   "properties": {
    "tipo": "curva_nivel",
    "cota_m": 624,
    "equidistancia_m": 1
   }
  },
  {
   "type": "Feature",
   "geometry": {
    "type": "LineString",
    "coordinates": [
     [
      -48.749621871,
      -25.449227514
     ],
     [
      -48.749629656,
      -25.44924224
     ],
     [
      -48.749641334,
      -25.449264329
     ],
     [
      -48.749641334,
      -25.449264329
     ]
    ]
   },
   "properties": {
    "tipo": "curva_nivel",
    "cota_m": 624,
    "equidistancia_m": 1
   }
  },
  {
   "type": "Feature",
   "geometry": {
    "type": "LineString",
    "coordinates": [
     [
      -48.7496462,
      -25.449273533
     ],
     [
      -48.749653012,
      -25.449286418
     ],
     [
      -48.74966469,
      -25.449308507
     ],
     [
      -48.749670529,
      -25.449319552
     ],
     [
      -48.749676368,
      -25.449330596
     ],
     [
      -48.749688046,
      -25.449352685
     ],
     [
      -48.749694859,
      -25.449365571
     ],
     [
      -48.749699724,
      -25.449374774
     ],
     [
      -48.749711402,
      -25.449396864
     ],
     [
      -48.749719188,
      -25.44941159
     ],
     [
      -48.749723081,
      -25.449418953
     ],
     [
      -48.749734759,
      -25.449441042
     ],
     [
      -48.749743517,
      -25.449457609
     ],
     [
      -48.749746437,
      -25.449463131
     ],
     [
      -48.749758115,
      -25.44948522
     ],
     [
      -48.749767846,
      -25.449503627
     ],
     [
      -48.749769793,
      -25.449507309
     ],
     [
      -48.749781471,
      -25.449529398
     ],
     [
      -48.749792176,
      -25.449549646
     ],
     [
      -48.749793149,
      -25.449551487
     ],
     [
      -48.749804827,
      -25.449573576
     ],
     [
      -48.749816505,
      -25.449595665
     ],
     [
      -48.749828183,
      -25.449617754
     ],
     [
      -48.749839861,
      -25.449639843
     ],
     [
      -48.749839861,
      -25.449639843
     ]
    ]
   },
   "properties": {
    "tipo": "curva_nivel",
    "cota_m": 624,
    "equidistancia_m": 1
   }
  },
  {
   "type": "Feature",
   "geometry": {
    "type": "LineString",
    "coordinates": [
     [
      -48.749840834,
      -25.449641684
     ],
     [
      -48.749851539,
      -25.449661932
     ],
     [
      -48.749863217,
      -25.449684022
     ],
     [
      -48.749863217,
      -25.449684022
     ]
    ]
   },
   "properties": {
    "tipo": "curva_nivel",
    "cota_m": 624,
    "equidistancia_m": 1
   }
  },
  {
   "type": "Feature",
   "geometry": {
    "type": "LineString",
    "coordinates": [
     [
      -48.749865163,
      -25.449687703
     ],
     [
      -48.749874895,
      -25.449706111
     ],
     [
      -48.749886573,
      -25.4497282
     ],
     [
      -48.749886573,
      -25.4497282
     ]
    ]
   },
   "properties": {
    "tipo": "curva_nivel",
    "cota_m": 624,
    "equidistancia_m": 1
   }
  },
  {
   "type": "Feature",
   "geometry": {
    "type": "LineString",
    "coordinates": [
     [
      -48.749889493,
      -25.449733722
     ],
     [
      -48.749898251,
      -25.449750289
     ],
     [
      -48.749909929,
      -25.449772378
     ],
     [
      -48.749909929,
      -25.449772378
     ]
    ]
   },
   "properties": {
    "tipo": "curva_nivel",
    "cota_m": 624,
    "equidistancia_m": 1
   }
  },
  {
   "type": "Feature",
   "geometry": {
    "type": "LineString",
    "coordinates": [
     [
      -48.749913822,
      -25.449779741
     ],
     [
      -48.749921607,
      -25.449794467
     ],
     [
      -48.749933285,
      -25.449816556
     ],
     [
      -48.749933285,
      -25.449816556
     ]
    ]
   },
   "properties": {
    "tipo": "curva_nivel",
    "cota_m": 624,
    "equidistancia_m": 1
   }
  },
  {
   "type": "Feature",
   "geometry": {
    "type": "LineString",
    "coordinates": [
     [
      -48.749938151,
      -25.44982576
     ],
     [
      -48.749944963,
      -25.449838645
     ],
     [
      -48.749956641,
      -25.449860734
     ],
     [
      -48.74996248,
      -25.449871779
     ],
     [
      -48.749968319,
      -25.449882823
     ],
     [
      -48.749979998,
      -25.449904912
     ],
     [
      -48.74998681,
      -25.449917798
     ],
     [
      -48.749991676,
      -25.449927001
     ],
     [
      -48.750003354,
      -25.44994909
     ],
     [
      -48.750011139,
      -25.449963816
     ],
     [
      -48.750015032,
      -25.44997118
     ],
     [
      -48.75002671,
      -25.449993269
     ],
     [
      -48.750035468,
      -25.450009835
     ],
     [
      -48.750038388,
      -25.450015358
     ],
     [
      -48.750050066,
      -25.450037447
     ],
     [
      -48.750059797,
      -25.450055854
     ],
     [
      -48.750061744,
      -25.450059536
     ],
     [
      -48.750073422,
      -25.450081625
     ],
     [
      -48.750084127,
      -25.450101873
     ],
     [
      -48.7500851,
      -25.450103714
     ],
     [
      -48.750096778,
      -25.450125803
     ],
     [
      -48.750108456,
      -25.450147892
     ],
     [
      -48.750120134,
      -25.450169981
     ],
     [
      -48.750131812,
      -25.45019207
     ],
     [
      -48.750131812,
      -25.45019207
     ]
    ]
   },
   "properties": {
    "tipo": "curva_nivel",
    "cota_m": 624,
    "equidistancia_m": 1
   }
  },
  {
   "type": "Feature",
   "geometry": {
    "type": "LineString",
    "coordinates": [
     [
      -48.750132785,
      -25.450193911
     ],
     [
      -48.75014349,
      -25.450214159
     ],
     [
      -48.750155168,
      -25.450236248
     ],
     [
      -48.750155168,
      -25.450236248
     ]
    ]
   },
   "properties": {
    "tipo": "curva_nivel",
    "cota_m": 624,
    "equidistancia_m": 1
   }
  },
  {
   "type": "Feature",
   "geometry": {
    "type": "LineString",
    "coordinates": [
     [
      -48.750157115,
      -25.45023993
     ],
     [
      -48.750166846,
      -25.450258337
     ],
     [
      -48.750178524,
      -25.450280427
     ],
     [
      -48.750178524,
      -25.450280427
     ]
    ]
   },
   "properties": {
    "tipo": "curva_nivel",
    "cota_m": 624,
    "equidistancia_m": 1
   }
  },
  {
   "type": "Feature",
   "geometry": {
    "type": "LineString",
    "coordinates": [
     [
      -48.750181444,
      -25.450285949
     ],
     [
      -48.750190202,
      -25.450302516
     ],
     [
      -48.75020188,
      -25.450324605
     ],
     [
      -48.75020188,
      -25.450324605
     ]
    ]
   },
   "properties": {
    "tipo": "curva_nivel",
    "cota_m": 624,
    "equidistancia_m": 1
   }
  },
  {
   "type": "Feature",
   "geometry": {
    "type": "LineString",
    "coordinates": [
     [
      -48.750205773,
      -25.450331968
     ],
     [
      -48.750213558,
      -25.450346694
     ],
     [
      -48.750225236,
      -25.450368783
     ],
     [
      -48.750225236,
      -25.450368783
     ]
    ]
   },
   "properties": {
    "tipo": "curva_nivel",
    "cota_m": 624,
    "equidistancia_m": 1
   }
  },
  {
   "type": "Feature",
   "geometry": {
    "type": "LineString",
    "coordinates": [
     [
      -48.750230102,
      -25.450377987
     ],
     [
      -48.750236914,
      -25.450390872
     ],
     [
      -48.750248593,
      -25.450412961
     ],
     [
      -48.750254432,
      -25.450424006
     ],
     [
      -48.750260271,
      -25.45043505
     ],
     [
      -48.750271949,
      -25.450457139
     ],
     [
      -48.750278761,
      -25.450470024
     ],
     [
      -48.750283627,
      -25.450479228
     ],
     [
      -48.750295305,
      -25.450501317
     ],
     [
      -48.75030309,
      -25.450516043
     ],
     [
      -48.750306983,
      -25.450523406
     ],
     [
      -48.750318661,
      -25.450545495
     ],
     [
      -48.750327419,
      -25.450562062
     ],
     [
      -48.750330339,
      -25.450567585
     ],
     [
      -48.750342017,
      -25.450589674
     ],
     [
      -48.750351749,
      -25.450608081
     ],
     [
      -48.750353695,
      -25.450611763
     ],
     [
      -48.750365373,
      -25.450633852
     ],
     [
      -48.750376078,
      -25.4506541
     ],
     [
      -48.750377051,
      -25.450655941
     ],
     [
      -48.750388729,
      -25.45067803
     ],
     [
      -48.750400407,
      -25.450700119
     ],
     [
      -48.750412085,
      -25.450722208
     ],
     [
      -48.750423763,
      -25.450744297
     ],
     [
      -48.750423763,
      -25.450744297
     ]
    ]
   },
   "properties": {
    "tipo": "curva_nivel",
    "cota_m": 624,
    "equidistancia_m": 1
   }
  },
  {
   "type": "Feature",
   "geometry": {
    "type": "LineString",
    "coordinates": [
     [
      -48.750424736,
      -25.450746138
     ],
     [
      -48.750435441,
      -25.450766386
     ],
     [
      -48.750447119,
      -25.450788475
     ],
     [
      -48.750447119,
      -25.450788475
     ]
    ]
   },
   "properties": {
    "tipo": "curva_nivel",
    "cota_m": 624,
    "equidistancia_m": 1
   }
  },
  {
   "type": "Feature",
   "geometry": {
    "type": "LineString",
    "coordinates": [
     [
      -48.750449066,
      -25.450792157
     ],
     [
      -48.750458797,
      -25.450810564
     ],
     [
      -48.750470475,
      -25.450832653
     ],
     [
      -48.750470475,
      -25.450832653
     ]
    ]
   },
   "properties": {
    "tipo": "curva_nivel",
    "cota_m": 624,
    "equidistancia_m": 1
   }
  },
  {
   "type": "Feature",
   "geometry": {
    "type": "LineString",
    "coordinates": [
     [
      -48.750473395,
      -25.450838176
     ],
     [
      -48.750482153,
      -25.450854743
     ],
     [
      -48.750493831,
      -25.450876832
     ],
     [
      -48.750493831,
      -25.450876832
     ]
    ]
   },
   "properties": {
    "tipo": "curva_nivel",
    "cota_m": 624,
    "equidistancia_m": 1
   }
  },
  {
   "type": "Feature",
   "geometry": {
    "type": "LineString",
    "coordinates": [
     [
      -48.750497724,
      -25.450884195
     ],
     [
      -48.75050551,
      -25.450898921
     ],
     [
      -48.750517188,
      -25.45092101
     ],
     [
      -48.750517188,
      -25.45092101
     ]
    ]
   },
   "properties": {
    "tipo": "curva_nivel",
    "cota_m": 624,
    "equidistancia_m": 1
   }
  },
  {
   "type": "Feature",
   "geometry": {
    "type": "LineString",
    "coordinates": [
     [
      -48.750522053,
      -25.450930214
     ],
     [
      -48.750528866,
      -25.450943099
     ],
     [
      -48.750540544,
      -25.450965188
     ],
     [
      -48.750546383,
      -25.450976232
     ],
     [
      -48.750552222,
      -25.450987277
     ],
     [
      -48.7505639,
      -25.451009366
     ],
     [
      -48.750570712,
      -25.451022251
     ],
     [
      -48.750575578,
      -25.451031455
     ],
     [
      -48.750587256,
      -25.451053544
     ],
     [
      -48.750595041,
      -25.45106827
     ],
     [
      -48.750598934,
      -25.451075633
     ],
     [
      -48.750610612,
      -25.451097722
     ],
     [
      -48.75061937,
      -25.451114289
     ],
     [
      -48.75062229,
      -25.451119811
     ],
     [
      -48.750633968,
      -25.451141901
     ],
     [
      -48.7506437,
      -25.451160308
     ],
     [
      -48.750645646,
      -25.45116399
     ],
     [
      -48.750657324,
      -25.451186079
     ],
     [
      -48.750668029,
      -25.451206327
     ],
     [
      -48.750669002,
      -25.451208168
     ],
     [
      -48.75068068,
      -25.451230257
     ],
     [
      -48.750692358,
      -25.451252346
     ],
     [
      -48.750704036,
      -25.451274435
     ],
     [
      -48.750715714,
      -25.451296524
     ],
     [
      -48.750715714,
      -25.451296524
     ]
    ]
   },
   "properties": {
    "tipo": "curva_nivel",
    "cota_m": 624,
    "equidistancia_m": 1
   }
  },
  {
   "type": "Feature",
   "geometry": {
    "type": "LineString",
    "coordinates": [
     [
      -48.750716688,
      -25.451298365
     ],
     [
      -48.750727392,
      -25.451318613
     ],
     [
      -48.75073907,
      -25.451340702
     ],
     [
      -48.75073907,
      -25.451340702
     ]
    ]
   },
   "properties": {
    "tipo": "curva_nivel",
    "cota_m": 624,
    "equidistancia_m": 1
   }
  },
  {
   "type": "Feature",
   "geometry": {
    "type": "LineString",
    "coordinates": [
     [
      -48.750741017,
      -25.451344384
     ],
     [
      -48.750750748,
      -25.451362791
     ],
     [
      -48.750762427,
      -25.45138488
     ],
     [
      -48.750762427,
      -25.45138488
     ]
    ]
   },
   "properties": {
    "tipo": "curva_nivel",
    "cota_m": 624,
    "equidistancia_m": 1
   }
  },
  {
   "type": "Feature",
   "geometry": {
    "type": "LineString",
    "coordinates": [
     [
      -48.750765346,
      -25.451390403
     ],
     [
      -48.750774105,
      -25.451406969
     ],
     [
      -48.750785783,
      -25.451429058
     ],
     [
      -48.750785783,
      -25.451429058
     ]
    ]
   },
   "properties": {
    "tipo": "curva_nivel",
    "cota_m": 624,
    "equidistancia_m": 1
   }
  },
  {
   "type": "Feature",
   "geometry": {
    "type": "LineString",
    "coordinates": [
     [
      -48.750789675,
      -25.451436422
     ],
     [
      -48.750797461,
      -25.451451148
     ],
     [
      -48.750809139,
      -25.451473237
     ],
     [
      -48.750809139,
      -25.451473237
     ]
    ]
   },
   "properties": {
    "tipo": "curva_nivel",
    "cota_m": 624,
    "equidistancia_m": 1
   }
  },
  {
   "type": "Feature",
   "geometry": {
    "type": "LineString",
    "coordinates": [
     [
      -48.750814005,
      -25.45148244
     ],
     [
      -48.750820817,
      -25.451495326
     ],
     [
      -48.750832495,
      -25.451517415
     ],
     [
      -48.750838334,
      -25.451528459
     ],
     [
      -48.750844173,
      -25.451539504
     ],
     [
      -48.750855851,
      -25.451561593
     ],
     [
      -48.750862663,
      -25.451574478
     ],
     [
      -48.750867529,
      -25.451583682
     ],
     [
      -48.750879207,
      -25.451605771
     ],
     [
      -48.750886992,
      -25.451620497
     ],
     [
      -48.750890885,
      -25.45162786
     ],
     [
      -48.750902563,
      -25.451649949
     ],
     [
      -48.750911322,
      -25.451666516
     ],
     [
      -48.750914241,
      -25.451672038
     ],
     [
      -48.750925919,
      -25.451694127
     ],
     [
      -48.750935651,
      -25.451712535
     ],
     [
      -48.750937597,
      -25.451716216
     ],
     [
      -48.750949275,
      -25.451738306
     ],
     [
      -48.75095998,
      -25.451758554
     ],
     [
      -48.750960953,
      -25.451760395
     ],
     [
      -48.750972631,
      -25.451782484
     ],
     [
      -48.750984309,
      -25.451804573
     ],
     [
      -48.750995987,
      -25.451826662
     ],
     [
      -48.751007665,
      -25.451848751
     ],
     [
      -48.751007665,
      -25.451848751
     ]
    ]
   },
   "properties": {
    "tipo": "curva_nivel",
    "cota_m": 624,
    "equidistancia_m": 1
   }
  },
  {
   "type": "Feature",
   "geometry": {
    "type": "LineString",
    "coordinates": [
     [
      -48.751008639,
      -25.451850592
     ],
     [
      -48.751019344,
      -25.45187084
     ],
     [
      -48.751031022,
      -25.451892929
     ],
     [
      -48.751031022,
      -25.451892929
     ]
    ]
   },
   "properties": {
    "tipo": "curva_nivel",
    "cota_m": 624,
    "equidistancia_m": 1
   }
  },
  {
   "type": "Feature",
   "geometry": {
    "type": "LineString",
    "coordinates": [
     [
      -48.751032968,
      -25.451896611
     ],
     [
      -48.7510427,
      -25.451915018
     ],
     [
      -48.751054378,
      -25.451937107
     ],
     [
      -48.751054378,
      -25.451937107
     ]
    ]
   },
   "properties": {
    "tipo": "curva_nivel",
    "cota_m": 624,
    "equidistancia_m": 1
   }
  },
  {
   "type": "Feature",
   "geometry": {
    "type": "LineString",
    "coordinates": [
     [
      -48.751057297,
      -25.451942629
     ],
     [
      -48.751066056,
      -25.451959196
     ],
     [
      -48.751077734,
      -25.451981285
     ]
    ]
   },
   "properties": {
    "tipo": "curva_nivel",
    "cota_m": 624,
    "equidistancia_m": 1
   }
  },
  {
   "type": "Feature",
   "geometry": {
    "type": "LineString",
    "coordinates": [
     [
      -48.748205908,
      -25.448336588
     ],
     [
      -48.748210774,
      -25.448345792
     ],
     [
      -48.748217586,
      -25.448358677
     ],
     [
      -48.748229264,
      -25.448380766
     ],
     [
      -48.748235103,
      -25.448391811
     ],
     [
      -48.748240942,
      -25.448402855
     ],
     [
      -48.74825262,
      -25.448424944
     ],
     [
      -48.748259432,
      -25.44843783
     ],
     [
      -48.748264298,
      -25.448447033
     ],
     [
      -48.748275976,
      -25.448469122
     ],
     [
      -48.748283761,
      -25.448483848
     ],
     [
      -48.748287654,
      -25.448491211
     ],
     [
      -48.748299332,
      -25.448513301
     ],
     [
      -48.748308091,
      -25.448529867
     ],
     [
      -48.74831101,
      -25.44853539
     ],
     [
      -48.748322688,
      -25.448557479
     ],
     [
      -48.74833242,
      -25.448575886
     ],
     [
      -48.748334366,
      -25.448579568
     ],
     [
      -48.748346044,
      -25.448601657
     ],
     [
      -48.748356749,
      -25.448621905
     ],
     [
      -48.748357722,
      -25.448623746
     ],
     [
      -48.7483694,
      -25.448645835
     ],
     [
      -48.748381079,
      -25.448667924
     ],
     [
      -48.748392757,
      -25.448690013
     ],
     [
      -48.748404435,
      -25.448712102
     ],
     [
      -48.748404435,
      -25.448712102
     ]
    ]
   },
   "properties": {
    "tipo": "curva_nivel",
    "cota_m": 625,
    "equidistancia_m": 1
   }
  },
  {
   "type": "Feature",
   "geometry": {
    "type": "LineString",
    "coordinates": [
     [
      -48.748405408,
      -25.448713943
     ],
     [
      -48.748416113,
      -25.448734191
     ],
     [
      -48.748427791,
      -25.44875628
     ],
     [
      -48.748427791,
      -25.44875628
     ]
    ]
   },
   "properties": {
    "tipo": "curva_nivel",
    "cota_m": 625,
    "equidistancia_m": 1
   }
  },
  {
   "type": "Feature",
   "geometry": {
    "type": "LineString",
    "coordinates": [
     [
      -48.748429737,
      -25.448759962
     ],
     [
      -48.748439469,
      -25.448778369
     ],
     [
      -48.748451147,
      -25.448800459
     ],
     [
      -48.748451147,
      -25.448800459
     ]
    ]
   },
   "properties": {
    "tipo": "curva_nivel",
    "cota_m": 625,
    "equidistancia_m": 1
   }
  },
  {
   "type": "Feature",
   "geometry": {
    "type": "LineString",
    "coordinates": [
     [
      -48.748454066,
      -25.448805981
     ],
     [
      -48.748462825,
      -25.448822548
     ],
     [
      -48.748474503,
      -25.448844637
     ],
     [
      -48.748474503,
      -25.448844637
     ]
    ]
   },
   "properties": {
    "tipo": "curva_nivel",
    "cota_m": 625,
    "equidistancia_m": 1
   }
  },
  {
   "type": "Feature",
   "geometry": {
    "type": "LineString",
    "coordinates": [
     [
      -48.748478396,
      -25.448852
     ],
     [
      -48.748486181,
      -25.448866726
     ],
     [
      -48.748497859,
      -25.448888815
     ],
     [
      -48.748497859,
      -25.448888815
     ]
    ]
   },
   "properties": {
    "tipo": "curva_nivel",
    "cota_m": 625,
    "equidistancia_m": 1
   }
  },
  {
   "type": "Feature",
   "geometry": {
    "type": "LineString",
    "coordinates": [
     [
      -48.748502725,
      -25.448898019
     ],
     [
      -48.748509537,
      -25.448910904
     ],
     [
      -48.748521215,
      -25.448932993
     ],
     [
      -48.748527054,
      -25.448944037
     ],
     [
      -48.748532893,
      -25.448955082
     ],
     [
      -48.748544571,
      -25.448977171
     ],
     [
      -48.748551383,
      -25.448990056
     ],
     [
      -48.748556249,
      -25.44899926
     ],
     [
      -48.748567927,
      -25.449021349
     ],
     [
      -48.748575713,
      -25.449036075
     ],
     [
      -48.748579605,
      -25.449043438
     ],
     [
      -48.748591283,
      -25.449065527
     ],
     [
      -48.748600042,
      -25.449082094
     ],
     [
      -48.748602961,
      -25.449087616
     ],
     [
      -48.748614639,
      -25.449109706
     ],
     [
      -48.748624371,
      -25.449128113
     ],
     [
      -48.748626317,
      -25.449131795
     ],
     [
      -48.748637995,
      -25.449153884
     ],
     [
      -48.7486487,
      -25.449174132
     ],
     [
      -48.748649674,
      -25.449175973
     ],
     [
      -48.748661352,
      -25.449198062
     ],
     [
      -48.74867303,
      -25.449220151
     ],
     [
      -48.748684708,
      -25.44924224
     ],
     [
      -48.748696386,
      -25.449264329
     ],
     [
      -48.748696386,
      -25.449264329
     ]
    ]
   },
   "properties": {
    "tipo": "curva_nivel",
    "cota_m": 625,
    "equidistancia_m": 1
   }
  },
  {
   "type": "Feature",
   "geometry": {
    "type": "LineString",
    "coordinates": [
     [
      -48.748697359,
      -25.44926617
     ],
     [
      -48.748708064,
      -25.449286418
     ],
     [
      -48.748719742,
      -25.449308507
     ],
     [
      -48.748719742,
      -25.449308507
     ]
    ]
   },
   "properties": {
    "tipo": "curva_nivel",
    "cota_m": 625,
    "equidistancia_m": 1
   }
  },
  {
   "type": "Feature",
   "geometry": {
    "type": "LineString",
    "coordinates": [
     [
      -48.748721688,
      -25.449312189
     ],
     [
      -48.74873142,
      -25.449330596
     ],
     [
      -48.748743098,
      -25.449352685
     ],
     [
      -48.748743098,
      -25.449352685
     ]
    ]
   },
   "properties": {
    "tipo": "curva_nivel",
    "cota_m": 625,
    "equidistancia_m": 1
   }
  },
  {
   "type": "Feature",
   "geometry": {
    "type": "LineString",
    "coordinates": [
     [
      -48.748746017,
      -25.449358208
     ],
     [
      -48.748754776,
      -25.449374774
     ],
     [
      -48.748766454,
      -25.449396864
     ],
     [
      -48.748766454,
      -25.449396864
     ]
    ]
   },
   "properties": {
    "tipo": "curva_nivel",
    "cota_m": 625,
    "equidistancia_m": 1
   }
  },
  {
   "type": "Feature",
   "geometry": {
    "type": "LineString",
    "coordinates": [
     [
      -48.748770347,
      -25.449404227
     ],
     [
      -48.748778132,
      -25.449418953
     ],
     [
      -48.74878981,
      -25.449441042
     ],
     [
      -48.74878981,
      -25.449441042
     ]
    ]
   },
   "properties": {
    "tipo": "curva_nivel",
    "cota_m": 625,
    "equidistancia_m": 1
   }
  },
  {
   "type": "Feature",
   "geometry": {
    "type": "LineString",
    "coordinates": [
     [
      -48.748794676,
      -25.449450245
     ],
     [
      -48.748801488,
      -25.449463131
     ],
     [
      -48.748813166,
      -25.44948522
     ],
     [
      -48.748819005,
      -25.449496264
     ],
     [
      -48.748824844,
      -25.449507309
     ],
     [
      -48.748836522,
      -25.449529398
     ],
     [
      -48.748843334,
      -25.449542283
     ],
     [
      -48.7488482,
      -25.449551487
     ],
     [
      -48.748859878,
      -25.449573576
     ],
     [
      -48.748867664,
      -25.449588302
     ],
     [
      -48.748871556,
      -25.449595665
     ],
     [
      -48.748883234,
      -25.449617754
     ],
     [
      -48.748891993,
      -25.449634321
     ],
     [
      -48.748894912,
      -25.449639843
     ],
     [
      -48.748906591,
      -25.449661932
     ],
     [
      -48.748916322,
      -25.44968034
     ],
     [
      -48.748918269,
      -25.449684022
     ],
     [
      -48.748929947,
      -25.449706111
     ],
     [
      -48.748940651,
      -25.449726359
     ],
     [
      -48.748941625,
      -25.4497282
     ],
     [
      -48.748953303,
      -25.449750289
     ],
     [
      -48.748964981,
      -25.449772378
     ],
     [
      -48.748976659,
      -25.449794467
     ],
     [
      -48.748988337,
      -25.449816556
     ],
     [
      -48.748988337,
      -25.449816556
     ]
    ]
   },
   "properties": {
    "tipo": "curva_nivel",
    "cota_m": 625,
    "equidistancia_m": 1
   }
  },
  {
   "type": "Feature",
   "geometry": {
    "type": "LineString",
    "coordinates": [
     [
      -48.74898931,
      -25.449818397
     ],
     [
      -48.749000015,
      -25.449838645
     ],
     [
      -48.749011693,
      -25.449860734
     ],
     [
      -48.749011693,
      -25.449860734
     ]
    ]
   },
   "properties": {
    "tipo": "curva_nivel",
    "cota_m": 625,
    "equidistancia_m": 1
   }
  },
  {
   "type": "Feature",
   "geometry": {
    "type": "LineString",
    "coordinates": [
     [
      -48.749013639,
      -25.449864416
     ],
     [
      -48.749023371,
      -25.449882823
     ],
     [
      -48.749035049,
      -25.449904912
     ],
     [
      -48.749035049,
      -25.449904912
     ]
    ]
   },
   "properties": {
    "tipo": "curva_nivel",
    "cota_m": 625,
    "equidistancia_m": 1
   }
  },
  {
   "type": "Feature",
   "geometry": {
    "type": "LineString",
    "coordinates": [
     [
      -48.749037969,
      -25.449910435
     ],
     [
      -48.749046727,
      -25.449927001
     ],
     [
      -48.749058405,
      -25.44994909
     ],
     [
      -48.749058405,
      -25.44994909
     ]
    ]
   },
   "properties": {
    "tipo": "curva_nivel",
    "cota_m": 625,
    "equidistancia_m": 1
   }
  },
  {
   "type": "Feature",
   "geometry": {
    "type": "LineString",
    "coordinates": [
     [
      -48.749062298,
      -25.449956453
     ],
     [
      -48.749070083,
      -25.44997118
     ],
     [
      -48.749081761,
      -25.449993269
     ],
     [
      -48.749081761,
      -25.449993269
     ]
    ]
   },
   "properties": {
    "tipo": "curva_nivel",
    "cota_m": 625,
    "equidistancia_m": 1
   }
  },
  {
   "type": "Feature",
   "geometry": {
    "type": "LineString",
    "coordinates": [
     [
      -48.749086627,
      -25.450002472
     ],
     [
      -48.749093439,
      -25.450015358
     ],
     [
      -48.749105117,
      -25.450037447
     ],
     [
      -48.749110956,
      -25.450048491
     ],
     [
      -48.749116795,
      -25.450059536
     ],
     [
      -48.749128473,
      -25.450081625
     ],
     [
      -48.749135286,
      -25.45009451
     ],
     [
      -48.749140151,
      -25.450103714
     ],
     [
      -48.749151829,
      -25.450125803
     ],
     [
      -48.749159615,
      -25.450140529
     ],
     [
      -48.749163508,
      -25.450147892
     ],
     [
      -48.749175186,
      -25.450169981
     ],
     [
      -48.749183944,
      -25.450186548
     ],
     [
      -48.749186864,
      -25.45019207
     ],
     [
      -48.749198542,
      -25.450214159
     ],
     [
      -48.749208273,
      -25.450232567
     ],
     [
      -48.74921022,
      -25.450236248
     ],
     [
      -48.749221898,
      -25.450258337
     ],
     [
      -48.749232603,
      -25.450278586
     ],
     [
      -48.749233576,
      -25.450280427
     ],
     [
      -48.749245254,
      -25.450302516
     ],
     [
      -48.749256932,
      -25.450324605
     ],
     [
      -48.74926861,
      -25.450346694
     ],
     [
      -48.749280288,
      -25.450368783
     ],
     [
      -48.749280288,
      -25.450368783
     ]
    ]
   },
   "properties": {
    "tipo": "curva_nivel",
    "cota_m": 625,
    "equidistancia_m": 1
   }
  },
  {
   "type": "Feature",
   "geometry": {
    "type": "LineString",
    "coordinates": [
     [
      -48.749281261,
      -25.450370624
     ],
     [
      -48.749291966,
      -25.450390872
     ],
     [
      -48.749303644,
      -25.450412961
     ],
     [
      -48.749303644,
      -25.450412961
     ]
    ]
   },
   "properties": {
    "tipo": "curva_nivel",
    "cota_m": 625,
    "equidistancia_m": 1
   }
  },
  {
   "type": "Feature",
   "geometry": {
    "type": "LineString",
    "coordinates": [
     [
      -48.74930559,
      -25.450416643
     ],
     [
      -48.749315322,
      -25.45043505
     ],
     [
      -48.749327,
      -25.450457139
     ],
     [
      -48.749327,
      -25.450457139
     ]
    ]
   },
   "properties": {
    "tipo": "curva_nivel",
    "cota_m": 625,
    "equidistancia_m": 1
   }
  },
  {
   "type": "Feature",
   "geometry": {
    "type": "LineString",
    "coordinates": [
     [
      -48.74932992,
      -25.450462661
     ],
     [
      -48.749338678,
      -25.450479228
     ],
     [
      -48.749350356,
      -25.450501317
     ],
     [
      -48.749350356,
      -25.450501317
     ]
    ]
   },
   "properties": {
    "tipo": "curva_nivel",
    "cota_m": 625,
    "equidistancia_m": 1
   }
  },
  {
   "type": "Feature",
   "geometry": {
    "type": "LineString",
    "coordinates": [
     [
      -48.749354249,
      -25.45050868
     ],
     [
      -48.749362034,
      -25.450523406
     ],
     [
      -48.749373712,
      -25.450545495
     ],
     [
      -48.749373712,
      -25.450545495
     ]
    ]
   },
   "properties": {
    "tipo": "curva_nivel",
    "cota_m": 625,
    "equidistancia_m": 1
   }
  },
  {
   "type": "Feature",
   "geometry": {
    "type": "LineString",
    "coordinates": [
     [
      -48.749378578,
      -25.450554699
     ],
     [
      -48.74938539,
      -25.450567585
     ],
     [
      -48.749397068,
      -25.450589674
     ],
     [
      -48.749402907,
      -25.450600718
     ],
     [
      -48.749408746,
      -25.450611763
     ],
     [
      -48.749420425,
      -25.450633852
     ],
     [
      -48.749427237,
      -25.450646737
     ],
     [
      -48.749432103,
      -25.450655941
     ],
     [
      -48.749443781,
      -25.45067803
     ],
     [
      -48.749451566,
      -25.450692756
     ],
     [
      -48.749455459,
      -25.450700119
     ],
     [
      -48.749467137,
      -25.450722208
     ],
     [
      -48.749475895,
      -25.450738775
     ],
     [
      -48.749478815,
      -25.450744297
     ],
     [
      -48.749490493,
      -25.450766386
     ],
     [
      -48.749500224,
      -25.450784794
     ],
     [
      -48.749502171,
      -25.450788475
     ],
     [
      -48.749513849,
      -25.450810564
     ],
     [
      -48.749524554,
      -25.450830813
     ],
     [
      -48.749525527,
      -25.450832653
     ],
     [
      -48.749537205,
      -25.450854743
     ],
     [
      -48.749548883,
      -25.450876832
     ],
     [
      -48.749560561,
      -25.450898921
     ],
     [
      -48.749572239,
      -25.45092101
     ],
     [
      -48.749572239,
      -25.45092101
     ]
    ]
   },
   "properties": {
    "tipo": "curva_nivel",
    "cota_m": 625,
    "equidistancia_m": 1
   }
  },
  {
   "type": "Feature",
   "geometry": {
    "type": "LineString",
    "coordinates": [
     [
      -48.749573212,
      -25.450922851
     ],
     [
      -48.749583917,
      -25.450943099
     ],
     [
      -48.749595595,
      -25.450965188
     ],
     [
      -48.749595595,
      -25.450965188
     ]
    ]
   },
   "properties": {
    "tipo": "curva_nivel",
    "cota_m": 625,
    "equidistancia_m": 1
   }
  },
  {
   "type": "Feature",
   "geometry": {
    "type": "LineString",
    "coordinates": [
     [
      -48.749597542,
      -25.450968869
     ],
     [
      -48.749607273,
      -25.450987277
     ],
     [
      -48.749618951,
      -25.451009366
     ],
     [
      -48.749618951,
      -25.451009366
     ]
    ]
   },
   "properties": {
    "tipo": "curva_nivel",
    "cota_m": 625,
    "equidistancia_m": 1
   }
  },
  {
   "type": "Feature",
   "geometry": {
    "type": "LineString",
    "coordinates": [
     [
      -48.749621871,
      -25.451014888
     ],
     [
      -48.749630629,
      -25.451031455
     ],
     [
      -48.749642307,
      -25.451053544
     ],
     [
      -48.749642307,
      -25.451053544
     ]
    ]
   },
   "properties": {
    "tipo": "curva_nivel",
    "cota_m": 625,
    "equidistancia_m": 1
   }
  },
  {
   "type": "Feature",
   "geometry": {
    "type": "LineString",
    "coordinates": [
     [
      -48.7496462,
      -25.451060907
     ],
     [
      -48.749653985,
      -25.451075633
     ],
     [
      -48.749665663,
      -25.451097722
     ],
     [
      -48.749665663,
      -25.451097722
     ]
    ]
   },
   "properties": {
    "tipo": "curva_nivel",
    "cota_m": 625,
    "equidistancia_m": 1
   }
  },
  {
   "type": "Feature",
   "geometry": {
    "type": "LineString",
    "coordinates": [
     [
      -48.749670529,
      -25.451106926
     ],
     [
      -48.749677342,
      -25.451119811
     ],
     [
      -48.74968902,
      -25.451141901
     ],
     [
      -48.749694859,
      -25.451152945
     ],
     [
      -48.749700698,
      -25.45116399
     ],
     [
      -48.749712376,
      -25.451186079
     ],
     [
      -48.749719188,
      -25.451198964
     ],
     [
      -48.749724054,
      -25.451208168
     ],
     [
      -48.749735732,
      -25.451230257
     ],
     [
      -48.749743517,
      -25.451244983
     ],
     [
      -48.74974741,
      -25.451252346
     ],
     [
      -48.749759088,
      -25.451274435
     ],
     [
      -48.749767846,
      -25.451291002
     ],
     [
      -48.749770766,
      -25.451296524
     ],
     [
      -48.749782444,
      -25.451318613
     ],
     [
      -48.749792176,
      -25.451337021
     ],
     [
      -48.749794122,
      -25.451340702
     ],
     [
      -48.7498058,
      -25.451362791
     ],
     [
      -48.749816505,
      -25.45138304
     ],
     [
      -48.749817478,
      -25.45138488
     ],
     [
      -48.749829156,
      -25.451406969
     ],
     [
      -48.749840834,
      -25.451429058
     ],
     [
      -48.749852512,
      -25.451451148
     ],
     [
      -48.74986419,
      -25.451473237
     ],
     [
      -48.74986419,
      -25.451473237
     ]
    ]
   },
   "properties": {
    "tipo": "curva_nivel",
    "cota_m": 625,
    "equidistancia_m": 1
   }
  },
  {
   "type": "Feature",
   "geometry": {
    "type": "LineString",
    "coordinates": [
     [
      -48.749865163,
      -25.451475077
     ],
     [
      -48.749875868,
      -25.451495326
     ],
     [
      -48.749887546,
      -25.451517415
     ],
     [
      -48.749887546,
      -25.451517415
     ]
    ]
   },
   "properties": {
    "tipo": "curva_nivel",
    "cota_m": 625,
    "equidistancia_m": 1
   }
  },
  {
   "type": "Feature",
   "geometry": {
    "type": "LineString",
    "coordinates": [
     [
      -48.749889493,
      -25.451521096
     ],
     [
      -48.749899224,
      -25.451539504
     ],
     [
      -48.749910902,
      -25.451561593
     ],
     [
      -48.749910902,
      -25.451561593
     ]
    ]
   },
   "properties": {
    "tipo": "curva_nivel",
    "cota_m": 625,
    "equidistancia_m": 1
   }
  },
  {
   "type": "Feature",
   "geometry": {
    "type": "LineString",
    "coordinates": [
     [
      -48.749913822,
      -25.451567115
     ],
     [
      -48.74992258,
      -25.451583682
     ],
     [
      -48.749934258,
      -25.451605771
     ],
     [
      -48.749934258,
      -25.451605771
     ]
    ]
   },
   "properties": {
    "tipo": "curva_nivel",
    "cota_m": 625,
    "equidistancia_m": 1
   }
  },
  {
   "type": "Feature",
   "geometry": {
    "type": "LineString",
    "coordinates": [
     [
      -48.749938151,
      -25.451613134
     ],
     [
      -48.749945937,
      -25.45162786
     ],
     [
      -48.749957615,
      -25.451649949
     ],
     [
      -48.749957615,
      -25.451649949
     ]
    ]
   },
   "properties": {
    "tipo": "curva_nivel",
    "cota_m": 625,
    "equidistancia_m": 1
   }
  },
  {
   "type": "Feature",
   "geometry": {
    "type": "LineString",
    "coordinates": [
     [
      -48.74996248,
      -25.451659153
     ],
     [
      -48.749969293,
      -25.451672038
     ],
     [
      -48.749980971,
      -25.451694127
     ],
     [
      -48.74998681,
      -25.451705172
     ],
     [
      -48.749992649,
      -25.451716216
     ],
     [
      -48.750004327,
      -25.451738306
     ],
     [
      -48.750011139,
      -25.451751191
     ],
     [
      -48.750016005,
      -25.451760395
     ],
     [
      -48.750027683,
      -25.451782484
     ],
     [
      -48.750035468,
      -25.45179721
     ],
     [
      -48.750039361,
      -25.451804573
     ],
     [
      -48.750051039,
      -25.451826662
     ],
     [
      -48.750059797,
      -25.451843229
     ],
     [
      -48.750062717,
      -25.451848751
     ],
     [
      -48.750074395,
      -25.45187084
     ],
     [
      -48.750084127,
      -25.451889248
     ],
     [
      -48.750086073,
      -25.451892929
     ],
     [
      -48.750097751,
      -25.451915018
     ],
     [
      -48.750108456,
      -25.451935266
     ],
     [
      -48.750109429,
      -25.451937107
     ],
     [
      -48.750121107,
      -25.451959196
     ],
     [
      -48.750132785,
      -25.451981285
     ]
    ]
   },
   "properties": {
    "tipo": "curva_nivel",
    "cota_m": 625,
    "equidistancia_m": 1
   }
  },
  {
   "type": "Feature",
   "geometry": {
    "type": "LineString",
    "coordinates": [
     [
      -48.747261933,
      -25.448338429
     ],
     [
      -48.747272637,
      -25.448358677
     ],
     [
      -48.747284315,
      -25.448380766
     ],
     [
      -48.747284315,
      -25.448380766
     ]
    ]
   },
   "properties": {
    "tipo": "curva_nivel",
    "cota_m": 626,
    "equidistancia_m": 1
   }
  },
  {
   "type": "Feature",
   "geometry": {
    "type": "LineString",
    "coordinates": [
     [
      -48.747286262,
      -25.448384448
     ],
     [
      -48.747295993,
      -25.448402855
     ],
     [
      -48.747307672,
      -25.448424944
     ],
     [
      -48.747307672,
      -25.448424944
     ]
    ]
   },
   "properties": {
    "tipo": "curva_nivel",
    "cota_m": 626,
    "equidistancia_m": 1
   }
  },
  {
   "type": "Feature",
   "geometry": {
    "type": "LineString",
    "coordinates": [
     [
      -48.747310591,
      -25.448430466
     ],
     [
      -48.74731935,
      -25.448447033
     ],
     [
      -48.747331028,
      -25.448469122
     ],
     [
      -48.747331028,
      -25.448469122
     ]
    ]
   },
   "properties": {
    "tipo": "curva_nivel",
    "cota_m": 626,
    "equidistancia_m": 1
   }
  },
  {
   "type": "Feature",
   "geometry": {
    "type": "LineString",
    "coordinates": [
     [
      -48.74733492,
      -25.448476485
     ],
     [
      -48.747342706,
      -25.448491211
     ],
     [
      -48.747354384,
      -25.448513301
     ],
     [
      -48.747354384,
      -25.448513301
     ]
    ]
   },
   "properties": {
    "tipo": "curva_nivel",
    "cota_m": 626,
    "equidistancia_m": 1
   }
  },
  {
   "type": "Feature",
   "geometry": {
    "type": "LineString",
    "coordinates": [
     [
      -48.74735925,
      -25.448522504
     ],
     [
      -48.747366062,
      -25.44853539
     ],
     [
      -48.74737774,
      -25.448557479
     ],
     [
      -48.747383579,
      -25.448568523
     ],
     [
      -48.747389418,
      -25.448579568
     ],
     [
      -48.747401096,
      -25.448601657
     ],
     [
      -48.747407908,
      -25.448614542
     ],
     [
      -48.747412774,
      -25.448623746
     ],
     [
      -48.747424452,
      -25.448645835
     ],
     [
      -48.747432237,
      -25.448660561
     ],
     [
      -48.74743613,
      -25.448667924
     ],
     [
      -48.747447808,
      -25.448690013
     ],
     [
      -48.747456567,
      -25.44870658
     ],
     [
      -48.747459486,
      -25.448712102
     ],
     [
      -48.747471164,
      -25.448734191
     ],
     [
      -48.747480896,
      -25.448752599
     ],
     [
      -48.747482842,
      -25.44875628
     ],
     [
      -48.74749452,
      -25.448778369
     ],
     [
      -48.747505225,
      -25.448798618
     ],
     [
      -48.747506198,
      -25.448800459
     ],
     [
      -48.747517876,
      -25.448822548
     ],
     [
      -48.747529554,
      -25.448844637
     ],
     [
      -48.747541232,
      -25.448866726
     ],
     [
      -48.74755291,
      -25.448888815
     ],
     [
      -48.74755291,
      -25.448888815
     ]
    ]
   },
   "properties": {
    "tipo": "curva_nivel",
    "cota_m": 626,
    "equidistancia_m": 1
   }
  },
  {
   "type": "Feature",
   "geometry": {
    "type": "LineString",
    "coordinates": [
     [
      -48.747553884,
      -25.448890656
     ],
     [
      -48.747564589,
      -25.448910904
     ],
     [
      -48.747576267,
      -25.448932993
     ],
     [
      -48.747576267,
      -25.448932993
     ]
    ]
   },
   "properties": {
    "tipo": "curva_nivel",
    "cota_m": 626,
    "equidistancia_m": 1
   }
  },
  {
   "type": "Feature",
   "geometry": {
    "type": "LineString",
    "coordinates": [
     [
      -48.747578213,
      -25.448936674
     ],
     [
      -48.747587945,
      -25.448955082
     ],
     [
      -48.747599623,
      -25.448977171
     ],
     [
      -48.747599623,
      -25.448977171
     ]
    ]
   },
   "properties": {
    "tipo": "curva_nivel",
    "cota_m": 626,
    "equidistancia_m": 1
   }
  },
  {
   "type": "Feature",
   "geometry": {
    "type": "LineString",
    "coordinates": [
     [
      -48.747602542,
      -25.448982693
     ],
     [
      -48.747611301,
      -25.44899926
     ],
     [
      -48.747622979,
      -25.449021349
     ],
     [
      -48.747622979,
      -25.449021349
     ]
    ]
   },
   "properties": {
    "tipo": "curva_nivel",
    "cota_m": 626,
    "equidistancia_m": 1
   }
  },
  {
   "type": "Feature",
   "geometry": {
    "type": "LineString",
    "coordinates": [
     [
      -48.747626871,
      -25.449028712
     ],
     [
      -48.747634657,
      -25.449043438
     ],
     [
      -48.747646335,
      -25.449065527
     ],
     [
      -48.747646335,
      -25.449065527
     ]
    ]
   },
   "properties": {
    "tipo": "curva_nivel",
    "cota_m": 626,
    "equidistancia_m": 1
   }
  },
  {
   "type": "Feature",
   "geometry": {
    "type": "LineString",
    "coordinates": [
     [
      -48.747651201,
      -25.449074731
     ],
     [
      -48.747658013,
      -25.449087616
     ],
     [
      -48.747669691,
      -25.449109706
     ],
     [
      -48.74767553,
      -25.44912075
     ],
     [
      -48.747681369,
      -25.449131795
     ],
     [
      -48.747693047,
      -25.449153884
     ],
     [
      -48.747699859,
      -25.449166769
     ],
     [
      -48.747704725,
      -25.449175973
     ],
     [
      -48.747716403,
      -25.449198062
     ],
     [
      -48.747724188,
      -25.449212788
     ],
     [
      -48.747728081,
      -25.449220151
     ],
     [
      -48.747739759,
      -25.44924224
     ],
     [
      -48.747748518,
      -25.449258807
     ],
     [
      -48.747751437,
      -25.449264329
     ],
     [
      -48.747763115,
      -25.449286418
     ],
     [
      -48.747772847,
      -25.449304826
     ],
     [
      -48.747774793,
      -25.449308507
     ],
     [
      -48.747786471,
      -25.449330596
     ],
     [
      -48.747797176,
      -25.449350845
     ],
     [
      -48.747798149,
      -25.449352685
     ],
     [
      -48.747809827,
      -25.449374774
     ],
     [
      -48.747821506,
      -25.449396864
     ],
     [
      -48.747833184,
      -25.449418953
     ],
     [
      -48.747844862,
      -25.449441042
     ],
     [
      -48.747844862,
      -25.449441042
     ]
    ]
   },
   "properties": {
    "tipo": "curva_nivel",
    "cota_m": 626,
    "equidistancia_m": 1
   }
  },
  {
   "type": "Feature",
   "geometry": {
    "type": "LineString",
    "coordinates": [
     [
      -48.747845835,
      -25.449442882
     ],
     [
      -48.74785654,
      -25.449463131
     ],
     [
      -48.747868218,
      -25.44948522
     ],
     [
      -48.747868218,
      -25.44948522
     ]
    ]
   },
   "properties": {
    "tipo": "curva_nivel",
    "cota_m": 626,
    "equidistancia_m": 1
   }
  },
  {
   "type": "Feature",
   "geometry": {
    "type": "LineString",
    "coordinates": [
     [
      -48.747870164,
      -25.449488901
     ],
     [
      -48.747879896,
      -25.449507309
     ],
     [
      -48.747891574,
      -25.449529398
     ],
     [
      -48.747891574,
      -25.449529398
     ]
    ]
   },
   "properties": {
    "tipo": "curva_nivel",
    "cota_m": 626,
    "equidistancia_m": 1
   }
  },
  {
   "type": "Feature",
   "geometry": {
    "type": "LineString",
    "coordinates": [
     [
      -48.747894493,
      -25.44953492
     ],
     [
      -48.747903252,
      -25.449551487
     ],
     [
      -48.74791493,
      -25.449573576
     ],
     [
      -48.74791493,
      -25.449573576
     ]
    ]
   },
   "properties": {
    "tipo": "curva_nivel",
    "cota_m": 626,
    "equidistancia_m": 1
   }
  },
  {
   "type": "Feature",
   "geometry": {
    "type": "LineString",
    "coordinates": [
     [
      -48.747918823,
      -25.449580939
     ],
     [
      -48.747926608,
      -25.449595665
     ],
     [
      -48.747938286,
      -25.449617754
     ],
     [
      -48.747938286,
      -25.449617754
     ]
    ]
   },
   "properties": {
    "tipo": "curva_nivel",
    "cota_m": 626,
    "equidistancia_m": 1
   }
  },
  {
   "type": "Feature",
   "geometry": {
    "type": "LineString",
    "coordinates": [
     [
      -48.747943152,
      -25.449626958
     ],
     [
      -48.747949964,
      -25.449639843
     ],
     [
      -48.747961642,
      -25.449661932
     ],
     [
      -48.747967481,
      -25.449672977
     ],
     [
      -48.74797332,
      -25.449684022
     ],
     [
      -48.747984998,
      -25.449706111
     ],
     [
      -48.74799181,
      -25.449718996
     ],
     [
      -48.747996676,
      -25.4497282
     ],
     [
      -48.748008354,
      -25.449750289
     ],
     [
      -48.74801614,
      -25.449765015
     ],
     [
      -48.748020032,
      -25.449772378
     ],
     [
      -48.74803171,
      -25.449794467
     ],
     [
      -48.748040469,
      -25.449811034
     ],
     [
      -48.748043388,
      -25.449816556
     ],
     [
      -48.748055066,
      -25.449838645
     ],
     [
      -48.748064798,
      -25.449857053
     ],
     [
      -48.748066744,
      -25.449860734
     ],
     [
      -48.748078423,
      -25.449882823
     ],
     [
      -48.748089127,
      -25.449903072
     ],
     [
      -48.748090101,
      -25.449904912
     ],
     [
      -48.748101779,
      -25.449927001
     ],
     [
      -48.748113457,
      -25.44994909
     ],
     [
      -48.748125135,
      -25.44997118
     ],
     [
      -48.748136813,
      -25.449993269
     ],
     [
      -48.748136813,
      -25.449993269
     ]
    ]
   },
   "properties": {
    "tipo": "curva_nivel",
    "cota_m": 626,
    "equidistancia_m": 1
   }
  },
  {
   "type": "Feature",
   "geometry": {
    "type": "LineString",
    "coordinates": [
     [
      -48.748137786,
      -25.449995109
     ],
     [
      -48.748148491,
      -25.450015358
     ],
     [
      -48.748160169,
      -25.450037447
     ],
     [
      -48.748160169,
      -25.450037447
     ]
    ]
   },
   "properties": {
    "tipo": "curva_nivel",
    "cota_m": 626,
    "equidistancia_m": 1
   }
  },
  {
   "type": "Feature",
   "geometry": {
    "type": "LineString",
    "coordinates": [
     [
      -48.748162115,
      -25.450041128
     ],
     [
      -48.748171847,
      -25.450059536
     ],
     [
      -48.748183525,
      -25.450081625
     ],
     [
      -48.748183525,
      -25.450081625
     ]
    ]
   },
   "properties": {
    "tipo": "curva_nivel",
    "cota_m": 626,
    "equidistancia_m": 1
   }
  },
  {
   "type": "Feature",
   "geometry": {
    "type": "LineString",
    "coordinates": [
     [
      -48.748186444,
      -25.450087147
     ],
     [
      -48.748195203,
      -25.450103714
     ],
     [
      -48.748206881,
      -25.450125803
     ],
     [
      -48.748206881,
      -25.450125803
     ]
    ]
   },
   "properties": {
    "tipo": "curva_nivel",
    "cota_m": 626,
    "equidistancia_m": 1
   }
  },
  {
   "type": "Feature",
   "geometry": {
    "type": "LineString",
    "coordinates": [
     [
      -48.748210774,
      -25.450133166
     ],
     [
      -48.748218559,
      -25.450147892
     ],
     [
      -48.748230237,
      -25.450169981
     ],
     [
      -48.748230237,
      -25.450169981
     ]
    ]
   },
   "properties": {
    "tipo": "curva_nivel",
    "cota_m": 626,
    "equidistancia_m": 1
   }
  },
  {
   "type": "Feature",
   "geometry": {
    "type": "LineString",
    "coordinates": [
     [
      -48.748235103,
      -25.450179185
     ],
     [
      -48.748241915,
      -25.45019207
     ],
     [
      -48.748253593,
      -25.450214159
     ],
     [
      -48.748259432,
      -25.450225204
     ],
     [
      -48.748265271,
      -25.450236248
     ],
     [
      -48.748276949,
      -25.450258337
     ],
     [
      -48.748283761,
      -25.450271223
     ],
     [
      -48.748288627,
      -25.450280427
     ],
     [
      -48.748300305,
      -25.450302516
     ],
     [
      -48.748308091,
      -25.450317242
     ],
     [
      -48.748311983,
      -25.450324605
     ],
     [
      -48.748323661,
      -25.450346694
     ],
     [
      -48.74833242,
      -25.450363261
     ],
     [
      -48.748335339,
      -25.450368783
     ],
     [
      -48.748347018,
      -25.450390872
     ],
     [
      -48.748356749,
      -25.45040928
     ],
     [
      -48.748358696,
      -25.450412961
     ],
     [
      -48.748370374,
      -25.45043505
     ],
     [
      -48.748381079,
      -25.450455298
     ],
     [
      -48.748382052,
      -25.450457139
     ],
     [
      -48.74839373,
      -25.450479228
     ],
     [
      -48.748405408,
      -25.450501317
     ],
     [
      -48.748417086,
      -25.450523406
     ],
     [
      -48.748428764,
      -25.450545495
     ],
     [
      -48.748428764,
      -25.450545495
     ]
    ]
   },
   "properties": {
    "tipo": "curva_nivel",
    "cota_m": 626,
    "equidistancia_m": 1
   }
  },
  {
   "type": "Feature",
   "geometry": {
    "type": "LineString",
    "coordinates": [
     [
      -48.748429737,
      -25.450547336
     ],
     [
      -48.748440442,
      -25.450567585
     ],
     [
      -48.74845212,
      -25.450589674
     ],
     [
      -48.74845212,
      -25.450589674
     ]
    ]
   },
   "properties": {
    "tipo": "curva_nivel",
    "cota_m": 626,
    "equidistancia_m": 1
   }
  },
  {
   "type": "Feature",
   "geometry": {
    "type": "LineString",
    "coordinates": [
     [
      -48.748454066,
      -25.450593355
     ],
     [
      -48.748463798,
      -25.450611763
     ],
     [
      -48.748475476,
      -25.450633852
     ],
     [
      -48.748475476,
      -25.450633852
     ]
    ]
   },
   "properties": {
    "tipo": "curva_nivel",
    "cota_m": 626,
    "equidistancia_m": 1
   }
  },
  {
   "type": "Feature",
   "geometry": {
    "type": "LineString",
    "coordinates": [
     [
      -48.748478396,
      -25.450639374
     ],
     [
      -48.748487154,
      -25.450655941
     ],
     [
      -48.748498832,
      -25.45067803
     ],
     [
      -48.748498832,
      -25.45067803
     ]
    ]
   },
   "properties": {
    "tipo": "curva_nivel",
    "cota_m": 626,
    "equidistancia_m": 1
   }
  },
  {
   "type": "Feature",
   "geometry": {
    "type": "LineString",
    "coordinates": [
     [
      -48.748502725,
      -25.450685393
     ],
     [
      -48.74851051,
      -25.450700119
     ],
     [
      -48.748522188,
      -25.450722208
     ],
     [
      -48.748522188,
      -25.450722208
     ]
    ]
   },
   "properties": {
    "tipo": "curva_nivel",
    "cota_m": 626,
    "equidistancia_m": 1
   }
  },
  {
   "type": "Feature",
   "geometry": {
    "type": "LineString",
    "coordinates": [
     [
      -48.748527054,
      -25.450731412
     ],
     [
      -48.748533866,
      -25.450744297
     ],
     [
      -48.748545544,
      -25.450766386
     ],
     [
      -48.748551383,
      -25.450777431
     ],
     [
      -48.748557222,
      -25.450788475
     ],
     [
      -48.7485689,
      -25.450810564
     ],
     [
      -48.748575713,
      -25.45082345
     ],
     [
      -48.748580578,
      -25.450832653
     ],
     [
      -48.748592256,
      -25.450854743
     ],
     [
      -48.748600042,
      -25.450869469
     ],
     [
      -48.748603935,
      -25.450876832
     ],
     [
      -48.748615613,
      -25.450898921
     ],
     [
      -48.748624371,
      -25.450915487
     ],
     [
      -48.748627291,
      -25.45092101
     ],
     [
      -48.748638969,
      -25.450943099
     ],
     [
      -48.7486487,
      -25.450961506
     ],
     [
      -48.748650647,
      -25.450965188
     ],
     [
      -48.748662325,
      -25.450987277
     ],
     [
      -48.74867303,
      -25.451007525
     ],
     [
      -48.748674003,
      -25.451009366
     ],
     [
      -48.748685681,
      -25.451031455
     ],
     [
      -48.748697359,
      -25.451053544
     ],
     [
      -48.748709037,
      -25.451075633
     ],
     [
      -48.748720715,
      -25.451097722
     ],
     [
      -48.748720715,
      -25.451097722
     ]
    ]
   },
   "properties": {
    "tipo": "curva_nivel",
    "cota_m": 626,
    "equidistancia_m": 1
   }
  },
  {
   "type": "Feature",
   "geometry": {
    "type": "LineString",
    "coordinates": [
     [
      -48.748721688,
      -25.451099563
     ],
     [
      -48.748732393,
      -25.451119811
     ],
     [
      -48.748744071,
      -25.451141901
     ],
     [
      -48.748744071,
      -25.451141901
     ]
    ]
   },
   "properties": {
    "tipo": "curva_nivel",
    "cota_m": 626,
    "equidistancia_m": 1
   }
  },
  {
   "type": "Feature",
   "geometry": {
    "type": "LineString",
    "coordinates": [
     [
      -48.748746017,
      -25.451145582
     ],
     [
      -48.748755749,
      -25.45116399
     ],
     [
      -48.748767427,
      -25.451186079
     ],
     [
      -48.748767427,
      -25.451186079
     ]
    ]
   },
   "properties": {
    "tipo": "curva_nivel",
    "cota_m": 626,
    "equidistancia_m": 1
   }
  },
  {
   "type": "Feature",
   "geometry": {
    "type": "LineString",
    "coordinates": [
     [
      -48.748770347,
      -25.451191601
     ],
     [
      -48.748779105,
      -25.451208168
     ],
     [
      -48.748790783,
      -25.451230257
     ],
     [
      -48.748790783,
      -25.451230257
     ]
    ]
   },
   "properties": {
    "tipo": "curva_nivel",
    "cota_m": 626,
    "equidistancia_m": 1
   }
  },
  {
   "type": "Feature",
   "geometry": {
    "type": "LineString",
    "coordinates": [
     [
      -48.748794676,
      -25.45123762
     ],
     [
      -48.748802461,
      -25.451252346
     ],
     [
      -48.748814139,
      -25.451274435
     ],
     [
      -48.748814139,
      -25.451274435
     ]
    ]
   },
   "properties": {
    "tipo": "curva_nivel",
    "cota_m": 626,
    "equidistancia_m": 1
   }
  },
  {
   "type": "Feature",
   "geometry": {
    "type": "LineString",
    "coordinates": [
     [
      -48.748819005,
      -25.451283639
     ],
     [
      -48.748825817,
      -25.451296524
     ],
     [
      -48.748837495,
      -25.451318613
     ],
     [
      -48.748843334,
      -25.451329658
     ],
     [
      -48.748849173,
      -25.451340702
     ],
     [
      -48.748860852,
      -25.451362791
     ],
     [
      -48.748867664,
      -25.451375677
     ],
     [
      -48.74887253,
      -25.45138488
     ],
     [
      -48.748884208,
      -25.451406969
     ],
     [
      -48.748891993,
      -25.451421695
     ],
     [
      -48.748895886,
      -25.451429058
     ],
     [
      -48.748907564,
      -25.451451148
     ],
     [
      -48.748916322,
      -25.451467714
     ],
     [
      -48.748919242,
      -25.451473237
     ],
     [
      -48.74893092,
      -25.451495326
     ],
     [
      -48.748940651,
      -25.451513733
     ],
     [
      -48.748942598,
      -25.451517415
     ],
     [
      -48.748954276,
      -25.451539504
     ],
     [
      -48.748964981,
      -25.451559752
     ],
     [
      -48.748965954,
      -25.451561593
     ],
     [
      -48.748977632,
      -25.451583682
     ],
     [
      -48.74898931,
      -25.451605771
     ],
     [
      -48.749000988,
      -25.45162786
     ],
     [
      -48.749012666,
      -25.451649949
     ],
     [
      -48.749012666,
      -25.451649949
     ]
    ]
   },
   "properties": {
    "tipo": "curva_nivel",
    "cota_m": 626,
    "equidistancia_m": 1
   }
  },
  {
   "type": "Feature",
   "geometry": {
    "type": "LineString",
    "coordinates": [
     [
      -48.749013639,
      -25.45165179
     ],
     [
      -48.749024344,
      -25.451672038
     ],
     [
      -48.749036022,
      -25.451694127
     ],
     [
      -48.749036022,
      -25.451694127
     ]
    ]
   },
   "properties": {
    "tipo": "curva_nivel",
    "cota_m": 626,
    "equidistancia_m": 1
   }
  },
  {
   "type": "Feature",
   "geometry": {
    "type": "LineString",
    "coordinates": [
     [
      -48.749037969,
      -25.451697809
     ],
     [
      -48.7490477,
      -25.451716216
     ],
     [
      -48.749059378,
      -25.451738306
     ],
     [
      -48.749059378,
      -25.451738306
     ]
    ]
   },
   "properties": {
    "tipo": "curva_nivel",
    "cota_m": 626,
    "equidistancia_m": 1
   }
  },
  {
   "type": "Feature",
   "geometry": {
    "type": "LineString",
    "coordinates": [
     [
      -48.749062298,
      -25.451743828
     ],
     [
      -48.749071056,
      -25.451760395
     ],
     [
      -48.749082734,
      -25.451782484
     ],
     [
      -48.749082734,
      -25.451782484
     ]
    ]
   },
   "properties": {
    "tipo": "curva_nivel",
    "cota_m": 626,
    "equidistancia_m": 1
   }
  },
  {
   "type": "Feature",
   "geometry": {
    "type": "LineString",
    "coordinates": [
     [
      -48.749086627,
      -25.451789847
     ],
     [
      -48.749094412,
      -25.451804573
     ],
     [
      -48.74910609,
      -25.451826662
     ],
     [
      -48.74910609,
      -25.451826662
     ]
    ]
   },
   "properties": {
    "tipo": "curva_nivel",
    "cota_m": 626,
    "equidistancia_m": 1
   }
  },
  {
   "type": "Feature",
   "geometry": {
    "type": "LineString",
    "coordinates": [
     [
      -48.749110956,
      -25.451835866
     ],
     [
      -48.749117769,
      -25.451848751
     ],
     [
      -48.749129447,
      -25.45187084
     ],
     [
      -48.749135286,
      -25.451881885
     ],
     [
      -48.749141125,
      -25.451892929
     ],
     [
      -48.749152803,
      -25.451915018
     ],
     [
      -48.749159615,
      -25.451927903
     ],
     [
      -48.749164481,
      -25.451937107
     ],
     [
      -48.749176159,
      -25.451959196
     ],
     [
      -48.749183944,
      -25.451973922
     ],
     [
      -48.749187837,
      -25.451981285
     ]
    ]
   },
   "properties": {
    "tipo": "curva_nivel",
    "cota_m": 626,
    "equidistancia_m": 1
   }
  },
  {
   "type": "Feature",
   "geometry": {
    "type": "LineString",
    "coordinates": [
     [
      -48.747261933,
      -25.450125803
     ],
     [
      -48.747273611,
      -25.450147892
     ],
     [
      -48.747285289,
      -25.450169981
     ],
     [
      -48.747285289,
      -25.450169981
     ]
    ]
   },
   "properties": {
    "tipo": "curva_nivel",
    "cota_m": 627,
    "equidistancia_m": 1
   }
  },
  {
   "type": "Feature",
   "geometry": {
    "type": "LineString",
    "coordinates": [
     [
      -48.747286262,
      -25.450171822
     ],
     [
      -48.747296967,
      -25.45019207
     ],
     [
      -48.747308645,
      -25.450214159
     ],
     [
      -48.747308645,
      -25.450214159
     ]
    ]
   },
   "properties": {
    "tipo": "curva_nivel",
    "cota_m": 627,
    "equidistancia_m": 1
   }
  },
  {
   "type": "Feature",
   "geometry": {
    "type": "LineString",
    "coordinates": [
     [
      -48.747310591,
      -25.450217841
     ],
     [
      -48.747320323,
      -25.450236248
     ],
     [
      -48.747332001,
      -25.450258337
     ],
     [
      -48.747332001,
      -25.450258337
     ]
    ]
   },
   "properties": {
    "tipo": "curva_nivel",
    "cota_m": 627,
    "equidistancia_m": 1
   }
  },
  {
   "type": "Feature",
   "geometry": {
    "type": "LineString",
    "coordinates": [
     [
      -48.74733492,
      -25.45026386
     ],
     [
      -48.747343679,
      -25.450280427
     ],
     [
      -48.747355357,
      -25.450302516
     ],
     [
      -48.747355357,
      -25.450302516
     ]
    ]
   },
   "properties": {
    "tipo": "curva_nivel",
    "cota_m": 627,
    "equidistancia_m": 1
   }
  },
  {
   "type": "Feature",
   "geometry": {
    "type": "LineString",
    "coordinates": [
     [
      -48.74735925,
      -25.450309879
     ],
     [
      -48.747367035,
      -25.450324605
     ],
     [
      -48.747378713,
      -25.450346694
     ],
     [
      -48.747378713,
      -25.450346694
     ]
    ]
   },
   "properties": {
    "tipo": "curva_nivel",
    "cota_m": 627,
    "equidistancia_m": 1
   }
  },
  {
   "type": "Feature",
   "geometry": {
    "type": "LineString",
    "coordinates": [
     [
      -48.747383579,
      -25.450355898
     ],
     [
      -48.747390391,
      -25.450368783
     ],
     [
      -48.747402069,
      -25.450390872
     ],
     [
      -48.747407908,
      -25.450401916
     ],
     [
      -48.747413747,
      -25.450412961
     ],
     [
      -48.747425425,
      -25.45043505
     ],
     [
      -48.747432237,
      -25.450447935
     ],
     [
      -48.747437103,
      -25.450457139
     ],
     [
      -48.747448781,
      -25.450479228
     ],
     [
      -48.747456567,
      -25.450493954
     ],
     [
      -48.747460459,
      -25.450501317
     ],
     [
      -48.747472137,
      -25.450523406
     ],
     [
      -48.747480896,
      -25.450539973
     ],
     [
      -48.747483815,
      -25.450545495
     ],
     [
      -48.747495493,
      -25.450567585
     ],
     [
      -48.747505225,
      -25.450585992
     ],
     [
      -48.747507171,
      -25.450589674
     ],
     [
      -48.74751885,
      -25.450611763
     ],
     [
      -48.747529554,
      -25.450632011
     ],
     [
      -48.747530528,
      -25.450633852
     ],
     [
      -48.747542206,
      -25.450655941
     ],
     [
      -48.747553884,
      -25.45067803
     ],
     [
      -48.747565562,
      -25.450700119
     ],
     [
      -48.74757724,
      -25.450722208
     ],
     [
      -48.74757724,
      -25.450722208
     ]
    ]
   },
   "properties": {
    "tipo": "curva_nivel",
    "cota_m": 627,
    "equidistancia_m": 1
   }
  },
  {
   "type": "Feature",
   "geometry": {
    "type": "LineString",
    "coordinates": [
     [
      -48.747578213,
      -25.450724049
     ],
     [
      -48.747588918,
      -25.450744297
     ],
     [
      -48.747600596,
      -25.450766386
     ],
     [
      -48.747600596,
      -25.450766386
     ]
    ]
   },
   "properties": {
    "tipo": "curva_nivel",
    "cota_m": 627,
    "equidistancia_m": 1
   }
  },
  {
   "type": "Feature",
   "geometry": {
    "type": "LineString",
    "coordinates": [
     [
      -48.747602542,
      -25.450770068
     ],
     [
      -48.747612274,
      -25.450788475
     ],
     [
      -48.747623952,
      -25.450810564
     ],
     [
      -48.747623952,
      -25.450810564
     ]
    ]
   },
   "properties": {
    "tipo": "curva_nivel",
    "cota_m": 627,
    "equidistancia_m": 1
   }
  },
  {
   "type": "Feature",
   "geometry": {
    "type": "LineString",
    "coordinates": [
     [
      -48.747626871,
      -25.450816087
     ],
     [
      -48.74763563,
      -25.450832653
     ],
     [
      -48.747647308,
      -25.450854743
     ],
     [
      -48.747647308,
      -25.450854743
     ]
    ]
   },
   "properties": {
    "tipo": "curva_nivel",
    "cota_m": 627,
    "equidistancia_m": 1
   }
  },
  {
   "type": "Feature",
   "geometry": {
    "type": "LineString",
    "coordinates": [
     [
      -48.747651201,
      -25.450862106
     ],
     [
      -48.747658986,
      -25.450876832
     ],
     [
      -48.747670664,
      -25.450898921
     ],
     [
      -48.747670664,
      -25.450898921
     ]
    ]
   },
   "properties": {
    "tipo": "curva_nivel",
    "cota_m": 627,
    "equidistancia_m": 1
   }
  },
  {
   "type": "Feature",
   "geometry": {
    "type": "LineString",
    "coordinates": [
     [
      -48.74767553,
      -25.450908124
     ],
     [
      -48.747682342,
      -25.45092101
     ],
     [
      -48.74769402,
      -25.450943099
     ],
     [
      -48.747699859,
      -25.450954143
     ],
     [
      -48.747705698,
      -25.450965188
     ],
     [
      -48.747717376,
      -25.450987277
     ],
     [
      -48.747724188,
      -25.451000162
     ],
     [
      -48.747729054,
      -25.451009366
     ],
     [
      -48.747740732,
      -25.451031455
     ],
     [
      -48.747748518,
      -25.451046181
     ],
     [
      -48.74775241,
      -25.451053544
     ],
     [
      -48.747764088,
      -25.451075633
     ],
     [
      -48.747772847,
      -25.4510922
     ],
     [
      -48.747775767,
      -25.451097722
     ],
     [
      -48.747787445,
      -25.451119811
     ],
     [
      -48.747797176,
      -25.451138219
     ],
     [
      -48.747799123,
      -25.451141901
     ],
     [
      -48.747810801,
      -25.45116399
     ],
     [
      -48.747821506,
      -25.451184238
     ],
     [
      -48.747822479,
      -25.451186079
     ],
     [
      -48.747834157,
      -25.451208168
     ],
     [
      -48.747845835,
      -25.451230257
     ],
     [
      -48.747857513,
      -25.451252346
     ],
     [
      -48.747869191,
      -25.451274435
     ],
     [
      -48.747869191,
      -25.451274435
     ]
    ]
   },
   "properties": {
    "tipo": "curva_nivel",
    "cota_m": 627,
    "equidistancia_m": 1
   }
  },
  {
   "type": "Feature",
   "geometry": {
    "type": "LineString",
    "coordinates": [
     [
      -48.747870164,
      -25.451276276
     ],
     [
      -48.747880869,
      -25.451296524
     ],
     [
      -48.747892547,
      -25.451318613
     ],
     [
      -48.747892547,
      -25.451318613
     ]
    ]
   },
   "properties": {
    "tipo": "curva_nivel",
    "cota_m": 627,
    "equidistancia_m": 1
   }
  },
  {
   "type": "Feature",
   "geometry": {
    "type": "LineString",
    "coordinates": [
     [
      -48.747894493,
      -25.451322295
     ],
     [
      -48.747904225,
      -25.451340702
     ],
     [
      -48.747915903,
      -25.451362791
     ],
     [
      -48.747915903,
      -25.451362791
     ]
    ]
   },
   "properties": {
    "tipo": "curva_nivel",
    "cota_m": 627,
    "equidistancia_m": 1
   }
  },
  {
   "type": "Feature",
   "geometry": {
    "type": "LineString",
    "coordinates": [
     [
      -48.747918823,
      -25.451368314
     ],
     [
      -48.747927581,
      -25.45138488
     ],
     [
      -48.747939259,
      -25.451406969
     ],
     [
      -48.747939259,
      -25.451406969
     ]
    ]
   },
   "properties": {
    "tipo": "curva_nivel",
    "cota_m": 627,
    "equidistancia_m": 1
   }
  },
  {
   "type": "Feature",
   "geometry": {
    "type": "LineString",
    "coordinates": [
     [
      -48.747943152,
      -25.451414332
     ],
     [
      -48.747950937,
      -25.451429058
     ],
     [
      -48.747962615,
      -25.451451148
     ],
     [
      -48.747962615,
      -25.451451148
     ]
    ]
   },
   "properties": {
    "tipo": "curva_nivel",
    "cota_m": 627,
    "equidistancia_m": 1
   }
  },
  {
   "type": "Feature",
   "geometry": {
    "type": "LineString",
    "coordinates": [
     [
      -48.747967481,
      -25.451460351
     ],
     [
      -48.747974293,
      -25.451473237
     ],
     [
      -48.747985971,
      -25.451495326
     ],
     [
      -48.74799181,
      -25.45150637
     ],
     [
      -48.747997649,
      -25.451517415
     ],
     [
      -48.748009327,
      -25.451539504
     ],
     [
      -48.74801614,
      -25.451552389
     ],
     [
      -48.748021005,
      -25.451561593
     ],
     [
      -48.748032683,
      -25.451583682
     ],
     [
      -48.748040469,
      -25.451598408
     ],
     [
      -48.748044362,
      -25.451605771
     ],
     [
      -48.74805604,
      -25.45162786
     ],
     [
      -48.748064798,
      -25.451644427
     ],
     [
      -48.748067718,
      -25.451649949
     ],
     [
      -48.748079396,
      -25.451672038
     ],
     [
      -48.748089127,
      -25.451690446
     ],
     [
      -48.748091074,
      -25.451694127
     ],
     [
      -48.748102752,
      -25.451716216
     ],
     [
      -48.748113457,
      -25.451736465
     ],
     [
      -48.74811443,
      -25.451738306
     ],
     [
      -48.748126108,
      -25.451760395
     ],
     [
      -48.748137786,
      -25.451782484
     ],
     [
      -48.748149464,
      -25.451804573
     ],
     [
      -48.748161142,
      -25.451826662
     ],
     [
      -48.748161142,
      -25.451826662
     ]
    ]
   },
   "properties": {
    "tipo": "curva_nivel",
    "cota_m": 627,
    "equidistancia_m": 1
   }
  },
  {
   "type": "Feature",
   "geometry": {
    "type": "LineString",
    "coordinates": [
     [
      -48.748162115,
      -25.451828503
     ],
     [
      -48.74817282,
      -25.451848751
     ],
     [
      -48.748184498,
      -25.45187084
     ],
     [
      -48.748184498,
      -25.45187084
     ]
    ]
   },
   "properties": {
    "tipo": "curva_nivel",
    "cota_m": 627,
    "equidistancia_m": 1
   }
  },
  {
   "type": "Feature",
   "geometry": {
    "type": "LineString",
    "coordinates": [
     [
      -48.748186444,
      -25.451874522
     ],
     [
      -48.748196176,
      -25.451892929
     ],
     [
      -48.748207854,
      -25.451915018
     ],
     [
      -48.748207854,
      -25.451915018
     ]
    ]
   },
   "properties": {
    "tipo": "curva_nivel",
    "cota_m": 627,
    "equidistancia_m": 1
   }
  },
  {
   "type": "Feature",
   "geometry": {
    "type": "LineString",
    "coordinates": [
     [
      -48.748210774,
      -25.45192054
     ],
     [
      -48.748219532,
      -25.451937107
     ],
     [
      -48.74823121,
      -25.451959196
     ],
     [
      -48.74823121,
      -25.451959196
     ]
    ]
   },
   "properties": {
    "tipo": "curva_nivel",
    "cota_m": 627,
    "equidistancia_m": 1
   }
  },
  {
   "type": "Feature",
   "geometry": {
    "type": "LineString",
    "coordinates": [
     [
      -48.747261933,
      -25.451913177
     ],
     [
      -48.747262906,
      -25.451915018
     ],
     [
      -48.747274584,
      -25.451937107
     ],
     [
      -48.747286262,
      -25.451959196
     ],
     [
      -48.74729794,
      -25.451981285
     ]
    ]
   },
   "properties": {
    "tipo": "curva_nivel",
    "cota_m": 628,
    "equidistancia_m": 1
   }
  },
  {
   "type": "Feature",
   "geometry": {
    "type": "Polygon",
    "coordinates": [
     [
      [
       -48.748477968,
       -25.45
      ],
      [
       -48.748327044,
       -25.45079456
      ],
      [
       -48.749231272,
       -25.451546599
      ],
      [
       -48.750804923,
       -25.451619419
      ],
      [
       -48.751157393,
       -25.450549697
      ],
      [
       -48.752541382,
       -25.45
      ],
      [
       -48.751759869,
       -25.449164161
      ],
      [
       -48.750651121,
       -25.448690013
      ],
      [
       -48.749373497,
       -25.448739543
      ],
      [
       -48.74767553,
       -25.448896008
      ],
      [
       -48.748477968,
       -25.45
      ]
     ]
    ]
   },
   "properties": {
    "tipo": "zoneamento",
    "zona": "ZR-2",
    "sigla": "ZR2",
    "fonte": "estudo de prova",
    "parametros": {
     "coeficienteAproveitamento": 1,
     "taxaOcupacao": 0.5,
     "taxaPermeabilidade": 0.2,
     "alturaMaxima_m": null,
     "pavimentos": 2,
     "recuoFrontal_m": 4,
     "recuosLaterais_m": 1.5,
     "recuoFundos_m": 3,
     "loteMinimo_m2": 360,
     "testadaMinima_m": 12,
     "densidade": null
    }
   }
  }
 ]
}
