# symbios-tensor full_city example
g hubs
v 83.14284 0.07484709 93.26546
v 77.963165 0.07484709 98.40327
v 83.56645 0.07484709 100.548775
v 87.72246 0.07484709 98.94464
v 90.4312 0.07484709 93.59088
v 79.31931 0.07484709 88.187454
v 76.79687 0.07484709 93.63147
v 35.433918 0.15434103 258.94574
v 39.433918 0.15434103 258.94574
v 38.262344 0.15434103 261.77417
v 35.433918 0.15434103 262.94574
v 32.60549 0.15434103 261.77417
v 31.433918 0.15434103 258.94574
v 32.60549 0.15434103 256.1173
v 35.433918 0.15434103 254.94574
v 38.262344 0.15434103 256.1173
v 103.26347 7.435001 44.621803
v 106.78579 7.435001 50.601185
v 110.13099 7.435001 45.62026
v 109.38565 7.435001 41.353973
v 104.54976 7.435001 37.80233
v 100.159454 7.435001 38.929935
v 96.818985 7.435001 43.914043
v 259.4293 5.514303 128.02719
v 261.04282 5.514303 136.3992
v 266.1581 5.514303 133.26334
v 268.27252 5.514303 128.7283
v 267.68152 5.514303 124.77221
v 258.05307 5.514303 124.01396
v 255.41605 5.514303 129.40341
v 251.26547 5.367322 124.0327
v 253.50716 5.367322 128.46939
v 256.14417 5.367322 123.07995
v 254.75763 5.367322 118.91193
v 250.9025 5.367322 117.84515
v 247.28973 5.367322 119.95705
v 245.8469 5.367322 125.780975
v 242.96991 -5.8363576 310.61877
v 239.90556 -5.8363576 313.55304
v 245.90416 -5.8363576 313.6831
v 245.99791 -5.8363576 301.92416
v 239.99794 -5.8363576 301.90488
v 235.61832 -5.8363576 304.55914
v 233.77881 -5.8363576 308.11108
v 161.11932 -9.216534 213.7878
v 150.26505 -9.216534 215.9852
v 153.00409 -9.216534 221.32352
v 162.06949 -9.216534 219.04362
v 166.35483 -9.216534 214.84413
v 153.60901 -9.216534 205.64905
v 150.46667 -9.216534 210.76038
v 80.317825 -8.276831 227.66856
v 73.397514 -8.276831 231.42462
v 76.135994 -8.276831 234.34021
v 81.772545 -8.276831 231.94969
v 84.742165 -8.276831 226.73613
v 76.01573 -8.276831 221.54561
v 72.90102 -8.276831 226.67381
v 205.01552 -8.124908 293.74316
v 201.4299 -8.124908 298.34772
v 205.237 -8.124908 299.57495
v 209.27118 -8.124908 297.73666
v 210.84299 -8.124908 294.05844
v 208.05917 -8.124908 290.78748
v 202.05981 -8.124908 290.69952
v 172.9379 -8.514144 219.37271
v 166.38501 -8.514144 218.33406
v 168.2268 -8.514144 224.04439
v 176.86166 -8.514144 221.73569
v 175.83417 -8.514144 215.82431
v 171.75095 -8.514144 212.4006
v 168.15848 -8.514144 214.15964
v 132.54643 -5.3304567 311.61365
v 135.59283 -5.3304567 316.02667
v 137.79959 -5.3304567 312.6905
v 137.5664 -5.3304567 307.59512
v 134.21939 -5.3304567 305.40482
v 85.94752 -5.3304567 275.99594
v 82.5525 -5.3304567 280.94302
v 118.94817 -1.051032 333.05356
v 119.623535 -1.051032 338.46988
v 124.18944 -1.051032 334.57724
v 124.891136 -1.051032 329.97363
v 122.07357 -1.051032 327.1344
v 117.680305 -1.051032 326.95462
v 113.12011 -1.051032 330.8539
v 144.5058 -9.069817 290.71262
v 151548.73 -9.069817 55974.723
v 151550.8 -9.069817 55969.09
v 152.87416 -9.069817 286.15442
v 148.49129 -9.069817 282.05682
v 141.0644 -9.069817 287.316
v 139.68373 -9.069817 291.07016
v 223.4547 8.056704 83.88263
v 218.37312 8.056704 87.00956
v 223.66054 8.056704 89.84565
v 227.79044 8.056704 88.6577
v 229.77203 8.056704 85.183044
v 225.45605 8.056704 80.51102
v 221.45605 8.056704 80.5094
v 247.38019 7.0321155 80.17973
v 240.57483 7.0321155 79.07177
v 241.10489 7.0321155 83.03649
v 245.40889 7.0321155 85.24377
v 251.27254 7.0321155 83.97184
v 248.90936 7.0321155 73.918564
v 243.08798 7.0321155 75.37167
v 248.63036 6.9558806 85.943054
v 246.0404 6.9558806 89.30344
v 251.99072 6.9558806 88.533005
v 257.12766 6.9558806 81.417885
v 254.55504 6.9558806 78.35494
v 249.69379 6.9558806 76.6937
v 243.83014 6.9558806 77.96563
v 257.98776 6.35482 99.73944
v 245.39053 6.35482 103.13618
v 248.24277 6.35482 108.41488
v 252.56024 6.35482 111.85431
v 256.41537 6.35482 112.92108
v 262.0899 6.35482 100.8222
v 259.0705 6.35482 95.63729
v 292.77396 2.6823857 43.866302
v 288.90668 2.6823857 46.93818
v 292.44983 2.6823857 48.794518
v 298.13873 2.6823857 42.473965
v 293.7279 2.6823857 38.406483
v 289.61984 2.6823857 38.69222
v 287.08298 2.6823857 41.784847
v 352.96323 -0.95068246 60.509193
v 357.96323 -0.95068246 60.509193
v 356.49875 -0.95068246 64.04472
v 352.96323 -0.95068246 65.50919
v 349.4277 -0.95068246 64.04472
v 347.96323 -0.95068246 60.509193
v 349.4277 -0.95068246 56.97366
v 352.96323 -0.95068246 55.509193
v 356.49875 -0.95068246 56.97366
v 41.24849 -5.8509803 159.12288
v 46.24849 -5.8509803 159.12288
v 44.784023 -5.8509803 162.65842
v 41.24849 -5.8509803 164.12288
v 37.712955 -5.8509803 162.65842
v 36.24849 -5.8509803 159.12288
v 37.712955 -5.8509803 155.58734
v 41.24849 -5.8509803 154.12288
v 44.784023 -5.8509803 155.58734
v 31.561695 9.3761 337.04358
v 24.484095 9.3761 338.82288
v 26.485136 9.3761 342.28638
v 37.04935 9.3761 336.1829
v 35.048313 9.3761 332.7194
v 29.83491 9.3761 330.3895
v 25.26718 9.3761 334.28
v 47.142956 6.563773 328.0415
v 40.82023 6.563773 329.38467
v 42.821266 6.563773 332.84818
v 46.961838 6.563773 334.02048
v 52.241417 6.563773 331.1699
v 53.21609 6.563773 326.84256
v 51.215054 6.563773 323.37906
v 49.783398 6.106356 326.516
v 42.9665 6.106356 328.14465
v 44.967537 6.106356 331.60815
v 55.8572 6.106356 323.88373
v 53.232086 6.106356 320.86566
v 48.59746 6.106356 320.05716
v 43.842968 6.106356 323.71707
v 63.911903 2.235594 314.22708
v 57.637047 2.235594 317.03424
v 60.262154 2.235594 320.0523
v 76.34965 2.235594 306.0686
v 72.114555 2.235594 301.81842
v 61.721268 2.235594 308.10977
v 57.644585 2.235594 312.51212
v 87.88248 -4.6274467 287.6036
v 83.09878 -4.6274467 290.6149
v 86.28959 -4.6274467 293.02713
v 93.61528 -4.6274467 283.33685
v 90.42447 -4.6274467 280.92462
v 85.87215 -4.6274467 281.19824
v 81.55373 -4.6274467 285.3637
v 96.321724 -6.379855 276.44034
v 100.321724 -6.379855 276.44034
v 99.150154 -6.379855 279.26877
v 96.321724 -6.379855 280.44034
v 93.49329 -6.379855 279.26877
v 92.321724 -6.379855 276.44034
v 93.49329 -6.379855 273.6119
v 96.321724 -6.379855 272.44034
v 99.150154 -6.379855 273.6119
v 55.9741 -5.5064335 232.83455
v 60.9741 -5.5064335 232.83455
v 59.509632 -5.5064335 236.37009
v 55.9741 -5.5064335 237.83455
v 52.438564 -5.5064335 236.37009
v 50.9741 -5.5064335 232.83455
v 52.438564 -5.5064335 229.29901
v 55.9741 -5.5064335 227.83455
v 59.509632 -5.5064335 229.29901
v 24.827248 9.5425005 329.1368
v 77.48565 9.5425005 395.5886
v 82.05338 9.5425005 391.6981
v 30.738863 9.5425005 326.789
v 28.168417 9.5425005 323.72424
v 23.154623 9.5425005 323.99744
v 20.079084 9.5425005 326.555
v 41.21843 5.903414 315.3894
v 35.17155 5.903414 317.85068
v 37.741993 5.903414 320.91544
v 42.047073 5.903414 321.38406
v 46.801567 5.903414 317.72415
v 46.483433 5.903414 312.99826
v 43.671818 5.903414 310.1531
v 48.33113 3.720003 308.3605
v 42.868065 3.720003 310.9474
v 45.67968 3.720003 313.79254
v 54.977795 3.720003 306.00986
v 50.760365 3.720003 301.74216
v 46.392506 3.720003 301.58218
v 41.87421 3.720003 305.53
v 54.313892 6.6683507 341.3227
v 47.99635 6.6683507 342.7552
v 50.042072 6.6683507 346.1925
v 54.20164 6.6683507 347.31857
v 59.452183 6.6683507 344.41483
v 54.695236 6.6683507 335.71457
v 49.41565 6.6683507 338.56516
v 95.103516 -2.9615176 303.12524
v 90.22565 -2.9615176 306.81454
v 93.549164 -2.9615176 309.04037
v 98.06147 -2.9615176 308.42578
v 101.171196 -2.9615176 303.29456
v 100.23341 -2.9615176 299.05957
v 96.90988 -2.9615176 296.8338
v 102.810455 -5.0390472 291.61737
v 97.804985 -5.0390472 295.49725
v 101.12852 -5.0390472 297.72302
v 105.29498 -5.0390472 296.90274
v 108.64264 -5.0390472 291.9235
v 44.696747 -5.0390472 248.93118
v 42.419113 -5.0390472 252.21939
v 63.53514 -5.44216 244.18283
v 57.587616 -5.44216 245.93222
v 59.893997 -5.44216 249.20035
v 69.95111 -5.44216 240.89906
v 67.21219 -5.44216 237.98387
v 62.661396 -5.44216 237.46089
v 57.668186 -5.44216 240.78773
v 56.42406 -4.0976906 249.20126
v 55.693615 -4.0976906 254.32393
v 61.024403 -4.0976906 251.57024
v 62.568367 -4.0976906 247.31299
v 60.261986 -4.0976906 244.04486
v 56.04451 -4.0976906 243.2705
v 51.069122 -4.0976906 246.62392
v 89.575485 -1.8564167 306.98126
v 93.571976 -1.8564167 311.27368
v 95.39453 -1.8564167 307.713
v 94.23684 -1.8564167 303.42197
v 90.870674 -1.8564167 301.2612
v 86.44449 -1.8564167 302.8358
v 84.42673 -1.8564167 306.28958
v 98.797195 0.4517687 328.31168
v 92.463066 0.4517687 330.5737
v 96.78942 0.4517687 334.73093
v 101.03834 0.4517687 334.6532
v 105.2098 0.4517687 330.34058
v 104.15209 0.4517687 324.04718
v 100.854774 0.4517687 321.7827
v 109.92531 -2.8366792 312.1078
v 104.71313 -2.8366792 316.16446
v 108.010445 -2.8366792 318.42892
v 161.07806 -2.8366792 344.2764
v 163.09424 -2.8366792 340.8217
v 106.90473 -2.8366792 306.7693
v 103.795006 -2.8366792 311.9005
v 103.89136 0.54659426 333.23907
v 98.89612 0.54659426 336.33704
v 102.03519 0.54659426 338.81622
v 109.51024 0.54659426 329.35147
v 106.37117 0.54659426 326.87228
v 101.93114 0.54659426 327.16925
v 97.759674 0.54659426 331.48187
v 111.021355 -1.220014 324.21124
v 105.18648 -1.220014 328.3723
v 108.32555 -1.220014 330.8515
v 112.88968 -1.220014 330.68195
v 117.30934 -1.220014 326.62402
v 115.85875 -1.220014 321.31314
v 112.71968 -1.220014 318.83395
v 167.66699 -6.913625 191.54213
v 172.66699 -6.913625 191.54213
v 171.20253 -6.913625 195.07767
v 167.66699 -6.913625 196.54213
v 164.13145 -6.913625 195.07767
v 162.66699 -6.913625 191.54213
v 164.13145 -6.913625 188.00659
v 167.66699 -6.913625 186.54213
v 171.20253 -6.913625 188.00659
v 206.30916 7.6015315 91.63491
v 191.0439 7.6015315 396.7071
v 197.03905 7.6015315 396.94806
v 208.59288 7.6015315 83.98675
v 204.5956 7.6015315 83.83918
v 200.64458 7.6015315 86.57308
v 198.73842 7.6015315 92.262245
v 196.27118 3.3450897 126.00948
v 198.80185 3.3450897 132.6159
v 202.96597 3.3450897 128.29617
v 203.02925 3.3450897 123.91718
v 198.99168 3.3450897 119.478935
v 193.5927 3.3450897 122.71923
v 192.98094 3.3450897 128.68796
v 212.67749 -6.135479 257.8662
v 206.82718 -6.135479 259.794
v 209.24472 -6.135479 262.98077
v 213.38203 -6.135479 263.4739
v 218.03032 -6.135479 259.68002
v 213.17061 -6.135479 252.68094
v 207.96062 -6.135479 255.65683
v 197.0292 -8.402093 269.73737
v 195.92511 -8.402093 274.46747
v 201.36273 -8.402093 271.93134
v 203.75574 -8.402093 267.14484
v 201.3382 -8.402093 263.95807
v 196.86719 -8.402093 262.95935
v 191.55151 -8.402093 265.74207
v 233.71593 -2.5321004 232.84477
v 238.71593 -2.5321004 232.84477
v 237.25146 -2.5321004 236.38031
v 233.71593 -2.5321004 237.84477
v 230.18039 -2.5321004 236.38031
v 228.71593 -2.5321004 232.84477
v 230.18039 -2.5321004 229.30923
v 233.71593 -2.5321004 227.84477
v 237.25146 -2.5321004 229.30923
v 235.71878 -6.291176 306.86346
v 230.06291 -6.291176 310.35684
v 235.18025 -6.291176 313.48935
v 239.82281 -6.291176 311.2412
v 241.66232 -6.291176 307.68927
v 230.2549 -6.291176 302.35367
v 228.68309 -6.291176 306.0319
v 260.74323 6.4021273 75.769264
v 254.01366 6.4021273 78.80966
v 256.58627 6.4021273 81.872604
v 261.1444 6.4021273 82.72411
v 266.4018 6.4021273 79.83271
v 264.26035 6.4021273 73.234566
v 260.68832 6.4021273 71.43433
v 271.64813 4.470029 54.131973
v 267.2464 4.470029 58.421894
v 270.81842 4.470029 60.222134
v 275.16382 4.470029 59.035267
v 277.656 4.470029 53.577343
v 276.22314 4.470029 49.49821
v 272.65112 4.470029 47.69798
v 275.13846 3.7625337 47.206505
v 271.22092 3.7625337 50.535748
v 274.79294 3.7625337 52.33598
v 280.64398 3.7625337 42.18542
v 277.2542 3.7625337 40.06188
v 272.63174 3.7625337 40.630913
v 268.4714 3.7625337 44.9543
v 303.44675 5.7846665 88.80324
v 296.95337 5.7846665 90.15761
v 298.91278 5.7846665 93.64484
v 303.08435 5.7846665 94.95683
v 308.48846 5.7846665 92.349976
v 303.11597 5.7846665 82.692
v 298.05286 5.7846665 85.91142
v 53.013718 1.2481896 69.23869
v 58.013718 1.2481896 69.23869
v 56.54925 1.2481896 72.77423
v 53.013718 1.2481896 74.23869
v 49.478184 1.2481896 72.77423
v 48.013718 1.2481896 69.23869
v 49.478184 1.2481896 65.703156
v 53.013718 1.2481896 64.23869
v 56.54925 1.2481896 65.70316
v 25.21039 3.154543 279.14307
v 19.070698 3.154543 282.84155
v 22.008785 3.154543 285.5559
v 26.572685 3.154543 285.73996
v 31.293358 3.154543 282.03653
v 26.888512 3.154543 275.65134
v 22.906345 3.154543 276.02866
v 152.59149 7.152796 67.49066
v 149.40865 7.152796 73.40393
v 153.33562 7.152796 74.164764
v 157.08008 7.152796 71.84381
v 158.67856 7.152796 66.06065
v 148.69865 7.152796 63.463203
v 147.28883 7.152796 69.29522
v 151.20802 2.3547218 105.7907
v 154.55727 2.3547218 109.9494
v 156.30858 2.3547218 104.21068
v 154.43477 2.3547218 99.78017
v 150.5107 2.3547218 99.00453
v 146.6999 2.3547218 101.29457
v 144.96443 2.3547218 107.0381
v 98.25568 2.6167314 349.0043
v 91.8476 2.6167314 352.99326
v 96.781685 2.6167314 356.4072
v 475.6842 2.6167314 703.5579
v 479.76685 2.6167314 699.1611
v 95.68639 2.6167314 343.90347
v 92.9703 2.6167314 346.83994
v 178.35806 -6.6881695 199.45308
v 171.64384 -6.6881695 202.72427
v 174.29472 -6.6881695 205.71973
v 179.55894 -6.6881695 204.70032
v 183.66917 -6.6881695 200.32928
v 175.00906 -6.6881695 193.24295
v 171.44012 -6.6881695 198.0661
v 249.33926 -6.019148 344.46838
v 248.2717 -6.019148 348.57452
v 253.4454 -6.019148 345.53595
v 244.91772 -6.019148 331.04202
v 239.74692 -6.019148 334.08548
v 236.50896 -6.019148 338.53543
v 235.20381 -6.019148 344.39175
v 212.42091 4.5050893 126.332794
v 176.51552 4.5050893 173.00589
v 181.45131 4.5050893 176.41733
v 217.43752 4.5050893 122.411
v 214.10881 4.5050893 120.192955
v 209.10443 4.5050893 120.45241
v 205.73242 4.5050893 125.41522
v 289.97357 7.6060324 150.43166
v 293.97357 7.6060324 150.43166
v 292.802 7.6060324 153.26009
v 289.97357 7.6060324 154.43166
v 287.14514 7.6060324 153.26009
v 285.97357 7.6060324 150.43166
v 287.14514 7.6060324 147.60323
v 289.97357 7.6060324 146.43166
v 292.802 7.6060324 147.60323
v 265.15268 5.878714 144.43373
v 262.7835 5.878714 151.9389
v 268.76172 5.878714 151.42767
v 272.45544 5.878714 148.256
v 273.39502 5.878714 144.3679
v 267.58575 5.878714 140.95808
v 261.677 5.878714 142.00066
v 198.46947 -5.885646 228.51196
v 197.64474 -5.885646 234.17616
v 203.15442 -5.885646 231.80052
v 204.88708 -5.885646 227.78154
v 203.22635 -5.885646 224.1426
v 199.21796 -5.885646 222.58246
v 193.69229 -5.885646 224.9206
v 214.28214 -3.8261538 221.29541
v 207.60054 -3.8261538 222.1463
v 209.26128 -3.8261538 225.78525
v 444.2761 -3.8261538 118.52969
v 441.76334 -3.8261538 113.08121
v 214.19006 -3.8261538 214.98843
v 208.95435 -3.8261538 217.91885
v 223.86935 5.527897 117.260185
v 219.44157 5.527897 122.74903
v 223.1393 5.527897 124.27444
v 227.18295 5.527897 121.16685
v 228.61905 5.527897 115.341255
v 218.90779 5.527897 112.88806
v 217.41478 5.527897 118.69934
v 276.10098 5.374503 182.11795
v 268.77902 5.374503 189.16461
v 272.0657 5.374503 191.44443
v 278.81592 5.374503 188.25363
v 281.82507 5.374503 185.61829
v 280.24374 5.374503 180.81326
v 274.98758 5.374503 177.91974
v 239.98073 7.0344257 65.710526
v 233.67148 7.0344257 66.8391
v 235.5693 7.0344257 70.36022
v 239.70753 7.0344257 71.5431
v 244.99364 7.0344257 68.70458
v 240.09387 7.0344257 59.788746
v 234.86337 7.0344257 62.728428
v 240.50656 6.5053654 102.14369
v 236.53696 6.5053654 100.64629
v 239.00916 6.5053654 106.113304
v 248.31844 6.5053654 109.042816
v 250.82759 6.5053654 103.59267
v 250.26411 6.5053654 98.48125
v 246.62798 6.5053654 93.70856
v 228.19669 -6.2723784 319.18344
v 222.79517 -6.2723784 320.9029
v 227.36514 -6.2723784 324.7907
v 234.00755 -6.2723784 315.38464
v 228.87663 -6.2723784 312.2744
v 224.29483 -6.2723784 312.94064
v 221.60638 -6.2723784 315.90244
v 284.35553 4.54144 59.934444
v 287.9568 4.54144 64.87902
v 290.45105 4.54144 59.422035
v 289.0408 4.54144 55.301296
v 285.49765 4.54144 53.444958
v 281.34305 4.54144 55.26093
v 278.85086 4.54144 60.718853
v 206.60518 8.241924 75.04693
v 210.60518 8.241924 75.04693
v 209.43361 8.241924 77.87536
v 206.60518 8.241924 79.04693
v 203.77675 8.241924 77.87536
v 202.60518 8.241924 75.04693
v 203.77675 8.241924 72.2185
v 206.60518 8.241924 71.04693
v 209.43361 8.241924 72.218506
v 243.75783 -6.1845975 356.96802
v 248.75783 -6.1845975 356.96802
v 247.29337 -6.1845975 360.50354
v 243.75783 -6.1845975 361.96802
v 240.22229 -6.1845975 360.50354
v 238.75783 -6.1845975 356.96802
v 240.22229 -6.1845975 353.4325
v 243.75783 -6.1845975 351.96802
v 247.29337 -6.1845975 353.4325
v 376.69772 10.280659 244.25546
v 381.69772 10.280659 244.25546
v 380.23325 10.280659 247.791
v 376.69772 10.280659 249.25546
v 373.1622 10.280659 247.791
v 371.69772 10.280659 244.25546
v 373.1622 10.280659 240.71992
v 376.69772 10.280659 239.25546
v 380.23325 10.280659 240.71992
f 1 2 3
f 1 3 4
f 1 4 5
f 1 5 6
f 1 6 7
f 1 7 2
f 8 10 9
f 8 11 10
f 8 12 11
f 8 13 12
f 8 14 13
f 8 15 14
f 8 16 15
f 8 9 16
f 17 18 19
f 17 19 20
f 17 20 21
f 17 21 22
f 17 22 23
f 17 23 18
f 24 25 26
f 24 26 27
f 24 27 28
f 24 28 29
f 24 29 30
f 24 30 25
f 31 32 33
f 31 33 34
f 31 34 35
f 31 35 36
f 31 36 37
f 31 37 32
f 38 39 40
f 38 40 41
f 38 41 42
f 38 42 43
f 38 43 44
f 38 44 39
f 45 46 47
f 45 47 48
f 45 48 49
f 45 49 50
f 45 50 51
f 45 51 46
f 52 53 54
f 52 54 55
f 52 55 56
f 52 56 57
f 52 57 58
f 52 58 53
f 59 60 61
f 59 61 62
f 59 62 63
f 59 63 64
f 59 64 65
f 59 65 60
f 66 67 68
f 66 68 69
f 66 69 70
f 66 70 71
f 66 71 72
f 66 72 67
f 73 74 75
f 73 75 76
f 73 76 77
f 73 77 78
f 73 78 79
f 73 79 74
f 80 81 82
f 80 82 83
f 80 83 84
f 80 84 85
f 80 85 86
f 80 86 81
f 87 88 89
f 87 89 90
f 87 90 91
f 87 91 92
f 87 92 93
f 87 93 88
f 94 95 96
f 94 96 97
f 94 97 98
f 94 98 99
f 94 99 100
f 94 100 95
f 101 102 103
f 101 103 104
f 101 104 105
f 101 105 106
f 101 106 107
f 101 107 102
f 108 109 110
f 108 110 111
f 108 111 112
f 108 112 113
f 108 113 114
f 108 114 109
f 115 116 117
f 115 117 118
f 115 118 119
f 115 119 120
f 115 120 121
f 115 121 116
f 122 123 124
f 122 124 125
f 122 125 126
f 122 126 127
f 122 127 128
f 122 128 123
f 129 131 130
f 129 132 131
f 129 133 132
f 129 134 133
f 129 135 134
f 129 136 135
f 129 137 136
f 129 130 137
f 138 140 139
f 138 141 140
f 138 142 141
f 138 143 142
f 138 144 143
f 138 145 144
f 138 146 145
f 138 139 146
f 147 148 149
f 147 149 150
f 147 150 151
f 147 151 152
f 147 152 153
f 147 153 148
f 154 155 156
f 154 156 157
f 154 157 158
f 154 158 159
f 154 159 160
f 154 160 155
f 161 162 163
f 161 163 164
f 161 164 165
f 161 165 166
f 161 166 167
f 161 167 162
f 168 169 170
f 168 170 171
f 168 171 172
f 168 172 173
f 168 173 174
f 168 174 169
f 175 176 177
f 175 177 178
f 175 178 179
f 175 179 180
f 175 180 181
f 175 181 176
f 182 184 183
f 182 185 184
f 182 186 185
f 182 187 186
f 182 188 187
f 182 189 188
f 182 190 189
f 182 183 190
f 191 193 192
f 191 194 193
f 191 195 194
f 191 196 195
f 191 197 196
f 191 198 197
f 191 199 198
f 191 192 199
f 200 201 202
f 200 202 203
f 200 203 204
f 200 204 205
f 200 205 206
f 200 206 201
f 207 208 209
f 207 209 210
f 207 210 211
f 207 211 212
f 207 212 213
f 207 213 208
f 214 215 216
f 214 216 217
f 214 217 218
f 214 218 219
f 214 219 220
f 214 220 215
f 221 222 223
f 221 223 224
f 221 224 225
f 221 225 226
f 221 226 227
f 221 227 222
f 228 229 230
f 228 230 231
f 228 231 232
f 228 232 233
f 228 233 234
f 228 234 229
f 235 236 237
f 235 237 238
f 235 238 239
f 235 239 240
f 235 240 241
f 235 241 236
f 242 243 244
f 242 244 245
f 242 245 246
f 242 246 247
f 242 247 248
f 242 248 243
f 249 250 251
f 249 251 252
f 249 252 253
f 249 253 254
f 249 254 255
f 249 255 250
f 256 257 258
f 256 258 259
f 256 259 260
f 256 260 261
f 256 261 262
f 256 262 257
f 263 264 265
f 263 265 266
f 263 266 267
f 263 267 268
f 263 268 269
f 263 269 264
f 270 271 272
f 270 272 273
f 270 273 274
f 270 274 275
f 270 275 276
f 270 276 271
f 277 278 279
f 277 279 280
f 277 280 281
f 277 281 282
f 277 282 283
f 277 283 278
f 284 285 286
f 284 286 287
f 284 287 288
f 284 288 289
f 284 289 290
f 284 290 285
f 291 293 292
f 291 294 293
f 291 295 294
f 291 296 295
f 291 297 296
f 291 298 297
f 291 299 298
f 291 292 299
f 300 301 302
f 300 302 303
f 300 303 304
f 300 304 305
f 300 305 306
f 300 306 301
f 307 308 309
f 307 309 310
f 307 310 311
f 307 311 312
f 307 312 313
f 307 313 308
f 314 315 316
f 314 316 317
f 314 317 318
f 314 318 319
f 314 319 320
f 314 320 315
f 321 322 323
f 321 323 324
f 321 324 325
f 321 325 326
f 321 326 327
f 321 327 322
f 328 330 329
f 328 331 330
f 328 332 331
f 328 333 332
f 328 334 333
f 328 335 334
f 328 336 335
f 328 329 336
f 337 338 339
f 337 339 340
f 337 340 341
f 337 341 342
f 337 342 343
f 337 343 338
f 344 345 346
f 344 346 347
f 344 347 348
f 344 348 349
f 344 349 350
f 344 350 345
f 351 352 353
f 351 353 354
f 351 354 355
f 351 355 356
f 351 356 357
f 351 357 352
f 358 359 360
f 358 360 361
f 358 361 362
f 358 362 363
f 358 363 364
f 358 364 359
f 365 366 367
f 365 367 368
f 365 368 369
f 365 369 370
f 365 370 371
f 365 371 366
f 372 374 373
f 372 375 374
f 372 376 375
f 372 377 376
f 372 378 377
f 372 379 378
f 372 380 379
f 372 373 380
f 381 382 383
f 381 383 384
f 381 384 385
f 381 385 386
f 381 386 387
f 381 387 382
f 388 389 390
f 388 390 391
f 388 391 392
f 388 392 393
f 388 393 394
f 388 394 389
f 395 396 397
f 395 397 398
f 395 398 399
f 395 399 400
f 395 400 401
f 395 401 396
f 402 403 404
f 402 404 405
f 402 405 406
f 402 406 407
f 402 407 408
f 402 408 403
f 409 410 411
f 409 411 412
f 409 412 413
f 409 413 414
f 409 414 415
f 409 415 410
f 416 417 418
f 416 418 419
f 416 419 420
f 416 420 421
f 416 421 422
f 416 422 417
f 423 424 425
f 423 425 426
f 423 426 427
f 423 427 428
f 423 428 429
f 423 429 424
f 430 432 431
f 430 433 432
f 430 434 433
f 430 435 434
f 430 436 435
f 430 437 436
f 430 438 437
f 430 431 438
f 439 440 441
f 439 441 442
f 439 442 443
f 439 443 444
f 439 444 445
f 439 445 440
f 446 447 448
f 446 448 449
f 446 449 450
f 446 450 451
f 446 451 452
f 446 452 447
f 453 454 455
f 453 455 456
f 453 456 457
f 453 457 458
f 453 458 459
f 453 459 454
f 460 461 462
f 460 462 463
f 460 463 464
f 460 464 465
f 460 465 466
f 460 466 461
f 467 468 469
f 467 469 470
f 467 470 471
f 467 471 472
f 467 472 473
f 467 473 468
f 474 475 476
f 474 476 477
f 474 477 478
f 474 478 479
f 474 479 480
f 474 480 475
f 481 482 483
f 481 483 484
f 481 484 485
f 481 485 486
f 481 486 487
f 481 487 482
f 488 489 490
f 488 490 491
f 488 491 492
f 488 492 493
f 488 493 494
f 488 494 489
f 495 496 497
f 495 497 498
f 495 498 499
f 495 499 500
f 495 500 501
f 495 501 496
f 502 504 503
f 502 505 504
f 502 506 505
f 502 507 506
f 502 508 507
f 502 509 508
f 502 510 509
f 502 503 510
f 511 513 512
f 511 514 513
f 511 515 514
f 511 516 515
f 511 517 516
f 511 518 517
f 511 519 518
f 511 512 519
f 520 522 521
f 520 523 522
f 520 524 523
f 520 525 524
f 520 526 525
f 520 527 526
f 520 528 527
f 520 521 528
g ribbons
v 240.09389 6.9978423 59.788734
v 234.86339 6.9978423 62.72844
v 238.86697 6.9797916 57.605816
v 233.62112 6.9797916 60.518047
v 236.24174 6.9467106 52.849724
v 230.99489 6.9467106 55.760155
v 228.97885 7.06559 39.779957
v 223.75262 7.06559 42.727245
v 228.43112 7.108842 39.2806
v 222.56158 7.108842 40.525017
v 226.83261 7.076004 37.136215
v 223.1489 7.076004 32.40017
v 235.3755 6.079473 35.636868
v 234.13322 6.079473 29.766882
v 258.3991 3.6984124 30.586617
v 259.19775 3.6984124 24.640003
v 258.6642 3.8195224 37.68085
v 263.95755 3.8195224 34.855877
v 261.39615 3.6764455 37.860874
v 264.35208 3.6764455 32.639523
v 265.1856 3.6301293 41.79222
v 269.39044 3.6301293 37.5121
v 268.4714 3.6851716 44.954308
v 272.63174 3.6851716 40.630913
v 87.71259 0.11503336 99.02846
v 90.36332 0.11503336 93.64574
v 94.29355 0.20019816 102.26922
v 96.97023 0.20019816 96.89936
v 100.46702 0.2426524 105.26394
v 101.60967 0.2426524 99.37376
v 104.26176 0.57989794 102.48563
v 99.32624 0.57989794 99.07378
v 106.535065 1.7521961 98.7318
v 104.36894 1.7521961 93.136444
v 110.24796 1.9144053 100.70088
v 107.429375 1.9144053 95.40413
v 112.504616 2.8601189 95.45257
v 111.225334 2.8601189 89.59054
v 117.3931 2.747532 98.64143
v 119.88901 2.747532 93.18521
v 119.66871 2.9459956 99.36063
v 121.411995 2.9459956 93.61946
v 123.480156 2.7608798 100.51796
v 125.22344 2.7608798 94.776794
v 129.21974 2.7072046 102.26077
v 130.95595 2.7072046 96.517456
v 137.02737 2.5746207 104.61327
v 138.77066 2.5746207 98.87211
v 142.59122 2.4624414 106.32099
v 144.34427 2.4624414 100.5828
v 144.96443 2.4295363 107.0381
v 146.6999 2.4295363 101.29457
v 69.95111 -6.3564234 240.89906
v 67.21219 -6.3564234 237.98387
v 74.26611 -7.129354 236.84338
v 71.42996 -7.129354 234.0227
v 76.44271 -7.487892 234.36792
v 73.43563 -7.487892 231.73022
v 227.79045 7.736999 88.65769
v 229.77205 7.736999 85.18304
v 233.43378 7.503781 90.98346
v 231.89993 7.503781 87.28923
v 241.20613 7.380453 83.81134
v 238.5626 7.380453 80.80937
v 241.90868 7.327599 83.56116
v 240.18788 7.327599 79.950226
v 268.27252 5.847784 128.7283
v 267.68152 5.847784 124.77221
v 272.15613 5.9340134 126.77135
v 268.21832 5.9340134 126.06882
v 271.8707 5.9718313 115.95982
v 267.88138 5.9718313 116.25209
v 271.11047 5.991632 113.43715
v 267.48553 5.991632 115.128296
v 270.0817 5.9994054 111.82106
v 266.5366 5.9994054 113.673645
v 268.40298 6.058123 110.5536
v 265.1094 6.058123 108.28376
v 274.0138 6.2519674 107.63492
v 272.05438 6.2519674 104.147675
v 277.6086 6.343247 105.61508
v 275.6492 6.343247 102.12785
v 298.91278 5.8995094 93.64484
v 296.95337 5.8995094 90.15761
v 281.91025 5.768788 185.0448
v 279.79648 5.768788 181.64893
v 292.33554 7.4606256 177.95372
v 293.02908 7.4606256 174.0143
v 297.0676 7.3305707 185.41307
v 300.429 7.3305707 187.58128
v 279.5804 4.76777 193.84517
v 280.1924 4.76777 197.79808
v 276.8517 4.6394963 188.87291
v 273.73813 4.6394963 191.38399
v 209.10443 4.473632 120.452415
v 205.73242 4.473632 125.41523
v 203.54068 4.445675 116.96735
v 202.40451 4.445675 122.858795
v 198.99168 4.1234307 119.478935
v 203.02925 4.1234307 123.91718
v 154.43477 3.43622 99.78017
v 150.5107 3.43622 99.00453
v 154.85933 3.8974125 95.897316
v 151.16478 3.8974125 97.43038
v 151.65512 3.9163404 94.19091
v 150.57138 3.9163404 98.0413
v 149.17143 3.9681823 94.47633
v 145.33534 3.9681823 95.609634
v 150.62006 5.0747557 88.18092
v 146.69308 5.0747557 87.42009
v 153.33562 6.5088453 74.164764
v 149.40865 6.5088453 73.40393
v 79.31931 0.16144624 88.187454
v 76.79687 0.16144624 93.63147
v 77.548195 0.18935983 87.370636
v 75.29003 0.18935983 92.929474
v 71.36609 -0.067919925 84.9538
v 69.239685 -0.067919925 90.56436
v 65.50864 -0.10619791 82.80679
v 63.408047 -0.10619791 88.42706
v 56.400116 -0.040967744 79.360275
v 54.26094 -0.040967744 84.96597
v 52.973625 0.034518696 78.97926
v 47.4806 0.034518696 81.39311
v 54.687626 0.7110048 74.82421
v 48.873043 0.7110048 73.344154
v 214.21129 -3.8766081 214.99715
v 208.95818 -3.8766081 217.89622
v 213.30672 -3.88854 213.38063
v 208.3196 -3.88854 216.71657
v 209.55273 -3.9747255 208.01572
v 204.67139 -3.9747255 211.50461
v 206.25986 -3.9610274 203.51918
v 201.42215 -3.9610274 207.06837
v 200.9153 -3.969982 196.24275
v 196.0222 -3.969982 199.71513
v 198.1618 -3.840254 192.10823
v 193.33838 -3.840254 195.67677
v 193.91174 -3.7190778 186.84212
v 189.73044 -3.7190778 191.14522
v 187.76674 -3.8429415 181.97813
v 184.0912 -3.8429415 186.72054
v 182.60733 -3.9340484 178.05742
v 178.99551 -3.9340484 182.84853
v 176.16632 -4.000061 173.23274
v 172.56915 -4.000061 178.03487
v 171.23738 -4.0037117 169.54901
v 167.97377 -4.0037117 174.58377
v 163.71594 -4.092887 165.16414
v 160.84128 -4.092887 170.43068
v 160.40579 -4.1503344 163.63544
v 157.90744 -4.1503344 169.09055
v 156.77011 -4.1841407 161.97496
v 154.26648 -4.1841407 167.42766
v 151.56624 -4.1837273 159.57669
v 149.0736 -4.1837273 165.03442
v 147.67505 -4.158703 157.82108
v 145.19537 -4.158703 163.2847
v 144.05797 -4.122458 156.16908
v 141.5551 -4.122458 161.62212
v 138.8507 -4.0542626 153.77078
v 136.35805 -4.0542626 159.22852
v 131.33018 -3.9821317 150.35606
v 128.8376 -3.9821317 155.81383
v 126.26385 -3.9653437 148.03304
v 123.33997 -3.9653437 153.27238
v 122.31388 -3.909058 145.33417
v 118.830864 -3.909058 150.21973
v 118.30664 -3.8733795 142.33801
v 114.88249 -3.8733795 147.26501
v 115.251915 -3.8999858 140.43376
v 111.51397 -3.8999858 145.12715
v 113.825935 -3.8543835 138.76239
v 109.977425 -3.8543835 143.36554
v 103.955894 -3.9218495 130.9892
v 100.19486 -3.9218495 135.6641
v 103.23666 -3.922105 133.46657
v 98.01229 -3.922105 130.51598
v 112.696594 -1.713254 120.16077
v 106.742035 -1.713254 119.42374
v 103.95829 -1.7029326 113.460594
v 101.21729 -1.7029326 118.79792
v 100.45375 -1.9142292 111.66205
v 97.610596 -1.9142292 116.94565
v 99.54521 -1.9092726 111.08589
v 96.80492 -1.9092726 116.42357
v 91.489624 -1.7982262 107.05943
v 88.78598 -1.7982262 112.41576
v 86.49361 -2.0581746 104.49797
v 83.758606 -2.0581746 109.83836
v 81.62622 -2.0497239 102.56232
v 76.406784 -2.0497239 105.52164
v 83.56645 -1.1551923 100.548775
v 77.963165 -1.1551923 98.40327
v 35.859882 -5.5379953 156.89513
v 36.746998 -5.5379953 162.82918
v 17.004246 -4.4555526 160.37604
v 21.398273 -4.4555526 164.46167
v 18.627777 -4.5506434 176.25975
v 24.523102 -4.5506434 175.14388
v 20.529716 -4.708764 185.56659
v 26.408684 -4.708764 184.36752
v 21.55085 -4.7537227 190.5925
v 27.440128 -4.7537227 189.44516
v 22.80517 -4.7089615 197.24681
v 28.700716 -4.7089615 196.13213
v 23.91455 -4.54214 203.07965
v 29.757332 -4.54214 201.71515
v 25.741674 -4.3188663 209.46953
v 31.105577 -4.3188663 206.78093
v 31.188538 -4.2248874 217.73466
v 36.2209 -4.2248874 214.46736
v 32.393833 -3.9332807 219.74908
v 37.39487 -3.9332807 216.43402
v 34.74521 -4.115725 223.09785
v 39.64145 -4.115725 219.6299
v 38.608444 -4.0407043 228.52562
v 43.517944 -4.0407043 225.07643
v 42.773064 -3.972976 234.52457
v 47.69332 -3.972976 231.09076
v 46.27323 -3.968466 239.50824
v 51.221725 -3.968466 236.11523
v 51.069122 -4.0494246 246.62393
v 56.04451 -4.0494246 243.27051
v 55.693615 -4.1182175 254.32391
v 61.024403 -4.1182175 251.57025
v 60.939587 -4.174029 264.4791
v 66.30046 -4.174029 261.78445
v 61.00448 -4.134942 264.88965
v 66.39704 -4.134942 262.25903
v 66.43529 -4.101752 275.22638
v 70.41409 -4.101752 270.7354
v 70.287224 -4.6747828 273.2844
v 72.98524 -4.6747828 267.9252
v 76.659035 -4.7986574 280.2892
v 81.00315 -4.7986574 276.15054
v 81.55373 -4.7063155 285.36368
v 85.87215 -4.7063155 281.1982
v 31.008087 0.75434107 259.58762
v 33.291916 0.75434107 262.87155
v 17.188093 3.170843 269.43442
v 20.659925 3.170843 271.421
v 21.879896 3.1256766 277.6095
v 25.062033 3.1256766 275.18585
v 26.572687 3.6253326 285.73996
v 31.293356 3.6253326 282.03653
v 31.238518 4.211946 291.68686
v 35.904472 4.211946 287.91476
v 31.551434 3.2066648 291.89597
v 36.34814 3.2066648 288.2916
v 35.331387 3.3782327 297.1105
v 40.47212 3.3782327 294.0165
v 35.07925 3.4634335 297.74594
v 39.811016 3.4634335 294.05673
v 41.87421 3.6210666 305.53
v 46.392506 3.6210666 301.58218
v 19.070698 4.2787437 282.84155
v 22.008785 4.2787437 285.5559
v 5.5517683 7.4050746 298.2017
v 9.550173 7.4050746 298.31467
v 18.74734 7.499364 308.56412
v 21.047865 7.499364 305.2919
v 22.415361 7.452111 309.53943
v 26.27471 7.452111 310.59082
v 14.588177 9.3705225 318.8382
v 18.525352 9.3705225 319.54437
v 20.079086 9.475743 326.555
v 23.154625 9.475743 323.99744
v 24.484097 10.05892 338.82288
v 26.485134 10.05892 342.28638
v 17.048895 10.783461 344.50497
v 21.02355 10.783461 344.0554
v 25.66421 10.652472 358.02444
v 29.009039 10.652472 355.83078
v 28.541193 10.6523695 358.98856
v 26.54896 10.6523695 355.52
v 50.042072 7.4563613 346.1925
v 47.99635 7.4563613 342.7552
v 200.64456 7.5457177 86.57308
v 198.7384 7.5457177 92.262245
v 198.0452 7.522198 85.70934
v 195.76047 7.522198 91.25732
v 191.45796 7.421655 82.79021
v 188.79744 7.421655 88.16809
v 188.70195 7.409721 81.09348
v 185.55592 7.409721 86.20254
v 185.28566 7.377675 78.97453
v 182.18681 7.377675 84.11235
v 180.71216 7.3232675 76.27462
v 177.54932 7.3232675 81.3733
v 176.87364 7.3016367 73.75671
v 173.61595 7.3016367 78.79531
v 169.4958 7.274585 69.07661
v 167.16423 7.274585 74.60505
v 158.67856 7.1937146 66.060646
v 157.08008 7.1937146 71.8438
v 148.69865 7.1916256 63.463203
v 147.28883 7.1916256 69.29522
v 139.595 7.2696123 61.26564
v 137.92401 7.2696123 67.02826
v 127.74851 7.3732567 57.392128
v 125.6963 7.3732567 63.030243
v 126.45719 7.406289 56.55587
v 123.20638 7.406289 61.598907
v 123.18399 7.461386 54.36152
v 119.84772 7.461386 59.348427
v 115.03873 7.5116005 48.916306
v 111.70015 7.5116005 53.901672
v 110.13099 7.4743767 45.62026
v 106.78579 7.4743767 50.601185
v 100.16909 7.3743777 38.930546
v 96.8148 7.3743777 43.905354
v 92.68882 7.277033 33.88696
v 89.35035 7.277033 38.872395
v 89.98456 7.251079 32.110504
v 86.657394 7.251079 37.1035
v 83.32412 7.3422165 27.646809
v 80.04804 7.3422165 32.67347
v 82.00861 7.223878 26.944134
v 79.432945 7.223878 32.36317
v 75.714676 7.0714035 24.001772
v 73.30115 7.0714035 29.494944
v 70.21845 7.0311 23.82166
v 64.22176 7.0311 23.622131
v 77.66867 9.453326 10.8032055
v 72.51021 9.453326 7.7388444
v 74.16864 9.484265 11.9398575
v 77.30739 9.484265 6.8263245
v 87.76185 9.495204 20.56942
v 90.95052 9.495204 15.486869
v 93.999405 9.5121565 24.380812
v 97.09509 9.5121565 19.24109
v 98.25965 9.518657 26.89287
v 101.33904 9.518657 21.743372
v 109.83404 9.3592825 33.253716
v 115.2647 9.3592825 30.702673
v 104.54976 8.202615 37.802326
v 109.38565 8.202615 41.35397
v 200.4867 3.3697119 125.906204
v 196.32263 3.3697119 130.226
v 200.11972 3.3654766 125.55246
v 195.95566 3.3654766 129.87225
v 193.59268 3.0874562 122.71923
v 192.98093 3.0874562 128.68796
v 193.02051 2.973726 122.75874
v 190.91827 2.973726 128.3784
v 190.10722 2.7904541 121.34935
v 187.16447 2.7904541 126.578125
v 184.97308 2.6259632 118.190765
v 181.8451 2.6259632 123.3109
v 177.3075 2.440672 113.52749
v 174.17773 2.440672 118.64654
v 173.49513 2.5928776 111.17642
v 170.58623 2.5928776 116.42412
v 165.6623 2.425192 107.08655
v 163.29486 2.425192 112.59973
v 159.62051 2.343898 105.2214
v 157.8677 2.343898 110.95966
v 156.30858 2.3486538 104.21068
v 154.55727 2.3486538 109.94939
v 56.24985 -5.482867 238.65897
v 61.24307 -5.482867 235.33215
v 57.668182 -5.47081 240.78773
v 62.6614 -5.47081 237.46092
v 50.832798 2.282283 306.20422
v 54.90948 2.282283 301.80188
v 57.644585 2.2534776 312.51212
v 61.721268 2.2534776 308.10977
v 54.201637 6.661509 347.31857
v 59.452187 6.661509 344.41483
v 56.355564 6.6556053 351.21298
v 61.635258 6.6556053 348.36258
v 58.9589 6.706042 356.12958
v 64.18699 6.706042 353.1856
v 62.338886 6.794037 361.82977
v 67.39313 6.794037 358.59637
v 63.872574 6.8048105 363.74582
v 68.33685 6.8048105 359.73703
v 67.47163 6.821143 367.60352
v 71.833916 6.821143 363.484
v 80.78158 7.215121 378.75085
v 78.366585 7.215121 373.25836
v 96.78169 3.5867982 356.4072
v 91.84761 3.5867982 352.99326
v 46.96184 6.5996294 334.0205
v 52.24142 6.5996294 331.16986
v 49.41565 6.6354146 338.56516
v 54.69523 6.6354146 335.7145
v 278.03677 5.518306 177.90846
v 272.80215 5.518306 180.84077
v 275.2435 5.6011953 172.92209
v 269.9951 5.6011953 175.82968
v 273.18805 5.6540885 169.15611
v 267.95337 5.6540885 172.08842
v 272.43762 5.662292 167.94221
v 266.94226 5.662292 170.35081
v 269.61542 5.7642336 161.00122
v 263.92157 5.7642336 162.89337
v 269.32883 5.833456 158.7838
v 263.35715 5.833456 159.36598
v 268.7978 5.92962 151.85068
v 262.81555 5.92962 152.31229
v 268.7617 5.9269695 151.42763
v 262.78354 5.9269695 151.93895
v 267.58575 5.8220553 140.95807
v 261.67706 5.8220553 142.00067
v 266.42163 5.6955256 134.36044
v 260.51288 5.6955256 135.40305
v 258.05307 5.4657874 124.01396
v 255.41605 5.4657874 129.40341
v 256.14417 5.4314194 123.07995
v 253.50714 5.4314194 128.46939
v 219.38622 5.569405 112.52726
v 217.23409 5.569405 118.12801
v 214.2086 5.618185 110.54092
v 211.80931 5.618185 116.04032
v 215.75896 5.6460514 113.64295
v 209.92503 5.6460514 112.24102
v 215.386 5.9939165 112.3016
v 212.35103 5.9939165 107.1258
v 222.38663 6.303714 110.6792
v 220.9497 6.303714 104.853806
v 224.5472 6.35209 110.16048
v 222.66762 6.35209 104.46248
v 227.72562 6.4502754 108.91605
v 226.33435 6.4502754 103.07958
v 235.88806 6.4497385 107.46811
v 234.46747 6.4497385 101.6387
v 239.00917 6.4768305 106.11331
v 236.53697 6.4768305 100.6463
v 247.29163 5.3458233 119.95699
v 245.84525 5.3458233 125.78005
v 238.50967 5.3820577 117.77566
v 237.06711 5.3820577 123.59966
v 236.55206 5.4007673 117.296875
v 235.11807 5.4007673 123.122986
v 228.61906 5.4850626 115.34125
v 227.18294 5.4850626 121.16684
v 247.65309 -6.127759 361.307
v 249.41942 -6.127759 355.57288
v 258.67975 -6.0121994 364.40186
v 257.82306 -6.0121994 358.46332
v 259.54416 -6.0442333 355.9357
v 254.14243 -6.0442333 358.54745
v 255.94196 -6.0722566 349.78677
v 250.76874 -6.0722566 352.82614
v 253.44539 -6.039239 345.53595
v 248.27171 -6.039239 348.57452
v 245.98834 -5.8800755 331.59622
v 240.10846 -5.8800755 332.79074
v 245.65807 -5.859277 329.98965
v 239.7253 -5.859277 330.8854
v 245.49005 -5.833261 328.35806
v 239.49957 -5.833261 328.6957
v 245.47243 -5.811195 326.6611
v 239.47511 -5.811195 326.48123
v 245.80635 -5.7733445 318.18372
v 239.80968 -5.7733445 317.98413
v 245.90417 -5.811041 313.68314
v 239.90558 -5.811041 313.553
v 245.43495 -5.976096 301.40808
v 239.53783 -5.976096 302.5144
v 245.15387 -6.0032043 299.96878
v 239.37222 -6.0032043 301.57272
v 242.34242 -6.1803885 290.26425
v 236.72627 -6.1803885 292.37582
v 239.9578 -6.263773 286.35892
v 235.00372 -6.263773 289.7438
v 238.57823 -6.3033834 284.62317
v 233.93831 -6.3033834 288.42725
v 233.29897 -6.413448 278.21902
v 228.6707 -6.413448 282.03732
v 229.67593 -6.410468 273.83234
v 225.04819 -6.410468 277.65125
v 224.64053 -6.3310995 267.7267
v 220.01227 -6.3310995 271.54495
v 220.80017 -6.248857 263.0737
v 216.16394 -6.248857 266.8823
v 218.03032 -6.194637 259.68002
v 213.38203 -6.194637 263.4739
v 213.1706 -6.0560794 252.68094
v 207.9606 -6.0560794 255.65683
v 209.03867 -5.8975244 245.45815
v 203.65799 -5.8975244 248.11305
v 205.21094 -5.800268 236.54579
v 199.69995 -5.800268 238.91832
v 204.43646 -5.8028703 234.75876
v 198.88754 -5.8028703 237.04123
v 203.30379 -5.814277 231.90852
v 197.73634 -5.814277 234.1454
v 203.09105 -5.816102 231.47847
v 197.86253 -5.816102 234.4217
v 199.21796 -5.957212 222.58246
v 193.69229 -5.957212 224.9206
v 197.74152 -6.008463 219.09622
v 192.28366 -6.008463 221.5886
v 196.25105 -6.0616055 216.11519
v 191.05428 -6.0616055 219.11412
v 194.01422 -6.170918 212.62042
v 189.00125 -6.170918 215.91739
v 189.69315 -6.326476 206.13498
v 184.71057 -6.326476 209.47772
v 189.11649 -6.2121887 205.4516
v 184.9909 -6.2121887 209.80817
v 183.66916 -6.5099435 200.32928
v 179.55893 -6.5099435 204.70032
v 175.00905 -6.796425 193.24292
v 171.44014 -6.796425 198.0661
v 173.47073 -6.828865 192.10464
v 169.90182 -6.828865 196.92783
v 169.78229 -9.011664 218.87769
v 165.09406 -9.011664 222.62207
v 167.50743 -9.095189 216.03143
v 162.9304 -9.095189 219.91098
v 166.35481 -9.124989 214.84412
v 162.0695 -9.124989 219.04364
v 152.26447 -9.416895 206.19131
v 150.9054 -9.416895 212.03537
v 145.2761 -9.482581 204.57353
v 144.32507 -9.482581 210.49767
v 140.94179 -9.505409 204.38849
v 140.7119 -9.505409 210.3841
v 130.97049 -9.476111 204.00311
v 130.73877 -9.476111 209.99863
v 127.19839 -9.453221 203.86563
v 126.52151 -9.453221 209.82733
v 117.10262 -9.399627 202.43336
v 115.87325 -9.399627 208.30608
v 112.34544 -9.385151 200.76753
v 110.38478 -9.385151 206.43813
v 103.37322 -9.398402 197.662
v 101.56208 -9.398402 203.38213
v 98.7587 -9.427337 196.47058
v 97.30574 -9.427337 202.29199
v 89.00246 -9.452884 195.51663
v 93.15921 -9.452884 199.84344
v 84.442345 -9.47599 208.786
v 90.16445 -9.47599 210.59084
v 84.33977 -9.487848 209.08853
v 89.97714 -9.487848 211.14279
v 84.225525 -9.485586 209.38142
v 89.7648 -9.485586 211.68715
v 84.09883 -9.474651 209.66743
v 89.52823 -9.474651 212.22118
v 83.95936 -9.417266 209.94731
v 89.26769 -9.417266 212.74403
v 83.80662 -9.349868 210.222
v 88.98373 -9.349868 213.25475
v 83.638985 -9.28219 210.49393
v 88.677956 -9.28219 213.75104
v 76.56516 -8.457484 221.41974
v 81.60171 -8.457484 224.6806
v 81.77255 -8.282449 231.94972
v 84.74216 -8.282449 226.73613
v 86.29724 -8.291098 234.52693
v 89.26738 -8.291098 229.31364
v 103.2099 -8.252256 242.78691
v 100.83104 -8.252256 237.27864
v 107.31374 -9.077713 224.99174
v 101.32906 -9.077713 224.56334
v 106.30534 -9.24244 220.21008
v 100.47276 -9.24244 221.61755
v 105.13646 -9.382811 218.40102
v 99.77768 -9.382811 215.70222
v 105.936554 -9.401129 219.58914
v 105.173004 -9.401129 213.63791
v 106.679886 -9.411963 219.5213
v 106.47327 -9.411963 213.52487
v 107.346 -9.414528 219.53496
v 107.80767 -9.414528 213.55275
v 107.98488 -9.414359 219.62103
v 109.126205 -9.414359 213.73059
v 108.60966 -9.411818 219.7798
v 110.415764 -9.411818 214.05809
v 109.23266 -9.406953 220.01593
v 111.663994 -9.406953 214.53064
v 109.88775 -9.396929 220.35136
v 112.83706 -9.396929 215.12627
v 113.73216 -9.382589 222.56096
v 117.0858 -9.382589 217.58571
v 116.354324 -9.356297 224.56151
v 121.02318 -9.356297 220.79298
v 127.04051 -9.238896 237.04417
v 126.36203 -9.238896 231.08266
v 153.32939 -9.525993 221.47905
v 150.22646 -9.525993 216.3437
v 83.09878 -3.7026134 290.6149
v 86.28959 -3.7026134 293.02713
v 76.24315 -1.8303695 300.47495
v 80.23639 -1.8303695 300.24258
v 84.42672 -1.846904 306.28958
v 86.44448 -1.846904 302.8358
v 94.31113 -2.1573167 307.90265
v 90.987366 -2.1573167 305.6772
v 94.40524 -2.1881554 307.7621
v 91.08148 -2.1881554 305.53662
v 98.89612 1.2868044 336.33704
v 102.03519 1.2868044 338.81622
v 92.74593 2.6153035 344.1243
v 95.88874 2.6153035 346.59872
v 92.96959 2.6153076 346.8393
v 95.6871 2.6153076 343.9041
v 122.684364 -1.0657222 332.81186
v 118.11843 -1.0657222 336.70444
v 121.6665 -1.0554329 331.61792
v 117.10056 -1.0554329 335.5105
v 224.29482 -6.65801 312.94064
v 221.60637 -6.65801 315.90244
v 206.88559 -7.9377375 297.13815
v 204.19714 -7.9377375 300.09995
v 207.81285 -8.1978035 290.2288
v 201.90758 -8.1978035 291.2908
v 206.33652 -8.335707 282.02786
v 200.46716 -8.335707 283.2731
v 205.89261 -8.355152 281.64676
v 200.53342 -8.355152 284.3447
v 201.36276 -8.389835 271.93134
v 195.92511 -8.389835 274.46747
v 170.47957 -8.644275 212.64268
v 167.4264 -8.644275 215.22691
v 167.96925 -8.743601 210.53159
v 163.97621 -8.743601 210.29587
v 170.66205 -8.2953005 208.93454
v 168.01114 -8.2953005 205.93909
v 174.29472 -7.648155 205.71971
v 171.64381 -7.648155 202.72426
v 196.86717 -8.332746 262.95935
v 191.5515 -8.332746 265.74207
v 193.65169 -8.2516775 256.8293
v 188.17403 -8.2516775 259.27786
v 193.84874 -8.184048 256.2605
v 188.08974 -8.184048 257.9439
v 192.82297 -8.153175 254.0238
v 187.39304 -8.153175 256.57645
v 188.43242 -8.058794 244.65454
v 183.01888 -8.058794 247.24173
v 187.63185 -8.067953 243.16194
v 182.24525 -8.067953 245.8048
v 185.10844 -8.109165 237.88393
v 179.6285 -8.109165 240.32729
v 182.23746 -8.194297 231.06108
v 176.82391 -8.194297 233.64827
v 181.58862 -8.240308 230.52637
v 176.32077 -8.240308 233.39859
v 179.11504 -8.37041 225.34189
v 173.65318 -8.37041 227.82544
v 177.2632 -8.436182 220.99683
v 171.744 -8.436182 223.35025
v 139.59816 -8.6680565 290.78128
v 142.80067 -8.6680565 293.17795
v 138.21297 -8.421778 294.316
v 141.8817 -8.421778 292.72214
v 140.92184 -8.38695 295.39587
v 144.82516 -8.38695 296.27002
v 136.11566 -6.994183 302.50714
v 139.46268 -6.994183 304.69745
v 134.21939 -6.3924217 305.40482
v 137.5664 -6.3924217 307.59512
v 92.124435 -2.1306856 306.71277
v 88.75827 -2.1306856 304.552
v 92.37312 -2.2094595 306.32535
v 89.00696 -2.2094595 304.16458
v 103.4332 -5.121507 295.651
v 106.780945 -5.121507 290.6718
v 104.027985 -5.142863 296.0509
v 107.37573 -5.142863 291.07172
v 135.59279 -5.4329786 316.0266
v 137.79964 -5.4329786 312.6905
v 135.88684 -5.4491496 313.42883
v 138.8147 -5.4491496 316.15424
v 122.07357 -2.1346755 327.1344
v 124.891136 -2.1346755 329.97363
v 112.88973 -1.1165386 330.68198
v 117.3093 -1.1165386 326.624
v 113.15184 -1.1098881 330.96744
v 117.57141 -1.1098881 326.90945
v 143.3288 -9.146323 287.57874
v 147.71164 -9.146323 291.6764
v 142.31714 -9.070026 288.6608
v 146.70001 -9.070026 292.75845
v 233.67148 7.417428 66.8391
v 235.5693 7.417428 70.36022
v 221.74327 8.253481 73.28869
v 224.09547 8.253481 76.523994
v 221.46785 8.223292 76.917786
v 225.44734 8.223292 76.51314
v 221.45619 8.170354 80.18476
v 225.45619 8.170354 80.18638
v 221.45605 8.160375 80.50936
v 225.45605 8.160375 80.511055
v 220.61752 8.043524 82.82527
v 225.90503 8.043524 85.66115
v 220.37984 8.027327 83.26844
v 225.66734 8.027327 86.10432
v 239.70753 7.0329356 71.5431
v 244.99364 7.0329356 68.70458
v 242.34503 7.0312777 76.45484
v 247.63113 7.0312777 73.616325
v 244.86446 7.0067487 82.7339
v 250.72789 7.0067487 81.46101
v 244.88948 7.0052238 82.849174
v 250.75291 7.0052238 81.57629
v 245.7086 6.9001594 88.194984
v 251.54192 6.9001594 89.599464
v 245.08073 6.8472357 90.80275
v 250.91405 6.8472357 92.207214
v 244.27113 6.738339 94.16537
v 250.10445 6.738339 95.56983
v 220.5927 5.171365 119.05138
v 219.51717 5.171365 122.90407
v 216.47588 5.14784 118.02644
v 216.77794 5.14784 122.01503
v 214.10881 5.017372 120.19294
v 217.43748 5.017372 122.41102
v 236.0299 -2.5357792 230.85268
v 230.83371 -2.5357792 233.85258
v 235.732 -2.5396364 230.33665
v 230.5358 -2.5396364 233.33656
v 235.85825 -6.231422 339.63647
v 235.53293 -6.231422 345.62762
v 234.99849 -6.2354236 339.62186
v 235.54964 -6.2354236 345.59647
v 229.25952 -6.21315 341.0713
v 225.47739 -6.21315 345.72913
v 221.44185 -6.241132 328.1151
v 215.75227 -6.241132 330.02008
v 223.86113 -6.2456126 328.8859
v 219.70695 -6.2456126 324.5566
v 227.36514 -6.2593703 324.7907
v 222.79514 -6.2593703 320.9029
v 234.00987 -6.2895336 315.40134
v 228.8925 -6.2895336 312.26883
v 235.18027 -6.2899837 313.48935
v 230.0629 -6.2899837 310.35684
v 275.16382 4.4967885 59.035267
v 277.656 4.4967885 53.577343
v 278.85086 4.5175085 60.718853
v 281.34305 4.5175085 55.26093
v 287.9568 4.545595 64.87902
v 290.45105 4.545595 59.42204
v 292.23196 4.5507584 65.05337
v 298.22452 4.5507584 64.75486
v 286.80643 5.599979 74.29923
v 292.80484 5.599979 74.16105
v 293.5731 5.7121367 81.37265
v 297.53842 5.7121367 76.869736
v 297.5942 5.7326245 85.07401
v 301.8995 5.7326245 80.89495
v 298.05283 5.7444057 85.91141
v 303.116 5.7444057 82.69203
v 261.1444 6.4542437 82.72411
v 266.4018 6.4542437 79.83271
v 264.61545 6.5202904 88.13458
v 270.6102 6.5202904 88.385544
v 260.6689 6.425933 95.09506
v 265.57596 6.425933 98.547745
v 259.11993 6.390404 95.6275
v 262.0564 6.390404 100.85983
v 247.23326 6.2688923 100.90139
v 249.36763 6.2688923 106.508934
v 246.87619 6.266321 101.0373
v 249.01056 6.266321 106.644844
v 298.14417 2.242102 42.496517
v 293.7508 2.242102 38.410175
v 298.32172 2.209312 42.303867
v 294.0459 2.209312 38.094654
v 303.20807 1.6602467 35.23029
v 297.41876 1.6602467 36.806377
v 294.91266 1.7261605 24.110855
v 289.09845 1.7261605 25.592468
v 299.6317 1.3263245 21.278275
v 293.68384 1.3263245 22.067223
v 293.1448 1.3900301 12.965021
v 287.45883 1.3900301 11.049303
v 301.42578 0.30564335 7.9773602
v 303.0631 0.30564335 2.2050939
v 304.04684 0.39839688 17.785551
v 309.63974 0.39839688 15.61307
v 308.64563 0.37443766 27.632282
v 311.2564 0.37443766 22.230087
v 319.43756 -0.6294585 25.888311
v 319.89777 -0.6294585 19.905989
v 318.71103 -0.7178224 27.171534
v 324.05826 -0.7178224 24.449984
v 321.67178 -0.79734784 33.44805
v 327.05637 -0.79734784 30.8011
v 324.01334 -0.81468034 37.950268
v 329.26132 -0.81468034 35.04185
v 325.4148 -0.8258386 40.088314
v 329.9875 -0.8258386 36.203693
v 329.72046 -0.9478347 44.74887
v 334.0268 -0.9478347 40.570892
v 332.52527 -1.0114683 47.424294
v 336.6914 -1.0114683 43.10649
v 339.92352 -1.0275613 54.588417
v 343.82538 -1.0275613 50.030388
v 347.1593 -0.9785548 59.9485
v 350.72668 -0.9785548 55.12422
v 280.64398 3.197582 42.185425
v 277.2542 3.197582 40.061874
v 282.69437 2.670112 37.43556
v 282.3195 2.670112 33.453167
v 287.08298 2.6770988 41.784847
v 289.61984 2.6770988 38.69222
v 303.08435 5.7785277 94.95683
v 308.48846 5.7785277 92.349976
v 304.5943 5.77454 98.08679
v 310.01843 5.77454 95.52188
v 307.21805 5.7139835 103.698746
v 312.6404 5.7139835 101.1301
v 309.73566 5.657682 108.939674
v 315.12964 5.657682 106.31193
v 313.41608 5.6313434 116.42143
v 318.83844 5.6313434 113.8528
v 314.19617 5.64914 118.28841
v 319.20966 5.64914 114.9922
v 321.22372 5.7325535 128.32625
v 325.91098 5.7325535 124.58061
v 330.28946 5.968245 138.4251
v 334.58926 5.968245 134.24037
v 332.86267 5.9696684 140.19246
v 336.09546 5.9696684 135.13783
v 342.08243 6.0510745 146.06096
v 345.2513 6.0510745 140.96605
v 344.97638 6.0881886 147.71567
v 347.7246 6.0881886 142.38208
v 354.46698 6.265438 152.29543
v 358.69873 6.265438 148.04192
v 354.02927 6.691101 156.77681
v 357.0198 6.691101 151.57521
v 367.95502 6.782825 159.7195
v 373.11774 6.782825 156.66234
v 364.7804 7.882922 174.30424
v 370.69708 7.882922 175.3007
v 363.57785 8.122685 181.63026
v 369.29123 8.122685 183.46248
v 363.3049 8.140081 181.06361
v 366.5355 8.140081 186.11961
v 351.06113 8.160681 188.80959
v 354.22946 8.160681 193.90483
v 347.9686 8.154085 190.6
v 351.18057 8.154085 195.66788
v 337.13565 8.1312 199.93314
v 343.01114 8.1312 198.71729
v 351.67627 9.115569 217.81703
v 357.20746 9.115569 215.49199
v 347.57156 9.265487 221.31686
v 352.5013 9.265487 224.737
v 345.13834 9.306853 224.83186
v 350.40604 9.306853 227.70442
v 342.56952 9.3780575 230.54802
v 348.25476 9.3780575 232.46584
v 341.6664 9.420244 235.16084
v 347.61563 9.420244 235.93971
v 340.64005 9.312982 244.98567
v 346.63876 9.312982 245.10997
v 341.39734 9.248793 249.1993
v 347.33673 9.248793 248.34877
v 341.50934 9.173426 251.3094
v 347.39813 9.173426 250.15947
v 342.4628 9.140155 253.9447
v 347.72934 9.140155 251.07
v 351.26703 9.009195 265.09702
v 350.10663 9.009195 259.2103
v 374.27927 10.079311 249.56123
v 370.87808 10.079311 244.61836
v 42.04709 5.979376 321.3841
v 46.80155 5.979376 317.72418
v 43.842983 6.0219283 323.71707
v 48.597446 6.0219283 320.05716
v 28.694284 9.390522 338.3037
v 33.261745 9.390522 334.4129
v 28.828972 9.387194 338.46182
v 33.396435 9.387194 334.571
v 73.055405 0.9949251 317.7127
v 76.68463 0.9949251 312.93475
v 81.066414 1.0169017 323.7976
v 84.66625 1.0169017 318.9975
v 92.61349 1.03215 332.38025
v 96.19271 1.03215 327.56476
v 98.06147 -2.9235077 308.42578
v 101.171196 -2.9235077 303.29456
v 103.795006 -2.8752165 311.9005
v 106.90473 -2.8752165 306.7693
v 110.57997 -1.5328568 321.54324
v 113.71896 -1.5328568 324.0225
v 110.35135 -1.4694555 321.8327
v 113.49034 -1.4694555 324.31195
v 99.29143 0.4997922 332.9635
v 103.46275 0.4997922 328.6507
v 99.39331 0.50168866 333.06204
v 103.56464 0.50168866 328.74924
v 55.857197 4.801926 323.88373
v 53.232082 4.801926 320.86566
v 60.262157 3.5951078 320.0523
v 57.637043 3.5951078 317.03424
v 37.049355 8.566197 336.1829
v 35.048317 8.566197 332.7194
v 42.821266 7.5244007 332.84818
v 40.82023 7.5244007 329.38467
v 49.349068 6.354948 329.0767
v 47.347725 6.354948 325.61337
v 49.40188 6.3458 329.04617
v 47.400536 6.3458 325.58286
v 93.61528 -5.4865766 283.33685
v 90.42447 -5.4865766 280.92462
v 95.50493 -5.8789616 280.83728
v 92.31412 -5.8789616 278.42505
v 30.738861 8.515372 326.789
v 28.168419 8.515372 323.72424
v 37.741993 6.960573 320.91544
v 35.17155 6.960573 317.85068
v 46.022327 4.8603096 313.45392
v 43.210583 4.8603096 310.6089
v 46.164585 4.8166413 313.31332
v 43.35284 4.8166413 310.4683
v 100.23342 -3.8964088 299.05957
v 96.90989 -3.8964088 296.8338
v 101.12852 -4.1376977 297.72302
v 97.804985 -4.1376977 295.49725
v 58.967575 -4.796618 244.95836
v 61.273994 -4.796618 248.22646
v 58.82535 -4.7697287 245.05873
v 61.13177 -4.7697287 248.32683
v 104.15209 -0.6434544 324.04718
v 100.854774 -0.6434544 321.7827
v 108.010445 -1.7836301 318.42892
v 104.71313 -1.7836301 316.16446
v 108.86378 -0.29655677 330.17
v 105.724815 -0.29655677 327.6907
v 109.00638 -0.3318888 329.98947
v 105.86742 -0.3318888 327.51016
v 208.4991 8.023033 83.93455
v 204.49937 8.023033 83.88674
v 208.55724 8.143151 79.07055
v 204.55751 8.143151 79.02274
v 206.82718 -6.807794 259.794
v 209.24472 -6.807794 262.98077
v 201.3382 -7.6028585 263.95807
v 203.75574 -7.6028585 267.14484
v 230.2549 -6.6644406 302.35367
v 228.68309 -6.6644406 306.0319
v 210.84299 -7.823805 294.05844
v 209.27118 -7.823805 297.73666
v 239.46872 -6.113656 306.55322
v 237.62921 -6.113656 310.10516
v 239.3237 -6.122752 306.47812
v 237.48419 -6.122752 310.03006
v 256.6811 6.646636 81.79298
v 254.10852 6.646636 78.73
v 256.92337 6.635561 81.5895
v 254.35078 6.635561 78.52653
v 264.26035 6.0954156 73.23456
v 260.68832 6.0954156 71.434326
v 270.81842 4.9334726 60.22213
v 267.2464 4.9334726 58.421898
v 275.373 4.0770354 51.185043
v 271.80084 4.0770354 49.3851
v 275.44278 4.0628858 51.04653
v 271.87064 4.0628858 49.24659
v 286.55527 7.335455 147.54805
v 285.6157 7.335455 151.43614
v 273.39502 6.4196167 144.3679
v 272.45544 6.4196167 148.256
v 207.60054 -4.5882363 222.14632
v 209.26128 -4.5882363 225.78526
v 203.22636 -5.1579437 224.1426
v 204.8871 -5.1579437 227.78154
v 254.75761 5.5971584 118.91192
v 250.90248 5.5971584 117.845146
v 256.41537 5.84068 112.92108
v 252.56024 5.84068 111.85431
v 289.0408 3.8980057 55.301296
v 285.49765 3.8980057 53.444965
v 292.44983 3.1451836 48.794514
v 288.90668 3.1451836 46.938183
f 529 531 530
f 530 531 532
f 531 533 532
f 532 533 534
f 533 535 534
f 534 535 536
f 535 537 536
f 536 537 538
f 537 539 538
f 538 539 540
f 539 541 540
f 540 541 542
f 541 543 542
f 542 543 544
f 543 545 544
f 544 545 546
f 545 547 546
f 546 547 548
f 547 549 548
f 548 549 550
f 549 551 550
f 550 551 552
f 553 555 554
f 554 555 556
f 555 557 556
f 556 557 558
f 557 559 558
f 558 559 560
f 559 561 560
f 560 561 562
f 561 563 562
f 562 563 564
f 563 565 564
f 564 565 566
f 565 567 566
f 566 567 568
f 567 569 568
f 568 569 570
f 569 571 570
f 570 571 572
f 571 573 572
f 572 573 574
f 573 575 574
f 574 575 576
f 575 577 576
f 576 577 578
f 577 579 578
f 578 579 580
f 581 583 582
f 582 583 584
f 583 585 584
f 584 585 586
f 587 589 588
f 588 589 590
f 589 591 590
f 590 591 592
f 591 593 592
f 592 593 594
f 595 597 596
f 596 597 598
f 597 599 598
f 598 599 600
f 599 601 600
f 600 601 602
f 601 603 602
f 602 603 604
f 603 605 604
f 604 605 606
f 605 607 606
f 606 607 608
f 607 609 608
f 608 609 610
f 609 611 610
f 610 611 612
f 613 615 614
f 614 615 616
f 615 617 616
f 616 617 618
f 617 619 618
f 618 619 620
f 619 621 620
f 620 621 622
f 623 625 624
f 624 625 626
f 625 627 626
f 626 627 628
f 629 631 630
f 630 631 632
f 631 633 632
f 632 633 634
f 633 635 634
f 634 635 636
f 635 637 636
f 636 637 638
f 637 639 638
f 638 639 640
f 641 643 642
f 642 643 644
f 643 645 644
f 644 645 646
f 645 647 646
f 646 647 648
f 647 649 648
f 648 649 650
f 649 651 650
f 650 651 652
f 651 653 652
f 652 653 654
f 655 657 656
f 656 657 658
f 657 659 658
f 658 659 660
f 659 661 660
f 660 661 662
f 661 663 662
f 662 663 664
f 663 665 664
f 664 665 666
f 665 667 666
f 666 667 668
f 667 669 668
f 668 669 670
f 669 671 670
f 670 671 672
f 671 673 672
f 672 673 674
f 673 675 674
f 674 675 676
f 675 677 676
f 676 677 678
f 677 679 678
f 678 679 680
f 679 681 680
f 680 681 682
f 681 683 682
f 682 683 684
f 683 685 684
f 684 685 686
f 685 687 686
f 686 687 688
f 687 689 688
f 688 689 690
f 689 691 690
f 690 691 692
f 691 693 692
f 692 693 694
f 693 695 694
f 694 695 696
f 695 697 696
f 696 697 698
f 697 699 698
f 698 699 700
f 699 701 700
f 700 701 702
f 701 703 702
f 702 703 704
f 703 705 704
f 704 705 706
f 705 707 706
f 706 707 708
f 707 709 708
f 708 709 710
f 709 711 710
f 710 711 712
f 711 713 712
f 712 713 714
f 713 715 714
f 714 715 716
f 715 717 716
f 716 717 718
f 717 719 718
f 718 719 720
f 719 721 720
f 720 721 722
f 723 725 724
f 724 725 726
f 725 727 726
f 726 727 728
f 727 729 728
f 728 729 730
f 729 731 730
f 730 731 732
f 731 733 732
f 732 733 734
f 733 735 734
f 734 735 736
f 735 737 736
f 736 737 738
f 737 739 738
f 738 739 740
f 739 741 740
f 740 741 742
f 741 743 742
f 742 743 744
f 743 745 744
f 744 745 746
f 745 747 746
f 746 747 748
f 747 749 748
f 748 749 750
f 749 751 750
f 750 751 752
f 753 755 754
f 754 755 756
f 755 757 756
f 756 757 758
f 757 759 758
f 758 759 760
f 759 761 760
f 760 761 762
f 761 763 762
f 762 763 764
f 763 765 764
f 764 765 766
f 767 769 768
f 768 769 770
f 769 771 770
f 770 771 772
f 773 775 774
f 774 775 776
f 775 777 776
f 776 777 778
f 777 779 778
f 778 779 780
f 779 781 780
f 780 781 782
f 781 783 782
f 782 783 784
f 785 787 786
f 786 787 788
f 787 789 788
f 788 789 790
f 789 791 790
f 790 791 792
f 791 793 792
f 792 793 794
f 793 795 794
f 794 795 796
f 797 799 798
f 798 799 800
f 799 801 800
f 800 801 802
f 801 803 802
f 802 803 804
f 803 805 804
f 804 805 806
f 807 809 808
f 808 809 810
f 809 811 810
f 810 811 812
f 811 813 812
f 812 813 814
f 813 815 814
f 814 815 816
f 815 817 816
f 816 817 818
f 817 819 818
f 818 819 820
f 819 821 820
f 820 821 822
f 821 823 822
f 822 823 824
f 825 827 826
f 826 827 828
f 827 829 828
f 828 829 830
f 829 831 830
f 830 831 832
f 831 833 832
f 832 833 834
f 833 835 834
f 834 835 836
f 835 837 836
f 836 837 838
f 839 841 840
f 840 841 842
f 841 843 842
f 842 843 844
f 843 845 844
f 844 845 846
f 845 847 846
f 846 847 848
f 847 849 848
f 848 849 850
f 849 851 850
f 850 851 852
f 851 853 852
f 852 853 854
f 853 855 854
f 854 855 856
f 855 857 856
f 856 857 858
f 857 859 858
f 858 859 860
f 859 861 860
f 860 861 862
f 861 863 862
f 862 863 864
f 863 865 864
f 864 865 866
f 867 869 868
f 868 869 870
f 871 873 872
f 872 873 874
f 873 875 874
f 874 875 876
f 875 877 876
f 876 877 878
f 877 879 878
f 878 879 880
f 879 881 880
f 880 881 882
f 881 883 882
f 882 883 884
f 883 885 884
f 884 885 886
f 885 887 886
f 886 887 888
f 889 891 890
f 890 891 892
f 893 895 894
f 894 895 896
f 897 899 898
f 898 899 900
f 899 901 900
f 900 901 902
f 901 903 902
f 902 903 904
f 903 905 904
f 904 905 906
f 905 907 906
f 906 907 908
f 907 909 908
f 908 909 910
f 909 911 910
f 910 911 912
f 913 915 914
f 914 915 916
f 917 919 918
f 918 919 920
f 919 921 920
f 920 921 922
f 921 923 922
f 922 923 924
f 923 925 924
f 924 925 926
f 925 927 926
f 926 927 928
f 927 929 928
f 928 929 930
f 929 931 930
f 930 931 932
f 933 935 934
f 934 935 936
f 937 939 938
f 938 939 940
f 941 943 942
f 942 943 944
f 943 945 944
f 944 945 946
f 945 947 946
f 946 947 948
f 947 949 948
f 948 949 950
f 949 951 950
f 950 951 952
f 951 953 952
f 952 953 954
f 953 955 954
f 954 955 956
f 955 957 956
f 956 957 958
f 959 961 960
f 960 961 962
f 961 963 962
f 962 963 964
f 963 965 964
f 964 965 966
f 967 969 968
f 968 969 970
f 969 971 970
f 970 971 972
f 971 973 972
f 972 973 974
f 973 975 974
f 974 975 976
f 977 979 978
f 978 979 980
f 979 981 980
f 980 981 982
f 981 983 982
f 982 983 984
f 983 985 984
f 984 985 986
f 985 987 986
f 986 987 988
f 989 991 990
f 990 991 992
f 991 993 992
f 992 993 994
f 993 995 994
f 994 995 996
f 995 997 996
f 996 997 998
f 997 999 998
f 998 999 1000
f 999 1001 1000
f 1000 1001 1002
f 1001 1003 1002
f 1002 1003 1004
f 1003 1005 1004
f 1004 1005 1006
f 1005 1007 1006
f 1006 1007 1008
f 1009 1011 1010
f 1010 1011 1012
f 1011 1013 1012
f 1012 1013 1014
f 1013 1015 1014
f 1014 1015 1016
f 1015 1017 1016
f 1016 1017 1018
f 1017 1019 1018
f 1018 1019 1020
f 1021 1023 1022
f 1022 1023 1024
f 1023 1025 1024
f 1024 1025 1026
f 1025 1027 1026
f 1026 1027 1028
f 1027 1029 1028
f 1028 1029 1030
f 1029 1031 1030
f 1030 1031 1032
f 1031 1033 1032
f 1032 1033 1034
f 1035 1037 1036
f 1036 1037 1038
f 1039 1041 1040
f 1040 1041 1042
f 1041 1043 1042
f 1042 1043 1044
f 1045 1047 1046
f 1046 1047 1048
f 1047 1049 1048
f 1048 1049 1050
f 1049 1051 1050
f 1050 1051 1052
f 1051 1053 1052
f 1052 1053 1054
f 1053 1055 1054
f 1054 1055 1056
f 1055 1057 1056
f 1056 1057 1058
f 1057 1059 1058
f 1058 1059 1060
f 1059 1061 1060
f 1060 1061 1062
f 1061 1063 1062
f 1062 1063 1064
f 1063 1065 1064
f 1064 1065 1066
f 1065 1067 1066
f 1066 1067 1068
f 1067 1069 1068
f 1068 1069 1070
f 1069 1071 1070
f 1070 1071 1072
f 1071 1073 1072
f 1072 1073 1074
f 1073 1075 1074
f 1074 1075 1076
f 1075 1077 1076
f 1076 1077 1078
f 1077 1079 1078
f 1078 1079 1080
f 1081 1083 1082
f 1082 1083 1084
f 1083 1085 1084
f 1084 1085 1086
f 1085 1087 1086
f 1086 1087 1088
f 1087 1089 1088
f 1088 1089 1090
f 1089 1091 1090
f 1090 1091 1092
f 1091 1093 1092
f 1092 1093 1094
f 1093 1095 1094
f 1094 1095 1096
f 1095 1097 1096
f 1096 1097 1098
f 1097 1099 1098
f 1098 1099 1100
f 1099 1101 1100
f 1100 1101 1102
f 1101 1103 1102
f 1102 1103 1104
f 1103 1105 1104
f 1104 1105 1106
f 1105 1107 1106
f 1106 1107 1108
f 1107 1109 1108
f 1108 1109 1110
f 1109 1111 1110
f 1110 1111 1112
f 1111 1113 1112
f 1112 1113 1114
f 1115 1117 1116
f 1116 1117 1118
f 1117 1119 1118
f 1118 1119 1120
f 1121 1123 1122
f 1122 1123 1124
f 1125 1127 1126
f 1126 1127 1128
f 1127 1129 1128
f 1128 1129 1130
f 1131 1133 1132
f 1132 1133 1134
f 1135 1137 1136
f 1136 1137 1138
f 1139 1141 1140
f 1140 1141 1142
f 1141 1143 1142
f 1142 1143 1144
f 1143 1145 1144
f 1144 1145 1146
f 1147 1149 1148
f 1148 1149 1150
f 1149 1151 1150
f 1150 1151 1152
f 1151 1153 1152
f 1152 1153 1154
f 1155 1157 1156
f 1156 1157 1158
f 1157 1159 1158
f 1158 1159 1160
f 1159 1161 1160
f 1160 1161 1162
f 1161 1163 1162
f 1162 1163 1164
f 1163 1165 1164
f 1164 1165 1166
f 1165 1167 1166
f 1166 1167 1168
f 1167 1169 1168
f 1168 1169 1170
f 1169 1171 1170
f 1170 1171 1172
f 1171 1173 1172
f 1172 1173 1174
f 1173 1175 1174
f 1174 1175 1176
f 1177 1179 1178
f 1178 1179 1180
f 1179 1181 1180
f 1180 1181 1182
f 1181 1183 1182
f 1182 1183 1184
f 1183 1185 1184
f 1184 1185 1186
f 1187 1189 1188
f 1188 1189 1190
f 1191 1193 1192
f 1192 1193 1194
f 1195 1197 1196
f 1196 1197 1198
f 1197 1199 1198
f 1198 1199 1200
f 1201 1203 1202
f 1202 1203 1204
f 1205 1207 1206
f 1206 1207 1208
f 1209 1211 1210
f 1210 1211 1212
f 1211 1213 1212
f 1212 1213 1214
f 1213 1215 1214
f 1214 1215 1216
f 1215 1217 1216
f 1216 1217 1218
f 1219 1221 1220
f 1220 1221 1222
f 1223 1225 1224
f 1224 1225 1226
f 1227 1229 1228
f 1228 1229 1230
f 1231 1233 1232
f 1232 1233 1234
f 1233 1235 1234
f 1234 1235 1236
f 1237 1239 1238
f 1238 1239 1240
f 1239 1241 1240
f 1240 1241 1242
f 1243 1245 1244
f 1244 1245 1246
f 1247 1249 1248
f 1248 1249 1250
f 1249 1251 1250
f 1250 1251 1252
f 1251 1253 1252
f 1252 1253 1254
f 1253 1255 1254
f 1254 1255 1256
f 1255 1257 1256
f 1256 1257 1258
f 1259 1261 1260
f 1260 1261 1262
f 1263 1265 1264
f 1264 1265 1266
f 1267 1269 1268
f 1268 1269 1270
f 1269 1271 1270
f 1270 1271 1272
f 1271 1273 1272
f 1272 1273 1274
f 1273 1275 1274
f 1274 1275 1276
f 1275 1277 1276
f 1276 1277 1278
f 1279 1281 1280
f 1280 1281 1282
f 1281 1283 1282
f 1282 1283 1284
f 1283 1285 1284
f 1284 1285 1286
f 1287 1289 1288
f 1288 1289 1290
f 1291 1293 1292
f 1292 1293 1294
f 1293 1295 1294
f 1294 1295 1296
f 1295 1297 1296
f 1296 1297 1298
f 1297 1299 1298
f 1298 1299 1300
f 1299 1301 1300
f 1300 1301 1302
f 1301 1303 1302
f 1302 1303 1304
f 1303 1305 1304
f 1304 1305 1306
f 1305 1307 1306
f 1306 1307 1308
f 1307 1309 1308
f 1308 1309 1310
f 1309 1311 1310
f 1310 1311 1312
f 1311 1313 1312
f 1312 1313 1314
f 1313 1315 1314
f 1314 1315 1316
f 1315 1317 1316
f 1316 1317 1318
f 1317 1319 1318
f 1318 1319 1320
f 1319 1321 1320
f 1320 1321 1322
f 1321 1323 1322
f 1322 1323 1324
f 1323 1325 1324
f 1324 1325 1326
f 1327 1329 1328
f 1328 1329 1330
f 1329 1331 1330
f 1330 1331 1332
f 1333 1335 1334
f 1334 1335 1336
f 1335 1337 1336
f 1336 1337 1338
f 1337 1339 1338
f 1338 1339 1340
f 1339 1341 1340
f 1340 1341 1342
f 1341 1343 1342
f 1342 1343 1344
f 1343 1345 1344
f 1344 1345 1346
f 1345 1347 1346
f 1346 1347 1348
f 1347 1349 1348
f 1348 1349 1350
f 1349 1351 1350
f 1350 1351 1352
f 1351 1353 1352
f 1352 1353 1354
f 1353 1355 1354
f 1354 1355 1356
f 1355 1357 1356
f 1356 1357 1358
f 1357 1359 1358
f 1358 1359 1360
f 1359 1361 1360
f 1360 1361 1362
f 1361 1363 1362
f 1362 1363 1364
f 1363 1365 1364
f 1364 1365 1366
f 1365 1367 1366
f 1366 1367 1368
f 1367 1369 1368
f 1368 1369 1370
f 1369 1371 1370
f 1370 1371 1372
f 1371 1373 1372
f 1372 1373 1374
f 1373 1375 1374
f 1374 1375 1376
f 1375 1377 1376
f 1376 1377 1378
f 1377 1379 1378
f 1378 1379 1380
f 1379 1381 1380
f 1380 1381 1382
f 1381 1383 1382
f 1382 1383 1384
f 1383 1385 1384
f 1384 1385 1386
f 1385 1387 1386
f 1386 1387 1388
f 1387 1389 1388
f 1388 1389 1390
f 1389 1391 1390
f 1390 1391 1392
f 1391 1393 1392
f 1392 1393 1394
f 1395 1397 1396
f 1396 1397 1398
f 1399 1401 1400
f 1400 1401 1402
f 1403 1405 1404
f 1404 1405 1406
f 1405 1407 1406
f 1406 1407 1408
f 1409 1411 1410
f 1410 1411 1412
f 1413 1415 1414
f 1414 1415 1416
f 1417 1419 1418
f 1418 1419 1420
f 1421 1423 1422
f 1422 1423 1424
f 1425 1427 1426
f 1426 1427 1428
f 1429 1431 1430
f 1430 1431 1432
f 1433 1435 1434
f 1434 1435 1436
f 1437 1439 1438
f 1438 1439 1440
f 1441 1443 1442
f 1442 1443 1444
f 1445 1447 1446
f 1446 1447 1448
f 1449 1451 1450
f 1450 1451 1452
f 1453 1455 1454
f 1454 1455 1456
f 1457 1459 1458
f 1458 1459 1460
f 1461 1463 1462
f 1462 1463 1464
f 1465 1467 1466
f 1466 1467 1468
f 1469 1471 1470
f 1470 1471 1472
f 1473 1475 1474
f 1474 1475 1476
f 1477 1479 1478
f 1478 1479 1480
f 1481 1483 1482
f 1482 1483 1484
f 1485 1487 1486
f 1486 1487 1488
f 1489 1491 1490
f 1490 1491 1492
f 1493 1495 1494
f 1494 1495 1496
f 1497 1499 1498
f 1498 1499 1500
f 1501 1503 1502
f 1502 1503 1504
g skirts
v 83.56645 0.07484709 100.548775
v 83.74065 -2.4180207 103.54372
v 84.25912 0.07484709 100.28142
v 84.73051 -2.256789 103.244156
v 84.95178 0.07484709 100.01405
v 85.72851 -2.0843697 102.91176
v 85.644455 0.07484709 99.746704
v 86.72472 -1.9143252 102.54546
v 86.33712 0.07484709 99.479355
v 87.70868 -1.7497878 102.14747
v 87.029785 0.07484709 99.212
v 88.67119 -1.4483451 101.72314
v 87.72246 0.07484709 98.94464
v 89.60562 -1.114767 101.27995
v 90.4312 0.07484709 93.59088
v 93.428215 0.24267256 93.7247
v 79.31931 0.07484709 88.187454
v 77.51478 0.028203785 85.79086
v 76.79687 0.07484709 93.63147
v 73.80184 -1.0163898 93.804214
v 77.963165 0.07484709 98.40327
v 75.83325 -2.1997287 100.51596
v 39.433918 0.15434103 258.94574
v 42.433918 -1.4459788 258.94574
v 38.262344 0.15434103 261.77417
v 40.383663 -0.8653103 263.89548
v 35.433918 0.15434103 262.94574
v 35.433918 -0.123962164 265.94574
v 32.60549 0.15434103 261.77417
v 30.484173 0.33705664 263.89548
v 31.433918 0.15434103 258.94574
v 28.433918 0.34834307 258.94574
v 32.60549 0.15434103 256.1173
v 30.484173 -0.015909135 253.99599
v 35.433918 0.15434103 254.94574
v 35.433918 -0.95708156 251.94574
v 38.262344 0.15434103 256.1173
v 40.383663 -1.4302338 253.99599
v 110.13099 7.435001 45.62026
v 113.09978 7.2660103 46.051884
v 110.00677 7.435001 44.90921
v 113.00404 7.4072447 45.036957
v 109.88254 7.435001 44.198162
v 112.87641 7.5478277 44.006546
v 109.758316 7.435001 43.487114
v 112.713554 7.654254 42.970814
v 109.634094 7.435001 42.77607
v 112.515594 7.7598963 41.941223
v 109.50987 7.435001 42.06502
v 112.28629 7.8644533 40.928577
v 109.38565 7.435001 41.353973
v 112.03223 7.966918 39.94131
v 104.54976 7.435001 37.80233
v 105.10581 7.961443 34.854313
v 103.92258 7.435001 37.963417
v 104.2181 7.849554 34.97801
v 103.29539 7.435001 38.124504
v 103.31012 7.8456745 35.124542
v 102.6682 7.435001 38.285587
v 102.38759 7.8784065 35.29874
v 102.041016 7.435001 38.44668
v 101.45843 7.9151115 35.50379
v 101.41383 7.435001 38.60776
v 100.53194 7.956519 35.74031
v 100.78664 7.435001 38.76885
v 99.61748 7.9658785 36.006046
v 100.159454 7.435001 38.929935
v 98.72312 7.85295 36.296127
v 96.818985 7.435001 43.914043
v 93.836914 6.4139705 43.58654
v 106.78579 7.435001 50.601185
v 108.308464 6.528706 53.186035
v 266.1581 5.514303 133.26334
v 268.52573 5.4103947 135.10573
v 266.5105 5.514303 132.50749
v 269.0457 5.437345 134.11151
v 266.8629 5.514303 131.75165
v 269.5451 5.4666276 133.09549
v 267.21533 5.514303 130.99582
v 270.0185 5.4976935 132.06459
v 267.56772 5.514303 130.23997
v 270.46262 5.5062704 131.02708
v 267.9201 5.514303 129.48415
v 270.8769 5.5054274 129.9915
v 268.27252 5.514303 128.7283
v 271.26312 5.4974513 128.96541
v 267.68152 5.514303 124.77221
v 270.47226 5.393011 123.67143
v 266.47797 5.514303 124.67743
v 269.18756 5.3934555 123.38975
v 265.2744 5.514303 124.58264
v 267.859 5.381661 123.05953
v 264.07086 5.514303 124.48786
v 266.45645 5.260658 122.66879
v 262.8673 5.514303 124.39308
v 264.92902 5.1354856 122.21378
v 261.66376 5.514303 124.29831
v 263.20578 5.057722 121.72496
v 260.46017 5.514303 124.20352
v 261.24112 5.042902 121.306946
v 259.25662 5.514303 124.10874
v 259.12454 5.013871 121.11165
v 258.05307 5.514303 124.01396
v 257.07993 4.969315 121.17618
v 255.41605 5.514303 129.40341
v 252.57826 4.796756 130.37654
v 261.04282 5.514303 136.3992
v 261.61057 5.2133765 139.34499
v 256.14417 5.367322 123.07995
v 259.08853 4.9734216 122.504944
v 255.94609 5.367322 122.48452
v 258.79434 4.994101 121.54243
v 255.74802 5.367322 121.88909
v 258.45447 5.016679 120.59483
v 255.54993 5.367322 121.293655
v 258.07755 5.0366983 119.67775
v 255.35185 5.367322 120.69823
v 257.6762 5.049698 118.80156
v 255.15378 5.367322 120.1028
v 257.2638 5.063813 117.97022
v 254.9557 5.367322 119.507355
v 256.85162 5.079051 117.18238
v 254.75763 5.367322 118.91193
v 256.44788 5.0953817 116.43341
v 250.9025 5.367322 117.84515
v 250.7268 5.1010838 114.8503
v 250.38638 5.367322 118.14685
v 249.94322 5.0844316 115.17976
v 249.8703 5.367322 118.448555
v 249.14311 5.067406 115.538025
v 249.35416 5.367322 118.750244
v 248.33345 5.049938 115.92922
v 248.83806 5.367322 119.051956
v 247.52376 5.023965 116.35518
v 248.32196 5.367322 119.35365
v 246.72452 4.994527 116.81433
v 247.80585 5.367322 119.65535
v 245.94565 4.967912 117.301704
v 247.28973 5.367322 119.95705
v 245.1949 4.94464 117.80957
v 245.8469 5.367322 125.780975
v 242.99182 4.6734543 126.70215
v 253.50716 5.367322 128.46939
v 254.86005 4.899442 131.14702
v 245.90416 -5.8363576 313.6831
v 247.97899 -6.178615 315.8499
v 245.99791 -5.8363576 301.92416
v 246.98457 -6.313459 299.09106
v 239.99794 -5.8363576 301.90488
v 239.02953 -6.7583914 299.0655
v 239.268 -5.8363576 302.34723
v 238.0425 -6.808386 299.60895
v 238.53806 -5.8363576 302.7896
v 237.0602 -6.850112 300.17886
v 237.80814 -5.8363576 303.232
v 236.08975 -6.879605 300.7729
v 237.07819 -5.8363576 303.67438
v 235.13734 -6.89992 301.38678
v 236.34825 -5.8363576 304.11676
v 234.20769 -6.905773 302.01486
v 235.61832 -5.8363576 304.55914
v 233.30336 -6.8982754 302.651
v 233.77881 -5.8363576 308.11108
v 230.8846 -6.9043975 307.32144
v 239.90556 -5.8363576 313.55304
v 237.73875 -6.5328565 315.62787
v 153.00409 -9.216534 221.32352
v 150.80573 -10.099995 223.3649
v 154.29915 -9.216534 220.99782
v 152.23756 -10.132421 223.17725
v 155.59421 -9.216534 220.67212
v 153.71646 -10.144121 223.0118
v 156.88925 -9.216534 220.3464
v 155.26321 -10.155418 222.86752
v 158.18431 -9.216534 220.02072
v 156.90625 -10.12143 222.73486
v 159.47937 -9.216534 219.69502
v 158.67686 -10.042444 222.5857
v 160.77443 -9.216534 219.36932
v 160.5894 -9.937877 222.36362
v 162.06949 -9.216534 219.04362
v 162.60318 -9.808419 221.99577
v 166.35483 -9.216534 214.84413
v 169.29556 -9.384682 215.43747
v 153.60901 -9.216534 205.64905
v 151.57451 -9.770436 203.44432
v 150.46667 -9.216534 210.76038
v 147.58095 -10.017449 209.94026
v 150.26505 -9.216534 215.9852
v 147.32469 -10.141116 216.58046
v 76.135994 -8.276831 234.34021
v 74.542694 -7.652275 236.88214
v 76.941216 -8.276831 233.99872
v 75.52928 -7.7471933 236.64569
v 77.74644 -8.276831 233.65721
v 76.562805 -7.867438 236.41385
v 78.55165 -8.276831 233.31569
v 77.65616 -8.012937 236.17892
v 79.35688 -8.276831 232.97421
v 78.82223 -8.164476 235.92618
v 80.1621 -8.276831 232.63269
v 80.06804 -8.326742 235.63121
v 80.96732 -8.276831 232.2912
v 81.384735 -8.454943 235.26202
v 81.772545 -8.276831 231.94969
v 82.73774 -8.574251 234.79019
v 84.742165 -8.276831 226.73613
v 87.67768 -9.142051 226.11746
v 83.65136 -8.276831 226.08733
v 86.361885 -9.094271 224.8016
v 82.56056 -8.276831 225.43849
v 84.68788 -9.02286 223.32318
v 81.46975 -8.276831 224.78969
v 82.584236 -9.099581 222.00438
v 80.37895 -8.276831 224.14087
v 80.43092 -9.111712 221.14133
v 79.28815 -8.276831 223.49205
v 78.57003 -9.132766 220.57927
v 78.19734 -8.276831 222.84325
v 76.990395 -9.161146 220.09674
v 77.10654 -8.276831 222.19441
v 75.58857 -9.16122 219.6068
v 76.01573 -8.276831 221.54561
v 74.29104 -9.119246 219.09094
v 72.90102 -8.276831 226.67381
v 69.92764 -8.267559 226.27502
v 73.397514 -8.276831 231.42462
v 70.76085 -7.6408343 232.8557
v 205.237 -8.124908 299.57495
v 205.35085 -8.367536 302.57278
v 205.90936 -8.124908 299.26855
v 206.38844 -8.363363 302.23004
v 206.58173 -8.124908 298.9622
v 207.44402 -8.361725 301.8356
v 207.25409 -8.124908 298.65582
v 208.49805 -8.345744 301.38577
v 207.92645 -8.124908 298.34943
v 209.52911 -8.307024 300.88547
v 208.59882 -8.124908 298.04303
v 210.5194 -8.262212 300.3477
v 209.27118 -8.124908 297.73666
v 211.45882 -8.215637 299.78952
v 210.84299 -8.124908 294.05844
v 213.83861 -8.317568 294.22052
v 210.44531 -8.124908 293.59116
v 213.44414 -8.351294 293.5072
v 210.04762 -8.124908 293.1239
v 213.02516 -8.389139 292.75748
v 209.64992 -8.124908 292.6566
v 212.57071 -8.430079 291.97177
v 209.25223 -8.124908 292.18933
v 212.06877 -8.408229 291.15634
v 208.85454 -8.124908 291.72205
v 211.50912 -8.390249 290.3245
v 208.45686 -8.124908 291.25476
v 210.8879 -8.393677 289.4969
v 208.05917 -8.124908 290.78748
v 210.21136 -8.420736 288.69748
v 202.05981 -8.124908 290.69952
v 199.96982 -8.94287 288.54733
v 201.4299 -8.124908 298.34772
v 199.5867 -8.680699 300.7147
v 168.2268 -8.514144 224.04439
v 166.09659 -9.643289 226.15678
v 169.30617 -8.514144 223.7558
v 167.3921 -9.533654 226.06586
v 170.38553 -8.514144 223.46722
v 168.79852 -9.42419 226.01309
v 171.46487 -8.514144 223.17862
v 170.38203 -9.309477 225.97638
v 172.54424 -8.514144 222.89005
v 172.21056 -9.177196 225.87143
v 173.6236 -8.514144 222.60146
v 174.24681 -9.064857 225.53601
v 174.70294 -8.514144 222.31285
v 176.24706 -8.98598 224.88496
v 175.7823 -8.514144 222.02428
v 177.9767 -8.807093 224.0699
v 176.86166 -8.514144 221.73569
v 179.43163 -8.653472 223.28337
v 175.83417 -8.514144 215.82431
v 177.73114 -8.528042 213.5002
v 175.25085 -8.514144 215.3352
v 176.7421 -8.590558 212.73209
v 174.66754 -8.514144 214.84613
v 175.73836 -8.645973 212.04375
v 174.08421 -8.514144 214.357
v 174.75261 -8.666761 211.4324
v 173.5009 -8.514144 213.8679
v 173.80614 -8.6976595 210.88347
v 172.91759 -8.514144 213.37881
v 172.90742 -8.734679 210.37883
v 172.33427 -8.514144 212.88971
v 172.05615 -8.775336 209.90263
v 171.75095 -8.514144 212.4006
v 171.24747 -8.826078 209.44316
v 168.15848 -8.514144 214.15964
v 166.13113 -9.6104965 211.94833
v 166.38501 -8.514144 218.33406
v 163.422 -9.77533 217.86441
v 137.79959 -5.3304567 312.6905
v 140.73848 -6.400578 313.29294
v 137.76628 -5.3304567 311.9626
v 140.7596 -6.4868793 312.1627
v 137.73297 -5.3304567 311.23468
v 140.72499 -6.6357474 311.01605
v 137.69965 -5.3304567 310.50674
v 140.63275 -6.785883 309.8767
v 137.66634 -5.3304567 309.77887
v 140.49046 -6.924551 308.7668
v 137.63303 -5.3304567 309.05093
v 140.31221 -7.0608444 307.7011
v 137.59972 -5.3304567 308.32303
v 140.1137 -7.210534 306.68597
v 137.5664 -5.3304567 307.59512
v 139.90843 -7.3493648 305.7203
v 134.21939 -5.3304567 305.40482
v 134.9999 -7.2398157 302.50812
v 126.17407 -5.3304567 300.50333
v 124.68149 -6.758124 297.90097
v 118.12877 -5.3304567 295.60184
v 116.12133 -6.537494 293.37244
v 110.08345 -5.3304567 290.70038
v 107.88774 -5.8878922 288.65616
v 102.03815 -5.3304567 285.7989
v 99.74799 -6.3278737 283.86105
v 93.992836 -5.3304567 280.89743
v 91.64648 -6.339353 279.02805
v 85.94752 -5.3304567 275.99594
v 83.56403 -5.9706244 274.17413
v 82.5525 -5.3304567 280.94302
v 79.99536 -5.347115 279.37427
v 135.59283 -5.3304567 316.02667
v 137.29715 -5.5711117 318.49554
v 124.18944 -1.051032 334.57724
v 127.070175 -2.5437903 335.4147
v 124.28968 -1.051032 333.9196
v 127.251015 -2.594166 334.39972
v 124.38992 -1.051032 333.26193
v 127.387726 -2.6324422 333.3767
v 124.49016 -1.051032 332.60425
v 127.48035 -2.6583557 332.36182
v 124.59041 -1.051032 331.9466
v 127.53429 -2.6916432 331.36902
v 124.69064 -1.051032 331.28894
v 127.558304 -2.724519 330.40775
v 124.79089 -1.051032 330.6313
v 127.56217 -2.7506418 329.48236
v 124.891136 -1.051032 329.97363
v 127.554695 -2.7734897 328.59326
v 122.07357 -1.051032 327.1344
v 123.474335 -3.08031 324.4815
v 121.341354 -1.051032 327.10443
v 122.46098 -2.989826 324.3212
v 120.609146 -1.051032 327.07446
v 121.412125 -2.8897393 324.18393
v 119.87694 -1.051032 327.0445
v 120.33518 -2.7779596 324.0797
v 119.14473 -1.051032 327.01456
v 119.242325 -2.5660212 324.01614
v 118.41251 -1.051032 326.9846
v 118.14875 -2.3004994 323.99622
v 117.680305 -1.051032 326.95462
v 117.06971 -2.0321803 324.01743
v 113.12011 -1.051032 330.8539
v 110.31336 -1.3050658 329.7946
v 119.623535 -1.051032 338.46988
v 119.99473 -1.1276543 341.44684
v 151550.8 -9.069817 55969.09
v 151553.61 3.488859 55970.125
v 126317.805 -9.069817 46688.598
v 126320.62 3.488859 46689.633
v 101084.82 -9.069817 37408.11
v 101087.63 3.488859 37409.145
v 75851.836 -9.069817 28127.623
v 75854.65 3.488859 28128.658
v 50618.848 -9.069817 18847.13
v 50621.664 3.488859 18848.166
v 25385.863 -9.069817 9566.645
v 25388.68 3.488859 9567.68
v 152.87416 -9.069817 286.15442
v 155.50868 -10.344257 284.71942
v 148.49129 -9.069817 282.05682
v 149.746 -10.387182 279.33182
v 147.4303 -9.069817 282.80814
v 148.47127 -10.323738 279.99454
v 146.36932 -9.069817 283.55945
v 147.12563 -10.277134 280.65634
v 145.30833 -9.069817 284.31076
v 145.68149 -10.191357 281.33405
v 144.24736 -9.069817 285.06207
v 144.11029 -10.063654 282.06522
v 143.18637 -9.069817 285.8134
v 142.40623 -9.904479 282.9166
v 142.1254 -9.069817 286.5647
v 140.63217 -9.767278 283.9627
v 141.0644 -9.069817 287.316
v 138.92924 -9.61825 285.20862
v 139.68373 -9.069817 291.07016
v 136.69194 -9.02584 291.292
v 151548.73 -9.069817 55974.723
v 151551.55 3.488859 55975.758
v 223.66054 8.056704 89.84565
v 223.76404 7.078188 92.843864
v 224.34885 8.056704 89.64766
v 224.80864 7.069022 92.61221
v 225.03716 8.056704 89.44966
v 225.85742 7.055165 92.33534
v 225.7255 8.056704 89.25168
v 226.8941 7.0425406 92.01472
v 226.41379 8.056704 89.05368
v 227.9038 7.039377 91.65749
v 227.10213 8.056704 88.85569
v 228.87639 7.0436597 91.27479
v 227.79044 8.056704 88.6577
v 229.80711 7.033532 90.87873
v 229.77203 8.056704 85.183044
v 232.71042 7.061019 85.78791
v 229.15547 8.056704 84.51561
v 232.13715 7.1499443 84.84668
v 228.5389 8.056704 83.84818
v 231.53882 7.2438455 83.82786
v 227.92232 8.056704 83.18074
v 230.88597 7.264158 82.71513
v 227.30576 8.056704 82.51331
v 230.13239 7.3025293 81.508255
v 226.68918 8.056704 81.84588
v 229.2278 7.3688374 80.247314
v 226.07262 8.056704 81.17845
v 228.15929 7.3790135 79.02303
v 225.45605 8.056704 80.51102
v 226.98737 7.351831 77.931274
v 221.45605 8.056704 80.5094
v 219.92682 7.659649 77.92842
v 218.37312 8.056704 87.00956
v 215.8181 7.402009 88.58178
v 241.10489 7.0321155 83.03649
v 238.3745 6.8032885 84.279465
v 241.71974 7.0321155 83.351814
v 239.10266 6.774552 84.81841
v 242.33463 7.0321155 83.667145
v 239.86674 6.739939 85.3729
v 242.94946 7.0321155 83.98247
v 240.67296 6.6910276 85.93631
v 243.56432 7.0321155 84.29779
v 241.52527 6.643452 86.498314
v 244.17917 7.0321155 84.61311
v 242.423 6.600148 87.04538
v 244.79404 7.0321155 84.928444
v 243.3592 6.56151 87.56307
v 245.40889 7.0321155 85.24377
v 244.32062 6.527974 88.03941
v 251.27254 7.0321155 83.97184
v 253.42134 6.349853 86.06531
v 248.90936 7.0321155 73.918564
v 249.62114 6.156177 71.00423
v 243.08798 7.0321155 75.37167
v 241.09012 6.5866513 73.1337
v 240.57483 7.0321155 79.07177
v 237.61382 6.9379063 78.58969
v 251.99072 6.9558806 88.533005
v 254.36687 6.201587 90.36438
v 252.72458 6.9558806 87.51656
v 255.52489 6.229273 88.59279
v 253.45844 6.9558806 86.500114
v 256.43866 6.2282233 86.84397
v 254.19226 6.9558806 85.483665
v 257.18207 6.193341 85.23672
v 254.92612 6.9558806 84.467224
v 257.84692 6.1446886 83.78253
v 255.65996 6.9558806 83.450775
v 258.48752 6.0595913 82.448296
v 256.3938 6.9558806 82.434326
v 259.12756 5.968346 81.19879
v 257.12766 6.9558806 81.417885
v 259.77557 5.870066 80.00775
v 254.55504 6.9558806 78.35494
v 256.40128 5.852133 75.99033
v 253.74483 6.9558806 78.078064
v 255.3803 5.930424 75.56306
v 252.93462 6.9558806 77.80119
v 254.33672 6.04707 75.149
v 252.12442 6.9558806 77.52432
v 253.27441 6.1480145 74.75349
v 251.31421 6.9558806 77.24745
v 252.19896 6.233862 74.38088
v 250.504 6.9558806 76.97058
v 251.11723 6.261336 74.03393
v 249.69379 6.9558806 76.6937
v 250.03645 6.2861032 73.71333
v 243.83014 6.9558806 77.96563
v 242.28339 6.599545 75.39511
v 246.0404 6.9558806 89.30344
v 244.20903 6.417734 91.67958
v 248.24277 6.35482 108.41488
v 246.00204 5.4466963 110.40967
v 248.96234 6.35482 108.98812
v 246.8671 5.3599267 111.1352
v 249.68192 6.35482 109.561356
v 247.74477 5.280399 111.85209
v 250.4015 6.35482 110.1346
v 248.63301 5.2354193 112.55791
v 251.1211 6.35482 110.70783
v 249.52919 5.1972156 113.25063
v 251.84065 6.35482 111.28107
v 250.43039 5.15703 113.928925
v 252.56024 6.35482 111.85431
v 251.3337 5.114978 114.59212
v 256.41537 6.35482 112.92108
v 256.06003 5.1107345 115.89996
v 257.1247 6.35482 111.40872
v 256.9034 5.1737366 114.40055
v 257.83398 6.35482 109.89636
v 257.78857 5.201107 112.89602
v 258.54333 6.35482 108.384
v 258.73575 5.2294297 111.37782
v 259.25262 6.35482 106.87164
v 259.7765 5.334123 109.825554
v 259.96194 6.35482 105.35928
v 260.95624 5.521047 108.18972
v 260.67126 6.35482 103.84692
v 262.3121 5.65054 106.35843
v 261.38058 6.35482 102.33456
v 263.76346 5.713599 104.15717
v 262.0899 6.35482 100.8222
v 264.99057 5.7614822 101.58782
v 259.0705 6.35482 95.63729
v 259.8361 5.937091 92.736626
v 245.39053 6.35482 103.13618
v 242.49399 5.955365 103.917206
v 292.44983 2.6823857 48.794518
v 292.25296 2.690455 51.78805
v 293.16095 2.6823857 48.004448
v 293.44028 2.550968 50.991417
v 293.87207 2.6823857 47.21438
v 294.807 2.4056818 50.064972
v 294.58316 2.6823857 46.42431
v 296.3155 2.2369432 48.873608
v 295.29428 2.6823857 45.63424
v 297.75027 2.0846012 47.35705
v 296.00537 2.6823857 44.84417
v 298.87677 2.000903 45.713093
v 296.7165 2.6823857 44.0541
v 299.7131 1.9055178 44.19684
v 297.4276 2.6823857 43.264034
v 300.4028 1.7341552 42.87899
v 298.13873 2.6823857 42.473965
v 301.04254 1.5613816 41.720333
v 293.7279 2.6823857 38.406483
v 294.24426 1.565211 35.451252
v 293.14105 2.6823857 38.447304
v 293.3438 1.6245589 35.454163
v 292.55417 2.6823857 38.48812
v 292.43167 1.6891036 35.490623
v 291.9673 2.6823857 38.52894
v 291.51898 1.7621562 35.562626
v 291.38043 2.6823857 38.569763
v 290.6171 1.8403523 35.6685
v 290.79358 2.6823857 38.61058
v 289.73578 1.9184608 35.80326
v 290.2067 2.6823857 38.6514
v 288.88168 1.9946177 35.959873
v 289.61984 2.6823857 38.69222
v 288.05832 2.057255 36.13065
v 287.08298 2.6823857 41.784847
v 284.2655 2.6360521 40.754368
v 288.90668 2.6823857 46.93818
v 286.5576 2.681526 48.804123
v 357.96323 -0.95068246 60.509193
v 360.96323 -1.7596617 60.509193
v 356.49875 -0.95068246 64.04472
v 358.62006 -1.2440151 66.166046
v 352.96323 -0.95068246 65.50919
v 352.96323 -0.8701286 68.50919
v 349.4277 -0.95068246 64.04472
v 347.3064 -0.76215005 66.166046
v 347.96323 -0.95068246 60.509193
v 344.96323 -1.0426109 60.509193
v 349.4277 -0.95068246 56.97366
v 347.3064 -1.7236907 54.852337
v 352.96323 -0.95068246 55.509193
v 352.96323 -2.1608741 52.509193
v 356.49875 -0.95068246 56.97366
v 358.62006 -2.1483028 54.852337
v 46.24849 -5.8509803 159.12288
v 49.24849 -6.7607574 159.12288
v 44.784023 -5.8509803 162.65842
v 46.905342 -6.7951617 164.77974
v 41.24849 -5.8509803 164.12288
v 41.24849 -6.5202193 167.12288
v 37.712955 -5.8509803 162.65842
v 35.591637 -6.1661415 164.77974
v 36.24849 -5.8509803 159.12288
v 33.24849 -6.0022297 159.12288
v 37.712955 -5.8509803 155.58734
v 35.591637 -6.1265044 153.46602
v 41.24849 -5.8509803 154.12288
v 41.24849 -6.370729 151.12288
v 44.784023 -5.8509803 155.58734
v 46.905342 -6.6289163 153.46602
v 26.485136 9.3761 342.28638
v 24.39826 9.367126 344.4416
v 27.805662 9.3761 341.52344
v 25.878208 9.345401 343.82233
v 29.12619 9.3761 340.7605
v 27.481977 9.259985 343.2698
v 30.446716 9.3761 339.99756
v 29.38732 9.096326 342.8043
v 31.767242 9.3761 339.23462
v 32.04745 8.912819 342.2215
v 33.08777 9.3761 338.47168
v 35.278236 8.799591 340.5215
v 34.4083 9.3761 337.70877
v 37.329597 8.5219345 338.39142
v 35.728825 9.3761 336.94583
v 38.728 8.186458 336.8755
v 37.04935 9.3761 336.1829
v 40.01312 7.8053637 335.71805
v 35.048313 9.3761 332.7194
v 36.931366 7.8224726 330.38397
v 34.303543 9.3761 332.38654
v 35.825596 8.006994 329.80133
v 33.55877 9.3761 332.0537
v 34.673485 8.107366 329.2685
v 32.813995 9.3761 331.72086
v 33.50106 8.261003 328.8006
v 32.069225 9.3761 331.388
v 32.337368 8.455339 328.4
v 31.324453 9.3761 331.05518
v 31.205696 8.597015 328.05753
v 30.579681 9.3761 330.72235
v 30.11915 8.699818 327.7579
v 29.83491 9.3761 330.3895
v 29.081347 8.813772 327.4857
v 25.26718 9.3761 334.28
v 22.52027 9.142026 333.07397
v 24.484095 9.3761 338.82288
v 21.574627 9.768873 339.55432
v 42.821266 6.563773 332.84818
v 40.81548 7.5110826 335.07904
v 43.51136 6.563773 333.04355
v 41.748833 7.390629 335.4712
v 44.201454 6.563773 333.23895
v 42.72383 7.2714367 335.84982
v 44.891552 6.563773 333.43433
v 43.735783 7.114853 336.20276
v 45.581646 6.563773 333.6297
v 44.77438 6.962395 336.51904
v 46.271744 6.563773 333.8251
v 45.82488 6.805688 336.79163
v 46.961838 6.563773 334.02048
v 46.871002 6.636869 337.0191
v 52.241417 6.563773 331.1699
v 54.79843 5.51847 332.73886
v 52.380657 6.563773 330.55173
v 55.086006 5.3303404 331.8483
v 52.519897 6.563773 329.93353
v 55.34981 5.1830792 330.92932
v 52.659134 6.563773 329.3153
v 55.58221 5.036906 329.9903
v 52.798374 6.563773 328.69714
v 55.778416 4.894464 329.04263
v 52.93761 6.563773 328.07895
v 55.93755 4.7578354 328.09833
v 53.07685 6.563773 327.46075
v 56.062584 4.7744346 327.16855
v 53.21609 6.563773 326.84256
v 56.159286 4.80632 326.26154
v 51.215054 6.563773 323.37906
v 53.188496 4.817441 321.1195
v 40.82023 6.563773 329.38467
v 37.88571 7.4683504 330.00806
v 44.967537 6.106356 331.60815
v 42.906174 6.7471256 333.78778
v 55.8572 6.106356 323.88373
v 58.60982 3.6889482 322.6908
v 53.232086 6.106356 320.86566
v 54.79502 3.656641 318.30496
v 52.45965 6.106356 320.7309
v 53.71923 3.869514 318.00812
v 51.68721 6.106356 320.59616
v 52.60568 4.0850945 317.7402
v 50.914772 6.106356 320.46143
v 51.465824 4.2829046 317.51248
v 50.142334 6.106356 320.32666
v 50.31602 4.4879494 317.3317
v 49.369896 6.106356 320.1919
v 49.17416 4.724495 317.19827
v 48.59746 6.106356 320.05716
v 48.055676 4.9778666 317.10648
v 43.842968 6.106356 323.71707
v 41.129116 6.0008025 322.4384
v 42.9665 6.106356 328.14465
v 40.048622 6.6782346 328.84177
v 60.262154 2.235594 320.0523
v 58.66934 3.6386962 322.59454
v 76.34965 2.235594 306.0686
v 78.85814 -2.120109 304.42316
v 72.114555 2.235594 301.81842
v 73.7689 -2.2017004 299.3158
v 70.6298 2.235594 302.7172
v 72.14205 -1.7203994 300.12622
v 69.14505 2.235594 303.61597
v 70.471985 -1.3460584 300.92538
v 67.660286 2.235594 304.5147
v 68.74045 -0.9280282 301.7159
v 66.17554 2.235594 305.41345
v 66.921814 -0.52499133 302.50775
v 64.69078 2.235594 306.31226
v 64.98458 -0.18167049 303.3267
v 63.206024 2.235594 307.211
v 62.905716 0.4012164 304.22607
v 61.721268 2.235594 308.10977
v 60.70985 1.1337293 305.2854
v 57.644585 2.235594 312.51212
v 54.75096 2.6108181 311.7203
v 57.637047 2.235594 317.03424
v 54.89859 3.6167154 318.25934
v 86.28959 -4.6274467 293.02713
v 85.4442 -3.8430963 295.90555
v 93.61528 -4.6274467 283.33685
v 96.02188 -6.6473155 281.5457
v 90.42447 -4.6274467 280.92462
v 91.491585 -6.4557114 278.12082
v 89.66575 -4.6274467 280.9702
v 90.444595 -6.272322 278.0731
v 88.90703 -4.6274467 281.0158
v 89.36806 -6.0781546 278.05145
v 88.14831 -4.6274467 281.06143
v 88.27011 -5.8766656 278.0639
v 87.38959 -4.6274467 281.10703
v 87.162636 -5.796831 278.11563
v 86.63087 -4.6274467 281.15265
v 86.05946 -5.756207 278.20758
v 85.87215 -4.6274467 281.19824
v 84.9738 -5.7157555 278.3359
v 81.55373 -4.6274467 285.3637
v 78.72563 -4.6658955 284.36276
v 83.09878 -4.6274467 290.6149
v 80.55992 -4.0296936 292.21307
v 100.321724 -6.379855 276.44034
v 103.321724 -7.3214064 276.44034
v 99.150154 -6.379855 279.26877
v 101.27148 -6.7727375 281.39008
v 96.321724 -6.379855 280.44034
v 96.321724 -6.308409 283.44034
v 93.49329 -6.379855 279.26877
v 91.37197 -5.8382745 281.39008
v 92.321724 -6.379855 276.44034
v 89.321724 -6.2150207 276.44034
v 93.49329 -6.379855 273.6119
v 91.37197 -6.9138217 271.4906
v 96.321724 -6.379855 272.44034
v 96.321724 -7.279389 269.44034
v 99.150154 -6.379855 273.6119
v 101.27148 -7.3907876 271.4906
v 60.9741 -5.5064335 232.83455
v 63.9741 -6.8308077 232.83455
v 59.509632 -5.5064335 236.37009
v 61.63095 -6.0915384 238.49141
v 55.9741 -5.5064335 237.83455
v 55.9741 -5.609272 240.83455
v 52.438564 -5.5064335 236.37009
v 50.317245 -5.0787725 238.49141
v 50.9741 -5.5064335 232.83455
v 47.9741 -5.1602464 232.83455
v 52.438564 -5.5064335 229.29901
v 50.317245 -5.732769 227.17769
v 55.9741 -5.5064335 227.83455
v 55.9741 -6.742577 224.83455
v 59.509632 -5.5064335 229.29901
v 61.63095 -6.9994855 227.17769
v 82.05338 9.5425005 391.6981
v 84.07822 6.82906 393.91168
v 73.50096 9.5425005 380.8799
v 75.55648 7.204596 383.06506
v 64.94854 9.5425005 370.0617
v 67.04872 7.0692654 372.20395
v 56.396122 9.5425005 359.24353
v 58.567123 6.8439426 361.31396
v 47.843704 9.5425005 348.42535
v 50.143044 7.179715 350.35226
v 39.291283 9.5425005 337.60718
v 41.880043 7.6426 339.1232
v 30.738863 9.5425005 326.789
v 33.527023 7.772293 325.68167
v 28.168417 9.5425005 323.72424
v 29.744251 7.868572 321.17145
v 27.332785 9.5425005 323.76978
v 28.601824 7.967593 321.0514
v 26.497152 9.5425005 323.8153
v 27.395374 8.011896 320.95294
v 25.66152 9.5425005 323.86084
v 26.13008 8.010533 320.89764
v 24.825888 9.5425005 323.90637
v 24.825108 8.026748 320.90637
v 23.990255 9.5425005 323.9519
v 23.51216 8.061825 320.99023
v 23.154623 9.5425005 323.99744
v 22.226196 8.111628 321.1447
v 20.079084 9.5425005 326.555
v 17.443512 9.137009 325.1219
v 77.48565 9.5425005 395.5886
v 79.34886 6.848647 397.93985
v 37.741993 5.903414 320.91544
v 36.144512 6.8857484 323.45474
v 38.459507 5.903414 320.99353
v 37.134468 6.809751 323.68506
v 39.177017 5.903414 321.07162
v 38.1627 6.727192 323.89496
v 39.89453 5.903414 321.14975
v 39.22256 6.6175857 324.07352
v 40.612045 5.903414 321.22784
v 40.30213 6.476631 324.2118
v 41.32956 5.903414 321.30594
v 41.3859 6.3421316 324.30542
v 42.047073 5.903414 321.38406
v 42.45786 6.2081146 324.3558
v 46.801567 5.903414 317.72415
v 49.56931 4.914644 318.88156
v 46.756123 5.903414 317.04904
v 49.62984 4.740653 317.91028
v 46.71067 5.903414 316.3739
v 49.663605 4.559585 316.90323
v 46.665222 5.903414 315.69876
v 49.660397 4.363372 315.86887
v 46.619774 5.903414 315.02362
v 49.61292 4.050409 314.82092
v 46.57433 5.903414 314.3485
v 49.51923 3.7371197 313.77618
v 46.528877 5.903414 313.6734
v 49.383537 3.4175243 312.75095
v 46.483433 5.903414 312.99826
v 49.21493 3.1698217 311.75772
v 43.671818 5.903414 310.1531
v 44.94464 3.1701338 307.4365
v 35.17155 5.903414 317.85068
v 32.39291 7.4356856 318.98166
v 45.67968 3.720003 313.79254
v 44.363735 5.343928 316.48853
v 54.977795 3.720003 306.00986
v 57.80613 1.4302821 305.00958
v 50.760365 3.720003 301.74216
v 51.794067 1.35621 298.92587
v 50.032387 3.720003 301.71548
v 50.776447 1.462651 298.80923
v 49.30441 3.720003 301.6888
v 49.73747 1.5809636 298.72025
v 48.576435 3.720003 301.66217
v 48.686226 1.7101555 298.66418
v 47.848457 3.720003 301.6355
v 47.63369 1.8940334 298.6432
v 47.120483 3.720003 301.60886
v 46.590996 2.1684122 298.65594
v 46.392506 3.720003 301.58218
v 45.56757 2.442113 298.69785
v 41.87421 3.720003 305.53
v 39.126614 4.8156276 304.32553
v 42.868065 3.720003 310.9474
v 40.15668 5.3534136 312.2313
v 50.042072 6.6683507 346.1925
v 48.063744 7.304636 348.44778
v 50.735332 6.6683507 346.3802
v 49.002518 7.178435 348.82913
v 51.428593 6.6683507 346.56784
v 49.982655 7.0541544 349.19638
v 52.121857 6.6683507 346.75555
v 50.99935 6.930921 349.53763
v 52.815117 6.6683507 346.9432
v 52.04214 6.808499 349.84192
v 53.50838 6.6683507 347.1309
v 53.096268 6.6813717 350.10245
v 54.20164 6.6683507 347.31857
v 54.145485 6.528831 350.31805
v 59.452183 6.6683507 344.41483
v 62.022636 5.620066 345.96167
v 58.857567 6.6683507 343.3273
v 61.60231 5.6020026 344.53824
v 58.262947 6.6683507 342.23978
v 61.185184 5.641511 342.9184
v 57.668327 6.6683507 341.15222
v 60.66446 5.7443023 340.99997
v 57.073708 6.6683507 340.0647
v 59.80349 5.7556005 338.8204
v 56.479095 6.6683507 338.97717
v 58.513992 5.6372924 336.77283
v 55.88447 6.6683507 337.88962
v 57.132523 5.6388917 335.16156
v 55.289852 6.6683507 336.8021
v 55.922943 5.5819483 333.86966
v 54.695236 6.6683507 335.71457
v 54.89876 5.5003037 332.72147
v 49.41565 6.6683507 338.56516
v 46.80144 6.6494617 337.09344
v 47.99635 6.6683507 342.7552
v 45.07062 7.133586 343.41858
v 93.549164 -2.9615176 309.04037
v 92.78672 -2.1811578 311.94186
v 94.19378 -2.9615176 308.95258
v 93.73104 -2.1928308 311.9167
v 94.838394 -2.9615176 308.8648
v 94.69997 -2.2152743 311.8616
v 95.483 -2.9615176 308.77698
v 95.68398 -2.256485 311.77023
v 96.127625 -2.9615176 308.68918
v 96.670685 -2.2421088 311.63962
v 96.77224 -2.9615176 308.60138
v 97.64672 -2.2090359 311.4711
v 97.416855 -2.9615176 308.51358
v 98.600365 -2.194481 311.27026
v 98.06147 -2.9615176 308.42578
v 99.523384 -2.1970806 311.04547
v 101.171196 -2.9615176 303.29456
v 104.17003 -4.2326636 303.37823
v 101.01489 -2.9615176 302.5887
v 104.00261 -4.423464 302.31754
v 100.8586 -2.9615176 301.88287
v 103.791046 -4.5701513 301.24985
v 100.7023 -2.9615176 301.17706
v 103.53567 -4.6865716 300.19116
v 100.546005 -2.9615176 300.47122
v 103.24248 -4.8070135 299.15628
v 100.38971 -2.9615176 299.7654
v 102.921585 -4.9357696 298.1562
v 100.23341 -2.9615176 299.05957
v 102.58455 -5.070221 297.1962
v 96.90988 -2.9615176 296.8338
v 97.73778 -5.000099 293.9503
v 90.22565 -2.9615176 306.81454
v 87.83294 -2.343578 308.62424
v 101.12852 -5.0390472 297.72302
v 100.33178 -3.7545483 300.6153
v 101.82293 -5.0390472 297.5863
v 101.33325 -4.029808 300.54608
v 102.517334 -5.0390472 297.4496
v 102.366745 -4.322666 300.4458
v 103.21175 -5.0390472 297.31287
v 103.4226 -4.6356306 300.30545
v 103.90616 -5.0390472 297.17618
v 104.48633 -4.8291416 300.11954
v 104.60057 -5.0390472 297.03946
v 105.54109 -4.8652086 299.8882
v 105.29498 -5.0390472 296.90274
v 106.571236 -4.9114065 299.61774
v 108.64264 -5.0390472 291.9235
v 111.63851 -6.0629897 292.08075
v 100.6494 -5.0390472 286.54947
v 99.47266 -6.3312964 283.7899
v 92.656166 -5.0390472 281.1754
v 90.564674 -6.1732955 279.0247
v 84.66293 -5.0390472 275.8014
v 82.40131 -5.856314 273.83032
v 76.66969 -5.0390472 270.42734
v 74.3392 -5.3962917 268.5382
v 68.67645 -5.0390472 265.05328
v 66.308914 -4.794016 263.2108
v 60.68322 -5.0390472 259.67926
v 58.292587 -4.5217137 257.86685
v 52.689983 -5.0390472 254.30522
v 50.28359 -3.9102364 252.51378
v 44.696747 -5.0390472 248.93118
v 42.27891 -2.9281602 247.15521
v 42.419113 -5.0390472 252.21939
v 39.906517 -1.9563031 250.58023
v 97.804985 -5.0390472 295.49725
v 95.43388 -3.9359114 297.33514
v 59.893997 -5.44216 249.20035
v 58.132004 -4.647691 251.62839
v 69.95111 -5.44216 240.89906
v 72.62166 -7.028751 239.53224
v 67.21219 -5.44216 237.98387
v 68.7427 -7.0507054 235.40366
v 66.45372 -5.44216 237.8967
v 67.717064 -6.908556 235.17567
v 65.69526 -5.44216 237.80954
v 66.65825 -6.8733616 234.96829
v 64.93679 -5.44216 237.72238
v 65.57287 -6.8288474 234.79059
v 64.17833 -5.44216 237.63522
v 64.47162 -6.776336 234.6496
v 63.419865 -5.44216 237.54807
v 63.36775 -6.644822 234.54852
v 62.661396 -5.44216 237.46089
v 62.274696 -6.4568243 234.48592
v 57.668186 -5.44216 240.78773
v 55.07161 -5.624229 239.28514
v 57.587616 -5.44216 245.93222
v 54.709534 -4.7857594 246.77878
v 61.024403 -4.0976906 251.57024
v 63.69154 -5.370905 252.9437
v 61.244972 -4.0976906 250.96207
v 64.0629 -5.639385 251.99129
v 61.465538 -4.0976906 250.35388
v 64.390076 -5.747159 251.0225
v 61.6861 -4.0976906 249.7457
v 64.67017 -5.8412633 250.05444
v 61.90667 -4.0976906 249.13753
v 64.90646 -5.9231 249.10266
v 62.127235 -4.0976906 248.52936
v 65.10663 -5.994439 248.17834
v 62.3478 -4.0976906 247.92116
v 65.28011 -6.006203 247.28749
v 62.568367 -4.0976906 247.31299
v 65.436005 -6.003813 246.4317
v 60.261986 -4.0976906 244.04486
v 62.0532 -5.974202 241.63829
v 59.55907 -4.0976906 243.9158
v 61.08952 -5.961871 241.33554
v 58.85616 -4.0976906 243.78673
v 60.085384 -5.9470572 241.05013
v 58.153248 -4.0976906 243.65768
v 59.046574 -5.8645506 240.79378
v 57.450333 -4.0976906 243.52861
v 57.98441 -5.785095 240.57654
v 56.747425 -4.0976906 243.39955
v 56.914375 -5.7133756 240.4042
v 56.04451 -4.0976906 243.2705
v 55.852913 -5.6334934 240.27661
v 51.069122 -4.0976906 246.62392
v 48.36593 -3.7443929 245.32286
v 55.693615 -4.0976906 254.32393
v 55.270126 -4.1922593 257.29388
v 95.39453 -1.8564167 307.713
v 98.371086 -3.3752592 308.0873
v 95.20158 -1.8564167 306.9978
v 98.20156 -3.4386315 307.00662
v 95.00864 -1.8564167 306.28265
v 97.98414 -3.4700058 305.90005
v 94.81569 -1.8564167 305.5675
v 97.71213 -3.4966981 304.78607
v 94.62274 -1.8564167 304.8523
v 97.3869 -3.5164642 303.68634
v 94.429794 -1.8564167 304.13715
v 97.01824 -3.5274894 302.62057
v 94.23684 -1.8564167 303.42197
v 96.621216 -3.528462 301.60132
v 90.870674 -1.8564167 301.2612
v 91.53319 -3.7577426 298.33527
v 90.238365 -1.8564167 301.48615
v 90.59766 -3.7286162 298.50775
v 89.60605 -1.8564167 301.7111
v 89.62344 -3.6905222 298.71115
v 88.97374 -1.8564167 301.93604
v 88.61845 -3.6401603 298.95715
v 88.34143 -1.8564167 302.16095
v 87.59739 -3.644588 299.25467
v 87.709114 -1.8564167 302.3859
v 86.58024 -3.7922204 299.60638
v 87.0768 -1.8564167 302.61087
v 85.58778 -4.002418 300.00647
v 86.44449 -1.8564167 302.8358
v 84.636406 -4.0264363 300.44186
v 84.42673 -1.8564167 306.28958
v 81.45344 -2.0338078 305.89014
v 93.571976 -1.8564167 311.27368
v 95.61626 -2.0384889 313.46933
v 96.78942 0.4517687 334.73093
v 95.89388 1.0250448 337.59415
v 97.497574 0.4517687 334.718
v 96.90112 0.8611934 337.6581
v 98.20572 0.4517687 334.70502
v 97.92936 0.6816015 337.69226
v 98.91388 0.4517687 334.69208
v 98.968735 0.4946419 337.6916
v 99.62203 0.4517687 334.6791
v 100.00743 0.30201066 337.65424
v 100.330185 0.4517687 334.66614
v 101.03374 0.2443971 337.58246
v 101.03834 0.4517687 334.6532
v 102.03797 0.18798184 337.48175
v 105.2098 0.4517687 330.34058
v 108.07005 -0.3545556 331.24554
v 105.0587 0.4517687 329.44153
v 108.011024 -0.89980304 329.97424
v 104.9076 0.4517687 328.54248
v 107.905464 -1.4479115 328.65573
v 104.75649 0.4517687 327.6434
v 107.73781 -1.6669596 327.30908
v 104.60539 0.4517687 326.74435
v 107.50179 -1.5917761 325.96277
v 104.4543 0.4517687 325.8453
v 107.20431 -1.5128055 324.64636
v 104.30319 0.4517687 324.94623
v 106.8629 -1.5338979 323.38165
v 104.15209 0.4517687 324.04718
v 106.49885 -1.6646041 322.17828
v 100.854774 0.4517687 321.7827
v 101.75649 -1.5985262 318.92145
v 92.463066 0.4517687 330.5737
v 89.63782 0.7796836 331.58264
v 108.010445 -2.8366792 318.42892
v 107.140686 -1.969628 321.30008
v 115.59154 -2.8366792 322.12143
v 117.06896 -1.9622239 324.73242
v 123.17262 -2.8366792 325.81393
v 125.25753 -2.4276717 327.97104
v 130.75371 -2.8366792 329.5064
v 133.0561 -3.1125584 331.4297
v 138.3348 -2.8366792 333.1989
v 140.74356 -4.14819 334.98718
v 145.9159 -2.8366792 336.89142
v 148.38673 -4.752046 338.59286
v 153.49698 -2.8366792 340.5839
v 156.00824 -5.2624817 342.22513
v 161.07806 -2.8366792 344.2764
v 163.61763 -5.6235685 345.87347
v 163.09424 -2.8366792 340.8217
v 165.7339 -6.013855 342.24722
v 156.07056 -2.8366792 336.56512
v 158.72127 -5.8180637 337.97003
v 149.04686 -2.8366792 332.3086
v 151.71246 -5.5221186 333.685
v 142.02318 -2.8366792 328.05203
v 144.70996 -5.156141 329.38666
v 134.99948 -2.8366792 323.79547
v 137.7186 -4.78326 325.06293
v 127.9758 -2.8366792 319.53894
v 130.74991 -4.575537 320.681
v 120.95211 -2.8366792 315.28238
v 123.835014 -4.2408495 316.11237
v 113.92842 -2.8366792 311.02585
v 116.82451 -4.0017157 310.2431
v 106.90473 -2.8366792 306.7693
v 105.42739 -4.144251 304.15826
v 103.795006 -2.8366792 311.9005
v 100.79672 -2.1445072 311.79913
v 104.71313 -2.8366792 316.16446
v 102.34567 -1.9105926 318.00705
v 102.03519 0.54659426 338.81622
v 101.08783 1.1314617 341.66272
v 102.969574 0.54659426 337.63315
v 102.353645 0.64723337 340.56924
v 103.903946 0.54659426 336.45004
v 103.91571 0.2652576 339.45
v 104.83833 0.54659426 335.26694
v 106.1077 0.12422019 337.98517
v 105.77271 0.54659426 334.08386
v 108.50947 -0.12673426 335.31274
v 106.70709 0.54659426 332.90076
v 109.68567 -0.515199 332.54288
v 107.64147 0.54659426 331.71765
v 110.4214 -1.1211094 330.58984
v 108.57585 0.54659426 330.53455
v 111.17394 -1.5722364 329.03458
v 109.51024 0.54659426 329.35147
v 111.97731 -1.7700139 327.64456
v 106.37117 0.54659426 326.87228
v 107.45998 -1.6035125 324.07684
v 105.631165 0.54659426 326.92175
v 106.42772 -1.2871981 324.02945
v 104.89116 0.54659426 326.97125
v 105.36372 -0.9619006 324.0087
v 104.15115 0.54659426 327.02075
v 104.27638 -0.6271587 324.02338
v 103.41115 0.54659426 327.07025
v 103.17832 -0.4464465 324.07928
v 102.67114 0.54659426 327.11975
v 102.08448 -0.32122976 324.17767
v 101.93114 0.54659426 327.16925
v 101.009186 -0.20257682 324.31442
v 97.759674 0.54659426 331.48187
v 94.87576 0.058428705 330.6554
v 98.89612 0.54659426 336.33704
v 96.34662 0.9995824 337.91818
v 108.32555 -1.220014 330.8515
v 107.19706 -0.0034057498 333.63116
v 109.086235 -1.220014 330.8232
v 108.243576 -0.071083695 333.70242
v 109.846924 -1.220014 330.79498
v 109.32009 -0.36884785 333.74835
v 110.60761 -1.220014 330.76672
v 110.41865 -0.6722948 333.76077
v 111.3683 -1.220014 330.73846
v 111.527534 -0.98104376 333.73422
v 112.12899 -1.220014 330.7102
v 112.63302 -1.194365 333.66757
v 112.88968 -1.220014 330.68195
v 113.72189 -1.331112 333.5642
v 117.30934 -1.220014 326.62402
v 120.11022 -1.7294886 327.69876
v 117.10211 -1.220014 325.86533
v 119.996925 -2.0081832 326.65277
v 116.89489 -1.220014 325.10663
v 119.86063 -2.2963173 325.55875
v 116.68765 -1.220014 324.3479
v 119.68678 -2.5691907 324.42023
v 116.48043 -1.220014 323.58923
v 119.46114 -2.7202551 323.2496
v 116.2732 -1.220014 322.83054
v 119.17461 -2.7973018 322.06775
v 116.06598 -1.220014 322.07184
v 118.82787 -2.8511024 320.90054
v 115.85875 -1.220014 321.31314
v 118.43224 -2.8896713 319.77136
v 112.71968 -1.220014 318.83395
v 113.62319 -3.3921192 315.97324
v 105.18648 -1.220014 328.3723
v 102.74395 -0.056889623 330.11417
v 172.66699 -6.913625 191.54213
v 175.66699 -6.8162003 191.54213
v 171.20253 -6.913625 195.07767
v 173.32385 -7.4126177 197.19899
v 167.66699 -6.913625 196.54213
v 167.66699 -8.1988325 199.54213
v 164.13145 -6.913625 195.07767
v 162.01013 -8.311155 197.19899
v 162.66699 -6.913625 191.54213
v 159.66699 -7.9100156 191.54213
v 164.13145 -6.913625 188.00659
v 162.01013 -7.239811 185.88527
v 167.66699 -6.913625 186.54213
v 167.66699 -6.7010136 183.54213
v 171.20253 -6.913625 188.00659
v 173.32385 -6.4586573 185.88527
v 197.03905 7.6015315 396.94806
v 196.948 -3.5757906 399.9467
v 208.59288 7.6015315 83.98675
v 209.45122 7.7161636 81.11216
v 204.5956 7.6015315 83.83918
v 203.95155 7.674635 80.90913
v 203.93709 7.6015315 84.29483
v 203.01456 7.615409 81.44019
v 203.27858 7.6015315 84.75048
v 202.06989 7.542263 82.004745
v 202.62009 7.6015315 85.20613
v 201.12695 7.454236 82.6041
v 201.96158 7.6015315 85.66178
v 200.19614 7.350967 83.236244
v 201.30309 7.6015315 86.11743
v 199.28723 7.22297 83.895645
v 200.64458 7.6015315 86.57308
v 198.40758 7.1403923 84.57412
v 198.73842 7.6015315 92.262245
v 195.74867 6.799243 92.50999
v 191.0439 7.6015315 396.7071
v 190.89397 -3.3375278 399.70334
v 202.96597 3.3450897 128.29617
v 205.80493 3.4169207 129.26585
v 202.97652 3.3450897 127.56634
v 205.89879 3.518516 128.24483
v 202.98706 3.3450897 126.8365
v 205.96457 3.5757713 127.20316
v 202.99762 3.3450897 126.106674
v 205.9973 3.613361 126.15002
v 203.00816 3.3450897 125.37685
v 205.99503 3.6445136 125.09637
v 203.0187 3.3450897 124.64702
v 205.95935 3.6707687 124.05324
v 203.02925 3.3450897 123.91718
v 205.89505 3.74748 123.02993
v 198.99168 3.3450897 119.478935
v 200.14532 3.8577223 116.70962
v 198.2204 3.3450897 119.94183
v 199.13795 3.7305813 117.085594
v 197.44913 3.3450897 120.40474
v 198.06616 3.5899906 117.46888
v 196.67783 3.3450897 120.86763
v 196.91434 3.4341962 117.87697
v 195.90656 3.3450897 121.33053
v 195.67348 3.264565 118.3396
v 195.13527 3.3450897 121.79343
v 194.35483 3.1137595 118.89672
v 194.36398 3.3450897 122.25633
v 193.00491 2.9722073 119.58183
v 193.5927 3.3450897 122.71923
v 191.69873 2.8383372 120.39267
v 192.98094 3.3450897 128.68796
v 190.65439 2.1643562 130.58192
v 198.80185 3.3450897 132.6159
v 199.875 2.6876464 135.4174
v 209.24472 -6.135479 262.98077
v 207.57285 -7.579797 265.47174
v 209.83577 -6.135479 263.0512
v 208.39392 -7.502207 265.682
v 210.42682 -6.135479 263.12167
v 209.2458 -7.446678 265.87943
v 211.01785 -6.135479 263.1921
v 210.12534 -7.3876605 266.05627
v 211.60889 -6.135479 263.26257
v 211.02614 -7.324303 266.20544
v 212.19995 -6.135479 263.333
v 211.93889 -7.2561064 266.32162
v 212.791 -6.135479 263.40344
v 212.8525 -7.177844 266.4028
v 213.38203 -6.135479 263.4739
v 213.75601 -7.0913944 266.4505
v 218.03032 -6.135479 259.68002
v 220.87163 -6.370165 260.6428
v 217.42287 -6.135479 258.80515
v 220.36581 -6.3207655 259.38745
v 216.81538 -6.135479 257.93024
v 219.81502 -6.307272 257.97665
v 216.20793 -6.135479 257.05536
v 219.1318 -6.3071494 256.38382
v 215.60046 -6.135479 256.18048
v 218.19925 -6.244294 254.68172
v 214.993 -6.135479 255.30559
v 217.00514 -6.257878 253.08044
v 214.38554 -6.135479 254.43073
v 215.72112 -6.3163643 251.74442
v 213.77806 -6.135479 253.55583
v 214.52025 -6.24441 250.6491
v 213.17061 -6.135479 252.68094
v 213.45462 -6.2513423 249.69441
v 207.96062 -6.135479 255.65683
v 205.24388 -7.2119875 254.38431
v 206.82718 -6.135479 259.794
v 203.97789 -7.690015 260.7329
v 201.36273 -8.402093 271.93134
v 204.03926 -8.734958 273.2864
v 201.70459 -8.402093 271.24756
v 204.55936 -8.607863 272.16968
v 202.04645 -8.402093 270.56378
v 205.00656 -8.503257 271.05136
v 202.3883 -8.402093 269.87997
v 205.38724 -8.403357 269.95978
v 202.73016 -8.402093 269.1962
v 205.71674 -8.305822 268.9127
v 203.07202 -8.402093 268.51242
v 206.01222 -8.201237 267.9164
v 203.41388 -8.402093 267.8286
v 206.28818 -8.010929 266.96933
v 203.75574 -8.402093 267.14484
v 206.55502 -7.8311124 266.06595
v 201.3382 -8.402093 263.95807
v 203.13141 -7.8401875 261.55298
v 200.59303 -8.402093 263.79163
v 202.13538 -7.903871 261.21844
v 199.84784 -8.402093 263.62515
v 201.10414 -7.948367 260.90088
v 199.10269 -8.402093 263.4587
v 200.04346 -7.9760833 260.61002
v 198.35751 -8.402093 263.29227
v 198.96307 -7.927223 260.35403
v 197.61235 -8.402093 263.1258
v 197.87593 -7.87884 260.1374
v 196.86719 -8.402093 262.95935
v 196.7955 -7.84705 259.9602
v 191.55151 -8.402093 265.74207
v 189.12773 -9.150498 263.9742
v 195.92511 -8.402093 274.46747
v 195.24318 -9.206028 277.38895
v 238.71593 -2.5321004 232.84477
v 241.71593 -2.5397265 232.84477
v 237.25146 -2.5321004 236.38031
v 239.37279 -2.9278302 238.50163
v 233.71593 -2.5321004 237.84477
v 233.71593 -3.408905 240.84477
v 230.18039 -2.5321004 236.38031
v 228.05907 -3.73351 238.50163
v 228.71593 -2.5321004 232.84477
v 225.71593 -3.4595296 232.84477
v 230.18039 -2.5321004 229.30923
v 228.05907 -3.2367382 227.18791
v 233.71593 -2.5321004 227.84477
v 233.71593 -2.9333174 224.84477
v 237.25146 -2.5321004 229.30923
v 239.37279 -2.4979644 227.18791
v 235.18025 -6.291176 313.48935
v 234.93723 -6.686124 316.4795
v 235.84348 -6.291176 313.1682
v 235.9028 -6.6393557 316.16763
v 236.50671 -6.291176 312.84705
v 236.89838 -6.581354 315.82138
v 237.1699 -6.291176 312.52588
v 237.91466 -6.520879 315.43198
v 237.83313 -6.291176 312.2047
v 238.93732 -6.461835 314.9941
v 238.49637 -6.291176 311.88354
v 239.94876 -6.4055676 314.50854
v 239.15958 -6.291176 311.56238
v 240.93196 -6.394846 313.98285
v 239.82281 -6.291176 311.2412
v 241.8746 -6.3891015 313.42984
v 241.66232 -6.291176 307.68927
v 244.63377 -6.378177 308.10214
v 230.2549 -6.291176 302.35367
v 227.94121 -7.3520527 300.444
v 228.68309 -6.291176 306.0319
v 225.70383 -7.2866583 305.67975
v 230.06291 -6.291176 310.35684
v 227.51053 -6.947543 311.93335
v 256.58627 6.4021273 81.872604
v 254.89749 6.295937 84.35212
v 257.34595 6.4021273 82.01452
v 255.9124 6.256425 84.64984
v 258.10565 6.4021273 82.15644
v 256.9606 6.203489 84.92932
v 258.86536 6.4021273 82.298355
v 258.03613 6.151172 85.18147
v 259.62503 6.4021273 82.44028
v 259.1291 6.100678 85.399
v 260.3847 6.4021273 82.5822
v 260.22705 6.057454 85.57806
v 261.1444 6.4021273 82.72411
v 261.31717 6.034553 85.71913
v 266.4018 6.4021273 79.83271
v 268.8386 5.848504 81.58258
v 266.0959 6.4021273 78.89012
v 268.68753 5.8268113 80.401184
v 265.78998 6.4021273 77.947525
v 268.54437 5.805238 79.13637
v 265.484 6.4021273 77.00493
v 268.38702 5.7818933 77.76159
v 265.1781 6.4021273 76.06234
v 268.17157 5.753887 76.26016
v 264.8722 6.4021273 75.11975
v 267.83575 5.6838746 74.653564
v 264.56625 6.4021273 74.177155
v 267.3357 5.6330643 73.02381
v 264.26035 6.4021273 73.234566
v 266.69418 5.5786586 71.48057
v 260.68832 6.4021273 71.43433
v 260.65033 5.5854206 68.43458
v 254.01366 6.4021273 78.80966
v 251.27974 6.481261 80.04484
v 270.81842 4.470029 60.222134
v 270.41345 4.553133 63.194675
v 271.4392 4.470029 60.05258
v 271.3334 4.4967957 63.050716
v 272.05997 4.470029 59.883034
v 272.27426 4.4470835 62.87537
v 272.68073 4.470029 59.713478
v 273.22647 4.4246583 62.66342
v 273.3015 4.470029 59.543922
v 274.17804 4.3996906 62.413017
v 273.92227 4.470029 59.374374
v 275.11618 4.3730145 62.126575
v 274.54306 4.470029 59.20482
v 276.03 4.3431597 61.8104
v 275.16382 4.470029 59.035267
v 276.91193 4.2440267 61.473328
v 277.656 4.470029 53.577343
v 280.6433 3.5789542 53.301563
v 277.4172 4.470029 52.897488
v 280.3508 3.4846675 52.26975
v 277.17838 4.470029 52.217632
v 280.01334 3.4142969 51.23629
v 276.93958 4.470029 51.537777
v 279.63327 3.338227 50.21716
v 276.70078 4.470029 50.857925
v 279.2184 3.2741275 49.226524
v 276.46194 4.470029 50.178066
v 278.78018 3.224417 48.273933
v 276.22314 4.470029 49.49821
v 278.3309 3.2039614 47.3634
v 272.65112 4.470029 47.69798
v 273.11322 3.2125337 44.73378
v 267.2464 4.470029 58.421894
v 265.09796 4.5885286 60.51575
v 274.79294 3.7625337 52.33598
v 274.5913 3.8431654 55.329197
v 275.52432 3.7625337 51.06716
v 275.8227 3.5908003 54.052288
v 276.25568 3.7625337 49.79834
v 277.4432 3.3816912 52.553295
v 276.9871 3.7625337 48.52952
v 279.4267 3.3341985 50.27547
v 277.71844 3.7625337 47.2607
v 280.71777 3.1352367 47.323704
v 278.44983 3.7625337 45.991882
v 281.26633 2.9851615 44.95878
v 279.1812 3.7625337 44.72306
v 281.73743 2.821766 43.15279
v 279.9126 3.7625337 43.45424
v 282.27127 2.7013836 41.60042
v 280.64398 3.7625337 42.18542
v 282.8606 2.6580608 40.163864
v 277.2542 3.7625337 40.06188
v 278.10605 2.4592583 37.185356
v 276.4838 3.7625337 40.15672
v 277.04614 2.5246274 37.209896
v 275.71338 3.7625337 40.251556
v 275.96054 2.5952077 37.261753
v 274.943 3.7625337 40.346397
v 274.85754 2.6683748 37.347614
v 274.17258 3.7625337 40.441235
v 273.74857 2.7416244 37.47135
v 273.40216 3.7625337 40.53607
v 272.64645 2.812117 37.632816
v 272.63174 3.7625337 40.630913
v 271.5631 2.8806207 37.827694
v 268.4714 3.7625337 44.9543
v 265.6292 3.3160806 43.99417
v 271.22092 3.7625337 50.535748
v 268.9349 3.9200287 52.478466
v 298.91278 5.7846665 93.64484
v 296.86218 5.473666 95.83458
v 299.60803 5.7846665 93.8635
v 297.7949 5.4945674 96.2536
v 300.30328 5.7846665 94.08217
v 298.76837 5.51914 96.65978
v 300.99857 5.7846665 94.300835
v 299.77814 5.5349073 97.04138
v 301.69385 5.7846665 94.5195
v 300.81433 5.499646 97.38767
v 302.3891 5.7846665 94.73817
v 301.86276 5.4438934 97.691635
v 303.08435 5.7846665 94.95683
v 302.908 5.381392 97.951645
v 308.48846 5.7846665 92.349976
v 310.94214 5.031701 94.07609
v 303.11597 5.7846665 82.692
v 302.95383 4.866925 79.69639
v 298.05286 5.7846665 85.91142
v 295.40887 5.420197 84.49391
v 296.95337 5.7846665 90.15761
v 294.01657 5.5491347 90.77016
v 58.013718 1.2481896 69.23869
v 61.013718 0.93915486 69.23869
v 56.54925 1.2481896 72.77423
v 58.67057 0.36796153 74.89555
v 53.013718 1.2481896 74.23869
v 53.013718 0.08867431 77.23869
v 49.478184 1.2481896 72.77423
v 47.356865 0.11256778 74.89555
v 48.013718 1.2481896 69.23869
v 45.013718 0.44166738 69.23869
v 49.478184 1.2481896 65.703156
v 47.356865 0.88024473 63.581833
v 53.013718 1.2481896 64.23869
v 53.013718 1.2717106 61.238693
v 56.54925 1.2481896 65.70316
v 58.670574 1.2968103 63.581844
v 22.008785 3.154543 285.5559
v 20.668756 4.4690056 288.24
v 22.769436 3.154543 285.58658
v 21.706667 4.292692 288.39203
v 23.530085 3.154543 285.61725
v 22.776436 4.1222324 288.52103
v 24.290735 3.154543 285.64795
v 23.870773 3.9535599 288.6184
v 25.051386 3.154543 285.67862
v 24.97842 4.159273 288.67773
v 25.812035 3.154543 285.7093
v 26.08577 4.402061 288.69678
v 26.572685 3.154543 285.73996
v 27.179401 4.6371193 288.67798
v 31.293358 3.154543 282.03653
v 34.00249 2.1461625 283.32516
v 30.742752 3.154543 281.23837
v 33.54828 2.0435328 282.30093
v 30.192146 3.154543 280.44025
v 33.09534 1.9985998 281.1962
v 29.64154 3.154543 279.6421
v 32.622696 2.0216818 279.9778
v 29.090935 3.154543 278.84393
v 32.08206 2.0364702 278.61337
v 28.540329 3.154543 278.04578
v 31.38962 2.016999 277.10687
v 27.989723 3.154543 277.24762
v 30.46822 2.0213952 275.55734
v 27.439117 3.154543 276.4495
v 29.351599 1.98136 274.13812
v 26.888512 3.154543 275.65134
v 28.18802 2.0218077 272.9474
v 22.906345 3.154543 276.02866
v 21.122126 2.5924385 273.6169
v 19.070698 3.154543 282.84155
v 16.500933 4.158599 284.38956
v 153.33562 7.152796 74.164764
v 153.66805 5.820114 77.146286
v 153.95969 7.152796 73.77794
v 154.5976 5.8372645 76.709335
v 154.58377 7.152796 73.39111
v 155.54349 5.820434 76.23346
v 155.20786 7.152796 73.00429
v 156.49397 5.852411 75.714615
v 155.83192 7.152796 72.61746
v 157.43477 5.952657 75.15338
v 156.456 7.152796 72.23064
v 158.35168 6.0527425 74.555786
v 157.08008 7.152796 71.84381
v 159.23364 6.1506515 73.93239
v 158.67856 7.152796 66.06065
v 161.59904 6.807829 65.37456
v 148.69865 7.152796 63.463203
v 146.6137 6.8450584 61.306137
v 147.28883 7.152796 69.29522
v 144.44879 6.144528 70.26172
v 149.40865 7.152796 73.40393
v 147.98677 5.7784247 76.04557
v 156.30858 2.3547218 104.21068
v 159.17424 2.466855 103.32297
v 156.0409 2.3547218 103.57775
v 158.76854 2.5617669 102.32877
v 155.77321 2.3547218 102.944824
v 158.31905 2.6492584 101.35778
v 155.50552 2.3547218 102.31188
v 157.83728 2.729112 100.424324
v 155.23782 2.3547218 101.678955
v 157.33769 2.8159206 99.53639
v 154.97015 2.3547218 101.04603
v 156.83408 2.917322 98.69532
v 154.70245 2.3547218 100.41309
v 156.33708 3.0245662 97.897545
v 154.43477 2.3547218 99.78017
v 155.85376 3.1470973 97.13698
v 150.5107 2.3547218 99.00453
v 150.20404 3.3729854 96.02025
v 149.87556 2.3547218 99.38621
v 149.2645 3.2456946 96.4491
v 149.24043 2.3547218 99.76787
v 148.30882 3.1107295 96.91618
v 148.6053 2.3547218 100.14955
v 147.34848 2.9380329 97.42551
v 147.97017 2.3547218 100.53122
v 146.39743 2.7351353 97.97652
v 147.33504 2.3547218 100.912895
v 145.46956 2.5161817 98.56343
v 146.6999 2.3547218 101.29457
v 144.57576 2.2846434 99.17608
v 144.96443 2.3547218 107.0381
v 142.02257 1.4530904 107.625854
v 154.55727 2.3547218 109.9494
v 156.43898 1.2574263 112.28589
v 96.781685 2.6167314 356.4072
v 96.195854 2.9216201 359.34943
v 159.9321 2.6167314 414.26563
v 161.99269 -1.527903 416.44598
v 223.08252 2.6167314 472.12408
v 225.2184 -5.01309 474.23074
v 286.23294 2.6167314 529.98254
v 288.3941 -4.180319 532.06323
v 349.38336 2.6167314 587.841
v 351.55722 0.024758875 589.90845
v 412.53378 2.6167314 645.69946
v 414.71524 3.488859 647.7589
v 475.6842 2.6167314 703.5579
v 477.87076 3.488859 705.61194
v 479.76685 2.6167314 699.1611
v 481.97705 3.488859 701.18964
v 95.68639 2.6167314 343.90347
v 94.33683 1.690062 341.22418
v 92.9703 2.6167314 346.83994
v 90.19405 2.3812783 345.70306
v 91.8476 2.6167314 352.99326
v 89.300735 3.3607492 354.57864
v 174.29472 -6.6881695 205.71973
v 172.66258 -8.578029 208.2369
v 175.04675 -6.6881695 205.5741
v 173.61932 -8.474136 208.21274
v 175.7988 -6.6881695 205.42848
v 174.61768 -8.365273 208.18619
v 176.55081 -6.6881695 205.28284
v 175.6625 -8.249929 208.1483
v 177.30286 -6.6881695 205.1372
v 176.7553 -8.12011 208.0868
v 178.05489 -6.6881695 204.99158
v 177.89091 -7.9788003 207.98709
v 178.80692 -6.6881695 204.84595
v 179.05574 -7.8226204 207.83562
v 179.55894 -6.6881695 204.70032
v 180.22823 -7.6448627 207.62471
v 183.66917 -6.6881695 200.32928
v 186.62917 -6.633263 200.81761
v 175.00906 -6.6881695 193.24295
v 173.58508 -7.12669 190.60245
v 171.44012 -6.6881695 198.0661
v 168.49866 -7.723584 197.47636
v 171.64384 -6.6881695 202.72427
v 168.9469 -8.538165 204.03824
v 253.4454 -6.019148 345.53595
v 256.34888 -6.4071126 346.29083
v 244.91772 -6.019148 331.04202
v 243.97934 -6.410263 328.19257
v 239.74692 -6.019148 334.08548
v 237.71115 -6.524383 331.88193
v 239.20724 -6.019148 334.82715
v 237.03394 -6.57144 332.75912
v 238.66759 -6.019148 335.5688
v 236.36362 -6.61888 333.6474
v 238.12793 -6.019148 336.31046
v 235.70216 -6.656901 334.54535
v 237.58827 -6.019148 337.05212
v 235.05128 -6.6809964 335.451
v 237.04861 -6.019148 337.79376
v 234.41228 -6.703842 336.36206
v 236.50896 -6.019148 338.53543
v 233.786 -6.7274623 337.27628
v 235.20381 -6.019148 344.39175
v 232.20386 -6.7793374 344.3755
v 248.2717 -6.019148 348.57452
v 247.51682 -6.7178307 351.478
v 181.45131 4.5050893 176.41733
v 179.87354 -4.4890842 178.96892
v 217.43752 4.5050893 122.411
v 219.801 4.8506656 120.56332
v 214.10881 4.5050893 120.192955
v 214.90404 4.7375956 117.30027
v 213.27475 4.5050893 120.2362
v 213.69084 4.752885 117.2652
v 212.44067 4.5050893 120.279434
v 212.45047 4.7588525 117.27945
v 211.60663 4.5050893 120.32268
v 211.20386 4.7039285 117.34984
v 210.77255 4.5050893 120.36592
v 209.97372 4.6157546 117.474236
v 209.9385 4.5050893 120.409164
v 208.779 4.5283704 117.642296
v 209.10443 4.5050893 120.45241
v 207.63069 4.41646 117.83935
v 205.73242 4.5050893 125.41522
v 202.76025 3.1716557 125.007484
v 176.51552 4.5050893 173.00589
v 174.6863 -4.5271683 175.38368
v 293.97357 7.6060324 150.43166
v 296.97357 7.2693095 150.43166
v 292.802 7.6060324 153.26009
v 294.9233 7.3733096 155.38141
v 289.97357 7.6060324 154.43166
v 289.97357 7.1418056 157.43166
v 287.14514 7.6060324 153.26009
v 285.02383 6.8626814 155.38141
v 285.97357 7.6060324 150.43166
v 282.97357 6.740158 150.43166
v 287.14514 7.6060324 147.60323
v 285.02383 6.6949863 145.4819
v 289.97357 7.6060324 146.43166
v 289.97357 6.8539486 143.43166
v 292.802 7.6060324 147.60323
v 294.9233 7.06792 145.4819
v 268.76172 5.878714 151.42767
v 270.13742 5.570645 154.09364
v 269.37732 5.878714 150.89906
v 271.01834 5.655019 153.41045
v 269.99295 5.878714 150.37044
v 271.88867 5.7316256 152.69557
v 270.60858 5.878714 149.84183
v 272.73923 5.825481 151.9538
v 271.22418 5.878714 149.31322
v 273.5626 5.895047 151.19254
v 271.83984 5.878714 148.7846
v 274.35446 5.9631195 150.42068
v 272.45544 5.878714 148.256
v 275.11337 6.029613 149.64716
v 273.39502 5.878714 144.3679
v 276.39493 5.8185525 144.34395
v 272.56512 5.878714 143.88078
v 275.55682 5.6894765 143.65761
v 271.73523 5.878714 143.39368
v 274.69846 5.6533628 142.92548
v 270.90533 5.878714 142.90656
v 273.8049 5.6260433 142.1368
v 270.07544 5.878714 142.41943
v 272.852 5.6088276 141.28333
v 269.24554 5.878714 141.93231
v 271.80533 5.5937567 140.36786
v 268.41565 5.878714 141.44519
v 270.62796 5.527066 139.41895
v 267.58575 5.878714 140.95808
v 269.3062 5.4467893 138.50043
v 261.677 5.878714 142.00066
v 259.21933 5.1183577 140.28023
v 262.7835 5.878714 151.9389
v 261.88043 5.156049 154.79974
v 203.15442 -5.885646 231.80052
v 205.60988 -6.017668 233.52411
v 203.40195 -5.885646 231.22638
v 206.03024 -5.894845 232.67278
v 203.64948 -5.885646 230.65225
v 206.42212 -5.7760196 231.79787
v 203.89699 -5.885646 230.0781
v 206.77939 -5.6957555 230.90982
v 204.14452 -5.885646 229.50397
v 207.0997 -5.614602 230.02054
v 204.39203 -5.885646 228.92982
v 207.38458 -5.5338087 229.14096
v 204.63957 -5.885646 228.35568
v 207.63861 -5.4539127 228.27972
v 204.88708 -5.885646 227.78154
v 207.86784 -5.3050103 227.44229
v 203.22635 -5.885646 224.1426
v 205.43575 -5.3530016 222.11317
v 202.55829 -5.885646 223.88257
v 204.54427 -5.531705 221.63403
v 201.89021 -5.885646 223.62254
v 203.60997 -5.6546946 221.16441
v 201.22215 -5.885646 223.36252
v 202.63644 -5.7186713 220.71681
v 200.5541 -5.885646 223.10251
v 201.63286 -5.795579 220.30318
v 199.88602 -5.885646 222.84248
v 200.61322 -5.889924 219.93196
v 199.21796 -5.885646 222.58246
v 199.59367 -6.01176 219.60608
v 193.69229 -5.885646 224.9206
v 191.29434 -6.9410963 223.11787
v 197.64474 -5.885646 234.17616
v 197.2125 -6.7940655 237.14487
v 209.26128 -3.8261538 225.78525
v 207.025 -5.56818 227.78502
v 444.2761 -3.8261538 118.52969
v 447.0151 1.4193106 117.30585
v 441.76334 -3.8261538 113.08121
v 444.4724 1.0416944 111.79247
v 409.25287 -3.8261538 127.63939
v 411.95706 2.2315311 126.34041
v 376.74243 -3.8261538 142.19757
v 379.43973 3.987926 140.88432
v 344.23193 -3.8261538 156.75574
v 346.9188 6.4829807 155.4213
v 311.72147 -3.8261538 171.3139
v 314.39078 7.9629087 169.94469
v 279.211 -3.8261538 185.87209
v 281.84454 5.083643 184.43529
v 246.70053 -3.8261538 200.43027
v 249.22319 0.28917933 198.80663
v 214.19006 -3.8261538 214.98843
v 214.14627 -4.1590056 211.98875
v 208.95435 -3.8261538 217.91885
v 206.42038 -4.870245 216.31293
v 207.60054 -3.8261538 222.1463
v 204.62457 -5.6196456 222.52528
v 223.1393 5.527897 124.27444
v 222.82874 4.3096466 127.258316
v 223.71696 5.527897 123.830505
v 223.6474 4.4083734 126.8297
v 224.29465 5.527897 123.38656
v 224.50241 4.4895906 126.37936
v 224.87228 5.527897 122.94261
v 225.3937 4.5451746 125.89695
v 225.44995 5.527897 122.49867
v 226.31654 4.5955157 125.37078
v 226.02762 5.527897 122.05473
v 227.25905 4.6398234 124.790344
v 226.60529 5.527897 121.610794
v 228.20233 4.685183 124.150375
v 227.18295 5.527897 121.16685
v 229.12349 4.7484145 123.454704
v 228.61905 5.527897 115.341255
v 231.40062 5.2035394 114.21747
v 227.40515 5.527897 115.03461
v 229.94406 5.1910615 113.43651
v 226.19124 5.527897 114.72796
v 228.21873 5.1474204 112.51679
v 224.97733 5.527897 114.42131
v 226.06805 5.153684 111.62662
v 223.76343 5.527897 114.114655
v 223.66246 5.1772594 111.116356
v 222.54951 5.527897 113.808014
v 221.47818 5.237318 111.00583
v 221.3356 5.527897 113.50136
v 219.65875 5.255136 111.01375
v 220.12169 5.527897 113.19471
v 218.08833 5.2216034 110.98892
v 218.90779 5.527897 112.88806
v 216.65698 5.1984863 110.904655
v 217.41478 5.527897 118.69934
v 214.48668 4.356696 119.35221
v 219.44157 5.527897 122.74903
v 217.55798 4.066972 125.084
v 272.0657 5.374503 191.44443
v 270.87442 3.2868104 194.19775
v 273.19073 5.374503 190.91263
v 272.24826 3.575766 193.76074
v 274.31577 5.374503 190.38083
v 273.68222 3.816925 193.31317
v 275.4408 5.374503 189.84903
v 275.18555 4.021398 192.83815
v 276.56586 5.374503 189.31723
v 276.7592 4.134007 192.31099
v 277.6909 5.374503 188.78543
v 278.38675 4.2180333 191.70361
v 278.81592 5.374503 188.25363
v 280.02985 4.3646655 190.99706
v 281.82507 5.374503 185.61829
v 284.38446 5.309276 187.18338
v 281.59918 5.374503 184.93185
v 284.26974 5.338324 186.29861
v 281.3733 5.374503 184.24542
v 284.15533 5.3669405 185.36803
v 281.14734 5.374503 183.55899
v 284.032 5.394092 184.38274
v 280.92145 5.374503 182.87256
v 283.88535 5.4283075 183.33653
v 280.69556 5.374503 182.18613
v 283.69522 5.4605017 182.23064
v 280.46964 5.374503 181.4997
v 283.44003 5.4764175 181.07932
v 280.24374 5.374503 180.81326
v 283.1052 5.473623 179.9121
v 274.98758 5.374503 177.91974
v 274.21854 4.9637146 175.01999
v 268.77902 5.374503 189.16461
v 266.61746 2.922557 191.2449
v 235.5693 7.0344257 70.36022
v 233.50449 7.0027094 72.536575
v 236.259 7.0344257 70.557365
v 234.43192 6.953523 72.936806
v 236.9487 7.0344257 70.75451
v 235.4031 6.91648 73.32572
v 237.63843 7.0344257 70.95166
v 236.41438 6.883991 73.69058
v 238.32813 7.0344257 71.1488
v 237.45586 6.838609 74.019196
v 239.01782 7.0344257 71.345955
v 238.51254 6.7858605 74.3031
v 239.70753 7.0344257 71.5431
v 239.56717 6.7274804 74.53981
v 244.99364 7.0344257 68.70458
v 247.56921 6.2606254 70.2429
v 240.09387 7.0344257 59.788746
v 240.15118 6.2447224 56.78929
v 234.86337 7.0344257 62.728428
v 232.27136 6.6254973 61.21796
v 233.67148 7.0344257 66.8391
v 230.71835 7.078466 67.36735
v 239.00916 6.5053654 106.113304
v 237.95033 5.7066174 108.92024
v 240.33905 6.5053654 106.53181
v 240.22461 5.655798 109.529625
v 241.66895 6.5053654 106.95031
v 242.37411 5.5687547 109.86626
v 242.99884 6.5053654 107.368805
v 244.29039 5.5086246 110.07655
v 244.32874 6.5053654 107.78731
v 246.011 5.46152 110.271255
v 245.65863 6.5053654 108.20581
v 247.60141 5.4170017 110.49177
v 246.98854 6.5053654 108.62431
v 249.11008 5.370678 110.745415
v 248.31844 6.5053654 109.042816
v 250.56705 5.331902 111.0287
v 250.82759 6.5053654 103.59267
v 253.79846 5.756404 104.00975
v 250.73367 6.5053654 102.74076
v 253.72858 5.7708263 102.9156
v 250.63976 6.5053654 101.888855
v 253.63881 5.785568 101.81343
v 250.54585 6.5053654 101.03696
v 253.52779 5.801551 100.70823
v 250.45193 6.5053654 100.18506
v 253.3954 5.8194556 99.60538
v 250.35803 6.5053654 99.333145
v 253.24292 5.839934 98.51011
v 250.26411 6.5053654 98.48125
v 253.07278 5.862701 97.427025
v 246.62798 6.5053654 93.70856
v 248.39 6.37206 91.28054
v 236.53696 6.5053654 100.64629
v 233.73003 6.175132 99.58747
v 227.36514 -6.2723784 324.7907
v 226.92506 -6.741772 327.75827
v 234.00755 -6.2723784 315.38464
v 236.51859 -6.5679827 313.74307
v 228.87663 -6.2723784 312.2744
v 229.17046 -6.9600425 309.28885
v 228.113 -6.2723784 312.38544
v 228.07608 -7.001685 309.38565
v 227.34937 -6.2723784 312.4965
v 226.97224 -7.0553308 309.5203
v 226.58572 -6.2723784 312.60754
v 225.87189 -7.106551 309.6937
v 225.8221 -6.2723784 312.71857
v 224.78775 -7.1530704 309.90253
v 225.05847 -6.2723784 312.82962
v 223.72995 -7.2003145 310.13983
v 224.29483 -6.2723784 312.94064
v 222.7048 -7.2629595 310.39667
v 221.60638 -6.2723784 315.90244
v 218.9208 -7.196323 314.5654
v 222.79517 -6.2723784 320.9029
v 219.93651 -6.9702635 321.8129
v 290.45105 4.54144 59.422035
v 293.4405 3.6650653 59.17073
v 290.216 4.54144 58.735245
v 293.1551 3.5371866 58.13383
v 289.98096 4.54144 58.048454
v 292.82535 3.4214418 57.094837
v 289.7459 4.54144 57.361664
v 292.45334 3.3218796 56.069435
v 289.5109 4.54144 56.674873
v 292.04657 3.2003284 55.071648
v 289.27585 4.54144 55.988087
v 291.61612 3.1036432 54.111073
v 289.0408 4.54144 55.301296
v 291.17395 3.0092354 53.191875
v 285.49765 4.54144 53.444958
v 286.01764 3.0387657 50.490368
v 284.90414 4.54144 53.704384
v 285.1673 3.161376 50.71595
v 284.3106 4.54144 53.96381
v 284.28802 3.2831795 50.963894
v 283.7171 4.54144 54.22323
v 283.38382 3.3581665 51.2418
v 283.1236 4.54144 54.482655
v 282.46237 3.407166 51.556435
v 282.5301 4.54144 54.74208
v 281.5351 3.4494507 51.91189
v 281.93655 4.54144 55.001507
v 280.6157 3.4882495 52.307934
v 281.34305 4.54144 55.26093
v 279.71768 3.5106916 52.73938
v 278.85086 4.54144 60.718853
v 275.88086 4.263067 61.142075
v 287.9568 4.54144 64.87902
v 289.72296 4.434406 67.304016
v 210.60518 8.241924 75.04693
v 213.60518 7.8670216 75.04693
v 209.43361 8.241924 77.87536
v 211.55493 7.8314877 79.99668
v 206.60518 8.241924 79.04693
v 206.60518 7.6042776 82.04693
v 203.77675 8.241924 77.87536
v 201.65543 7.7254095 79.99668
v 202.60518 8.241924 75.04693
v 199.60518 7.8514967 75.04693
v 203.77675 8.241924 72.2185
v 201.65543 7.950244 70.097176
v 206.60518 8.241924 71.04693
v 206.60518 8.028815 68.04693
v 209.43361 8.241924 72.218506
v 211.55493 7.948861 70.09719
v 248.75783 -6.1845975 356.96802
v 251.75783 -6.7759705 356.96802
v 247.29337 -6.1845975 360.50354
v 249.41469 -6.744062 362.62485
v 243.75783 -6.1845975 361.96802
v 243.75783 -6.7543554 364.96802
v 240.22229 -6.1845975 360.50354
v 238.10097 -6.742389 362.62485
v 238.75783 -6.1845975 356.96802
v 235.75783 -6.8263702 356.96802
v 240.22229 -6.1845975 353.4325
v 238.10097 -6.8355517 351.3112
v 243.75783 -6.1845975 351.96802
v 243.75783 -6.683815 348.96802
v 247.29337 -6.1845975 353.4325
v 249.41469 -6.6895814 351.3112
v 381.69772 10.280659 244.25546
v 384.69772 9.730659 244.25546
v 380.23325 10.280659 247.791
v 382.35455 10.35392 249.91232
v 376.69772 10.280659 249.25546
v 376.69772 10.708619 252.25546
v 373.1622 10.280659 247.791
v 371.0409 9.701406 249.91232
v 371.69772 10.280659 244.25546
v 368.69772 10.264287 244.25546
v 373.1622 10.280659 240.71992
v 371.0409 10.271631 238.5986
v 376.69772 10.280659 239.25546
v 376.69772 10.585627 236.25546
v 380.23325 10.280659 240.71992
v 382.35455 10.232689 238.5986
v 240.09389 6.9978423 59.788734
v 242.70914 6.0871415 58.318882
v 234.86339 6.9978423 62.72844
v 232.24814 6.8533893 64.19829
v 238.86697 6.9797916 57.605816
v 241.4899 6.0221267 56.149696
v 233.62112 6.9797916 60.518047
v 230.9982 6.8157167 61.974167
v 236.24174 6.9467106 52.849724
v 238.86516 5.904505 51.394505
v 230.99489 6.9467106 55.760155
v 228.37148 6.817006 57.215374
v 228.97885 7.06559 39.779957
v 231.59196 5.975142 38.306313
v 223.75262 7.06559 42.727245
v 221.13951 6.92457 44.20089
v 228.43112 7.108842 39.2806
v 231.36589 6.017137 38.658398
v 222.56158 7.108842 40.525017
v 219.62682 6.9455395 41.14722
v 226.83261 7.076004 37.136215
v 228.67448 6.4508233 39.504242
v 223.1489 7.076004 32.40017
v 221.30702 6.7717586 30.032143
v 235.3755 6.079473 35.636868
v 235.99666 5.6935744 38.571857
v 234.13322 6.079473 29.766882
v 233.51207 5.3790045 26.83189
v 258.3991 3.6984124 30.586617
v 257.99982 3.353017 33.55992
v 259.19775 3.6984124 24.640003
v 259.59705 2.9910936 21.666697
v 258.6642 3.8195224 37.68085
v 256.01755 3.6678638 39.093338
v 263.95755 3.8195224 34.855877
v 266.60422 2.9954271 33.44339
v 261.39615 3.6764455 37.860874
v 259.91818 3.388296 40.47155
v 264.35208 3.6764455 32.639523
v 265.83005 2.8777337 30.028847
v 265.1856 3.6301293 41.79222
v 263.0832 3.4322312 43.932278
v 269.39044 3.6301293 37.5121
v 271.49286 2.7618613 35.372044
v 268.4714 3.6851716 44.954308
v 266.39127 3.6564322 47.116005
v 272.63174 3.6851716 40.630913
v 274.71188 2.781669 38.469215
v 87.71259 0.11503336 99.02846
v 86.38723 -1.6246077 101.71982
v 90.36332 0.11503336 93.64574
v 91.68868 0.65420926 90.95438
v 94.29355 0.20019816 102.26922
v 92.955215 -1.2589425 104.95415
v 96.97023 0.20019816 96.89936
v 98.30856 0.6513984 94.21443
v 100.46702 0.2426524 105.26394
v 99.89568 -1.1505787 108.20904
v 101.60967 0.2426524 99.37376
v 102.18101 0.76744497 96.42866
v 104.26176 0.57989794 102.48563
v 106.729515 0.10073143 104.19154
v 99.32624 0.57989794 99.07378
v 96.85848 -0.1615566 97.36786
v 106.535065 1.7521961 98.7318
v 107.618126 0.89730823 101.529465
v 104.36894 1.7521961 93.136444
v 103.28588 1.7568727 90.338776
v 110.24796 1.9144053 100.70088
v 111.65726 0.5498539 103.34926
v 107.429375 1.9144053 95.40413
v 106.02008 1.6170087 92.75575
v 112.504616 2.8601189 95.45257
v 113.14425 1.6580377 98.38359
v 111.225334 2.8601189 89.59054
v 110.5857 2.91426 86.659515
v 117.3931 2.747532 98.64143
v 116.14514 1.4126458 101.36955
v 119.88901 2.747532 93.18521
v 121.13696 2.9452448 90.45709
v 119.66871 2.9459956 99.36063
v 118.79706 1.3879182 102.23121
v 121.411995 2.9459956 93.61946
v 122.283646 2.9569206 90.74888
v 123.480156 2.7608798 100.51796
v 122.60851 1.3278184 103.38854
v 125.22344 2.7608798 94.776794
v 126.095085 3.0068011 91.90621
v 129.21974 2.7072046 102.26077
v 128.35164 1.4182687 105.13242
v 130.95595 2.7072046 96.517456
v 131.82405 2.9642234 93.645805
v 137.02737 2.5746207 104.61327
v 136.15573 1.1719252 107.48385
v 138.77066 2.5746207 98.87211
v 139.6423 2.7915802 96.00153
v 142.59122 2.4624414 106.32099
v 141.71468 1.1218387 109.19008
v 144.34427 2.4624414 100.5828
v 145.22081 2.7883723 97.713715
v 144.96443 2.4295363 107.0381
v 144.0967 0.99875927 109.90987
v 146.6999 2.4295363 101.29457
v 147.56764 2.6262524 98.422806
v 69.95111 -6.3564234 240.89906
v 72.0053 -6.8250203 243.08545
v 67.21219 -6.3564234 237.98387
v 65.158 -6.7429523 235.79749
v 74.26611 -7.129354 236.84338
v 76.39323 -7.4808235 238.9589
v 71.42996 -7.129354 234.0227
v 69.30285 -7.4723835 231.9072
v 76.44271 -7.487892 234.36792
v 78.69802 -8.100057 236.34619
v 73.43563 -7.487892 231.73022
v 71.18032 -8.045921 229.75195
v 227.79045 7.736999 88.65769
v 226.30423 7.13818 91.26368
v 229.77205 7.736999 85.18304
v 231.25827 7.2296357 82.57705
v 233.43378 7.503781 90.98346
v 234.58415 6.6482368 93.754135
v 231.89993 7.503781 87.28923
v 230.74956 7.279124 84.518555
v 241.20613 7.380453 83.81134
v 243.18877 6.5566654 86.06281
v 238.5626 7.380453 80.80937
v 236.57997 7.0299892 78.5579
v 241.90868 7.327599 83.56116
v 243.19928 6.5577974 86.26936
v 240.18788 7.327599 79.950226
v 238.89728 6.842224 77.24202
v 268.27252 5.847784 128.7283
v 268.71576 5.3766694 131.69539
v 267.68152 5.847784 124.77221
v 267.23828 5.336208 121.80514
v 272.15613 5.9340134 126.77135
v 275.1095 5.6052423 127.29825
v 268.21832 5.9340134 126.06882
v 265.26495 5.103865 125.541916
v 271.8707 5.9718313 115.95982
v 274.86267 5.5496364 115.74062
v 267.88138 5.9718313 116.25209
v 264.8894 5.1805587 116.47129
v 271.11047 5.991632 113.43715
v 273.82916 5.552675 112.1688
v 267.48553 5.991632 115.128296
v 264.76685 5.171225 116.396645
v 270.0817 5.9994054 111.82106
v 272.74054 5.571679 110.431625
v 266.5366 5.9994054 113.673645
v 263.87775 5.139907 115.06308
v 268.40298 6.058123 110.5536
v 270.8732 5.473642 112.255974
v 265.1094 6.058123 108.28376
v 262.6392 5.6446695 106.58138
v 274.0138 6.2519674 107.63492
v 275.4833 5.6624126 110.25034
v 272.05438 6.2519674 104.147675
v 270.58487 5.767438 101.53225
v 277.6086 6.343247 105.61508
v 279.07813 5.759873 108.230515
v 275.6492 6.343247 102.12785
v 274.1797 5.8674326 99.51242
v 298.91278 5.8995094 93.64484
v 300.3823 5.4898567 96.26027
v 296.95337 5.8995094 90.15761
v 295.48386 5.465293 87.542175
v 281.91025 5.768788 185.0448
v 283.49554 5.198723 187.59172
v 279.79648 5.768788 181.64893
v 278.21118 4.90058 179.102
v 292.33554 7.4606256 177.95372
v 291.81543 6.7417216 180.90828
v 293.02908 7.4606256 174.0143
v 293.5492 7.13646 171.05974
v 297.0676 7.3305707 185.41307
v 294.54657 6.724224 183.78693
v 300.429 7.3305707 187.58128
v 302.95 6.83467 189.20743
v 279.5804 4.76777 193.84517
v 279.12137 4.358204 190.8805
v 280.1924 4.76777 197.79808
v 280.65146 4.249741 200.76276
v 276.8517 4.6394963 188.87291
v 279.18692 4.8024707 186.9896
v 273.73813 4.6394963 191.38399
v 271.40292 3.512703 193.2673
v 209.10443 4.473632 120.452415
v 210.79045 4.5500937 117.97101
v 205.73242 4.473632 125.41523
v 204.0464 3.177372 127.89664
v 203.54068 4.445675 116.96735
v 204.10875 4.406196 114.02162
v 202.40451 4.445675 122.858795
v 201.83644 3.0237715 125.80452
v 198.99168 4.1234307 119.478935
v 196.9729 3.5627036 117.25981
v 203.02925 4.1234307 123.91718
v 205.04803 3.4519885 126.13631
v 154.43477 3.43622 99.78017
v 157.37782 2.6686072 100.3619
v 150.5107 3.43622 99.00453
v 147.56764 2.626255 98.4228
v 154.85933 3.8974125 95.897316
v 157.63025 3.7415986 94.74753
v 151.16478 3.8974125 97.43038
v 148.39386 2.579711 98.58017
v 151.65512 3.9163404 94.19091
v 152.46794 4.123939 91.30312
v 150.57138 3.9163404 98.0413
v 149.75856 2.0185158 100.929085
v 149.17143 3.9681823 94.47633
v 152.04851 3.7474241 93.62636
v 145.33534 3.9681823 95.609634
v 142.45827 3.0023925 96.45961
v 150.62006 5.0747557 88.18092
v 153.56529 4.5918374 88.75154
v 146.69308 5.0747557 87.42009
v 143.74785 4.772388 86.84947
v 153.33562 6.5088453 74.164764
v 156.28085 6.037954 74.73539
v 149.40865 6.5088453 73.40393
v 146.46341 6.117402 72.833305
v 79.31931 0.16144624 88.187454
v 80.58053 0.3323549 85.46545
v 76.79687 0.16144624 93.63147
v 75.53565 -1.3146951 96.35348
v 77.548195 0.18935983 87.370636
v 78.67727 0.34660333 84.59122
v 75.29003 0.18935983 92.929474
v 74.16096 -1.3880713 95.70889
v 71.36609 -0.067919925 84.9538
v 72.42929 0.0682289 82.14851
v 69.239685 -0.067919925 90.56436
v 68.17648 -1.3110185 93.369644
v 65.50864 -0.10619791 82.80679
v 66.55894 0.16845858 79.99665
v 63.408047 -0.10619791 88.42706
v 62.35775 -1.3842309 91.237206
v 56.400116 -0.040967744 79.360275
v 57.469704 0.21088505 76.55742
v 54.26094 -0.040967744 84.96597
v 53.191353 -1.218693 87.76883
v 52.973625 0.034518696 78.97926
v 55.72014 -0.054071486 77.77234
v 47.4806 0.034518696 81.39311
v 44.734085 -0.8978373 82.60004
v 54.687626 0.7110048 74.82421
v 57.59492 0.3349772 75.56425
v 48.873043 0.7110048 73.344154
v 45.965748 0.29091692 72.60412
v 214.21129 -3.8766081 214.99715
v 216.83784 -3.9484036 213.54759
v 208.95818 -3.8766081 217.89622
v 206.33162 -4.936523 219.34578
v 213.30672 -3.88854 213.38063
v 215.8003 -3.895145 211.71266
v 208.3196 -3.88854 216.71657
v 205.82602 -5.001748 218.38454
v 209.55273 -3.9747255 208.01572
v 211.99341 -3.9044874 206.27127
v 204.67139 -3.9747255 211.50461
v 202.23071 -5.1546044 213.24905
v 206.25986 -3.9610274 203.51918
v 208.6787 -3.8817694 201.7446
v 201.42215 -3.9610274 207.06837
v 199.00331 -5.2018785 208.84296
v 200.9153 -3.969982 196.24275
v 203.36186 -3.7467349 194.50655
v 196.0222 -3.969982 199.71513
v 193.57564 -5.324969 201.45134
v 198.1618 -3.840254 192.10823
v 200.57352 -3.564033 190.32394
v 193.33838 -3.840254 195.67677
v 190.92667 -5.174523 197.46106
v 193.91174 -3.7190778 186.84212
v 196.0024 -3.3497555 184.69057
v 189.73044 -3.7190778 191.14522
v 187.63979 -5.097309 193.29677
v 187.76674 -3.8429415 181.97813
v 189.60452 -3.511404 179.60693
v 184.0912 -3.8429415 186.72054
v 182.25342 -5.5285096 189.09174
v 182.60733 -3.9340484 178.05742
v 184.41324 -3.6619833 175.66187
v 178.99551 -3.9340484 182.84853
v 177.1896 -5.591959 185.24408
v 176.16632 -4.000061 173.23274
v 177.9649 -3.7271357 170.83168
v 172.56915 -4.000061 178.03487
v 170.77057 -5.3632507 180.43593
v 171.23738 -4.0037117 169.54901
v 172.8692 -3.8074756 167.03163
v 167.97377 -4.0037117 174.58377
v 166.34195 -5.299441 177.10115
v 163.71594 -4.092887 165.16414
v 165.15326 -3.9797454 162.53088
v 160.84128 -4.092887 170.43068
v 159.40396 -5.3045697 173.06393
v 160.40579 -4.1503344 163.63544
v 161.65495 -4.0191116 160.90788
v 157.90744 -4.1503344 169.09055
v 156.65828 -5.3999243 171.8181
v 156.77011 -4.1841407 161.97496
v 158.02194 -4.152432 159.24863
v 154.26648 -4.1841407 167.42766
v 153.01465 -5.3784027 170.15399
v 151.56624 -4.1837273 159.57669
v 152.81256 -4.1411166 156.84784
v 149.0736 -4.1837273 165.03442
v 147.82727 -5.3417873 167.76328
v 147.67505 -4.158703 157.82108
v 148.91489 -4.2186823 155.08926
v 145.19537 -4.158703 163.2847
v 143.95554 -5.2752924 166.01651
v 144.05797 -4.122458 156.16908
v 145.3094 -4.1527267 153.44257
v 141.5551 -4.122458 161.62212
v 140.30367 -5.178685 164.34863
v 138.8507 -4.0542626 153.77078
v 140.09702 -4.1790156 151.04193
v 136.35805 -4.0542626 159.22852
v 135.11172 -5.109369 161.95737
v 131.33018 -3.9821317 150.35606
v 132.57648 -4.113969 147.6272
v 128.8376 -3.9821317 155.81383
v 127.59132 -5.0359025 158.5427
v 126.26385 -3.9653437 148.03304
v 127.72579 -4.059376 145.41335
v 123.33997 -3.9653437 153.27238
v 121.87803 -4.992824 155.89207
v 122.31388 -3.909058 145.33417
v 124.05539 -4.0567675 142.8914
v 118.830864 -3.909058 150.21973
v 117.089355 -4.8956003 152.66249
v 118.30664 -3.8733795 142.33801
v 120.018715 -3.9881601 139.87453
v 114.88249 -3.8733795 147.26501
v 113.17042 -4.854188 149.7285
v 115.251915 -3.8999858 140.43376
v 117.12088 -3.9035468 138.08708
v 111.51397 -3.8999858 145.12715
v 109.645004 -4.932584 147.47383
v 113.825935 -3.8543835 138.76239
v 115.75019 -3.606184 136.46082
v 109.977425 -3.8543835 143.36554
v 108.05317 -4.8512154 145.66711
v 103.955894 -3.9218495 130.9892
v 105.83641 -3.6852648 128.65175
v 100.19486 -3.9218495 135.6641
v 98.31435 -4.9887147 138.00154
v 103.23666 -3.922105 133.46657
v 105.84883 -4.334895 134.94188
v 98.01229 -3.922105 130.51598
v 95.400116 -4.559969 129.04066
v 112.696594 -1.713254 120.16077
v 115.673874 -2.0916204 120.529274
v 106.742035 -1.713254 119.42374
v 103.764755 -2.273957 119.05523
v 103.95829 -1.7029326 113.460594
v 105.32878 -1.5739479 110.79194
v 101.21729 -1.7029326 118.79792
v 99.8468 -3.0410638 121.466576
v 100.45375 -1.9142292 111.66205
v 101.87533 -1.3140483 109.02024
v 97.610596 -1.9142292 116.94565
v 96.18902 -3.267011 119.587456
v 99.54521 -1.9092726 111.08589
v 100.91536 -1.1574178 108.41705
v 96.80492 -1.9092726 116.42357
v 95.43477 -3.2487946 119.09241
v 91.489624 -1.7982262 107.05943
v 92.84145 -1.0741929 104.38126
v 88.78598 -1.7982262 112.41576
v 87.43415 -3.3642604 115.093925
v 86.49361 -2.0581746 104.49797
v 87.861115 -1.640193 101.82778
v 83.758606 -2.0581746 109.83836
v 82.3911 -3.3630702 112.50855
v 81.62622 -2.0497239 102.56232
v 84.23593 -1.3925798 101.082664
v 76.406784 -2.0497239 105.52164
v 73.79707 -3.2573116 107.00129
v 83.56645 -1.1551923 100.548775
v 86.368095 -1.5890656 101.62152
v 77.963165 -1.1551923 98.40327
v 75.16152 -1.5897712 97.33052
v 35.859882 -5.5379953 156.89513
v 35.416325 -6.1396832 153.9281
v 36.746998 -5.5379953 162.82918
v 37.190556 -6.2559166 165.7962
v 17.004246 -4.4555526 160.37604
v 14.807231 -4.9162927 158.3332
v 21.398273 -4.4555526 164.46167
v 23.595287 -5.149367 166.5045
v 18.627777 -4.5506434 176.25975
v 15.680117 -4.8046966 176.81769
v 24.523102 -4.5506434 175.14388
v 27.470762 -5.467285 174.58594
v 20.529716 -4.708764 185.56659
v 17.59023 -4.860766 186.1661
v 26.408684 -4.708764 184.36752
v 29.34817 -5.6332197 183.768
v 21.55085 -4.7537227 190.5925
v 18.606209 -4.914425 191.16617
v 27.440128 -4.7537227 189.44516
v 30.38477 -5.770454 188.87149
v 22.80517 -4.7089615 197.24681
v 19.857397 -4.782197 197.80415
v 28.700716 -4.7089615 196.13213
v 31.648489 -5.792765 195.57478
v 23.91455 -4.54214 203.07965
v 20.993158 -4.480721 203.76192
v 29.757332 -4.54214 201.71515
v 32.678726 -5.596626 201.03288
v 25.741674 -4.3188663 209.46953
v 23.059723 -4.2270083 210.81383
v 31.105577 -4.3188663 206.78093
v 33.78753 -5.462128 205.43663
v 31.188538 -4.2248874 217.73466
v 28.672356 -3.8826375 219.36832
v 36.2209 -4.2248874 214.46736
v 38.737083 -5.553667 212.83371
v 32.393833 -3.9332807 219.74908
v 29.89331 -3.8316927 221.4066
v 37.39487 -3.9332807 216.43402
v 39.895393 -5.4210715 214.7765
v 34.74521 -4.115725 223.09785
v 32.297085 -3.8387613 224.83185
v 39.64145 -4.115725 219.6299
v 42.089573 -5.4380183 217.8959
v 38.608444 -4.0407043 228.52562
v 36.153698 -3.6944575 230.2502
v 43.517944 -4.0407043 225.07643
v 45.97269 -5.4322686 223.35185
v 42.773064 -3.972976 234.52457
v 40.31293 -3.6620307 236.24147
v 47.69332 -3.972976 231.09076
v 50.153454 -5.6101694 229.37386
v 46.27323 -3.968466 239.50824
v 43.798985 -3.7876432 241.20473
v 51.221725 -3.968466 236.11523
v 53.695972 -6.050273 234.41875
v 51.069122 -4.0494246 246.62393
v 48.581425 -3.7295783 248.30064
v 56.04451 -4.0494246 243.27051
v 58.532207 -5.807615 241.5938
v 55.693615 -4.1182175 254.32391
v 53.028225 -3.963 255.70076
v 61.024403 -4.1182175 251.57025
v 63.689793 -5.7063746 250.1934
v 60.939587 -4.174029 264.4791
v 58.259148 -4.003249 265.8264
v 66.30046 -4.174029 261.78445
v 68.9809 -5.3151555 260.43716
v 61.00448 -4.134942 264.88965
v 58.308197 -3.9817421 266.205
v 66.39704 -4.134942 262.25903
v 69.09332 -5.291235 260.9437
v 66.43529 -4.101752 275.22638
v 64.44588 -3.9370618 277.4719
v 70.41409 -4.101752 270.7354
v 72.4035 -5.256213 268.4899
v 70.287224 -4.6747828 273.2844
v 68.93822 -4.783704 275.96396
v 72.98524 -4.6747828 267.9252
v 74.33424 -5.7724953 265.24564
v 76.659035 -4.7986574 280.2892
v 74.486984 -4.513541 282.35855
v 81.00315 -4.7986574 276.15054
v 83.1752 -5.930857 274.0812
v 81.55373 -4.7063155 285.36368
v 79.39452 -4.555048 287.44644
v 85.87215 -4.7063155 281.1982
v 88.03135 -5.778461 279.11545
v 31.008087 0.75434107 259.58762
v 29.295218 0.115576744 257.1247
v 33.291916 0.75434107 262.87155
v 35.004787 -0.13811195 265.33447
v 17.188093 3.170843 269.43442
v 14.584219 2.8644829 267.94452
v 20.659925 3.170843 271.421
v 23.2638 2.4329674 272.9109
v 21.879896 3.1256766 277.6095
v 19.493294 2.8039072 279.42722
v 25.062033 3.1256766 275.18585
v 27.448635 2.1777067 273.36813
v 26.572687 3.6253326 285.73996
v 24.212353 3.7008195 287.59167
v 31.293356 3.6253326 282.03653
v 33.65369 1.7633388 280.1848
v 31.238518 4.211946 291.68686
v 28.90554 4.382323 293.57294
v 35.904472 4.211946 287.91476
v 38.23745 1.812839 286.0287
v 31.551434 3.2066648 291.89597
v 29.15308 4.2992396 293.69818
v 36.34814 3.2066648 288.2916
v 38.746494 1.7426658 286.48938
v 35.331387 3.3782327 297.1105
v 32.761024 3.9097438 298.6575
v 40.47212 3.3782327 294.0165
v 43.04248 1.734762 292.4695
v 35.07925 3.4634335 297.74594
v 32.71337 4.1654816 299.59058
v 39.811016 3.4634335 294.05673
v 42.176895 1.9478347 292.2121
v 41.87421 3.6210666 305.53
v 39.615067 4.793338 307.50388
v 46.392506 3.6210666 301.58218
v 48.65165 1.9189959 299.6083
v 19.070698 4.2787437 282.84155
v 16.867134 3.663506 280.80582
v 22.008785 4.2787437 285.5559
v 24.212349 3.7008095 287.59164
v 5.5517683 7.4050746 298.2017
v 2.5529647 7.123212 298.11697
v 9.550173 7.4050746 298.31467
v 12.548977 6.3263683 298.39938
v 18.74734 7.499364 308.56412
v 17.021944 7.6970167 311.0183
v 21.047865 7.499364 305.2919
v 22.77326 6.0643125 302.8377
v 22.415361 7.452111 309.53943
v 19.520847 7.0924625 308.7509
v 26.27471 7.452111 310.59082
v 29.169224 7.0994906 311.37936
v 14.588177 9.3705225 318.8382
v 11.635296 9.018267 318.3086
v 18.525352 9.3705225 319.54437
v 21.478233 7.783167 320.07397
v 20.079086 9.475743 326.555
v 17.77243 9.380638 328.47314
v 23.154625 9.475743 323.99744
v 25.46128 8.356056 322.07928
v 24.484097 10.05892 338.82288
v 22.98332 9.41368 336.22525
v 26.485134 10.05892 342.28638
v 27.98591 9.340282 344.884
v 17.048895 10.783461 344.50497
v 14.067905 10.441556 344.84216
v 21.02355 10.783461 344.0554
v 24.00454 9.381515 343.7182
v 25.66421 10.652472 358.02444
v 23.155588 10.371613 359.66968
v 29.009039 10.652472 355.83078
v 31.51766 9.459987 354.18555
v 28.541193 10.6523695 358.98856
v 30.03537 10.086147 361.59
v 26.54896 10.6523695 355.52
v 25.054783 9.989061 352.91855
v 50.042072 7.4563613 346.1925
v 51.576363 6.7178855 348.77048
v 47.99635 7.4563613 342.7552
v 46.46206 6.7681584 340.17722
v 200.64456 7.5457177 86.57308
v 201.59763 7.360527 83.7285
v 198.7384 7.5457177 92.262245
v 197.78534 6.4846764 95.10683
v 198.0452 7.522198 85.70934
v 199.18758 7.3322825 82.93536
v 195.76047 7.522198 91.25732
v 194.61809 6.4329476 94.031296
v 191.45796 7.421655 82.79021
v 192.78824 7.2768507 80.10127
v 188.79744 7.421655 88.16809
v 187.46716 6.289646 90.857025
v 188.70195 7.409721 81.09348
v 190.27496 7.2440248 78.538956
v 185.55592 7.409721 86.20254
v 183.98291 6.372493 88.757065
v 185.28566 7.377675 78.97453
v 186.83507 7.2575703 76.40562
v 182.18681 7.377675 84.11235
v 180.6374 6.2890744 86.68127
v 180.71216 7.3232675 76.27462
v 182.29356 7.129849 73.72528
v 177.54932 7.3232675 81.3733
v 175.96791 6.307142 83.92264
v 176.87364 7.3016367 73.75671
v 178.50247 7.0768137 71.237404
v 173.61595 7.3016367 78.79531
v 171.98712 6.3338146 81.31461
v 169.4958 7.274585 69.07661
v 170.6616 6.9898176 66.312386
v 167.16423 7.274585 74.60505
v 165.99843 6.3154025 77.36927
v 158.67856 7.1937146 66.060646
v 159.4778 6.8621364 63.16907
v 157.08008 7.1937146 71.8438
v 156.28084 6.0379567 74.735374
v 148.69865 7.1916256 63.463203
v 149.40356 6.894827 60.547195
v 147.28883 7.1916256 69.29522
v 146.58392 6.202773 72.21123
v 139.595 7.2696123 61.26564
v 140.43048 6.9824996 58.384327
v 137.92401 7.2696123 67.02826
v 137.08853 6.272307 69.90958
v 127.74851 7.3732567 57.392128
v 128.77463 7.1321106 54.573067
v 125.6963 7.3732567 63.030243
v 124.67018 6.4478755 65.849304
v 126.45719 7.406289 56.55587
v 128.0826 7.1813993 54.03435
v 123.20638 7.406289 61.598907
v 121.58098 6.4607267 64.12043
v 123.18399 7.461386 54.36152
v 124.852135 7.245852 51.868065
v 119.84772 7.461386 59.348427
v 118.17957 6.5101533 61.84188
v 115.03873 7.5116005 48.916306
v 116.708015 7.398154 46.42362
v 111.70015 7.5116005 53.901672
v 110.03086 6.484332 56.39436
v 110.13099 7.4743767 45.62026
v 111.80359 7.5661707 43.12979
v 106.78579 7.4743767 50.601185
v 105.11319 6.394206 53.091652
v 100.16909 7.3743777 38.930546
v 101.84623 7.7762537 36.44314
v 96.8148 7.3743777 43.905354
v 95.13766 6.21694 46.39276
v 92.68882 7.277033 33.88696
v 94.35806 7.5809107 31.394241
v 89.35035 7.277033 38.872395
v 87.68111 6.088028 41.365112
v 89.98456 7.251079 32.110504
v 91.64814 7.4401846 29.61401
v 86.657394 7.251079 37.1035
v 84.99381 5.9454207 39.599995
v 83.32412 7.3422165 27.646809
v 84.96216 7.523489 25.133476
v 80.04804 7.3422165 32.67347
v 78.41 5.9819317 35.186802
v 82.00861 7.223878 26.944134
v 83.29645 7.4451785 24.234615
v 79.432945 7.223878 32.36317
v 78.14511 5.96702 35.07269
v 75.714676 7.0714035 24.001772
v 76.92143 7.368701 21.255188
v 73.30115 7.0714035 29.494944
v 72.09439 5.8733253 32.241528
v 70.21845 7.0311 23.82166
v 73.21679 6.5329394 23.921425
v 64.22176 7.0311 23.622131
v 61.223427 6.260027 23.522366
v 77.66867 9.453326 10.8032055
v 80.247894 8.935063 12.335385
v 72.51021 9.453326 7.7388444
v 69.930984 8.531702 6.206664
v 74.16864 9.484265 11.9398575
v 72.59926 8.071832 14.496624
v 77.30739 9.484265 6.8263245
v 78.87677 9.558167 4.269558
v 87.76185 9.495204 20.56942
v 86.16751 8.177591 23.110697
v 90.95052 9.495204 15.486869
v 92.54486 9.620726 12.945593
v 93.999405 9.5121565 24.380812
v 92.45157 8.1919565 26.950672
v 97.09509 9.5121565 19.24109
v 98.64293 9.654794 16.67123
v 98.25965 9.518657 26.89287
v 96.719955 8.243142 29.46762
v 101.33904 9.518657 21.743372
v 102.87874 9.568991 19.168621
v 109.83404 9.3592825 33.253716
v 107.1187 8.250701 34.52924
v 115.2647 9.3592825 30.702673
v 117.98004 9.176136 29.427153
v 104.54976 8.202615 37.802326
v 102.13181 7.863348 36.026505
v 109.38565 8.202615 41.35397
v 111.8036 7.5661726 43.12979
v 200.4867 3.3697119 125.906204
v 202.56873 3.214774 123.74631
v 196.32263 3.3697119 130.226
v 194.2406 2.4177766 132.3859
v 200.11972 3.3654766 125.55246
v 202.20175 3.2012172 123.39256
v 195.95566 3.3654766 129.87225
v 193.87363 2.4399815 132.03215
v 193.59268 3.0874562 122.71923
v 193.89856 2.960872 119.73486
v 192.98093 3.0874562 128.68796
v 192.67505 2.3598328 131.67233
v 193.02051 2.973726 122.75874
v 194.07162 2.926729 119.94891
v 190.91827 2.973726 128.3784
v 189.86716 1.9244273 131.18823
v 190.10722 2.7904541 121.34935
v 191.57861 2.9967852 118.734955
v 187.16447 2.7904541 126.578125
v 185.69308 1.5753806 129.19252
v 184.97308 2.6259632 118.190765
v 186.53708 2.746274 115.63071
v 181.8451 2.6259632 123.3109
v 180.2811 1.4294485 125.87096
v 177.3075 2.440672 113.52749
v 178.87236 2.615307 110.967964
v 174.17773 2.440672 118.64654
v 172.61287 1.2489617 121.20606
v 173.49513 2.5928776 111.17642
v 174.94958 2.7365246 108.552574
v 170.58623 2.5928776 116.42412
v 169.13177 1.1526963 119.047966
v 165.6623 2.425192 107.08655
v 166.84602 2.713046 104.329956
v 163.29486 2.425192 112.59973
v 162.11113 1.1267668 115.35632
v 159.62051 2.343898 105.2214
v 160.49693 2.7616577 102.35227
v 157.8677 2.343898 110.95966
v 156.99129 0.9851706 113.82879
v 156.30858 2.3486538 104.21068
v 157.18425 2.4721105 101.34132
v 154.55727 2.3486538 109.94939
v 153.6816 1.1827106 112.81875
v 56.24985 -5.482867 238.65897
v 53.75324 -5.2871833 240.32239
v 61.24307 -5.482867 235.33215
v 63.73968 -6.74829 233.66873
v 57.668182 -5.47081 240.78773
v 55.17157 -5.3312745 242.45116
v 62.6614 -5.47081 237.46092
v 65.15801 -6.7429523 235.7975
v 50.832798 2.282283 306.20422
v 48.794453 3.16999 308.4054
v 54.90948 2.282283 301.80188
v 56.947826 0.7467363 299.6007
v 57.644585 2.2534776 312.51212
v 55.60624 2.7501383 314.7133
v 61.721268 2.2534776 308.10977
v 63.759613 0.70461535 305.9086
v 54.201637 6.661509 347.31857
v 51.576363 6.7178807 348.77045
v 59.452187 6.661509 344.41483
v 62.07746 5.4225073 342.96295
v 56.355564 6.6556053 351.21298
v 53.715714 6.805068 352.63818
v 61.635258 6.6556053 348.36258
v 64.27511 5.4551783 346.93738
v 58.9589 6.706042 356.12958
v 56.344856 6.8349204 357.6016
v 64.18699 6.706042 353.1856
v 66.80103 5.451085 351.7136
v 62.338886 6.794037 361.82977
v 59.811768 6.8997397 363.44644
v 67.39313 6.794037 358.59637
v 69.92024 5.6352386 356.9797
v 63.872574 6.8048105 363.74582
v 61.64043 6.9214997 365.75018
v 68.33685 6.8048105 359.73703
v 70.56899 5.6230884 357.73267
v 67.47163 6.821143 367.60352
v 65.290474 6.9369507 369.66327
v 71.833916 6.821143 363.484
v 74.01507 5.635975 361.42426
v 80.78158 7.215121 378.75085
v 81.989075 6.8130355 381.49713
v 78.366585 7.215121 373.25836
v 77.15909 6.3437467 370.5121
v 96.78169 3.5867982 356.4072
v 99.24874 2.7164469 358.11414
v 91.84761 3.5867982 352.99326
v 89.38056 2.907839 351.28632
v 46.96184 6.5996294 334.0205
v 44.322052 6.864641 335.4458
v 52.24142 6.5996294 331.16986
v 54.88121 5.147121 329.74457
v 49.41565 6.6354146 338.56516
v 46.77586 6.6893435 339.99045
v 54.69523 6.6354146 335.7145
v 57.33502 5.4252977 334.2892
v 278.03677 5.518306 177.90846
v 280.6541 5.3999176 176.44229
v 272.80215 5.518306 180.84077
v 270.1848 4.4667654 182.30695
v 275.2435 5.6011953 172.92209
v 277.8677 5.606947 171.46829
v 269.9951 5.6011953 175.82968
v 267.37088 4.484341 177.28348
v 273.18805 5.6540885 169.15611
v 275.80536 5.6327477 167.68996
v 267.95337 5.6540885 172.08842
v 265.33606 4.525923 173.55458
v 272.43762 5.662292 167.94221
v 275.18527 5.6245575 166.73793
v 266.94226 5.662292 170.35081
v 264.1946 4.5540977 171.5551
v 269.61542 5.7642336 161.00122
v 272.46234 5.6112947 160.05515
v 263.92157 5.7642336 162.89337
v 261.07465 4.722772 163.83945
v 269.32883 5.833456 158.7838
v 272.31467 5.641715 158.4927
v 263.35715 5.833456 159.36598
v 260.3713 4.8767443 159.65707
v 268.7978 5.92962 151.85068
v 271.78888 5.7292175 151.61986
v 262.81555 5.92962 152.31229
v 259.82446 5.062264 152.5431
v 268.7617 5.9269695 151.42763
v 271.7508 5.7166734 151.17197
v 262.78354 5.9269695 151.93895
v 259.79443 5.068866 152.19461
v 267.58575 5.8220553 140.95807
v 270.54013 5.5071588 140.43677
v 261.67706 5.8220553 142.00067
v 258.7227 5.119978 142.52197
v 266.42163 5.6955256 134.36044
v 269.37598 5.460567 133.83914
v 260.51288 5.6955256 135.40305
v 257.55853 4.8882484 135.92435
v 258.05307 5.4657874 124.01396
v 259.37158 5.013358 121.31924
v 255.41605 5.4657874 129.40341
v 254.09753 4.8489623 132.09813
v 256.14417 5.4314194 123.07995
v 257.46268 5.0070734 120.38522
v 253.50714 5.4314194 128.46939
v 252.18863 4.7630186 131.16412
v 219.38622 5.569405 112.52726
v 220.46228 5.4433823 109.72689
v 217.23409 5.569405 118.12801
v 216.15802 4.251677 120.92838
v 214.2086 5.618185 110.54092
v 215.40823 5.541205 107.791214
v 211.80931 5.618185 116.04032
v 210.60968 4.371752 118.79002
v 215.75896 5.6460514 113.64295
v 218.67592 5.0190516 114.34392
v 209.92503 5.6460514 112.24102
v 207.00807 5.024496 111.540054
v 215.386 5.9939165 112.3016
v 216.9035 4.976585 114.889496
v 212.35103 5.9939165 107.1258
v 210.83353 5.7950683 104.5379
v 222.38663 6.303714 110.6792
v 223.10507 5.0103736 113.5919
v 220.9497 6.303714 104.853806
v 220.23126 6.154774 101.9411
v 224.5472 6.35209 110.16048
v 225.48698 5.040762 113.009476
v 222.66762 6.35209 104.46248
v 221.72783 6.19447 101.61348
v 227.72562 6.4502754 108.91605
v 228.42125 5.214416 111.83429
v 226.33435 6.4502754 103.07958
v 225.63872 6.3125386 100.16135
v 235.88806 6.4497385 107.46811
v 236.59834 5.523676 110.38281
v 234.46747 6.4497385 101.6387
v 233.75719 6.2416472 98.724
v 239.00917 6.4768305 106.11331
v 240.24525 5.7491364 108.846825
v 236.53697 6.4768305 100.6463
v 235.30089 6.185846 97.91279
v 247.29163 5.3458233 119.95699
v 248.01482 4.988717 117.04546
v 245.84525 5.3458233 125.78005
v 245.12206 4.661476 128.69157
v 238.50967 5.3820577 117.77566
v 239.23096 5.0581894 114.86366
v 237.06711 5.3820577 123.59966
v 236.34583 4.619003 126.51166
v 236.55206 5.4007673 117.296875
v 237.26907 5.10053 114.38381
v 235.11807 5.4007673 123.122986
v 234.40106 4.634898 126.03605
v 228.61906 5.4850626 115.34125
v 229.33711 5.2188873 112.428444
v 227.18294 5.4850626 121.16684
v 226.46489 4.7174754 124.07964
v 247.65309 -6.127759 361.307
v 246.76993 -6.7902007 364.17404
v 249.41942 -6.127759 355.57288
v 250.30258 -6.7092905 352.70584
v 258.67975 -6.0121994 364.40186
v 259.1081 -6.4913197 367.37112
v 257.82306 -6.0121994 358.46332
v 257.3947 -6.582623 355.49405
v 259.54416 -6.0442333 355.9357
v 262.24503 -6.2805676 354.6298
v 254.14243 -6.0442333 358.54745
v 251.44157 -6.790855 359.85336
v 255.94196 -6.0722566 349.78677
v 258.52856 -6.2655826 348.26706
v 250.76874 -6.0722566 352.82614
v 248.18214 -6.7361426 354.34586
v 253.44539 -6.039239 345.53595
v 256.03223 -6.420161 344.01666
v 248.27171 -6.039239 348.57452
v 245.68486 -6.6811414 350.0938
v 245.98834 -5.8800755 331.59622
v 248.9283 -6.2391996 330.999
v 240.10846 -5.8800755 332.79074
v 237.1685 -6.5774484 333.38797
v 245.65807 -5.859277 329.98965
v 248.62444 -6.2171135 329.54178
v 239.7253 -5.859277 330.8854
v 236.75893 -6.5609355 331.33328
v 245.49005 -5.833261 328.35806
v 248.4853 -6.1832094 328.18927
v 239.49957 -5.833261 328.6957
v 236.50432 -6.54033 328.8645
v 245.47243 -5.811195 326.6611
v 248.47107 -6.162283 326.75104
v 239.47511 -5.811195 326.48123
v 236.47647 -6.527124 326.3913
v 245.80635 -5.7733445 318.18372
v 248.80469 -6.0759387 318.2835
v 239.80968 -5.7733445 317.98413
v 236.81134 -6.5909743 317.88434
v 245.90417 -5.811041 313.68314
v 248.90347 -6.1545687 313.74817
v 239.90558 -5.811041 313.553
v 236.90628 -6.545128 313.48798
v 245.43495 -5.976096 301.40808
v 248.38351 -6.186488 300.85492
v 239.53783 -5.976096 302.5144
v 236.58926 -6.8147664 303.06757
v 245.15387 -6.0032043 299.96878
v 248.0447 -6.223117 299.16684
v 239.37222 -6.0032043 301.57272
v 236.4814 -6.8340316 302.37466
v 242.34242 -6.1803885 290.26425
v 245.1505 -6.3645787 289.20847
v 236.72627 -6.1803885 292.37582
v 233.9182 -7.0027194 293.4316
v 239.9578 -6.263773 286.35892
v 242.43481 -6.418398 284.6665
v 235.00372 -6.263773 289.7438
v 232.5267 -7.1120396 291.43622
v 238.57823 -6.3033834 284.62317
v 240.8982 -6.475078 282.7211
v 233.93831 -6.3033834 288.42725
v 231.61835 -7.130277 290.3293
v 233.29897 -6.413448 278.21902
v 235.6131 -6.514246 276.3099
v 228.6707 -6.413448 282.03732
v 226.35657 -7.2921453 283.94644
v 229.67593 -6.410468 273.83234
v 231.9898 -6.5136566 271.9229
v 225.04819 -6.410468 277.65125
v 222.73431 -7.330922 279.56067
v 224.64053 -6.3310995 267.7267
v 226.95467 -6.3689814 265.81757
v 220.01227 -6.3310995 271.54495
v 217.69814 -7.3351774 273.4541
v 220.80017 -6.248857 263.0737
v 223.11829 -6.2073574 261.1694
v 216.16394 -6.248857 266.8823
v 213.84583 -7.320794 268.7866
v 218.03032 -6.194637 259.68002
v 220.35446 -6.2297306 257.78308
v 213.38203 -6.194637 263.4739
v 211.05789 -7.183085 265.37085
v 213.1706 -6.0560794 252.68094
v 215.77559 -6.212699 251.19298
v 207.9606 -6.0560794 255.65683
v 205.3556 -7.1709657 257.14478
v 209.03867 -5.8975244 245.45815
v 211.72899 -5.8841796 244.1307
v 203.65799 -5.8975244 248.11305
v 200.96767 -7.14322 249.44049
v 205.21094 -5.800268 236.54579
v 207.96645 -5.811628 235.35953
v 199.69995 -5.800268 238.91832
v 196.94444 -6.97283 240.10458
v 204.43646 -5.8028703 234.75876
v 207.2109 -5.764023 233.61752
v 198.88754 -5.8028703 237.04123
v 196.1131 -6.996505 238.18246
v 203.30379 -5.814277 231.90852
v 206.08751 -5.8374324 230.79008
v 197.73634 -5.814277 234.1454
v 194.95262 -6.9323535 235.26384
v 203.09105 -5.816102 231.47847
v 205.7053 -5.918334 230.00685
v 197.86253 -5.816102 234.4217
v 195.24828 -6.9554377 235.89333
v 199.21796 -5.957212 222.58246
v 201.9808 -5.8906755 221.41339
v 193.69229 -5.957212 224.9206
v 190.92944 -7.021196 226.08966
v 197.74152 -6.008463 219.09622
v 200.47043 -5.840659 217.85004
v 192.28366 -6.008463 221.5886
v 189.55475 -7.206287 222.83478
v 196.25105 -6.0616055 216.11519
v 198.84944 -5.9745464 214.61574
v 191.05428 -6.0616055 219.11412
v 188.45589 -7.2093425 220.61357
v 194.01422 -6.170918 212.62042
v 196.52072 -6.097844 210.97192
v 189.00125 -6.170918 215.91739
v 186.49475 -7.30276 217.56589
v 189.69315 -6.326476 206.13498
v 192.18443 -6.1725035 204.46361
v 184.71057 -6.326476 209.47772
v 182.21928 -7.494339 211.1491
v 189.11649 -6.2121887 205.4516
v 191.17928 -6.1670628 203.27332
v 184.9909 -6.2121887 209.80817
v 182.92812 -7.4144673 211.98645
v 183.66916 -6.5099435 200.32928
v 185.72427 -6.553155 198.14377
v 179.55893 -6.5099435 204.70032
v 177.50381 -7.80995 206.88583
v 175.00905 -6.796425 193.24292
v 176.79349 -6.651202 190.83134
v 171.44014 -6.796425 198.0661
v 169.6557 -7.9988604 200.47768
v 173.47073 -6.828865 192.10464
v 175.25517 -6.755529 189.69307
v 169.90182 -6.828865 196.92783
v 168.11739 -8.105649 199.3394
v 169.78229 -9.011664 218.87769
v 172.12642 -9.064144 217.0055
v 165.09406 -9.011664 222.62207
v 162.74992 -9.824399 224.49426
v 167.50743 -9.095189 216.03143
v 169.79594 -9.290752 214.09166
v 162.9304 -9.095189 219.91098
v 160.64189 -9.912656 221.85075
v 166.35481 -9.124989 214.84412
v 168.49748 -9.430097 212.74435
v 162.0695 -9.124989 219.04364
v 159.92683 -9.911586 221.1434
v 152.26447 -9.416895 206.19131
v 152.944 -9.686315 203.26929
v 150.9054 -9.416895 212.03537
v 150.22586 -10.079625 214.9574
v 145.2761 -9.482581 204.57353
v 145.75162 -9.716259 201.61145
v 144.32507 -9.482581 210.49767
v 143.84955 -10.164153 213.45975
v 140.94179 -9.505409 204.38849
v 141.05673 -9.755194 201.3907
v 140.7119 -9.505409 210.3841
v 140.59695 -10.179002 213.38188
v 130.97049 -9.476111 204.00311
v 131.08635 -9.7560625 201.00534
v 130.73877 -9.476111 209.99863
v 130.62291 -10.113695 212.9964
v 127.19839 -9.453221 203.86563
v 127.53682 -9.757539 200.88478
v 126.52151 -9.453221 209.82733
v 126.183075 -10.082563 212.80818
v 117.10262 -9.399627 202.43336
v 117.717316 -9.773983 199.49702
v 115.87325 -9.399627 208.30608
v 115.25856 -10.02102 211.24242
v 112.34544 -9.385151 200.76753
v 113.32578 -9.704741 197.93222
v 110.38478 -9.385151 206.43813
v 109.40444 -9.9926405 209.27344
v 103.37322 -9.398402 197.662
v 104.27879 -9.7151 194.80194
v 101.56208 -9.398402 203.38213
v 100.65651 -10.075338 206.24219
v 98.7587 -9.427337 196.47058
v 99.48518 -9.712756 193.55988
v 97.30574 -9.427337 202.29199
v 96.579254 -10.080172 205.2027
v 89.00246 -9.452884 195.51663
v 86.92408 -9.873759 193.35321
v 93.15921 -9.452884 199.84344
v 95.23759 -10.026859 202.00687
v 84.442345 -9.47599 208.786
v 81.58128 -9.992538 207.88358
v 90.16445 -9.47599 210.59084
v 93.02551 -10.058641 211.49326
v 84.33977 -9.487848 209.08853
v 81.52108 -9.987544 208.0614
v 89.97714 -9.487848 211.14279
v 92.79583 -10.04863 212.16992
v 84.225525 -9.485586 209.38142
v 81.45589 -9.97947 208.22855
v 89.7648 -9.485586 211.68715
v 92.53444 -10.024996 212.84003
v 84.09883 -9.474651 209.66743
v 81.384125 -9.971261 208.39056
v 89.52823 -9.474651 212.22118
v 92.242935 -10.00143 213.49805
v 83.95936 -9.417266 209.94731
v 81.30519 -9.962814 208.54895
v 89.26769 -9.417266 212.74403
v 91.92186 -9.97621 214.1424
v 83.80662 -9.349868 210.222
v 81.21806 -9.953996 208.70563
v 88.98373 -9.349868 213.25475
v 91.57228 -9.94216 214.77112
v 83.638985 -9.28219 210.49393
v 81.11949 -9.944475 208.86539
v 88.677956 -9.28219 213.75104
v 91.19745 -9.9030075 215.37958
v 76.56516 -8.457484 221.41974
v 74.04689 -9.05727 219.7893
v 81.60171 -8.457484 224.6806
v 84.11998 -8.8455715 226.31104
v 81.77255 -8.282449 231.94972
v 80.28776 -8.484442 234.55652
v 84.74216 -8.282449 226.73613
v 86.22695 -9.10974 224.12933
v 86.29724 -8.291098 234.52693
v 84.812164 -8.484352 237.13356
v 89.26738 -8.291098 229.31364
v 90.75246 -9.18922 226.70702
v 103.2099 -8.252256 242.78691
v 104.39933 -8.6886425 245.54105
v 100.83104 -8.252256 237.27864
v 99.64161 -8.947878 234.5245
v 107.31374 -9.077713 224.99174
v 110.30609 -9.6950445 225.20595
v 101.32906 -9.077713 224.56334
v 98.336716 -9.609081 224.34914
v 106.30534 -9.24244 220.21008
v 109.22164 -9.952614 219.50636
v 100.47276 -9.24244 221.61755
v 97.556465 -9.69089 222.32127
v 105.13646 -9.382811 218.40102
v 107.81584 -9.948632 219.75043
v 99.77768 -9.382811 215.70222
v 97.0983 -9.9913645 214.35281
v 105.936554 -9.401129 219.58914
v 106.31832 -9.739519 222.56474
v 105.173004 -9.401129 213.63791
v 104.79124 -10.015383 210.66231
v 106.679886 -9.411963 219.5213
v 106.78319 -9.746755 222.51953
v 106.47327 -9.411963 213.52487
v 106.369965 -10.008366 210.52664
v 107.346 -9.414528 219.53496
v 107.115166 -9.749477 222.52606
v 107.80767 -9.414528 213.55275
v 108.038506 -9.999058 210.56165
v 107.98488 -9.414359 219.62103
v 107.41422 -9.749416 222.56625
v 109.126205 -9.414359 213.73059
v 109.69686 -9.998093 210.78537
v 108.60966 -9.411818 219.7798
v 107.706604 -9.746494 222.64066
v 110.415764 -9.411818 214.05809
v 111.31882 -10.0016165 211.19724
v 109.23266 -9.406953 220.01593
v 108.01698 -9.740342 222.75859
v 111.663994 -9.406953 214.53064
v 112.87967 -10.015938 211.78798
v 109.88775 -9.396929 220.35136
v 108.41309 -9.738885 222.96391
v 112.83706 -9.396929 215.12627
v 114.311714 -10.020709 212.51372
v 113.73216 -9.382589 222.56096
v 112.05534 -9.776164 225.04858
v 117.0858 -9.382589 217.58571
v 118.76262 -10.014114 215.09808
v 116.354324 -9.356297 224.56151
v 114.0199 -9.694564 226.44577
v 121.02318 -9.356297 220.79298
v 123.357605 -10.024385 218.90872
v 127.04051 -9.238896 237.04417
v 127.37975 -9.701907 240.02493
v 126.36203 -9.238896 231.08266
v 126.02279 -9.948516 228.1019
v 153.32939 -9.525993 221.47905
v 154.88084 -10.184305 224.04672
v 150.22646 -9.525993 216.3437
v 148.675 -10.063738 213.77603
v 83.09878 -3.7026134 290.6149
v 80.70567 -4.595463 288.80576
v 86.28959 -3.7026134 293.02713
v 88.68269 -4.4693203 294.83627
v 76.24315 -1.8303695 300.47495
v 73.248215 -1.8234749 300.6492
v 80.23639 -1.8303695 300.24258
v 83.23132 -3.968056 300.06833
v 84.42672 -1.846904 306.28958
v 82.91341 -1.7160561 308.8799
v 86.44448 -1.846904 302.8358
v 87.957794 -3.3827257 300.24545
v 94.31113 -2.1573167 307.90265
v 96.80394 -2.9377425 309.57175
v 90.987366 -2.1573167 305.6772
v 88.49455 -2.4064167 304.0081
v 94.40524 -2.1881554 307.7621
v 96.898056 -2.979856 309.43118
v 91.08148 -2.1881554 305.53662
v 88.58867 -2.4409013 303.86752
v 98.89612 1.2868044 336.33704
v 96.54182 0.38689834 334.4777
v 102.03519 1.2868044 338.81622
v 104.38949 0.47657377 340.67557
v 92.74593 2.6153035 344.1243
v 90.38883 2.1092787 342.26846
v 95.88874 2.6153035 346.59872
v 98.24584 2.0667315 348.45456
v 92.96959 2.6153076 346.8393
v 90.93146 2.4607885 349.04065
v 95.6871 2.6153076 343.9041
v 97.725235 1.4901371 341.70276
v 122.684364 -1.0657222 332.81186
v 124.96733 -2.045354 330.86557
v 118.11843 -1.0657222 336.70444
v 115.835464 -1.1357788 338.65073
v 121.6665 -1.0554329 331.61792
v 123.94946 -1.9676487 329.67163
v 117.10056 -1.0554329 335.5105
v 114.8176 -1.1672127 337.4568
v 224.29482 -6.65801 312.94064
v 226.31116 -7.043008 310.7193
v 221.60637 -6.65801 315.90244
v 219.59003 -7.01174 318.12378
v 206.88559 -7.9377375 297.13815
v 208.90193 -8.618441 294.9168
v 204.19714 -7.9377375 300.09995
v 202.1808 -8.491018 302.3213
v 207.81285 -8.1978035 290.2288
v 210.76547 -8.415289 289.69778
v 201.90758 -8.1978035 291.2908
v 198.95496 -8.871648 291.8218
v 206.33652 -8.335707 282.02786
v 209.27121 -8.550596 281.40524
v 200.46716 -8.335707 283.2731
v 197.53247 -9.243624 283.89572
v 205.89261 -8.355152 281.64676
v 208.57222 -8.604524 280.29776
v 200.53342 -8.355152 284.3447
v 197.8538 -9.207959 285.6937
v 201.36276 -8.389835 271.93134
v 204.08157 -8.623203 270.66324
v 195.92511 -8.389835 274.46747
v 193.2063 -9.335667 275.73557
v 170.47957 -8.644275 212.64268
v 172.76944 -8.77491 210.70453
v 167.4264 -8.644275 215.22691
v 165.13654 -9.667985 217.16507
v 167.96925 -8.743601 210.53159
v 170.96405 -8.970072 210.70839
v 163.97621 -8.743601 210.29587
v 160.98141 -9.732149 210.11906
v 170.66205 -8.2953005 208.93454
v 172.6502 -8.8255205 211.18114
v 168.01114 -8.2953005 205.93909
v 166.02298 -8.837072 203.69249
v 174.29472 -7.648155 205.71971
v 176.2829 -8.158093 207.9663
v 171.64381 -7.648155 202.72426
v 169.65564 -7.9988713 200.47768
v 196.86717 -8.332746 262.95935
v 199.52502 -8.197847 261.568
v 191.5515 -8.332746 265.74207
v 188.89365 -9.43561 267.13342
v 193.65169 -8.2516775 256.8293
v 196.39052 -8.013396 255.60507
v 188.17403 -8.2516775 259.27786
v 185.4352 -9.346134 260.5021
v 193.84874 -8.184048 256.2605
v 196.72824 -7.9877553 255.41881
v 188.08974 -8.184048 257.9439
v 185.21024 -9.248923 258.7856
v 192.82297 -8.153175 254.0238
v 195.53792 -8.0402355 252.74748
v 187.39304 -8.153175 256.57645
v 184.67809 -9.244668 257.85275
v 188.43242 -8.058794 244.65454
v 191.13919 -8.033762 243.36095
v 183.01888 -8.058794 247.24173
v 180.3121 -9.112656 248.53532
v 187.63185 -8.067953 243.16194
v 190.32515 -8.078332 241.84052
v 182.24525 -8.067953 245.8048
v 179.55196 -9.092319 247.12622
v 185.10844 -8.109165 237.88393
v 187.84843 -8.128515 236.66223
v 179.6285 -8.109165 240.32729
v 176.8885 -9.150355 241.54898
v 182.23746 -8.194297 231.06108
v 184.94423 -8.244 229.76749
v 176.82391 -8.194297 233.64827
v 174.11714 -9.156006 234.94186
v 181.58862 -8.240308 230.52637
v 184.22255 -8.31197 229.09024
v 176.32077 -8.240308 233.39859
v 173.68684 -9.214733 234.83472
v 179.11504 -8.37041 225.34189
v 181.84598 -8.325584 224.10011
v 173.65318 -8.37041 227.82544
v 170.92224 -9.423413 229.06721
v 177.2632 -8.436182 220.99683
v 180.02278 -8.683567 219.82011
v 171.744 -8.436182 223.35025
v 168.98442 -9.285266 224.52696
v 139.59816 -8.6680565 290.78128
v 137.19629 -9.238295 288.9838
v 142.80067 -8.6680565 293.17795
v 145.20255 -9.579527 294.97543
v 138.21297 -8.421778 294.316
v 135.46143 -8.485656 295.5114
v 141.8817 -8.421778 292.72214
v 144.63324 -9.619817 291.52673
v 140.92184 -8.38695 295.39587
v 137.99437 -8.969576 294.74026
v 144.82516 -8.38695 296.27002
v 147.75264 -9.398328 296.92563
v 136.11566 -6.994183 302.50714
v 133.60541 -7.408875 300.8644
v 139.46268 -6.994183 304.69745
v 141.97293 -7.5270805 306.34018
v 134.21939 -6.3924217 305.40482
v 131.70914 -6.5817547 303.76205
v 137.5664 -6.3924217 307.59512
v 140.07666 -6.7866364 309.23788
v 92.124435 -2.1306856 306.71277
v 94.64906 -3.0585525 308.33334
v 88.75827 -2.1306856 304.552
v 86.23364 -2.7879233 302.93143
v 92.37312 -2.2094595 306.32535
v 94.89775 -3.2069933 307.94592
v 89.00696 -2.2094595 304.16458
v 86.48233 -2.9079306 302.544
v 103.4332 -5.121507 295.651
v 101.75932 -4.662792 298.14063
v 106.780945 -5.121507 290.6718
v 108.45482 -6.051879 288.1822
v 104.027985 -5.142863 296.0509
v 102.35411 -4.7121544 298.54053
v 107.37573 -5.142863 291.07172
v 109.04961 -6.15623 288.5821
v 135.59279 -5.4329786 316.0266
v 133.93767 -5.339588 318.52875
v 137.79964 -5.4329786 312.6905
v 139.45476 -6.529689 310.18835
v 135.88684 -5.4491496 313.42883
v 133.69096 -5.880457 311.3848
v 138.8147 -5.4491496 316.15424
v 141.01057 -5.9734774 318.19827
v 122.07357 -2.1346755 327.1344
v 119.9604 -2.4659727 325.00494
v 124.891136 -2.1346755 329.97363
v 127.0043 -2.5175025 332.1031
v 112.88973 -1.1165386 330.68198
v 110.67995 -0.8070655 332.711
v 117.3093 -1.1165386 326.624
v 119.51909 -2.48826 324.59497
v 113.15184 -1.1098881 330.96744
v 110.942055 -0.86700636 332.99646
v 117.57141 -1.1098881 326.90945
v 119.7812 -2.4665093 324.88043
v 143.3288 -9.146323 287.57874
v 141.13736 -9.712714 285.52994
v 147.71164 -9.146323 291.6764
v 149.90308 -9.741394 293.7252
v 142.31714 -9.070026 288.6608
v 140.12572 -9.661612 286.612
v 146.70001 -9.070026 292.75845
v 148.89143 -9.645276 294.80725
v 233.67148 7.417428 66.8391
v 232.24811 6.8533916 64.19827
v 235.5693 7.417428 70.36022
v 236.99268 6.7993274 73.00105
v 221.74327 8.253481 73.28869
v 219.97913 7.7750854 70.86221
v 224.09547 8.253481 76.523994
v 225.85962 7.4655395 78.95047
v 221.46785 8.223292 76.917786
v 218.48325 7.7707224 77.22128
v 225.44734 8.223292 76.51314
v 228.43195 7.100676 76.20964
v 221.45619 8.170354 80.18476
v 218.45619 7.616214 80.18354
v 225.45619 8.170354 80.18638
v 228.45619 7.446077 80.1876
v 221.45605 8.160375 80.50936
v 218.45605 7.610135 80.508095
v 225.45605 8.160375 80.511055
v 228.45605 7.448425 80.51232
v 220.61752 8.043524 82.82527
v 217.97375 7.617996 81.40734
v 225.90503 8.043524 85.66115
v 228.5488 7.377708 87.07908
v 220.37984 8.027327 83.26844
v 217.73607 7.6185856 81.85051
v 225.66734 8.027327 86.10432
v 228.31111 7.391278 87.52225
v 239.70753 7.0329356 71.5431
v 237.06448 6.792315 72.96236
v 244.99364 7.0329356 68.70458
v 247.63669 6.149806 67.285324
v 242.34503 7.0312777 76.45484
v 239.70198 6.764662 77.8741
v 247.63113 7.0312777 73.616325
v 250.27419 6.171372 72.19707
v 244.86446 7.0067487 82.7339
v 241.93275 6.619153 83.370346
v 250.72789 7.0067487 81.46101
v 253.65959 6.3493547 80.82457
v 244.88948 7.0052238 82.849174
v 241.95778 6.6183786 83.48562
v 250.75291 7.0052238 81.57629
v 253.68462 6.347404 80.93984
v 245.7086 6.9001594 88.194984
v 242.79196 6.5854707 87.492744
v 251.54192 6.9001594 89.599464
v 254.45856 6.199136 90.301704
v 245.08073 6.8472357 90.80275
v 242.16408 6.540766 90.10052
v 250.91405 6.8472357 92.207214
v 253.8307 6.0974603 92.90945
v 244.27113 6.738339 94.16537
v 241.35448 6.3483496 93.46314
v 250.10445 6.738339 95.56983
v 253.0211 5.886079 96.27206
v 220.5927 5.171365 119.05138
v 221.39935 4.9778967 116.16186
v 219.51717 5.171365 122.90407
v 218.71051 4.126936 125.79359
v 216.47588 5.14784 118.02644
v 216.24934 4.9634676 115.03501
v 216.77794 5.14784 122.01503
v 217.00447 4.028146 125.00646
v 214.10881 5.017372 120.19294
v 211.61229 4.452962 118.52938
v 217.43748 5.017372 122.41102
v 219.934 4.2846775 124.07458
v 236.0299 -2.5357792 230.85268
v 238.62802 -2.7698586 229.35272
v 230.83371 -2.5357792 233.85258
v 228.2356 -3.2974422 235.35254
v 235.732 -2.5396364 230.33665
v 238.33011 -2.7716982 228.8367
v 230.5358 -2.5396364 233.33656
v 227.93768 -3.2964306 234.83652
v 235.85825 -6.231422 339.63647
v 236.0209 -6.6958733 336.64087
v 235.53293 -6.231422 345.62762
v 235.37027 -6.8349395 348.62323
v 234.99849 -6.2354236 339.62186
v 234.72292 -6.7071233 336.63452
v 235.54964 -6.2354236 345.59647
v 235.82521 -6.83735 348.5838
v 229.25952 -6.21315 341.0713
v 231.15057 -6.7579517 338.74237
v 225.47739 -6.21315 345.72913
v 223.58633 -6.7263737 348.05804
v 221.44185 -6.241132 328.1151
v 224.28662 -6.796574 327.16263
v 215.75227 -6.241132 330.02008
v 212.9075 -6.8065996 330.97256
v 223.86113 -6.2456126 328.8859
v 225.9382 -6.729398 331.05057
v 219.70695 -6.2456126 324.5566
v 217.62988 -6.9503374 322.39194
v 227.36514 -6.2593703 324.7907
v 229.65013 -6.725674 326.73462
v 222.79514 -6.2593703 320.9029
v 220.51015 -6.962345 318.95898
v 234.00987 -6.2895336 315.40134
v 236.56854 -6.604938 316.9676
v 228.8925 -6.2895336 312.26883
v 226.33383 -7.0426164 310.70258
v 235.18027 -6.2899837 313.48935
v 237.73894 -6.525411 315.0556
v 230.0629 -6.2899837 310.35684
v 227.50423 -7.0510035 308.7906
v 275.16382 4.4967885 59.035267
v 273.9177 4.3108454 61.764225
v 277.656 4.4967885 53.577343
v 278.90213 3.341517 50.848385
v 278.85086 4.5175085 60.718853
v 277.60474 4.3645372 63.44781
v 281.34305 4.5175085 55.26093
v 282.58917 3.5162535 52.53197
v 287.9568 4.545595 64.87902
v 286.70966 4.529028 67.607506
v 290.45105 4.545595 59.42204
v 291.69818 3.4624348 56.693546
v 292.23196 4.5507584 65.05337
v 289.23566 4.1866226 65.20262
v 298.22452 4.5507584 64.75486
v 301.22083 3.726675 64.605606
v 286.80643 5.599979 74.29923
v 283.80722 5.198873 74.368324
v 292.80484 5.599979 74.16105
v 295.80405 4.8739657 74.09196
v 293.5731 5.7121367 81.37265
v 291.59045 5.446341 83.624115
v 297.53842 5.7121367 76.869736
v 299.52106 4.763008 74.61827
v 297.5942 5.7326245 85.07401
v 295.4416 5.4617405 87.16354
v 301.8995 5.7326245 80.89495
v 304.05212 4.6920476 78.80542
v 298.05283 5.7444057 85.91141
v 295.52124 5.4628334 87.521095
v 303.116 5.7444057 82.69203
v 305.64758 4.795048 81.082344
v 261.1444 6.4542437 82.72411
v 258.51575 6.1162233 84.169815
v 266.4018 6.4542437 79.83271
v 269.03046 5.7854495 78.38701
v 264.61545 6.5202904 88.13458
v 261.61807 6.047339 88.00911
v 270.6102 6.5202904 88.385544
v 273.60757 5.9364367 88.51102
v 260.6689 6.425933 95.09506
v 258.2154 5.9243526 93.36872
v 265.57596 6.425933 98.547745
v 268.02948 5.808655 100.274086
v 259.11993 6.390404 95.6275
v 257.6517 5.945677 93.01134
v 262.0564 6.390404 100.85983
v 263.52463 5.732865 103.476
v 247.23326 6.2688923 100.90139
v 246.16608 6.036612 98.097626
v 249.36763 6.2688923 106.508934
v 250.43481 5.441491 109.3127
v 246.87619 6.266321 101.0373
v 245.809 6.0278754 98.233536
v 249.01056 6.266321 106.644844
v 250.07774 5.444779 109.44861
v 298.14417 2.242102 42.496517
v 300.34085 1.8605437 44.53969
v 293.7508 2.242102 38.410175
v 291.5541 1.8456819 36.367004
v 298.32172 2.209312 42.303867
v 300.45963 1.8403656 44.408474
v 294.0459 2.209312 38.094654
v 291.908 1.7913344 35.990047
v 303.20807 1.6602467 35.23029
v 306.10272 0.6701585 34.442245
v 297.41876 1.6602467 36.806377
v 294.5241 1.8145113 37.59442
v 294.91266 1.7261605 24.110855
v 297.81973 0.7571237 23.37005
v 289.09845 1.7261605 25.592468
v 286.19138 1.4650998 26.333273
v 299.6317 1.3263245 21.278275
v 302.60568 0.22349626 20.8838
v 293.68384 1.3263245 22.067223
v 290.70987 1.095447 22.461697
v 293.1448 1.3900301 12.965021
v 295.98776 0.62219024 13.92288
v 287.45883 1.3900301 11.049303
v 284.61588 1.0286531 10.091444
v 301.42578 0.30564335 7.9773602
v 300.6071 0.1472277 10.863493
v 303.0631 0.30564335 2.2050939
v 303.8818 -0.48634166 -0.68103933
v 304.04684 0.39839688 17.785551
v 301.2504 0.37826663 18.871792
v 309.63974 0.39839688 15.61307
v 312.4362 -0.5613952 14.526828
v 308.64563 0.37443766 27.632282
v 307.3402 0.19555104 30.333378
v 311.2564 0.37443766 22.230087
v 312.56183 -0.33419436 19.528992
v 319.43756 -0.6294585 25.888311
v 319.20746 -1.1381896 28.879475
v 319.89777 -0.6294585 19.905989
v 320.12787 -1.3510945 16.914825
v 318.71103 -0.7178224 27.171534
v 316.03738 -0.67068624 28.53231
v 324.05826 -0.7178224 24.449984
v 326.7319 -1.7701417 23.089207
v 321.67178 -0.79734784 33.44805
v 318.9795 -0.8437479 34.77153
v 327.05637 -0.79734784 30.8011
v 329.74866 -1.8221686 29.477625
v 324.01334 -0.81468034 37.950268
v 321.38937 -0.7738447 39.404472
v 329.26132 -0.81468034 35.04185
v 331.88528 -1.8929017 33.587646
v 325.4148 -0.8258386 40.088314
v 323.12842 -0.79355323 42.030624
v 329.9875 -0.8258386 36.203693
v 332.27386 -1.8673885 34.261383
v 329.72046 -0.9478347 44.74887
v 327.5673 -0.87039715 46.83786
v 334.0268 -0.9478347 40.570892
v 336.17996 -2.0076644 38.481903
v 332.52527 -1.0114683 47.424294
v 330.4422 -0.9416517 49.58319
v 336.6914 -1.0114683 43.10649
v 338.77448 -2.1238246 40.947594
v 339.92352 -1.0275613 54.588417
v 337.97263 -0.79746294 56.867435
v 343.82538 -1.0275613 50.030388
v 345.77628 -2.0620196 47.75137
v 347.1593 -0.9785548 59.9485
v 345.37558 -0.99016225 62.36064
v 350.72668 -0.9785548 55.12422
v 352.5104 -2.118812 52.712082
v 280.64398 3.197582 42.185425
v 283.1863 2.6751068 43.778084
v 277.2542 3.197582 40.061874
v 274.71188 2.781669 38.469215
v 282.69437 2.670112 37.43556
v 282.97556 2.6644306 40.422356
v 282.3195 2.670112 33.453167
v 282.0383 1.9639397 30.466372
v 287.08298 2.6770988 41.784847
v 285.18033 2.4431865 44.104324
v 289.61984 2.6770988 38.69222
v 291.5225 1.848083 36.37274
v 303.08435 5.7785277 94.95683
v 300.3823 5.4898562 96.260254
v 308.48846 5.7785277 92.349976
v 311.19052 4.89435 91.046555
v 304.5943 5.77454 98.08679
v 301.88223 5.4674697 99.36925
v 310.01843 5.77454 95.52188
v 312.7305 4.8991275 94.239426
v 307.21805 5.7139835 103.698746
v 304.50687 5.429046 104.98307
v 312.6404 5.7139835 101.1301
v 315.3516 4.806272 99.84577
v 309.73566 5.657682 108.939674
v 307.03867 5.364518 110.25355
v 315.12964 5.657682 106.31193
v 317.82663 4.77099 104.998055
v 313.41608 5.6313434 116.42143
v 310.7049 5.3767667 117.70575
v 318.83844 5.6313434 113.8528
v 321.54962 4.7286396 112.56848
v 314.19617 5.64914 118.28841
v 311.68942 5.411659 119.9365
v 319.20966 5.64914 114.9922
v 321.7164 4.751194 113.34411
v 321.22372 5.7325535 128.32625
v 318.8801 5.617492 130.19907
v 325.91098 5.7325535 124.58061
v 328.2546 4.7566867 122.7078
v 330.28946 5.968245 138.4251
v 328.1396 5.897702 140.51746
v 334.58926 5.968245 134.24037
v 336.73914 4.9332395 132.14801
v 332.86267 5.9696684 140.19246
v 331.24628 5.9593253 142.71976
v 336.09546 5.9696684 135.13783
v 337.71185 4.8823166 132.61053
v 342.08243 6.0510745 146.06096
v 340.49796 5.9792714 148.60841
v 345.2513 6.0510745 140.96605
v 346.8358 4.994122 138.4186
v 344.97638 6.0881886 147.71567
v 343.60226 6.055175 150.38248
v 347.7246 6.0881886 142.38208
v 349.09872 5.0218925 139.71527
v 354.46698 6.265438 152.29543
v 352.3511 6.0128994 154.42216
v 358.69873 6.265438 148.04192
v 360.8146 5.223208 145.91518
v 354.02927 6.691101 156.77681
v 352.534 6.62221 159.37761
v 357.0198 6.691101 151.57521
v 358.51508 5.7341166 148.97441
v 367.95502 6.782825 159.7195
v 365.37366 6.6393585 161.2481
v 373.11774 6.782825 156.66234
v 375.6991 5.905009 155.13374
v 364.7804 7.882922 174.30424
v 361.82205 7.2585526 173.80602
v 370.69708 7.882922 175.3007
v 373.65543 7.325715 175.79893
v 363.57785 8.122685 181.63026
v 360.72113 7.5327435 180.71417
v 369.29123 8.122685 183.46248
v 372.14795 7.632127 184.37857
v 363.3049 8.140081 181.06361
v 361.68958 7.4686637 178.53561
v 366.5355 8.140081 186.11961
v 368.15082 7.701356 188.64761
v 351.06113 8.160681 188.80959
v 349.47693 7.562689 186.26196
v 354.22946 8.160681 193.90483
v 355.81366 7.712055 196.45245
v 347.9686 8.154085 190.6
v 346.3626 7.5635204 188.06609
v 351.18057 8.154085 195.66788
v 352.78656 7.7415094 198.2018
v 337.13565 8.1312 199.93314
v 334.19788 7.5458965 200.54108
v 343.01114 8.1312 198.71729
v 345.9489 7.651925 198.10934
v 351.67627 9.115569 217.81703
v 348.91068 8.593867 218.97955
v 357.20746 9.115569 215.49199
v 359.97305 8.616228 214.32947
v 347.57156 9.265487 221.31686
v 345.10666 8.420825 219.6068
v 352.5013 9.265487 224.737
v 354.96622 9.036333 226.44707
v 345.13834 9.306853 224.83186
v 342.50452 8.506205 223.39558
v 350.40604 9.306853 227.70442
v 353.03986 9.027525 229.1407
v 342.56952 9.3780575 230.54802
v 339.7269 8.575383 229.58911
v 348.25476 9.3780575 232.46584
v 351.09738 9.109382 233.42474
v 341.6664 9.420244 235.16084
v 338.6918 8.636679 234.77142
v 347.61563 9.420244 235.93971
v 350.59024 9.160355 236.32913
v 340.64005 9.312982 244.98567
v 337.6407 8.467232 244.92354
v 346.63876 9.312982 245.10997
v 349.63812 9.0292425 245.1721
v 341.39734 9.248793 249.1993
v 338.4276 8.392433 249.62456
v 347.33673 9.248793 248.34877
v 350.30646 9.027375 247.92351
v 341.50934 9.173426 251.3094
v 338.56497 8.306741 251.88438
v 347.39813 9.173426 250.15947
v 350.3425 8.913708 249.58449
v 342.4628 9.140155 253.9447
v 339.82956 8.176449 255.38203
v 347.72934 9.140155 251.07
v 350.36258 8.912163 249.63268
v 351.26703 9.009195 265.09702
v 351.84726 8.23187 268.04037
v 350.10663 9.009195 259.2103
v 349.5264 8.645478 256.26694
v 374.27927 10.079311 249.56123
v 375.97986 10.616152 252.03265
v 370.87808 10.079311 244.61836
v 369.1775 10.277296 242.14694
v 42.04709 5.979376 321.3841
v 39.669853 6.330054 323.21405
v 46.80155 5.979376 317.72418
v 49.178787 4.516123 315.89423
v 43.842983 6.0219283 323.71707
v 41.465748 6.343631 325.54703
v 48.597446 6.0219283 320.05716
v 50.97468 4.571189 318.2272
v 28.694284 9.390522 338.3037
v 26.410553 9.119753 340.2491
v 33.261745 9.390522 334.4129
v 35.54548 8.529876 332.4675
v 28.828972 9.387194 338.46182
v 26.54524 9.108 340.40723
v 33.396435 9.387194 334.571
v 35.680164 8.5325775 332.6256
v 73.055405 0.9949251 317.7127
v 71.2408 1.2473887 320.10168
v 76.68463 0.9949251 312.93475
v 78.49924 -0.44456542 310.54578
v 81.066414 1.0169017 323.7976
v 79.266495 1.2649684 326.19766
v 84.66625 1.0169017 318.9975
v 86.46617 -0.72997487 316.59744
v 92.61349 1.03215 332.38025
v 90.82387 1.1650404 334.78802
v 96.19271 1.03215 327.56476
v 97.98233 -0.10191399 325.15698
v 98.06147 -2.9235077 308.42578
v 96.506615 -2.477028 310.99142
v 101.171196 -2.9235077 303.29456
v 102.72605 -4.381349 300.7289
v 103.795006 -2.8752165 311.9005
v 102.24015 -2.4501038 314.46616
v 106.90473 -2.8752165 306.7693
v 108.45959 -4.275834 304.20364
v 110.57997 -1.5328568 321.54324
v 108.22572 -2.3860626 319.6838
v 113.71896 -1.5328568 324.0225
v 116.07321 -1.7223761 325.88193
v 110.35135 -1.4694555 321.8327
v 107.9971 -2.338463 319.97327
v 113.49034 -1.4694555 324.31195
v 115.84459 -1.7067745 326.1714
v 99.29143 0.4997922 332.9635
v 97.205765 0.41087013 335.11987
v 103.46275 0.4997922 328.6507
v 105.548416 -0.8587797 326.49432
v 99.39331 0.50168866 333.06204
v 97.30765 0.4103887 335.2184
v 103.56464 0.50168866 328.74924
v 105.6503 -0.89057934 326.59286
v 55.857197 4.801926 323.88373
v 57.82603 4.409758 326.14728
v 53.232082 4.801926 320.86566
v 51.26325 4.626657 318.6021
v 60.262157 3.5951078 320.0523
v 62.23099 2.7966359 322.31586
v 57.637043 3.5951078 317.03424
v 55.66821 2.7435143 314.7707
v 37.049355 8.566197 336.1829
v 38.55013 8.265852 338.78052
v 35.048317 8.566197 332.7194
v 33.547543 8.427072 330.12177
v 42.821266 7.5244007 332.84818
v 44.32204 6.8646426 335.4458
v 40.82023 7.5244007 329.38467
v 39.319454 6.7010627 326.78705
v 49.349068 6.354948 329.0767
v 50.850075 5.90802 331.6742
v 47.347725 6.354948 325.61337
v 45.846718 5.7057858 323.01587
v 49.40188 6.3458 329.04617
v 50.902885 5.9038405 331.64368
v 47.400536 6.3458 325.58286
v 45.89953 5.696866 322.98535
v 93.61528 -5.4865766 283.33685
v 96.00838 -6.0397882 285.146
v 90.42447 -5.4865766 280.92462
v 88.03137 -5.778463 279.11548
v 95.50493 -5.8789616 280.83728
v 97.898026 -6.480549 282.64642
v 92.31412 -5.8789616 278.42505
v 89.92102 -6.3342643 276.6159
v 30.738861 8.515372 326.789
v 32.66669 8.456653 329.0876
v 28.168419 8.515372 323.72424
v 26.24059 8.155854 321.42566
v 37.741993 6.960573 320.91544
v 39.669823 6.3300495 323.21402
v 35.17155 6.960573 317.85068
v 33.24372 6.922684 315.5521
v 46.022327 4.8603096 313.45392
v 48.131138 4.7005997 315.58768
v 43.210583 4.8603096 310.6089
v 41.101772 4.4617677 308.47513
v 46.164585 4.8166413 313.31332
v 48.273396 4.602722 315.44708
v 43.35284 4.8166413 310.4683
v 41.24403 4.3735065 308.33453
v 100.23342 -3.8964088 299.05957
v 102.72607 -4.3813534 300.7289
v 96.90989 -3.8964088 296.8338
v 94.417244 -4.3812356 295.16446
v 101.12852 -4.1376977 297.72302
v 103.62116 -4.8619385 299.39236
v 97.804985 -4.1376977 295.49725
v 95.31234 -4.818795 293.8279
v 58.967575 -4.796618 244.95836
v 57.237766 -5.6329503 242.5073
v 61.273994 -4.796618 248.22646
v 63.003803 -5.4769335 250.67752
v 58.82535 -4.7697287 245.05873
v 57.095543 -5.6103683 242.60767
v 61.13177 -4.7697287 248.32683
v 62.86158 -5.4312286 250.7779
v 104.15209 -0.6434544 324.04718
v 106.62508 -1.2859538 325.7455
v 100.854774 -0.6434544 321.7827
v 98.38179 -1.0091848 320.08438
v 108.010445 -1.7836301 318.42892
v 110.48343 -1.9762653 320.12726
v 104.71313 -1.7836301 316.16446
v 102.24014 -2.4501038 314.46613
v 108.86378 -0.29655677 330.17
v 111.217995 -1.0171418 332.02948
v 105.724815 -0.29655677 327.6907
v 103.3706 -0.31272 325.83124
v 109.00638 -0.3318888 329.98947
v 111.360596 -1.0909183 331.84894
v 105.86742 -0.3318888 327.51016
v 103.5132 -0.33842093 325.6507
v 208.4991 8.023033 83.93455
v 211.49889 7.6527414 83.970406
v 204.49937 8.023033 83.88674
v 201.49959 7.343888 83.85088
v 208.55724 8.143151 79.07055
v 211.55702 7.822318 79.10641
v 204.55751 8.143151 79.02274
v 201.55772 7.7372665 78.986885
v 206.82718 -6.807794 259.794
v 205.014 -7.2480497 257.40393
v 209.24472 -6.807794 262.98077
v 211.05789 -7.183085 265.37085
v 201.3382 -7.6028585 263.95807
v 199.52502 -8.197847 261.568
v 203.75574 -7.6028585 267.14484
v 205.56891 -8.357069 269.5349
v 230.2549 -6.6644406 302.35367
v 231.43376 -7.123433 299.59497
v 228.68309 -6.6644406 306.0319
v 227.50423 -7.0510035 308.7906
v 210.84299 -7.823805 294.05844
v 212.02185 -8.421183 291.29974
v 209.27118 -7.823805 297.73666
v 208.09232 -8.43832 300.49536
v 239.46872 -6.113656 306.55322
v 240.84834 -6.518051 303.88928
v 237.62921 -6.113656 310.10516
v 236.24959 -6.5643806 312.7691
v 239.3237 -6.122752 306.47812
v 240.70332 -6.527101 303.81418
v 237.48419 -6.122752 310.03006
v 236.10457 -6.569746 312.694
v 256.6811 6.646636 81.79298
v 258.61053 6.110066 84.09021
v 254.10852 6.646636 78.73
v 252.17908 6.380051 76.43277
v 256.92337 6.635561 81.5895
v 258.85278 6.0910826 83.886734
v 254.35078 6.635561 78.52653
v 252.42134 6.343023 76.229294
v 264.26035 6.0954156 73.23456
v 266.93933 5.720488 74.58473
v 260.68832 6.0954156 71.434326
v 258.00934 5.73932 70.08415
v 270.81842 4.9334726 60.22213
v 273.4974 4.27897 61.572308
v 267.2464 4.9334726 58.421898
v 264.5674 4.3184457 57.07172
v 275.373 4.0770354 51.185043
v 278.0521 3.4094172 52.535
v 271.80084 4.0770354 49.3851
v 269.12173 3.5947819 48.035145
v 275.44278 4.0628858 51.04653
v 278.1219 3.3953085 52.39649
v 271.87064 4.0628858 49.24659
v 269.19153 3.574284 47.896633
v 286.55527 7.335455 147.54805
v 287.25992 6.816076 144.63199
v 285.6157 7.335455 151.43614
v 284.91104 6.875952 154.3522
v 273.39502 6.4196167 144.3679
v 274.09967 5.637997 141.45184
v 272.45544 6.4196167 148.256
v 271.7508 5.7166753 151.17206
v 207.60054 -4.5882363 222.14632
v 206.35498 -4.9332967 219.4171
v 209.26128 -4.5882363 225.78526
v 210.50684 -4.948591 228.51448
v 203.22636 -5.1579437 224.1426
v 201.9808 -5.8906736 221.41338
v 204.8871 -5.1579437 227.78154
v 206.13266 -5.827048 230.51076
v 254.75761 5.5971584 118.91192
v 257.64896 5.030282 119.712
v 250.90248 5.5971584 117.845146
v 248.01114 4.9887567 117.04507
v 256.41537 5.84068 112.92108
v 259.3067 5.132559 113.72116
v 252.56024 5.84068 111.85431
v 249.6689 5.3396125 111.05423
v 289.0408 3.8980057 55.301296
v 291.69818 3.4624348 56.693546
v 285.49765 3.8980057 53.444965
v 282.84027 3.4596293 52.052715
v 292.44983 3.1451836 48.794514
v 295.1072 2.417491 50.186764
v 288.90668 3.1451836 46.938183
v 286.2493 2.4218733 45.545933
f 1505 1507 1506
f 1506 1507 1508
f 1507 1509 1508
f 1508 1509 1510
f 1509 1511 1510
f 1510 1511 1512
f 1511 1513 1512
f 1512 1513 1514
f 1513 1515 1514
f 1514 1515 1516
f 1515 1517 1516
f 1516 1517 1518
f 1519 1521 1520
f 1520 1521 1522
f 1523 1525 1524
f 1524 1525 1526
f 1527 1529 1528
f 1528 1529 1530
f 1529 1531 1530
f 1530 1531 1532
f 1531 1533 1532
f 1532 1533 1534
f 1533 1535 1534
f 1534 1535 1536
f 1535 1537 1536
f 1536 1537 1538
f 1537 1539 1538
f 1538 1539 1540
f 1539 1541 1540
f 1540 1541 1542
f 1541 1527 1542
f 1542 1527 1528
f 1543 1545 1544
f 1544 1545 1546
f 1545 1547 1546
f 1546 1547 1548
f 1547 1549 1548
f 1548 1549 1550
f 1549 1551 1550
f 1550 1551 1552
f 1551 1553 1552
f 1552 1553 1554
f 1553 1555 1554
f 1554 1555 1556
f 1557 1559 1558
f 1558 1559 1560
f 1559 1561 1560
f 1560 1561 1562
f 1561 1563 1562
f 1562 1563 1564
f 1563 1565 1564
f 1564 1565 1566
f 1565 1567 1566
f 1566 1567 1568
f 1567 1569 1568
f 1568 1569 1570
f 1569 1571 1570
f 1570 1571 1572
f 1573 1575 1574
f 1574 1575 1576
f 1577 1579 1578
f 1578 1579 1580
f 1579 1581 1580
f 1580 1581 1582
f 1581 1583 1582
f 1582 1583 1584
f 1583 1585 1584
f 1584 1585 1586
f 1585 1587 1586
f 1586 1587 1588
f 1587 1589 1588
f 1588 1589 1590
f 1591 1593 1592
f 1592 1593 1594
f 1593 1595 1594
f 1594 1595 1596
f 1595 1597 1596
f 1596 1597 1598
f 1597 1599 1598
f 1598 1599 1600
f 1599 1601 1600
f 1600 1601 1602
f 1601 1603 1602
f 1602 1603 1604
f 1603 1605 1604
f 1604 1605 1606
f 1605 1607 1606
f 1606 1607 1608
f 1609 1611 1610
f 1610 1611 1612
f 1613 1615 1614
f 1614 1615 1616
f 1615 1617 1616
f 1616 1617 1618
f 1617 1619 1618
f 1618 1619 1620
f 1619 1621 1620
f 1620 1621 1622
f 1621 1623 1622
f 1622 1623 1624
f 1623 1625 1624
f 1624 1625 1626
f 1625 1627 1626
f 1626 1627 1628
f 1629 1631 1630
f 1630 1631 1632
f 1631 1633 1632
f 1632 1633 1634
f 1633 1635 1634
f 1634 1635 1636
f 1635 1637 1636
f 1636 1637 1638
f 1637 1639 1638
f 1638 1639 1640
f 1639 1641 1640
f 1640 1641 1642
f 1641 1643 1642
f 1642 1643 1644
f 1645 1647 1646
f 1646 1647 1648
f 1649 1651 1650
f 1650 1651 1652
f 1653 1655 1654
f 1654 1655 1656
f 1655 1657 1656
f 1656 1657 1658
f 1657 1659 1658
f 1658 1659 1660
f 1659 1661 1660
f 1660 1661 1662
f 1661 1663 1662
f 1662 1663 1664
f 1663 1665 1664
f 1664 1665 1666
f 1667 1669 1668
f 1668 1669 1670
f 1671 1673 1672
f 1672 1673 1674
f 1673 1675 1674
f 1674 1675 1676
f 1675 1677 1676
f 1676 1677 1678
f 1677 1679 1678
f 1678 1679 1680
f 1679 1681 1680
f 1680 1681 1682
f 1681 1683 1682
f 1682 1683 1684
f 1683 1685 1684
f 1684 1685 1686
f 1687 1689 1688
f 1688 1689 1690
f 1691 1693 1692
f 1692 1693 1694
f 1695 1697 1696
f 1696 1697 1698
f 1697 1699 1698
f 1698 1699 1700
f 1699 1701 1700
f 1700 1701 1702
f 1701 1703 1702
f 1702 1703 1704
f 1703 1705 1704
f 1704 1705 1706
f 1705 1707 1706
f 1706 1707 1708
f 1707 1709 1708
f 1708 1709 1710
f 1711 1713 1712
f 1712 1713 1714
f 1713 1715 1714
f 1714 1715 1716
f 1715 1717 1716
f 1716 1717 1718
f 1717 1719 1718
f 1718 1719 1720
f 1719 1721 1720
f 1720 1721 1722
f 1721 1723 1722
f 1722 1723 1724
f 1723 1725 1724
f 1724 1725 1726
f 1725 1727 1726
f 1726 1727 1728
f 1729 1731 1730
f 1730 1731 1732
f 1733 1735 1734
f 1734 1735 1736
f 1735 1737 1736
f 1736 1737 1738
f 1737 1739 1738
f 1738 1739 1740
f 1739 1741 1740
f 1740 1741 1742
f 1741 1743 1742
f 1742 1743 1744
f 1743 1745 1744
f 1744 1745 1746
f 1747 1749 1748
f 1748 1749 1750
f 1749 1751 1750
f 1750 1751 1752
f 1751 1753 1752
f 1752 1753 1754
f 1753 1755 1754
f 1754 1755 1756
f 1755 1757 1756
f 1756 1757 1758
f 1757 1759 1758
f 1758 1759 1760
f 1759 1761 1760
f 1760 1761 1762
f 1763 1765 1764
f 1764 1765 1766
f 1767 1769 1768
f 1768 1769 1770
f 1769 1771 1770
f 1770 1771 1772
f 1771 1773 1772
f 1772 1773 1774
f 1773 1775 1774
f 1774 1775 1776
f 1775 1777 1776
f 1776 1777 1778
f 1777 1779 1778
f 1778 1779 1780
f 1779 1781 1780
f 1780 1781 1782
f 1781 1783 1782
f 1782 1783 1784
f 1785 1787 1786
f 1786 1787 1788
f 1787 1789 1788
f 1788 1789 1790
f 1789 1791 1790
f 1790 1791 1792
f 1791 1793 1792
f 1792 1793 1794
f 1793 1795 1794
f 1794 1795 1796
f 1795 1797 1796
f 1796 1797 1798
f 1797 1799 1798
f 1798 1799 1800
f 1801 1803 1802
f 1802 1803 1804
f 1805 1807 1806
f 1806 1807 1808
f 1807 1809 1808
f 1808 1809 1810
f 1809 1811 1810
f 1810 1811 1812
f 1811 1813 1812
f 1812 1813 1814
f 1813 1815 1814
f 1814 1815 1816
f 1815 1817 1816
f 1816 1817 1818
f 1817 1819 1818
f 1818 1819 1820
f 1821 1823 1822
f 1822 1823 1824
f 1823 1825 1824
f 1824 1825 1826
f 1825 1827 1826
f 1826 1827 1828
f 1827 1829 1828
f 1828 1829 1830
f 1829 1831 1830
f 1830 1831 1832
f 1831 1833 1832
f 1832 1833 1834
f 1835 1837 1836
f 1836 1837 1838
f 1839 1841 1840
f 1840 1841 1842
f 1841 1843 1842
f 1842 1843 1844
f 1843 1845 1844
f 1844 1845 1846
f 1845 1847 1846
f 1846 1847 1848
f 1847 1849 1848
f 1848 1849 1850
f 1849 1851 1850
f 1850 1851 1852
f 1851 1853 1852
f 1852 1853 1854
f 1855 1857 1856
f 1856 1857 1858
f 1857 1859 1858
f 1858 1859 1860
f 1859 1861 1860
f 1860 1861 1862
f 1861 1863 1862
f 1862 1863 1864
f 1863 1865 1864
f 1864 1865 1866
f 1865 1867 1866
f 1866 1867 1868
f 1869 1871 1870
f 1870 1871 1872
f 1873 1875 1874
f 1874 1875 1876
f 1875 1877 1876
f 1876 1877 1878
f 1877 1879 1878
f 1878 1879 1880
f 1879 1881 1880
f 1880 1881 1882
f 1881 1883 1882
f 1882 1883 1884
f 1883 1885 1884
f 1884 1885 1886
f 1887 1889 1888
f 1888 1889 1890
f 1889 1891 1890
f 1890 1891 1892
f 1891 1893 1892
f 1892 1893 1894
f 1893 1895 1894
f 1894 1895 1896
f 1895 1897 1896
f 1896 1897 1898
f 1897 1899 1898
f 1898 1899 1900
f 1899 1901 1900
f 1900 1901 1902
f 1903 1905 1904
f 1904 1905 1906
f 1907 1909 1908
f 1908 1909 1910
f 1909 1911 1910
f 1910 1911 1912
f 1911 1913 1912
f 1912 1913 1914
f 1913 1915 1914
f 1914 1915 1916
f 1915 1917 1916
f 1916 1917 1918
f 1917 1919 1918
f 1918 1919 1920
f 1921 1923 1922
f 1922 1923 1924
f 1923 1925 1924
f 1924 1925 1926
f 1925 1927 1926
f 1926 1927 1928
f 1927 1929 1928
f 1928 1929 1930
f 1929 1931 1930
f 1930 1931 1932
f 1931 1933 1932
f 1932 1933 1934
f 1933 1935 1934
f 1934 1935 1936
f 1937 1939 1938
f 1938 1939 1940
f 1941 1943 1942
f 1942 1943 1944
f 1943 1945 1944
f 1944 1945 1946
f 1945 1947 1946
f 1946 1947 1948
f 1947 1949 1948
f 1948 1949 1950
f 1949 1951 1950
f 1950 1951 1952
f 1951 1953 1952
f 1952 1953 1954
f 1953 1955 1954
f 1954 1955 1956
f 1957 1959 1958
f 1958 1959 1960
f 1961 1963 1962
f 1962 1963 1964
f 1965 1967 1966
f 1966 1967 1968
f 1967 1969 1968
f 1968 1969 1970
f 1969 1971 1970
f 1970 1971 1972
f 1971 1973 1972
f 1972 1973 1974
f 1973 1975 1974
f 1974 1975 1976
f 1975 1977 1976
f 1976 1977 1978
f 1977 1979 1978
f 1978 1979 1980
f 1981 1983 1982
f 1982 1983 1984
f 1983 1985 1984
f 1984 1985 1986
f 1985 1987 1986
f 1986 1987 1988
f 1987 1989 1988
f 1988 1989 1990
f 1989 1991 1990
f 1990 1991 1992
f 1991 1993 1992
f 1992 1993 1994
f 1995 1997 1996
f 1996 1997 1998
f 1999 2001 2000
f 2000 2001 2002
f 2001 2003 2002
f 2002 2003 2004
f 2003 2005 2004
f 2004 2005 2006
f 2005 2007 2006
f 2006 2007 2008
f 2007 2009 2008
f 2008 2009 2010
f 2009 2011 2010
f 2010 2011 2012
f 2013 2015 2014
f 2014 2015 2016
f 2015 2017 2016
f 2016 2017 2018
f 2017 2019 2018
f 2018 2019 2020
f 2019 2021 2020
f 2020 2021 2022
f 2021 2023 2022
f 2022 2023 2024
f 2023 2025 2024
f 2024 2025 2026
f 2025 2027 2026
f 2026 2027 2028
f 2027 2029 2028
f 2028 2029 2030
f 2031 2033 2032
f 2032 2033 2034
f 2035 2037 2036
f 2036 2037 2038
f 2037 2039 2038
f 2038 2039 2040
f 2039 2041 2040
f 2040 2041 2042
f 2041 2043 2042
f 2042 2043 2044
f 2043 2045 2044
f 2044 2045 2046
f 2045 2047 2046
f 2046 2047 2048
f 2047 2049 2048
f 2048 2049 2050
f 2049 2051 2050
f 2050 2051 2052
f 2053 2055 2054
f 2054 2055 2056
f 2055 2057 2056
f 2056 2057 2058
f 2057 2059 2058
f 2058 2059 2060
f 2059 2061 2060
f 2060 2061 2062
f 2061 2063 2062
f 2062 2063 2064
f 2063 2065 2064
f 2064 2065 2066
f 2065 2067 2066
f 2066 2067 2068
f 2069 2071 2070
f 2070 2071 2072
f 2073 2075 2074
f 2074 2075 2076
f 2075 2077 2076
f 2076 2077 2078
f 2077 2079 2078
f 2078 2079 2080
f 2079 2081 2080
f 2080 2081 2082
f 2081 2083 2082
f 2082 2083 2084
f 2083 2085 2084
f 2084 2085 2086
f 2085 2087 2086
f 2086 2087 2088
f 2087 2073 2088
f 2088 2073 2074
f 2089 2091 2090
f 2090 2091 2092
f 2091 2093 2092
f 2092 2093 2094
f 2093 2095 2094
f 2094 2095 2096
f 2095 2097 2096
f 2096 2097 2098
f 2097 2099 2098
f 2098 2099 2100
f 2099 2101 2100
f 2100 2101 2102
f 2101 2103 2102
f 2102 2103 2104
f 2103 2089 2104
f 2104 2089 2090
f 2105 2107 2106
f 2106 2107 2108
f 2107 2109 2108
f 2108 2109 2110
f 2109 2111 2110
f 2110 2111 2112
f 2111 2113 2112
f 2112 2113 2114
f 2113 2115 2114
f 2114 2115 2116
f 2115 2117 2116
f 2116 2117 2118
f 2117 2119 2118
f 2118 2119 2120
f 2119 2121 2120
f 2120 2121 2122
f 2123 2125 2124
f 2124 2125 2126
f 2125 2127 2126
f 2126 2127 2128
f 2127 2129 2128
f 2128 2129 2130
f 2129 2131 2130
f 2130 2131 2132
f 2131 2133 2132
f 2132 2133 2134
f 2133 2135 2134
f 2134 2135 2136
f 2135 2137 2136
f 2136 2137 2138
f 2139 2141 2140
f 2140 2141 2142
f 2143 2145 2144
f 2144 2145 2146
f 2145 2147 2146
f 2146 2147 2148
f 2147 2149 2148
f 2148 2149 2150
f 2149 2151 2150
f 2150 2151 2152
f 2151 2153 2152
f 2152 2153 2154
f 2153 2155 2154
f 2154 2155 2156
f 2157 2159 2158
f 2158 2159 2160
f 2159 2161 2160
f 2160 2161 2162
f 2161 2163 2162
f 2162 2163 2164
f 2163 2165 2164
f 2164 2165 2166
f 2165 2167 2166
f 2166 2167 2168
f 2167 2169 2168
f 2168 2169 2170
f 2169 2171 2170
f 2170 2171 2172
f 2173 2175 2174
f 2174 2175 2176
f 2177 2179 2178
f 2178 2179 2180
f 2181 2183 2182
f 2182 2183 2184
f 2183 2185 2184
f 2184 2185 2186
f 2185 2187 2186
f 2186 2187 2188
f 2187 2189 2188
f 2188 2189 2190
f 2189 2191 2190
f 2190 2191 2192
f 2191 2193 2192
f 2192 2193 2194
f 2195 2197 2196
f 2196 2197 2198
f 2199 2201 2200
f 2200 2201 2202
f 2203 2205 2204
f 2204 2205 2206
f 2205 2207 2206
f 2206 2207 2208
f 2207 2209 2208
f 2208 2209 2210
f 2209 2211 2210
f 2210 2211 2212
f 2211 2213 2212
f 2212 2213 2214
f 2213 2215 2214
f 2214 2215 2216
f 2215 2217 2216
f 2216 2217 2218
f 2219 2221 2220
f 2220 2221 2222
f 2223 2225 2224
f 2224 2225 2226
f 2227 2229 2228
f 2228 2229 2230
f 2229 2231 2230
f 2230 2231 2232
f 2231 2233 2232
f 2232 2233 2234
f 2233 2235 2234
f 2234 2235 2236
f 2235 2237 2236
f 2236 2237 2238
f 2237 2239 2238
f 2238 2239 2240
f 2241 2243 2242
f 2242 2243 2244
f 2245 2247 2246
f 2246 2247 2248
f 2247 2249 2248
f 2248 2249 2250
f 2249 2251 2250
f 2250 2251 2252
f 2251 2253 2252
f 2252 2253 2254
f 2253 2255 2254
f 2254 2255 2256
f 2255 2257 2256
f 2256 2257 2258
f 2257 2259 2258
f 2258 2259 2260
f 2259 2245 2260
f 2260 2245 2246
f 2261 2263 2262
f 2262 2263 2264
f 2263 2265 2264
f 2264 2265 2266
f 2265 2267 2266
f 2266 2267 2268
f 2267 2269 2268
f 2268 2269 2270
f 2269 2271 2270
f 2270 2271 2272
f 2271 2273 2272
f 2272 2273 2274
f 2273 2275 2274
f 2274 2275 2276
f 2275 2261 2276
f 2276 2261 2262
f 2277 2279 2278
f 2278 2279 2280
f 2279 2281 2280
f 2280 2281 2282
f 2281 2283 2282
f 2282 2283 2284
f 2283 2285 2284
f 2284 2285 2286
f 2285 2287 2286
f 2286 2287 2288
f 2287 2289 2288
f 2288 2289 2290
f 2291 2293 2292
f 2292 2293 2294
f 2293 2295 2294
f 2294 2295 2296
f 2295 2297 2296
f 2296 2297 2298
f 2297 2299 2298
f 2298 2299 2300
f 2299 2301 2300
f 2300 2301 2302
f 2301 2303 2302
f 2302 2303 2304
f 2305 2307 2306
f 2306 2307 2308
f 2309 2311 2310
f 2310 2311 2312
f 2311 2313 2312
f 2312 2313 2314
f 2313 2315 2314
f 2314 2315 2316
f 2315 2317 2316
f 2316 2317 2318
f 2317 2319 2318
f 2318 2319 2320
f 2319 2321 2320
f 2320 2321 2322
f 2323 2325 2324
f 2324 2325 2326
f 2325 2327 2326
f 2326 2327 2328
f 2327 2329 2328
f 2328 2329 2330
f 2329 2331 2330
f 2330 2331 2332
f 2331 2333 2332
f 2332 2333 2334
f 2333 2335 2334
f 2334 2335 2336
f 2335 2337 2336
f 2336 2337 2338
f 2339 2341 2340
f 2340 2341 2342
f 2343 2345 2344
f 2344 2345 2346
f 2347 2349 2348
f 2348 2349 2350
f 2349 2351 2350
f 2350 2351 2352
f 2351 2353 2352
f 2352 2353 2354
f 2353 2355 2354
f 2354 2355 2356
f 2355 2357 2356
f 2356 2357 2358
f 2357 2359 2358
f 2358 2359 2360
f 2361 2363 2362
f 2362 2363 2364
f 2365 2367 2366
f 2366 2367 2368
f 2367 2369 2368
f 2368 2369 2370
f 2369 2371 2370
f 2370 2371 2372
f 2371 2373 2372
f 2372 2373 2374
f 2373 2375 2374
f 2374 2375 2376
f 2375 2377 2376
f 2376 2377 2378
f 2379 2381 2380
f 2380 2381 2382
f 2381 2383 2382
f 2382 2383 2384
f 2383 2385 2384
f 2384 2385 2386
f 2385 2387 2386
f 2386 2387 2388
f 2387 2389 2388
f 2388 2389 2390
f 2389 2391 2390
f 2390 2391 2392
f 2391 2393 2392
f 2392 2393 2394
f 2393 2395 2394
f 2394 2395 2396
f 2397 2399 2398
f 2398 2399 2400
f 2401 2403 2402
f 2402 2403 2404
f 2403 2405 2404
f 2404 2405 2406
f 2405 2407 2406
f 2406 2407 2408
f 2407 2409 2408
f 2408 2409 2410
f 2409 2411 2410
f 2410 2411 2412
f 2411 2413 2412
f 2412 2413 2414
f 2413 2415 2414
f 2414 2415 2416
f 2417 2419 2418
f 2418 2419 2420
f 2419 2421 2420
f 2420 2421 2422
f 2421 2423 2422
f 2422 2423 2424
f 2423 2425 2424
f 2424 2425 2426
f 2425 2427 2426
f 2426 2427 2428
f 2427 2429 2428
f 2428 2429 2430
f 2431 2433 2432
f 2432 2433 2434
f 2435 2437 2436
f 2436 2437 2438
f 2437 2439 2438
f 2438 2439 2440
f 2439 2441 2440
f 2440 2441 2442
f 2441 2443 2442
f 2442 2443 2444
f 2443 2445 2444
f 2444 2445 2446
f 2445 2447 2446
f 2446 2447 2448
f 2449 2451 2450
f 2450 2451 2452
f 2451 2453 2452
f 2452 2453 2454
f 2453 2455 2454
f 2454 2455 2456
f 2455 2457 2456
f 2456 2457 2458
f 2457 2459 2458
f 2458 2459 2460
f 2459 2461 2460
f 2460 2461 2462
f 2461 2463 2462
f 2462 2463 2464
f 2463 2465 2464
f 2464 2465 2466
f 2467 2469 2468
f 2468 2469 2470
f 2471 2473 2472
f 2472 2473 2474
f 2475 2477 2476
f 2476 2477 2478
f 2477 2479 2478
f 2478 2479 2480
f 2479 2481 2480
f 2480 2481 2482
f 2481 2483 2482
f 2482 2483 2484
f 2483 2485 2484
f 2484 2485 2486
f 2485 2487 2486
f 2486 2487 2488
f 2489 2491 2490
f 2490 2491 2492
f 2493 2495 2494
f 2494 2495 2496
f 2495 2497 2496
f 2496 2497 2498
f 2497 2499 2498
f 2498 2499 2500
f 2499 2501 2500
f 2500 2501 2502
f 2501 2503 2502
f 2502 2503 2504
f 2503 2505 2504
f 2504 2505 2506
f 2505 2507 2506
f 2506 2507 2508
f 2509 2511 2510
f 2510 2511 2512
f 2511 2513 2512
f 2512 2513 2514
f 2513 2515 2514
f 2514 2515 2516
f 2515 2517 2516
f 2516 2517 2518
f 2517 2519 2518
f 2518 2519 2520
f 2519 2521 2520
f 2520 2521 2522
f 2523 2525 2524
f 2524 2525 2526
f 2527 2529 2528
f 2528 2529 2530
f 2529 2531 2530
f 2530 2531 2532
f 2531 2533 2532
f 2532 2533 2534
f 2533 2535 2534
f 2534 2535 2536
f 2535 2537 2536
f 2536 2537 2538
f 2537 2539 2538
f 2538 2539 2540
f 2541 2543 2542
f 2542 2543 2544
f 2543 2545 2544
f 2544 2545 2546
f 2545 2547 2546
f 2546 2547 2548
f 2547 2549 2548
f 2548 2549 2550
f 2549 2551 2550
f 2550 2551 2552
f 2551 2553 2552
f 2552 2553 2554
f 2553 2555 2554
f 2554 2555 2556
f 2557 2559 2558
f 2558 2559 2560
f 2561 2563 2562
f 2562 2563 2564
f 2563 2565 2564
f 2564 2565 2566
f 2565 2567 2566
f 2566 2567 2568
f 2567 2569 2568
f 2568 2569 2570
f 2569 2571 2570
f 2570 2571 2572
f 2571 2573 2572
f 2572 2573 2574
f 2575 2577 2576
f 2576 2577 2578
f 2577 2579 2578
f 2578 2579 2580
f 2579 2581 2580
f 2580 2581 2582
f 2581 2583 2582
f 2582 2583 2584
f 2583 2585 2584
f 2584 2585 2586
f 2585 2587 2586
f 2586 2587 2588
f 2587 2589 2588
f 2588 2589 2590
f 2591 2593 2592
f 2592 2593 2594
f 2595 2597 2596
f 2596 2597 2598
f 2597 2599 2598
f 2598 2599 2600
f 2599 2601 2600
f 2600 2601 2602
f 2601 2603 2602
f 2602 2603 2604
f 2603 2605 2604
f 2604 2605 2606
f 2605 2607 2606
f 2606 2607 2608
f 2607 2609 2608
f 2608 2609 2610
f 2611 2613 2612
f 2612 2613 2614
f 2613 2615 2614
f 2614 2615 2616
f 2615 2617 2616
f 2616 2617 2618
f 2617 2619 2618
f 2618 2619 2620
f 2619 2621 2620
f 2620 2621 2622
f 2621 2623 2622
f 2622 2623 2624
f 2623 2625 2624
f 2624 2625 2626
f 2625 2627 2626
f 2626 2627 2628
f 2629 2631 2630
f 2630 2631 2632
f 2633 2635 2634
f 2634 2635 2636
f 2635 2637 2636
f 2636 2637 2638
f 2637 2639 2638
f 2638 2639 2640
f 2639 2641 2640
f 2640 2641 2642
f 2641 2643 2642
f 2642 2643 2644
f 2643 2645 2644
f 2644 2645 2646
f 2645 2647 2646
f 2646 2647 2648
f 2647 2649 2648
f 2648 2649 2650
f 2651 2653 2652
f 2652 2653 2654
f 2653 2655 2654
f 2654 2655 2656
f 2655 2657 2656
f 2656 2657 2658
f 2657 2659 2658
f 2658 2659 2660
f 2659 2661 2660
f 2660 2661 2662
f 2661 2663 2662
f 2662 2663 2664
f 2665 2667 2666
f 2666 2667 2668
f 2669 2671 2670
f 2670 2671 2672
f 2671 2673 2672
f 2672 2673 2674
f 2673 2675 2674
f 2674 2675 2676
f 2675 2677 2676
f 2676 2677 2678
f 2677 2679 2678
f 2678 2679 2680
f 2679 2681 2680
f 2680 2681 2682
f 2683 2685 2684
f 2684 2685 2686
f 2685 2687 2686
f 2686 2687 2688
f 2687 2689 2688
f 2688 2689 2690
f 2689 2691 2690
f 2690 2691 2692
f 2691 2693 2692
f 2692 2693 2694
f 2693 2695 2694
f 2694 2695 2696
f 2695 2697 2696
f 2696 2697 2698
f 2699 2701 2700
f 2700 2701 2702
f 2703 2705 2704
f 2704 2705 2706
f 2705 2707 2706
f 2706 2707 2708
f 2707 2709 2708
f 2708 2709 2710
f 2709 2711 2710
f 2710 2711 2712
f 2711 2713 2712
f 2712 2713 2714
f 2713 2715 2714
f 2714 2715 2716
f 2715 2717 2716
f 2716 2717 2718
f 2717 2703 2718
f 2718 2703 2704
f 2719 2721 2720
f 2720 2721 2722
f 2723 2725 2724
f 2724 2725 2726
f 2725 2727 2726
f 2726 2727 2728
f 2727 2729 2728
f 2728 2729 2730
f 2729 2731 2730
f 2730 2731 2732
f 2731 2733 2732
f 2732 2733 2734
f 2733 2735 2734
f 2734 2735 2736
f 2737 2739 2738
f 2738 2739 2740
f 2741 2743 2742
f 2742 2743 2744
f 2743 2745 2744
f 2744 2745 2746
f 2745 2747 2746
f 2746 2747 2748
f 2747 2749 2748
f 2748 2749 2750
f 2749 2751 2750
f 2750 2751 2752
f 2751 2753 2752
f 2752 2753 2754
f 2755 2757 2756
f 2756 2757 2758
f 2757 2759 2758
f 2758 2759 2760
f 2759 2761 2760
f 2760 2761 2762
f 2761 2763 2762
f 2762 2763 2764
f 2763 2765 2764
f 2764 2765 2766
f 2765 2767 2766
f 2766 2767 2768
f 2767 2769 2768
f 2768 2769 2770
f 2771 2773 2772
f 2772 2773 2774
f 2775 2777 2776
f 2776 2777 2778
f 2777 2779 2778
f 2778 2779 2780
f 2779 2781 2780
f 2780 2781 2782
f 2781 2783 2782
f 2782 2783 2784
f 2783 2785 2784
f 2784 2785 2786
f 2785 2787 2786
f 2786 2787 2788
f 2787 2789 2788
f 2788 2789 2790
f 2791 2793 2792
f 2792 2793 2794
f 2793 2795 2794
f 2794 2795 2796
f 2795 2797 2796
f 2796 2797 2798
f 2797 2799 2798
f 2798 2799 2800
f 2799 2801 2800
f 2800 2801 2802
f 2801 2803 2802
f 2802 2803 2804
f 2803 2805 2804
f 2804 2805 2806
f 2805 2807 2806
f 2806 2807 2808
f 2809 2811 2810
f 2810 2811 2812
f 2813 2815 2814
f 2814 2815 2816
f 2815 2817 2816
f 2816 2817 2818
f 2817 2819 2818
f 2818 2819 2820
f 2819 2821 2820
f 2820 2821 2822
f 2821 2823 2822
f 2822 2823 2824
f 2823 2825 2824
f 2824 2825 2826
f 2825 2827 2826
f 2826 2827 2828
f 2829 2831 2830
f 2830 2831 2832
f 2831 2833 2832
f 2832 2833 2834
f 2833 2835 2834
f 2834 2835 2836
f 2835 2837 2836
f 2836 2837 2838
f 2837 2839 2838
f 2838 2839 2840
f 2839 2841 2840
f 2840 2841 2842
f 2843 2845 2844
f 2844 2845 2846
f 2847 2849 2848
f 2848 2849 2850
f 2849 2851 2850
f 2850 2851 2852
f 2851 2853 2852
f 2852 2853 2854
f 2853 2855 2854
f 2854 2855 2856
f 2855 2857 2856
f 2856 2857 2858
f 2857 2859 2858
f 2858 2859 2860
f 2859 2861 2860
f 2860 2861 2862
f 2861 2847 2862
f 2862 2847 2848
f 2863 2865 2864
f 2864 2865 2866
f 2865 2867 2866
f 2866 2867 2868
f 2867 2869 2868
f 2868 2869 2870
f 2869 2871 2870
f 2870 2871 2872
f 2871 2873 2872
f 2872 2873 2874
f 2873 2875 2874
f 2874 2875 2876
f 2875 2877 2876
f 2876 2877 2878
f 2879 2881 2880
f 2880 2881 2882
f 2883 2885 2884
f 2884 2885 2886
f 2887 2889 2888
f 2888 2889 2890
f 2889 2891 2890
f 2890 2891 2892
f 2891 2893 2892
f 2892 2893 2894
f 2893 2895 2894
f 2894 2895 2896
f 2895 2897 2896
f 2896 2897 2898
f 2897 2899 2898
f 2898 2899 2900
f 2901 2903 2902
f 2902 2903 2904
f 2903 2905 2904
f 2904 2905 2906
f 2905 2907 2906
f 2906 2907 2908
f 2907 2909 2908
f 2908 2909 2910
f 2909 2911 2910
f 2910 2911 2912
f 2911 2913 2912
f 2912 2913 2914
f 2913 2915 2914
f 2914 2915 2916
f 2917 2919 2918
f 2918 2919 2920
f 2921 2923 2922
f 2922 2923 2924
f 2923 2925 2924
f 2924 2925 2926
f 2925 2927 2926
f 2926 2927 2928
f 2927 2929 2928
f 2928 2929 2930
f 2929 2931 2930
f 2930 2931 2932
f 2931 2933 2932
f 2932 2933 2934
f 2933 2935 2934
f 2934 2935 2936
f 2937 2939 2938
f 2938 2939 2940
f 2939 2941 2940
f 2940 2941 2942
f 2941 2943 2942
f 2942 2943 2944
f 2943 2945 2944
f 2944 2945 2946
f 2945 2947 2946
f 2946 2947 2948
f 2947 2949 2948
f 2948 2949 2950
f 2951 2953 2952
f 2952 2953 2954
f 2955 2957 2956
f 2956 2957 2958
f 2957 2959 2958
f 2958 2959 2960
f 2959 2961 2960
f 2960 2961 2962
f 2961 2963 2962
f 2962 2963 2964
f 2963 2965 2964
f 2964 2965 2966
f 2965 2967 2966
f 2966 2967 2968
f 2967 2969 2968
f 2968 2969 2970
f 2969 2971 2970
f 2970 2971 2972
f 2973 2975 2974
f 2974 2975 2976
f 2975 2977 2976
f 2976 2977 2978
f 2977 2979 2978
f 2978 2979 2980
f 2979 2981 2980
f 2980 2981 2982
f 2981 2983 2982
f 2982 2983 2984
f 2983 2985 2984
f 2984 2985 2986
f 2987 2989 2988
f 2988 2989 2990
f 2991 2993 2992
f 2992 2993 2994
f 2993 2995 2994
f 2994 2995 2996
f 2995 2997 2996
f 2996 2997 2998
f 2997 2999 2998
f 2998 2999 3000
f 2999 3001 3000
f 3000 3001 3002
f 3001 3003 3002
f 3002 3003 3004
f 3005 3007 3006
f 3006 3007 3008
f 3009 3011 3010
f 3010 3011 3012
f 3013 3015 3014
f 3014 3015 3016
f 3015 3017 3016
f 3016 3017 3018
f 3017 3019 3018
f 3018 3019 3020
f 3019 3021 3020
f 3020 3021 3022
f 3021 3023 3022
f 3022 3023 3024
f 3023 3025 3024
f 3024 3025 3026
f 3025 3027 3026
f 3026 3027 3028
f 3027 3013 3028
f 3028 3013 3014
f 3029 3031 3030
f 3030 3031 3032
f 3031 3033 3032
f 3032 3033 3034
f 3033 3035 3034
f 3034 3035 3036
f 3035 3037 3036
f 3036 3037 3038
f 3037 3039 3038
f 3038 3039 3040
f 3039 3041 3040
f 3040 3041 3042
f 3043 3045 3044
f 3044 3045 3046
f 3045 3047 3046
f 3046 3047 3048
f 3047 3049 3048
f 3048 3049 3050
f 3049 3051 3050
f 3050 3051 3052
f 3051 3053 3052
f 3052 3053 3054
f 3053 3055 3054
f 3054 3055 3056
f 3055 3057 3056
f 3056 3057 3058
f 3057 3059 3058
f 3058 3059 3060
f 3061 3063 3062
f 3062 3063 3064
f 3065 3067 3066
f 3066 3067 3068
f 3067 3069 3068
f 3068 3069 3070
f 3069 3071 3070
f 3070 3071 3072
f 3071 3073 3072
f 3072 3073 3074
f 3073 3075 3074
f 3074 3075 3076
f 3075 3077 3076
f 3076 3077 3078
f 3079 3081 3080
f 3080 3081 3082
f 3083 3085 3084
f 3084 3085 3086
f 3087 3089 3088
f 3088 3089 3090
f 3089 3091 3090
f 3090 3091 3092
f 3091 3093 3092
f 3092 3093 3094
f 3093 3095 3094
f 3094 3095 3096
f 3095 3097 3096
f 3096 3097 3098
f 3097 3099 3098
f 3098 3099 3100
f 3099 3101 3100
f 3100 3101 3102
f 3103 3105 3104
f 3104 3105 3106
f 3105 3107 3106
f 3106 3107 3108
f 3107 3109 3108
f 3108 3109 3110
f 3109 3111 3110
f 3110 3111 3112
f 3111 3113 3112
f 3112 3113 3114
f 3113 3115 3114
f 3114 3115 3116
f 3117 3119 3118
f 3118 3119 3120
f 3121 3123 3122
f 3122 3123 3124
f 3123 3125 3124
f 3124 3125 3126
f 3125 3127 3126
f 3126 3127 3128
f 3127 3129 3128
f 3128 3129 3130
f 3129 3131 3130
f 3130 3131 3132
f 3131 3133 3132
f 3132 3133 3134
f 3135 3137 3136
f 3136 3137 3138
f 3139 3141 3140
f 3140 3141 3142
f 3143 3145 3144
f 3144 3145 3146
f 3145 3147 3146
f 3146 3147 3148
f 3147 3149 3148
f 3148 3149 3150
f 3149 3151 3150
f 3150 3151 3152
f 3151 3153 3152
f 3152 3153 3154
f 3153 3155 3154
f 3154 3155 3156
f 3155 3157 3156
f 3156 3157 3158
f 3159 3161 3160
f 3160 3161 3162
f 3163 3165 3164
f 3164 3165 3166
f 3167 3169 3168
f 3168 3169 3170
f 3171 3173 3172
f 3172 3173 3174
f 3173 3175 3174
f 3174 3175 3176
f 3175 3177 3176
f 3176 3177 3178
f 3177 3179 3178
f 3178 3179 3180
f 3179 3181 3180
f 3180 3181 3182
f 3181 3183 3182
f 3182 3183 3184
f 3185 3187 3186
f 3186 3187 3188
f 3189 3191 3190
f 3190 3191 3192
f 3193 3195 3194
f 3194 3195 3196
f 3195 3197 3196
f 3196 3197 3198
f 3197 3199 3198
f 3198 3199 3200
f 3199 3201 3200
f 3200 3201 3202
f 3201 3203 3202
f 3202 3203 3204
f 3203 3205 3204
f 3204 3205 3206
f 3207 3209 3208
f 3208 3209 3210
f 3211 3213 3212
f 3212 3213 3214
f 3213 3215 3214
f 3214 3215 3216
f 3215 3217 3216
f 3216 3217 3218
f 3217 3219 3218
f 3218 3219 3220
f 3219 3221 3220
f 3220 3221 3222
f 3221 3223 3222
f 3222 3223 3224
f 3223 3225 3224
f 3224 3225 3226
f 3225 3211 3226
f 3226 3211 3212
f 3227 3229 3228
f 3228 3229 3230
f 3229 3231 3230
f 3230 3231 3232
f 3231 3233 3232
f 3232 3233 3234
f 3233 3235 3234
f 3234 3235 3236
f 3235 3237 3236
f 3236 3237 3238
f 3237 3239 3238
f 3238 3239 3240
f 3241 3243 3242
f 3242 3243 3244
f 3243 3245 3244
f 3244 3245 3246
f 3245 3247 3246
f 3246 3247 3248
f 3247 3249 3248
f 3248 3249 3250
f 3249 3251 3250
f 3250 3251 3252
f 3251 3253 3252
f 3252 3253 3254
f 3253 3255 3254
f 3254 3255 3256
f 3257 3259 3258
f 3258 3259 3260
f 3261 3263 3262
f 3262 3263 3264
f 3263 3265 3264
f 3264 3265 3266
f 3265 3267 3266
f 3266 3267 3268
f 3267 3269 3268
f 3268 3269 3270
f 3269 3271 3270
f 3270 3271 3272
f 3271 3273 3272
f 3272 3273 3274
f 3273 3275 3274
f 3274 3275 3276
f 3277 3279 3278
f 3278 3279 3280
f 3279 3281 3280
f 3280 3281 3282
f 3281 3283 3282
f 3282 3283 3284
f 3283 3285 3284
f 3284 3285 3286
f 3285 3287 3286
f 3286 3287 3288
f 3287 3289 3288
f 3288 3289 3290
f 3291 3293 3292
f 3292 3293 3294
f 3295 3297 3296
f 3296 3297 3298
f 3299 3301 3300
f 3300 3301 3302
f 3301 3303 3302
f 3302 3303 3304
f 3303 3305 3304
f 3304 3305 3306
f 3305 3307 3306
f 3306 3307 3308
f 3307 3309 3308
f 3308 3309 3310
f 3309 3311 3310
f 3310 3311 3312
f 3311 3313 3312
f 3312 3313 3314
f 3315 3317 3316
f 3316 3317 3318
f 3319 3321 3320
f 3320 3321 3322
f 3321 3323 3322
f 3322 3323 3324
f 3323 3325 3324
f 3324 3325 3326
f 3325 3327 3326
f 3326 3327 3328
f 3327 3329 3328
f 3328 3329 3330
f 3329 3331 3330
f 3330 3331 3332
f 3331 3333 3332
f 3332 3333 3334
f 3335 3337 3336
f 3336 3337 3338
f 3337 3339 3338
f 3338 3339 3340
f 3339 3341 3340
f 3340 3341 3342
f 3341 3343 3342
f 3342 3343 3344
f 3343 3345 3344
f 3344 3345 3346
f 3345 3347 3346
f 3346 3347 3348
f 3347 3349 3348
f 3348 3349 3350
f 3349 3351 3350
f 3350 3351 3352
f 3353 3355 3354
f 3354 3355 3356
f 3357 3359 3358
f 3358 3359 3360
f 3359 3361 3360
f 3360 3361 3362
f 3361 3363 3362
f 3362 3363 3364
f 3363 3365 3364
f 3364 3365 3366
f 3365 3367 3366
f 3366 3367 3368
f 3367 3369 3368
f 3368 3369 3370
f 3371 3373 3372
f 3372 3373 3374
f 3373 3375 3374
f 3374 3375 3376
f 3375 3377 3376
f 3376 3377 3378
f 3377 3379 3378
f 3378 3379 3380
f 3379 3381 3380
f 3380 3381 3382
f 3381 3383 3382
f 3382 3383 3384
f 3383 3385 3384
f 3384 3385 3386
f 3387 3389 3388
f 3388 3389 3390
f 3391 3393 3392
f 3392 3393 3394
f 3393 3395 3394
f 3394 3395 3396
f 3395 3397 3396
f 3396 3397 3398
f 3397 3399 3398
f 3398 3399 3400
f 3399 3401 3400
f 3400 3401 3402
f 3401 3403 3402
f 3402 3403 3404
f 3405 3407 3406
f 3406 3407 3408
f 3409 3411 3410
f 3410 3411 3412
f 3413 3415 3414
f 3414 3415 3416
f 3415 3417 3416
f 3416 3417 3418
f 3417 3419 3418
f 3418 3419 3420
f 3419 3421 3420
f 3420 3421 3422
f 3421 3423 3422
f 3422 3423 3424
f 3423 3425 3424
f 3424 3425 3426
f 3425 3427 3426
f 3426 3427 3428
f 3429 3431 3430
f 3430 3431 3432
f 3431 3433 3432
f 3432 3433 3434
f 3433 3435 3434
f 3434 3435 3436
f 3435 3437 3436
f 3436 3437 3438
f 3437 3439 3438
f 3438 3439 3440
f 3439 3441 3440
f 3440 3441 3442
f 3443 3445 3444
f 3444 3445 3446
f 3447 3449 3448
f 3448 3449 3450
f 3451 3453 3452
f 3452 3453 3454
f 3453 3455 3454
f 3454 3455 3456
f 3455 3457 3456
f 3456 3457 3458
f 3457 3459 3458
f 3458 3459 3460
f 3459 3461 3460
f 3460 3461 3462
f 3461 3463 3462
f 3462 3463 3464
f 3465 3467 3466
f 3466 3467 3468
f 3469 3471 3470
f 3470 3471 3472
f 3471 3473 3472
f 3472 3473 3474
f 3473 3475 3474
f 3474 3475 3476
f 3475 3477 3476
f 3476 3477 3478
f 3477 3479 3478
f 3478 3479 3480
f 3479 3481 3480
f 3480 3481 3482
f 3483 3485 3484
f 3484 3485 3486
f 3485 3487 3486
f 3486 3487 3488
f 3487 3489 3488
f 3488 3489 3490
f 3489 3491 3490
f 3490 3491 3492
f 3491 3493 3492
f 3492 3493 3494
f 3493 3495 3494
f 3494 3495 3496
f 3495 3497 3496
f 3496 3497 3498
f 3499 3501 3500
f 3500 3501 3502
f 3503 3505 3504
f 3504 3505 3506
f 3505 3507 3506
f 3506 3507 3508
f 3507 3509 3508
f 3508 3509 3510
f 3509 3511 3510
f 3510 3511 3512
f 3511 3513 3512
f 3512 3513 3514
f 3513 3515 3514
f 3514 3515 3516
f 3515 3517 3516
f 3516 3517 3518
f 3517 3503 3518
f 3518 3503 3504
f 3519 3521 3520
f 3520 3521 3522
f 3521 3523 3522
f 3522 3523 3524
f 3523 3525 3524
f 3524 3525 3526
f 3525 3527 3526
f 3526 3527 3528
f 3527 3529 3528
f 3528 3529 3530
f 3529 3531 3530
f 3530 3531 3532
f 3531 3533 3532
f 3532 3533 3534
f 3533 3519 3534
f 3534 3519 3520
f 3535 3537 3536
f 3536 3537 3538
f 3537 3539 3538
f 3538 3539 3540
f 3539 3541 3540
f 3540 3541 3542
f 3541 3543 3542
f 3542 3543 3544
f 3543 3545 3544
f 3544 3545 3546
f 3545 3547 3546
f 3546 3547 3548
f 3547 3549 3548
f 3548 3549 3550
f 3549 3535 3550
f 3550 3535 3536
f 3551 3552 3555
f 3552 3556 3555
f 3553 3557 3554
f 3554 3557 3558
f 3555 3556 3559
f 3556 3560 3559
f 3557 3561 3558
f 3558 3561 3562
f 3559 3560 3563
f 3560 3564 3563
f 3561 3565 3562
f 3562 3565 3566
f 3563 3564 3567
f 3564 3568 3567
f 3565 3569 3566
f 3566 3569 3570
f 3567 3568 3571
f 3568 3572 3571
f 3569 3573 3570
f 3570 3573 3574
f 3571 3572 3575
f 3572 3576 3575
f 3573 3577 3574
f 3574 3577 3578
f 3575 3576 3579
f 3576 3580 3579
f 3577 3581 3578
f 3578 3581 3582
f 3579 3580 3583
f 3580 3584 3583
f 3581 3585 3582
f 3582 3585 3586
f 3583 3584 3587
f 3584 3588 3587
f 3585 3589 3586
f 3586 3589 3590
f 3587 3588 3591
f 3588 3592 3591
f 3589 3593 3590
f 3590 3593 3594
f 3591 3592 3595
f 3592 3596 3595
f 3593 3597 3594
f 3594 3597 3598
f 3599 3600 3603
f 3600 3604 3603
f 3601 3605 3602
f 3602 3605 3606
f 3603 3604 3607
f 3604 3608 3607
f 3605 3609 3606
f 3606 3609 3610
f 3607 3608 3611
f 3608 3612 3611
f 3609 3613 3610
f 3610 3613 3614
f 3611 3612 3615
f 3612 3616 3615
f 3613 3617 3614
f 3614 3617 3618
f 3615 3616 3619
f 3616 3620 3619
f 3617 3621 3618
f 3618 3621 3622
f 3619 3620 3623
f 3620 3624 3623
f 3621 3625 3622
f 3622 3625 3626
f 3623 3624 3627
f 3624 3628 3627
f 3625 3629 3626
f 3626 3629 3630
f 3627 3628 3631
f 3628 3632 3631
f 3629 3633 3630
f 3630 3633 3634
f 3631 3632 3635
f 3632 3636 3635
f 3633 3637 3634
f 3634 3637 3638
f 3635 3636 3639
f 3636 3640 3639
f 3637 3641 3638
f 3638 3641 3642
f 3639 3640 3643
f 3640 3644 3643
f 3641 3645 3642
f 3642 3645 3646
f 3643 3644 3647
f 3644 3648 3647
f 3645 3649 3646
f 3646 3649 3650
f 3647 3648 3651
f 3648 3652 3651
f 3649 3653 3650
f 3650 3653 3654
f 3655 3656 3659
f 3656 3660 3659
f 3657 3661 3658
f 3658 3661 3662
f 3659 3660 3663
f 3660 3664 3663
f 3661 3665 3662
f 3662 3665 3666
f 3667 3668 3671
f 3668 3672 3671
f 3669 3673 3670
f 3670 3673 3674
f 3671 3672 3675
f 3672 3676 3675
f 3673 3677 3674
f 3674 3677 3678
f 3675 3676 3679
f 3676 3680 3679
f 3677 3681 3678
f 3678 3681 3682
f 3683 3684 3687
f 3684 3688 3687
f 3685 3689 3686
f 3686 3689 3690
f 3687 3688 3691
f 3688 3692 3691
f 3689 3693 3690
f 3690 3693 3694
f 3691 3692 3695
f 3692 3696 3695
f 3693 3697 3694
f 3694 3697 3698
f 3695 3696 3699
f 3696 3700 3699
f 3697 3701 3698
f 3698 3701 3702
f 3699 3700 3703
f 3700 3704 3703
f 3701 3705 3702
f 3702 3705 3706
f 3703 3704 3707
f 3704 3708 3707
f 3705 3709 3706
f 3706 3709 3710
f 3707 3708 3711
f 3708 3712 3711
f 3709 3713 3710
f 3710 3713 3714
f 3711 3712 3715
f 3712 3716 3715
f 3713 3717 3714
f 3714 3717 3718
f 3719 3720 3723
f 3720 3724 3723
f 3721 3725 3722
f 3722 3725 3726
f 3723 3724 3727
f 3724 3728 3727
f 3725 3729 3726
f 3726 3729 3730
f 3727 3728 3731
f 3728 3732 3731
f 3729 3733 3730
f 3730 3733 3734
f 3731 3732 3735
f 3732 3736 3735
f 3733 3737 3734
f 3734 3737 3738
f 3739 3740 3743
f 3740 3744 3743
f 3741 3745 3742
f 3742 3745 3746
f 3743 3744 3747
f 3744 3748 3747
f 3745 3749 3746
f 3746 3749 3750
f 3751 3752 3755
f 3752 3756 3755
f 3753 3757 3754
f 3754 3757 3758
f 3755 3756 3759
f 3756 3760 3759
f 3757 3761 3758
f 3758 3761 3762
f 3759 3760 3763
f 3760 3764 3763
f 3761 3765 3762
f 3762 3765 3766
f 3763 3764 3767
f 3764 3768 3767
f 3765 3769 3766
f 3766 3769 3770
f 3767 3768 3771
f 3768 3772 3771
f 3769 3773 3770
f 3770 3773 3774
f 3775 3776 3779
f 3776 3780 3779
f 3777 3781 3778
f 3778 3781 3782
f 3779 3780 3783
f 3780 3784 3783
f 3781 3785 3782
f 3782 3785 3786
f 3783 3784 3787
f 3784 3788 3787
f 3785 3789 3786
f 3786 3789 3790
f 3787 3788 3791
f 3788 3792 3791
f 3789 3793 3790
f 3790 3793 3794
f 3791 3792 3795
f 3792 3796 3795
f 3793 3797 3794
f 3794 3797 3798
f 3795 3796 3799
f 3796 3800 3799
f 3797 3801 3798
f 3798 3801 3802
f 3803 3804 3807
f 3804 3808 3807
f 3805 3809 3806
f 3806 3809 3810
f 3807 3808 3811
f 3808 3812 3811
f 3809 3813 3810
f 3810 3813 3814
f 3811 3812 3815
f 3812 3816 3815
f 3813 3817 3814
f 3814 3817 3818
f 3815 3816 3819
f 3816 3820 3819
f 3817 3821 3818
f 3818 3821 3822
f 3819 3820 3823
f 3820 3824 3823
f 3821 3825 3822
f 3822 3825 3826
f 3823 3824 3827
f 3824 3828 3827
f 3825 3829 3826
f 3826 3829 3830
f 3827 3828 3831
f 3828 3832 3831
f 3829 3833 3830
f 3830 3833 3834
f 3831 3832 3835
f 3832 3836 3835
f 3833 3837 3834
f 3834 3837 3838
f 3835 3836 3839
f 3836 3840 3839
f 3837 3841 3838
f 3838 3841 3842
f 3839 3840 3843
f 3840 3844 3843
f 3841 3845 3842
f 3842 3845 3846
f 3843 3844 3847
f 3844 3848 3847
f 3845 3849 3846
f 3846 3849 3850
f 3847 3848 3851
f 3848 3852 3851
f 3849 3853 3850
f 3850 3853 3854
f 3851 3852 3855
f 3852 3856 3855
f 3853 3857 3854
f 3854 3857 3858
f 3855 3856 3859
f 3856 3860 3859
f 3857 3861 3858
f 3858 3861 3862
f 3859 3860 3863
f 3860 3864 3863
f 3861 3865 3862
f 3862 3865 3866
f 3863 3864 3867
f 3864 3868 3867
f 3865 3869 3866
f 3866 3869 3870
f 3867 3868 3871
f 3868 3872 3871
f 3869 3873 3870
f 3870 3873 3874
f 3871 3872 3875
f 3872 3876 3875
f 3873 3877 3874
f 3874 3877 3878
f 3875 3876 3879
f 3876 3880 3879
f 3877 3881 3878
f 3878 3881 3882
f 3879 3880 3883
f 3880 3884 3883
f 3881 3885 3882
f 3882 3885 3886
f 3883 3884 3887
f 3884 3888 3887
f 3885 3889 3886
f 3886 3889 3890
f 3887 3888 3891
f 3888 3892 3891
f 3889 3893 3890
f 3890 3893 3894
f 3891 3892 3895
f 3892 3896 3895
f 3893 3897 3894
f 3894 3897 3898
f 3895 3896 3899
f 3896 3900 3899
f 3897 3901 3898
f 3898 3901 3902
f 3899 3900 3903
f 3900 3904 3903
f 3901 3905 3902
f 3902 3905 3906
f 3903 3904 3907
f 3904 3908 3907
f 3905 3909 3906
f 3906 3909 3910
f 3907 3908 3911
f 3908 3912 3911
f 3909 3913 3910
f 3910 3913 3914
f 3911 3912 3915
f 3912 3916 3915
f 3913 3917 3914
f 3914 3917 3918
f 3915 3916 3919
f 3916 3920 3919
f 3917 3921 3918
f 3918 3921 3922
f 3919 3920 3923
f 3920 3924 3923
f 3921 3925 3922
f 3922 3925 3926
f 3923 3924 3927
f 3924 3928 3927
f 3925 3929 3926
f 3926 3929 3930
f 3927 3928 3931
f 3928 3932 3931
f 3929 3933 3930
f 3930 3933 3934
f 3931 3932 3935
f 3932 3936 3935
f 3933 3937 3934
f 3934 3937 3938
f 3939 3940 3943
f 3940 3944 3943
f 3941 3945 3942
f 3942 3945 3946
f 3943 3944 3947
f 3944 3948 3947
f 3945 3949 3946
f 3946 3949 3950
f 3947 3948 3951
f 3948 3952 3951
f 3949 3953 3950
f 3950 3953 3954
f 3951 3952 3955
f 3952 3956 3955
f 3953 3957 3954
f 3954 3957 3958
f 3955 3956 3959
f 3956 3960 3959
f 3957 3961 3958
f 3958 3961 3962
f 3959 3960 3963
f 3960 3964 3963
f 3961 3965 3962
f 3962 3965 3966
f 3963 3964 3967
f 3964 3968 3967
f 3965 3969 3966
f 3966 3969 3970
f 3967 3968 3971
f 3968 3972 3971
f 3969 3973 3970
f 3970 3973 3974
f 3971 3972 3975
f 3972 3976 3975
f 3973 3977 3974
f 3974 3977 3978
f 3975 3976 3979
f 3976 3980 3979
f 3977 3981 3978
f 3978 3981 3982
f 3979 3980 3983
f 3980 3984 3983
f 3981 3985 3982
f 3982 3985 3986
f 3983 3984 3987
f 3984 3988 3987
f 3985 3989 3986
f 3986 3989 3990
f 3987 3988 3991
f 3988 3992 3991
f 3989 3993 3990
f 3990 3993 3994
f 3991 3992 3995
f 3992 3996 3995
f 3993 3997 3994
f 3994 3997 3998
f 3999 4000 4003
f 4000 4004 4003
f 4001 4005 4002
f 4002 4005 4006
f 4003 4004 4007
f 4004 4008 4007
f 4005 4009 4006
f 4006 4009 4010
f 4007 4008 4011
f 4008 4012 4011
f 4009 4013 4010
f 4010 4013 4014
f 4011 4012 4015
f 4012 4016 4015
f 4013 4017 4014
f 4014 4017 4018
f 4015 4016 4019
f 4016 4020 4019
f 4017 4021 4018
f 4018 4021 4022
f 4019 4020 4023
f 4020 4024 4023
f 4021 4025 4022
f 4022 4025 4026
f 4027 4028 4031
f 4028 4032 4031
f 4029 4033 4030
f 4030 4033 4034
f 4031 4032 4035
f 4032 4036 4035
f 4033 4037 4034
f 4034 4037 4038
f 4039 4040 4043
f 4040 4044 4043
f 4041 4045 4042
f 4042 4045 4046
f 4043 4044 4047
f 4044 4048 4047
f 4045 4049 4046
f 4046 4049 4050
f 4047 4048 4051
f 4048 4052 4051
f 4049 4053 4050
f 4050 4053 4054
f 4051 4052 4055
f 4052 4056 4055
f 4053 4057 4054
f 4054 4057 4058
f 4055 4056 4059
f 4056 4060 4059
f 4057 4061 4058
f 4058 4061 4062
f 4063 4064 4067
f 4064 4068 4067
f 4065 4069 4066
f 4066 4069 4070
f 4067 4068 4071
f 4068 4072 4071
f 4069 4073 4070
f 4070 4073 4074
f 4071 4072 4075
f 4072 4076 4075
f 4073 4077 4074
f 4074 4077 4078
f 4075 4076 4079
f 4076 4080 4079
f 4077 4081 4078
f 4078 4081 4082
f 4079 4080 4083
f 4080 4084 4083
f 4081 4085 4082
f 4082 4085 4086
f 4087 4088 4091
f 4088 4092 4091
f 4089 4093 4090
f 4090 4093 4094
f 4091 4092 4095
f 4092 4096 4095
f 4093 4097 4094
f 4094 4097 4098
f 4095 4096 4099
f 4096 4100 4099
f 4097 4101 4098
f 4098 4101 4102
f 4099 4100 4103
f 4100 4104 4103
f 4101 4105 4102
f 4102 4105 4106
f 4107 4108 4111
f 4108 4112 4111
f 4109 4113 4110
f 4110 4113 4114
f 4111 4112 4115
f 4112 4116 4115
f 4113 4117 4114
f 4114 4117 4118
f 4115 4116 4119
f 4116 4120 4119
f 4117 4121 4118
f 4118 4121 4122
f 4119 4120 4123
f 4120 4124 4123
f 4121 4125 4122
f 4122 4125 4126
f 4123 4124 4127
f 4124 4128 4127
f 4125 4129 4126
f 4126 4129 4130
f 4127 4128 4131
f 4128 4132 4131
f 4129 4133 4130
f 4130 4133 4134
f 4131 4132 4135
f 4132 4136 4135
f 4133 4137 4134
f 4134 4137 4138
f 4135 4136 4139
f 4136 4140 4139
f 4137 4141 4138
f 4138 4141 4142
f 4143 4144 4147
f 4144 4148 4147
f 4145 4149 4146
f 4146 4149 4150
f 4147 4148 4151
f 4148 4152 4151
f 4149 4153 4150
f 4150 4153 4154
f 4151 4152 4155
f 4152 4156 4155
f 4153 4157 4154
f 4154 4157 4158
f 4155 4156 4159
f 4156 4160 4159
f 4157 4161 4158
f 4158 4161 4162
f 4159 4160 4163
f 4160 4164 4163
f 4161 4165 4162
f 4162 4165 4166
f 4163 4164 4167
f 4164 4168 4167
f 4165 4169 4166
f 4166 4169 4170
f 4171 4172 4175
f 4172 4176 4175
f 4173 4177 4174
f 4174 4177 4178
f 4175 4176 4179
f 4176 4180 4179
f 4177 4181 4178
f 4178 4181 4182
f 4179 4180 4183
f 4180 4184 4183
f 4181 4185 4182
f 4182 4185 4186
f 4183 4184 4187
f 4184 4188 4187
f 4185 4189 4186
f 4186 4189 4190
f 4187 4188 4191
f 4188 4192 4191
f 4189 4193 4190
f 4190 4193 4194
f 4191 4192 4195
f 4192 4196 4195
f 4193 4197 4194
f 4194 4197 4198
f 4195 4196 4199
f 4196 4200 4199
f 4197 4201 4198
f 4198 4201 4202
f 4199 4200 4203
f 4200 4204 4203
f 4201 4205 4202
f 4202 4205 4206
f 4203 4204 4207
f 4204 4208 4207
f 4205 4209 4206
f 4206 4209 4210
f 4207 4208 4211
f 4208 4212 4211
f 4209 4213 4210
f 4210 4213 4214
f 4211 4212 4215
f 4212 4216 4215
f 4213 4217 4214
f 4214 4217 4218
f 4215 4216 4219
f 4216 4220 4219
f 4217 4221 4218
f 4218 4221 4222
f 4219 4220 4223
f 4220 4224 4223
f 4221 4225 4222
f 4222 4225 4226
f 4227 4228 4231
f 4228 4232 4231
f 4229 4233 4230
f 4230 4233 4234
f 4235 4236 4239
f 4236 4240 4239
f 4237 4241 4238
f 4238 4241 4242
f 4239 4240 4243
f 4240 4244 4243
f 4241 4245 4242
f 4242 4245 4246
f 4243 4244 4247
f 4244 4248 4247
f 4245 4249 4246
f 4246 4249 4250
f 4247 4248 4251
f 4248 4252 4251
f 4249 4253 4250
f 4250 4253 4254
f 4251 4252 4255
f 4252 4256 4255
f 4253 4257 4254
f 4254 4257 4258
f 4255 4256 4259
f 4256 4260 4259
f 4257 4261 4258
f 4258 4261 4262
f 4259 4260 4263
f 4260 4264 4263
f 4261 4265 4262
f 4262 4265 4266
f 4263 4264 4267
f 4264 4268 4267
f 4265 4269 4266
f 4266 4269 4270
f 4271 4272 4275
f 4272 4276 4275
f 4273 4277 4274
f 4274 4277 4278
f 4279 4280 4283
f 4280 4284 4283
f 4281 4285 4282
f 4282 4285 4286
f 4287 4288 4291
f 4288 4292 4291
f 4289 4293 4290
f 4290 4293 4294
f 4291 4292 4295
f 4292 4296 4295
f 4293 4297 4294
f 4294 4297 4298
f 4295 4296 4299
f 4296 4300 4299
f 4297 4301 4298
f 4298 4301 4302
f 4299 4300 4303
f 4300 4304 4303
f 4301 4305 4302
f 4302 4305 4306
f 4303 4304 4307
f 4304 4308 4307
f 4305 4309 4306
f 4306 4309 4310
f 4307 4308 4311
f 4308 4312 4311
f 4309 4313 4310
f 4310 4313 4314
f 4311 4312 4315
f 4312 4316 4315
f 4313 4317 4314
f 4314 4317 4318
f 4319 4320 4323
f 4320 4324 4323
f 4321 4325 4322
f 4322 4325 4326
f 4327 4328 4331
f 4328 4332 4331
f 4329 4333 4330
f 4330 4333 4334
f 4331 4332 4335
f 4332 4336 4335
f 4333 4337 4334
f 4334 4337 4338
f 4335 4336 4339
f 4336 4340 4339
f 4337 4341 4338
f 4338 4341 4342
f 4339 4340 4343
f 4340 4344 4343
f 4341 4345 4342
f 4342 4345 4346
f 4343 4344 4347
f 4344 4348 4347
f 4345 4349 4346
f 4346 4349 4350
f 4347 4348 4351
f 4348 4352 4351
f 4349 4353 4350
f 4350 4353 4354
f 4351 4352 4355
f 4352 4356 4355
f 4353 4357 4354
f 4354 4357 4358
f 4359 4360 4363
f 4360 4364 4363
f 4361 4365 4362
f 4362 4365 4366
f 4367 4368 4371
f 4368 4372 4371
f 4369 4373 4370
f 4370 4373 4374
f 4375 4376 4379
f 4376 4380 4379
f 4377 4381 4378
f 4378 4381 4382
f 4379 4380 4383
f 4380 4384 4383
f 4381 4385 4382
f 4382 4385 4386
f 4383 4384 4387
f 4384 4388 4387
f 4385 4389 4386
f 4386 4389 4390
f 4387 4388 4391
f 4388 4392 4391
f 4389 4393 4390
f 4390 4393 4394
f 4391 4392 4395
f 4392 4396 4395
f 4393 4397 4394
f 4394 4397 4398
f 4395 4396 4399
f 4396 4400 4399
f 4397 4401 4398
f 4398 4401 4402
f 4399 4400 4403
f 4400 4404 4403
f 4401 4405 4402
f 4402 4405 4406
f 4403 4404 4407
f 4404 4408 4407
f 4405 4409 4406
f 4406 4409 4410
f 4411 4412 4415
f 4412 4416 4415
f 4413 4417 4414
f 4414 4417 4418
f 4415 4416 4419
f 4416 4420 4419
f 4417 4421 4418
f 4418 4421 4422
f 4419 4420 4423
f 4420 4424 4423
f 4421 4425 4422
f 4422 4425 4426
f 4427 4428 4431
f 4428 4432 4431
f 4429 4433 4430
f 4430 4433 4434
f 4431 4432 4435
f 4432 4436 4435
f 4433 4437 4434
f 4434 4437 4438
f 4435 4436 4439
f 4436 4440 4439
f 4437 4441 4438
f 4438 4441 4442
f 4439 4440 4443
f 4440 4444 4443
f 4441 4445 4442
f 4442 4445 4446
f 4447 4448 4451
f 4448 4452 4451
f 4449 4453 4450
f 4450 4453 4454
f 4451 4452 4455
f 4452 4456 4455
f 4453 4457 4454
f 4454 4457 4458
f 4455 4456 4459
f 4456 4460 4459
f 4457 4461 4458
f 4458 4461 4462
f 4459 4460 4463
f 4460 4464 4463
f 4461 4465 4462
f 4462 4465 4466
f 4463 4464 4467
f 4464 4468 4467
f 4465 4469 4466
f 4466 4469 4470
f 4471 4472 4475
f 4472 4476 4475
f 4473 4477 4474
f 4474 4477 4478
f 4475 4476 4479
f 4476 4480 4479
f 4477 4481 4478
f 4478 4481 4482
f 4479 4480 4483
f 4480 4484 4483
f 4481 4485 4482
f 4482 4485 4486
f 4483 4484 4487
f 4484 4488 4487
f 4485 4489 4486
f 4486 4489 4490
f 4487 4488 4491
f 4488 4492 4491
f 4489 4493 4490
f 4490 4493 4494
f 4491 4492 4495
f 4492 4496 4495
f 4493 4497 4494
f 4494 4497 4498
f 4495 4496 4499
f 4496 4500 4499
f 4497 4501 4498
f 4498 4501 4502
f 4499 4500 4503
f 4500 4504 4503
f 4501 4505 4502
f 4502 4505 4506
f 4503 4504 4507
f 4504 4508 4507
f 4505 4509 4506
f 4506 4509 4510
f 4511 4512 4515
f 4512 4516 4515
f 4513 4517 4514
f 4514 4517 4518
f 4515 4516 4519
f 4516 4520 4519
f 4517 4521 4518
f 4518 4521 4522
f 4519 4520 4523
f 4520 4524 4523
f 4521 4525 4522
f 4522 4525 4526
f 4523 4524 4527
f 4524 4528 4527
f 4525 4529 4526
f 4526 4529 4530
f 4527 4528 4531
f 4528 4532 4531
f 4529 4533 4530
f 4530 4533 4534
f 4535 4536 4539
f 4536 4540 4539
f 4537 4541 4538
f 4538 4541 4542
f 4539 4540 4543
f 4540 4544 4543
f 4541 4545 4542
f 4542 4545 4546
f 4543 4544 4547
f 4544 4548 4547
f 4545 4549 4546
f 4546 4549 4550
f 4547 4548 4551
f 4548 4552 4551
f 4549 4553 4550
f 4550 4553 4554
f 4551 4552 4555
f 4552 4556 4555
f 4553 4557 4554
f 4554 4557 4558
f 4555 4556 4559
f 4556 4560 4559
f 4557 4561 4558
f 4558 4561 4562
f 4563 4564 4567
f 4564 4568 4567
f 4565 4569 4566
f 4566 4569 4570
f 4571 4572 4575
f 4572 4576 4575
f 4573 4577 4574
f 4574 4577 4578
f 4575 4576 4579
f 4576 4580 4579
f 4577 4581 4578
f 4578 4581 4582
f 4583 4584 4587
f 4584 4588 4587
f 4585 4589 4586
f 4586 4589 4590
f 4587 4588 4591
f 4588 4592 4591
f 4589 4593 4590
f 4590 4593 4594
f 4591 4592 4595
f 4592 4596 4595
f 4593 4597 4594
f 4594 4597 4598
f 4595 4596 4599
f 4596 4600 4599
f 4597 4601 4598
f 4598 4601 4602
f 4599 4600 4603
f 4600 4604 4603
f 4601 4605 4602
f 4602 4605 4606
f 4603 4604 4607
f 4604 4608 4607
f 4605 4609 4606
f 4606 4609 4610
f 4607 4608 4611
f 4608 4612 4611
f 4609 4613 4610
f 4610 4613 4614
f 4611 4612 4615
f 4612 4616 4615
f 4613 4617 4614
f 4614 4617 4618
f 4615 4616 4619
f 4616 4620 4619
f 4617 4621 4618
f 4618 4621 4622
f 4619 4620 4623
f 4620 4624 4623
f 4621 4625 4622
f 4622 4625 4626
f 4623 4624 4627
f 4624 4628 4627
f 4625 4629 4626
f 4626 4629 4630
f 4627 4628 4631
f 4628 4632 4631
f 4629 4633 4630
f 4630 4633 4634
f 4631 4632 4635
f 4632 4636 4635
f 4633 4637 4634
f 4634 4637 4638
f 4635 4636 4639
f 4636 4640 4639
f 4637 4641 4638
f 4638 4641 4642
f 4639 4640 4643
f 4640 4644 4643
f 4641 4645 4642
f 4642 4645 4646
f 4643 4644 4647
f 4644 4648 4647
f 4645 4649 4646
f 4646 4649 4650
f 4647 4648 4651
f 4648 4652 4651
f 4649 4653 4650
f 4650 4653 4654
f 4655 4656 4659
f 4656 4660 4659
f 4657 4661 4658
f 4658 4661 4662
f 4659 4660 4663
f 4660 4664 4663
f 4661 4665 4662
f 4662 4665 4666
f 4663 4664 4667
f 4664 4668 4667
f 4665 4669 4666
f 4666 4669 4670
f 4667 4668 4671
f 4668 4672 4671
f 4669 4673 4670
f 4670 4673 4674
f 4671 4672 4675
f 4672 4676 4675
f 4673 4677 4674
f 4674 4677 4678
f 4675 4676 4679
f 4676 4680 4679
f 4677 4681 4678
f 4678 4681 4682
f 4679 4680 4683
f 4680 4684 4683
f 4681 4685 4682
f 4682 4685 4686
f 4683 4684 4687
f 4684 4688 4687
f 4685 4689 4686
f 4686 4689 4690
f 4687 4688 4691
f 4688 4692 4691
f 4689 4693 4690
f 4690 4693 4694
f 4691 4692 4695
f 4692 4696 4695
f 4693 4697 4694
f 4694 4697 4698
f 4695 4696 4699
f 4696 4700 4699
f 4697 4701 4698
f 4698 4701 4702
f 4699 4700 4703
f 4700 4704 4703
f 4701 4705 4702
f 4702 4705 4706
f 4703 4704 4707
f 4704 4708 4707
f 4705 4709 4706
f 4706 4709 4710
f 4707 4708 4711
f 4708 4712 4711
f 4709 4713 4710
f 4710 4713 4714
f 4711 4712 4715
f 4712 4716 4715
f 4713 4717 4714
f 4714 4717 4718
f 4715 4716 4719
f 4716 4720 4719
f 4717 4721 4718
f 4718 4721 4722
f 4723 4724 4727
f 4724 4728 4727
f 4725 4729 4726
f 4726 4729 4730
f 4727 4728 4731
f 4728 4732 4731
f 4729 4733 4730
f 4730 4733 4734
f 4735 4736 4739
f 4736 4740 4739
f 4737 4741 4738
f 4738 4741 4742
f 4743 4744 4747
f 4744 4748 4747
f 4745 4749 4746
f 4746 4749 4750
f 4747 4748 4751
f 4748 4752 4751
f 4749 4753 4750
f 4750 4753 4754
f 4755 4756 4759
f 4756 4760 4759
f 4757 4761 4758
f 4758 4761 4762
f 4763 4764 4767
f 4764 4768 4767
f 4765 4769 4766
f 4766 4769 4770
f 4771 4772 4775
f 4772 4776 4775
f 4773 4777 4774
f 4774 4777 4778
f 4775 4776 4779
f 4776 4780 4779
f 4777 4781 4778
f 4778 4781 4782
f 4779 4780 4783
f 4780 4784 4783
f 4781 4785 4782
f 4782 4785 4786
f 4787 4788 4791
f 4788 4792 4791
f 4789 4793 4790
f 4790 4793 4794
f 4791 4792 4795
f 4792 4796 4795
f 4793 4797 4794
f 4794 4797 4798
f 4795 4796 4799
f 4796 4800 4799
f 4797 4801 4798
f 4798 4801 4802
f 4803 4804 4807
f 4804 4808 4807
f 4805 4809 4806
f 4806 4809 4810
f 4807 4808 4811
f 4808 4812 4811
f 4809 4813 4810
f 4810 4813 4814
f 4811 4812 4815
f 4812 4816 4815
f 4813 4817 4814
f 4814 4817 4818
f 4815 4816 4819
f 4816 4820 4819
f 4817 4821 4818
f 4818 4821 4822
f 4819 4820 4823
f 4820 4824 4823
f 4821 4825 4822
f 4822 4825 4826
f 4823 4824 4827
f 4824 4828 4827
f 4825 4829 4826
f 4826 4829 4830
f 4827 4828 4831
f 4828 4832 4831
f 4829 4833 4830
f 4830 4833 4834
f 4831 4832 4835
f 4832 4836 4835
f 4833 4837 4834
f 4834 4837 4838
f 4835 4836 4839
f 4836 4840 4839
f 4837 4841 4838
f 4838 4841 4842
f 4839 4840 4843
f 4840 4844 4843
f 4841 4845 4842
f 4842 4845 4846
f 4847 4848 4851
f 4848 4852 4851
f 4849 4853 4850
f 4850 4853 4854
f 4851 4852 4855
f 4852 4856 4855
f 4853 4857 4854
f 4854 4857 4858
f 4855 4856 4859
f 4856 4860 4859
f 4857 4861 4858
f 4858 4861 4862
f 4859 4860 4863
f 4860 4864 4863
f 4861 4865 4862
f 4862 4865 4866
f 4867 4868 4871
f 4868 4872 4871
f 4869 4873 4870
f 4870 4873 4874
f 4875 4876 4879
f 4876 4880 4879
f 4877 4881 4878
f 4878 4881 4882
f 4883 4884 4887
f 4884 4888 4887
f 4885 4889 4886
f 4886 4889 4890
f 4887 4888 4891
f 4888 4892 4891
f 4889 4893 4890
f 4890 4893 4894
f 4895 4896 4899
f 4896 4900 4899
f 4897 4901 4898
f 4898 4901 4902
f 4903 4904 4907
f 4904 4908 4907
f 4905 4909 4906
f 4906 4909 4910
f 4911 4912 4915
f 4912 4916 4915
f 4913 4917 4914
f 4914 4917 4918
f 4915 4916 4919
f 4916 4920 4919
f 4917 4921 4918
f 4918 4921 4922
f 4919 4920 4923
f 4920 4924 4923
f 4921 4925 4922
f 4922 4925 4926
f 4923 4924 4927
f 4924 4928 4927
f 4925 4929 4926
f 4926 4929 4930
f 4931 4932 4935
f 4932 4936 4935
f 4933 4937 4934
f 4934 4937 4938
f 4939 4940 4943
f 4940 4944 4943
f 4941 4945 4942
f 4942 4945 4946
f 4947 4948 4951
f 4948 4952 4951
f 4949 4953 4950
f 4950 4953 4954
f 4955 4956 4959
f 4956 4960 4959
f 4957 4961 4958
f 4958 4961 4962
f 4959 4960 4963
f 4960 4964 4963
f 4961 4965 4962
f 4962 4965 4966
f 4967 4968 4971
f 4968 4972 4971
f 4969 4973 4970
f 4970 4973 4974
f 4971 4972 4975
f 4972 4976 4975
f 4973 4977 4974
f 4974 4977 4978
f 4979 4980 4983
f 4980 4984 4983
f 4981 4985 4982
f 4982 4985 4986
f 4987 4988 4991
f 4988 4992 4991
f 4989 4993 4990
f 4990 4993 4994
f 4991 4992 4995
f 4992 4996 4995
f 4993 4997 4994
f 4994 4997 4998
f 4995 4996 4999
f 4996 5000 4999
f 4997 5001 4998
f 4998 5001 5002
f 4999 5000 5003
f 5000 5004 5003
f 5001 5005 5002
f 5002 5005 5006
f 5003 5004 5007
f 5004 5008 5007
f 5005 5009 5006
f 5006 5009 5010
f 5011 5012 5015
f 5012 5016 5015
f 5013 5017 5014
f 5014 5017 5018
f 5019 5020 5023
f 5020 5024 5023
f 5021 5025 5022
f 5022 5025 5026
f 5027 5028 5031
f 5028 5032 5031
f 5029 5033 5030
f 5030 5033 5034
f 5031 5032 5035
f 5032 5036 5035
f 5033 5037 5034
f 5034 5037 5038
f 5035 5036 5039
f 5036 5040 5039
f 5037 5041 5038
f 5038 5041 5042
f 5039 5040 5043
f 5040 5044 5043
f 5041 5045 5042
f 5042 5045 5046
f 5043 5044 5047
f 5044 5048 5047
f 5045 5049 5046
f 5046 5049 5050
f 5051 5052 5055
f 5052 5056 5055
f 5053 5057 5054
f 5054 5057 5058
f 5055 5056 5059
f 5056 5060 5059
f 5057 5061 5058
f 5058 5061 5062
f 5059 5060 5063
f 5060 5064 5063
f 5061 5065 5062
f 5062 5065 5066
f 5067 5068 5071
f 5068 5072 5071
f 5069 5073 5070
f 5070 5073 5074
f 5075 5076 5079
f 5076 5080 5079
f 5077 5081 5078
f 5078 5081 5082
f 5079 5080 5083
f 5080 5084 5083
f 5081 5085 5082
f 5082 5085 5086
f 5083 5084 5087
f 5084 5088 5087
f 5085 5089 5086
f 5086 5089 5090
f 5087 5088 5091
f 5088 5092 5091
f 5089 5093 5090
f 5090 5093 5094
f 5091 5092 5095
f 5092 5096 5095
f 5093 5097 5094
f 5094 5097 5098
f 5095 5096 5099
f 5096 5100 5099
f 5097 5101 5098
f 5098 5101 5102
f 5099 5100 5103
f 5100 5104 5103
f 5101 5105 5102
f 5102 5105 5106
f 5103 5104 5107
f 5104 5108 5107
f 5105 5109 5106
f 5106 5109 5110
f 5107 5108 5111
f 5108 5112 5111
f 5109 5113 5110
f 5110 5113 5114
f 5111 5112 5115
f 5112 5116 5115
f 5113 5117 5114
f 5114 5117 5118
f 5115 5116 5119
f 5116 5120 5119
f 5117 5121 5118
f 5118 5121 5122
f 5119 5120 5123
f 5120 5124 5123
f 5121 5125 5122
f 5122 5125 5126
f 5123 5124 5127
f 5124 5128 5127
f 5125 5129 5126
f 5126 5129 5130
f 5127 5128 5131
f 5128 5132 5131
f 5129 5133 5130
f 5130 5133 5134
f 5131 5132 5135
f 5132 5136 5135
f 5133 5137 5134
f 5134 5137 5138
f 5135 5136 5139
f 5136 5140 5139
f 5137 5141 5138
f 5138 5141 5142
f 5139 5140 5143
f 5140 5144 5143
f 5141 5145 5142
f 5142 5145 5146
f 5147 5148 5151
f 5148 5152 5151
f 5149 5153 5150
f 5150 5153 5154
f 5151 5152 5155
f 5152 5156 5155
f 5153 5157 5154
f 5154 5157 5158
f 5159 5160 5163
f 5160 5164 5163
f 5161 5165 5162
f 5162 5165 5166
f 5163 5164 5167
f 5164 5168 5167
f 5165 5169 5166
f 5166 5169 5170
f 5167 5168 5171
f 5168 5172 5171
f 5169 5173 5170
f 5170 5173 5174
f 5171 5172 5175
f 5172 5176 5175
f 5173 5177 5174
f 5174 5177 5178
f 5175 5176 5179
f 5176 5180 5179
f 5177 5181 5178
f 5178 5181 5182
f 5179 5180 5183
f 5180 5184 5183
f 5181 5185 5182
f 5182 5185 5186
f 5183 5184 5187
f 5184 5188 5187
f 5185 5189 5186
f 5186 5189 5190
f 5187 5188 5191
f 5188 5192 5191
f 5189 5193 5190
f 5190 5193 5194
f 5191 5192 5195
f 5192 5196 5195
f 5193 5197 5194
f 5194 5197 5198
f 5195 5196 5199
f 5196 5200 5199
f 5197 5201 5198
f 5198 5201 5202
f 5199 5200 5203
f 5200 5204 5203
f 5201 5205 5202
f 5202 5205 5206
f 5203 5204 5207
f 5204 5208 5207
f 5205 5209 5206
f 5206 5209 5210
f 5207 5208 5211
f 5208 5212 5211
f 5209 5213 5210
f 5210 5213 5214
f 5211 5212 5215
f 5212 5216 5215
f 5213 5217 5214
f 5214 5217 5218
f 5215 5216 5219
f 5216 5220 5219
f 5217 5221 5218
f 5218 5221 5222
f 5219 5220 5223
f 5220 5224 5223
f 5221 5225 5222
f 5222 5225 5226
f 5223 5224 5227
f 5224 5228 5227
f 5225 5229 5226
f 5226 5229 5230
f 5227 5228 5231
f 5228 5232 5231
f 5229 5233 5230
f 5230 5233 5234
f 5231 5232 5235
f 5232 5236 5235
f 5233 5237 5234
f 5234 5237 5238
f 5235 5236 5239
f 5236 5240 5239
f 5237 5241 5238
f 5238 5241 5242
f 5239 5240 5243
f 5240 5244 5243
f 5241 5245 5242
f 5242 5245 5246
f 5243 5244 5247
f 5244 5248 5247
f 5245 5249 5246
f 5246 5249 5250
f 5247 5248 5251
f 5248 5252 5251
f 5249 5253 5250
f 5250 5253 5254
f 5251 5252 5255
f 5252 5256 5255
f 5253 5257 5254
f 5254 5257 5258
f 5255 5256 5259
f 5256 5260 5259
f 5257 5261 5258
f 5258 5261 5262
f 5259 5260 5263
f 5260 5264 5263
f 5261 5265 5262
f 5262 5265 5266
f 5263 5264 5267
f 5264 5268 5267
f 5265 5269 5266
f 5266 5269 5270
f 5267 5268 5271
f 5268 5272 5271
f 5269 5273 5270
f 5270 5273 5274
f 5271 5272 5275
f 5272 5276 5275
f 5273 5277 5274
f 5274 5277 5278
f 5275 5276 5279
f 5276 5280 5279
f 5277 5281 5278
f 5278 5281 5282
f 5283 5284 5287
f 5284 5288 5287
f 5285 5289 5286
f 5286 5289 5290
f 5291 5292 5295
f 5292 5296 5295
f 5293 5297 5294
f 5294 5297 5298
f 5299 5300 5303
f 5300 5304 5303
f 5301 5305 5302
f 5302 5305 5306
f 5303 5304 5307
f 5304 5308 5307
f 5305 5309 5306
f 5306 5309 5310
f 5311 5312 5315
f 5312 5316 5315
f 5313 5317 5314
f 5314 5317 5318
f 5319 5320 5323
f 5320 5324 5323
f 5321 5325 5322
f 5322 5325 5326
f 5327 5328 5331
f 5328 5332 5331
f 5329 5333 5330
f 5330 5333 5334
f 5335 5336 5339
f 5336 5340 5339
f 5337 5341 5338
f 5338 5341 5342
f 5343 5344 5347
f 5344 5348 5347
f 5345 5349 5346
f 5346 5349 5350
f 5351 5352 5355
f 5352 5356 5355
f 5353 5357 5354
f 5354 5357 5358
f 5359 5360 5363
f 5360 5364 5363
f 5361 5365 5362
f 5362 5365 5366
f 5367 5368 5371
f 5368 5372 5371
f 5369 5373 5370
f 5370 5373 5374
f 5375 5376 5379
f 5376 5380 5379
f 5377 5381 5378
f 5378 5381 5382
f 5383 5384 5387
f 5384 5388 5387
f 5385 5389 5386
f 5386 5389 5390
f 5391 5392 5395
f 5392 5396 5395
f 5393 5397 5394
f 5394 5397 5398
f 5399 5400 5403
f 5400 5404 5403
f 5401 5405 5402
f 5402 5405 5406
f 5407 5408 5411
f 5408 5412 5411
f 5409 5413 5410
f 5410 5413 5414
f 5415 5416 5419
f 5416 5420 5419
f 5417 5421 5418
f 5418 5421 5422
f 5423 5424 5427
f 5424 5428 5427
f 5425 5429 5426
f 5426 5429 5430
f 5431 5432 5435
f 5432 5436 5435
f 5433 5437 5434
f 5434 5437 5438
f 5439 5440 5443
f 5440 5444 5443
f 5441 5445 5442
f 5442 5445 5446
f 5447 5448 5451
f 5448 5452 5451
f 5449 5453 5450
f 5450 5453 5454
f 5455 5456 5459
f 5456 5460 5459
f 5457 5461 5458
f 5458 5461 5462
f 5463 5464 5467
f 5464 5468 5467
f 5465 5469 5466
f 5466 5469 5470
f 5471 5472 5475
f 5472 5476 5475
f 5473 5477 5474
f 5474 5477 5478
f 5479 5480 5483
f 5480 5484 5483
f 5481 5485 5482
f 5482 5485 5486
f 5487 5488 5491
f 5488 5492 5491
f 5489 5493 5490
f 5490 5493 5494
f 5495 5496 5499
f 5496 5500 5499
f 5497 5501 5498
f 5498 5501 5502
